autores,ocorrencias,origem,nome_normalizado,possivel_duplicata
"Câmara, Gilberto",37,geoinfo,camara gilberto,False
"Körting, Thales Sehn",30,geoinfo,korting thales sehn,False
"Queiroz, Gilberto Ribeiro de",27,geoinfo,queiroz gilberto ribeiro de,False
"Monteiro, Antônio Miguel Vieira",25,geoinfo,monteiro antonio miguel vieira,False
"Vinhas, Lúbia",25,geoinfo,vinhas lubia,False
"Ferreira, Karine Reis",24,geoinfo,ferreira karine reis,False
"Davis Junior, Clodoveu A",23,geoinfo,davis junior clodoveu a,False
"Fonseca, Leila Maria Garcia",16,geoinfo,fonseca leila maria garcia,False
"Medeiros, Claudia Bauzer",13,geoinfo,medeiros claudia bauzer,False
"Escada, Maria Isabel Sobral",12,geoinfo,escada maria isabel sobral,False
"Baptista, Cláudio de Souza",12,geoinfo,baptista claudio de souza,False
"Andrade, Marcus V. A.",12,geoinfo,andrade marcus v a,False
"Iochpe, Cirano",12,geoinfo,iochpe cirano,False
"Amaral, Silvana",11,geoinfo,amaral silvana,False
"Santos, Leonardo B. L",11,geoinfo,santos leonardo b l,False
"Campelo, Claudio E. C",11,geoinfo,campelo claudio e c,False
"Ciferri, Cristina Dutra de Aguiar",10,geoinfo,ciferri cristina dutra de aguiar,False
"Bogorny, Vania",10,geoinfo,bogorny vania,False
"Ciferri, Ricardo Rodrigues",10,geoinfo,ciferri ricardo rodrigues,False
"Santos, Leonardo Bacelar Lima",9,geoinfo,santos leonardo bacelar lima,False
"Lisboa-filho, Jugurta",9,geoinfo,lisboafilho jugurta,False
"Casanova, Marco A.",9,geoinfo,casanova marco a,False
"Felgueiras, Carlos Alberto",8,geoinfo,felgueiras carlos alberto,False
"Campos, Jorge",8,geoinfo,campos jorge,False
"Fileto, Renato",8,geoinfo,fileto renato,False
"Souza, Ricardo Cartaxo Modesto de",8,geoinfo,souza ricardo cartaxo modesto de,False
"Morelli, Fabiano",7,geoinfo,morelli fabiano,False
"Feitosa, Flávia da Fonseca",7,geoinfo,feitosa flavia da fonseca,False
"Renso, Chiara",7,geoinfo,renso chiara,False
"Davis Júnior, Clodoveu Augusto",7,geoinfo,davis junior clodoveu augusto,False
"Assunção, Renato M.",7,geoinfo,assuncao renato m,False
"Namikawa, Laércio Massaru",6,geoinfo,namikawa laercio massaru,False
"Andrade, Pedro Ribeiro de",6,geoinfo,andrade pedro ribeiro de,False
"Martins, Wellington S",6,geoinfo,martins wellington s,False
"Pereira, Marconi de Arruda",6,geoinfo,pereira marconi de arruda,False
"Lisboa Filho, Jugurta",6,geoinfo,lisboa filho jugurta,False
"Carniel, Anderson Chaves",6,geoinfo,carniel anderson chaves,False
"Camargo, Eduardo Celso Gerbi",6,geoinfo,camargo eduardo celso gerbi,False
"Freitas, Vander L. S",5,geoinfo,freitas vander l s,False
"Mello, Ronaldo dos Santos",5,geoinfo,mello ronaldo dos santos,False
"Pereira, Marconi de A.",5,geoinfo,pereira marconi de a,False
"Sant'anna, Sidnei João Siqueira",5,geoinfo,santanna sidnei joao siqueira,False
"Bendini, Hugo do Nascimento",5,geoinfo,bendini hugo do nascimento,False
"Pereira, Marconi A.",5,geoinfo,pereira marconi a,False
"Carneiro, Tiago G. S.",5,geoinfo,carneiro tiago g s,False
"Barbosa, Ivanildo",5,geoinfo,barbosa ivanildo,False
"Rosim, Sergio",5,geoinfo,rosim sergio,False
"Santos, Afonso de Paula dos",5,geoinfo,santos afonso de paula dos,False
"Kozievitch, Nádia P",5,geoinfo,kozievitch nadia p,False
"Queiroz, Gilberto Ribeiro",5,geoinfo,queiroz gilberto ribeiro,False
"Times, Valéria Cesário",5,geoinfo,times valeria cesario,False
"Daltio, Jaudete",5,geoinfo,daltio jaudete,False
"Magalhães, Salles V. G. de",5,geoinfo,magalhaes salles v g de,False
"Dutra, Luciano Vieira",5,geoinfo,dutra luciano vieira,False
"Carvalho, Marcelo Tílio Monteiro de",5,geoinfo,carvalho marcelo tilio monteiro de,False
"Salgado, Ana Carolina",5,geoinfo,salgado ana carolina,False
"Hess, Guillermo Nudelman",5,geoinfo,hess guillermo nudelman,False
"Souza, Jano Moreira de",5,geoinfo,souza jano moreira de,False
"Anderson, Liana Oighenstein",4,geoinfo,anderson liana oighenstein,False
"Reis, Mariane Souza",4,geoinfo,reis mariane souza,False
"Vasques, Gustavo Mattos",4,geoinfo,vasques gustavo mattos,False
"Chaves, Michel Eustáquio Dantas",4,geoinfo,chaves michel eustaquio dantas,False
"Rodrigues, Marcos Lima",4,geoinfo,rodrigues marcos lima,False
"Sansigolo, Gabriel",4,geoinfo,sansigolo gabriel,False
"Oliveira, Maxwell Guimarães de",4,geoinfo,oliveira maxwell guimaraes de,False
"Gherardi, Douglas Francisco Marcolino",4,geoinfo,gherardi douglas francisco marcolino,False
"Galvão, Lęnio Soares",4,geoinfo,galvao lenio soares,False
"Fook, Karla Donato",4,geoinfo,fook karla donato,False
"Castejon, Emiliano Ferreira",4,geoinfo,castejon emiliano ferreira,False
"Souza, Felipe N",4,geoinfo,souza felipe n,False
"Oliveira, Sávio S. Teles de",4,geoinfo,oliveira savio s teles de,False
"Rodrigues, Vagner J. do Sacramento",4,geoinfo,rodrigues vagner j do sacramento,False
"Negri, Rogério G.",4,geoinfo,negri rogerio g,False
"Andrade, Fabio Gomes de",4,geoinfo,andrade fabio gomes de,False
"Shimabukuro, Yosio Edemir",4,geoinfo,shimabukuro yosio edemir,False
"Holanda, Maristela",4,geoinfo,holanda maristela,False
"Cardoso, Marcelo de C.",4,geoinfo,cardoso marcelo de c,False
"Fonseca, Leila M. G.",4,geoinfo,fonseca leila m g,False
"Casanova, Marco Antonio",4,geoinfo,casanova marco antonio,False
"Azevedo, Leonardo Guerreiro",4,geoinfo,azevedo leonardo guerreiro,False
"Times, Valéria C.",4,geoinfo,times valeria c,False
"Borges, Karla A. V.",4,geoinfo,borges karla a v,False
"Ribeiro Junior, Paulo Justiniano",4,geoinfo,ribeiro junior paulo justiniano,False
"Nicklas, Daniela",4,geoinfo,nicklas daniela,False
"Laender, Alberto H. F",4,geoinfo,laender alberto h f,False
"Adorno, Bruno Vargas",3,geoinfo,adorno bruno vargas,False
"Rodrigues, Erick Teixeira",3,geoinfo,rodrigues erick teixeira,False
"Smarzaro, Rodrigo",3,geoinfo,smarzaro rodrigo,False
"Machado, Vanessa Lago",3,geoinfo,machado vanessa lago,False
"Portela, Tarlis Tortelli",3,geoinfo,portela tarlis tortelli,False
"Almeida, Cláudia Maria de",3,geoinfo,almeida claudia maria de,False
"Rennó, Camilo Daleles",3,geoinfo,renno camilo daleles,False
"Santos, Rafael Duarte Coelho dos",3,geoinfo,santos rafael duarte coelho dos,False
"Pereira, Marconi Arruda",3,geoinfo,pereira marconi arruda,False
"Santos, Júlio César Pimenta dos",3,geoinfo,santos julio cesar pimenta dos,False
"Rech, Bruno",3,geoinfo,rech bruno,False
"Barbosa, Cláudio Clemente Faria",3,geoinfo,barbosa claudio clemente faria,False
"Novo, Evlyn Marcia Leao de Moraes",3,geoinfo,novo evlyn marcia leao de moraes,False
"Soares, Giovanni Guarnieri",3,geoinfo,soares giovanni guarnieri,False
"Marcatti, Gustavo E.",3,geoinfo,marcatti gustavo e,False
"Pereira, Gabriel",3,geoinfo,pereira gabriel,False
"Dart, Ricardo de Oliveira",3,geoinfo,dart ricardo de oliveira,False
"Aragão, Luiz Eduardo Oliveira E Cruz de",3,geoinfo,aragao luiz eduardo oliveira e cruz de,False
"Anderson, Liana O.",3,geoinfo,anderson liana o,False
"Dalagnol, Ricardo",3,geoinfo,dalagnol ricardo,False
"Silva, Darlan Teles da",3,geoinfo,silva darlan teles da,False
"Sanches, Ieda Del'arco",3,geoinfo,sanches ieda delarco,False
"Zioti, Fabiana",3,geoinfo,zioti fabiana,False
"Marujo, Rennan de Freitas Bezerra",3,geoinfo,marujo rennan de freitas bezerra,False
"Moreira, Noeli Aline Particcelli",3,geoinfo,moreira noeli aline particcelli,False
"Teixeira, Raíssa Caroline dos Santos",3,geoinfo,teixeira raissa caroline dos santos,False
"Arcanjo, Jeferson de Souza",3,geoinfo,arcanjo jeferson de souza,False
"Pinho, Carolina Moutinho Duque de",3,geoinfo,pinho carolina moutinho duque de,False
"Sánchez Ipia, Alber Hamersson",3,geoinfo,sanchez ipia alber hamersson,False
"Simőes, Rolf Ezequiel de Oliveira",3,geoinfo,simoes rolf ezequiel de oliveira,False
"Carvalho, Carlos Alberto de",3,geoinfo,carvalho carlos alberto de,False
"Cunha, Luis Felipe Bortolatto da",3,geoinfo,cunha luis felipe bortolatto da,False
"Silva, Ricardo Dal'agnol da",3,geoinfo,silva ricardo dalagnol da,False
"Pinheiro, Michele Brito",3,geoinfo,pinheiro michele brito,False
"Balan, Mário",3,geoinfo,balan mario,False
"Pletsch, Mikhaela Aloisia Jessie Santos",3,geoinfo,pletsch mikhaela aloisia jessie santos,False
"Uehara, Tatiana Dias Tardelli",3,geoinfo,uehara tatiana dias tardelli,False
"Arai, Egidio",3,geoinfo,arai egidio,False
"Ortiz, Jussara de Oliveira",3,geoinfo,ortiz jussara de oliveira,False
"Davis Jr., Clodoveu A",3,geoinfo,davis jr clodoveu a,False
"Sanchez, Alber",3,geoinfo,sanchez alber,False
"Oliveira, Thiago Borges de",3,geoinfo,oliveira thiago borges de,False
"Feitosa, Flávia F",3,geoinfo,feitosa flavia f,False
"Albuquerque, João Porto de",3,geoinfo,albuquerque joao porto de,False
"Carneiro, Tiago Garcia de Senna",3,geoinfo,carneiro tiago garcia de senna,False
"Santos, Rafael",3,geoinfo,santos rafael,False
"Korting, Thales S.",3,geoinfo,korting thales s,False
"Namikawa, Laércio M.",3,geoinfo,namikawa laercio m,False
"Furtado, Andre Salvaro",3,geoinfo,furtado andre salvaro,False
"Alvares, Luis Otavio",3,geoinfo,alvares luis otavio,False
"Souza, Wagner D.",3,geoinfo,souza wagner d,False
"Shimabukuro, Milton Hirokazu",3,geoinfo,shimabukuro milton hirokazu,False
"Ferreira, Chaulio R.",3,geoinfo,ferreira chaulio r,False
"Pena, Guilherme C",3,geoinfo,pena guilherme c,False
"Freitas, Corina da Costa",3,geoinfo,freitas corina da costa,False
"Magalhńes, Salles V. G.",3,geoinfo,magalhnes salles v g,False
"Siqueira, Thiago Luís Lopes",3,geoinfo,siqueira thiago luis lopes,False
"Aguiar, Ana Paula",3,geoinfo,aguiar ana paula,False
"Metello, Marcelo G.",3,geoinfo,metello marcelo g,False
"Grossmann, Matthias",3,geoinfo,grossmann matthias,False
"Brauner, Daniela F.",3,geoinfo,brauner daniela f,False
"Oliveira, Luciano T. de",3,geoinfo,oliveira luciano t de,False
"Mitschang, Bernhard",3,geoinfo,mitschang bernhard,False
"Andrade, Marcus Vinícius Alvim",3,geoinfo,andrade marcus vinicius alvim,False
"Baranauskas, M. Cecília C.",3,geoinfo,baranauskas m cecilia c,False
"Silva, Joel da",3,geoinfo,silva joel da,False
"Seixas, Roberto de Beauclair",3,geoinfo,seixas roberto de beauclair,False
"Fuks, Suzana Druck",3,geoinfo,fuks suzana druck,False
"Paiva, João Argemiro",3,geoinfo,paiva joao argemiro,False
"Gattass, Marcelo",3,geoinfo,gattass marcelo,False
"Leite, Cândida Caroline Souza de Santana",2,geoinfo,leite candida caroline souza de santana,False
"Delbem, Alexandre C. B.",2,geoinfo,delbem alexandre c b,False
"Maia, Aluizio Brito",2,geoinfo,maia aluizio brito,False
"Matos, Diego Henrique M.",2,geoinfo,matos diego henrique m,False
"Nascimento Filho, Ocione Dias do",2,geoinfo,nascimento filho ocione dias do,False
"Miranda, Bruno Guerreiro",2,geoinfo,miranda bruno guerreiro,False
"Mota, Victor Ferreira Almeida",2,geoinfo,mota victor ferreira almeida,False
"Xavier, Carolina Ribeiro",2,geoinfo,xavier carolina ribeiro,False
"Santiago Júnior, Valdivino Alexandre de",2,geoinfo,santiago junior valdivino alexandre de,False
"Vasconcelos, Vitor Vieira",2,geoinfo,vasconcelos vitor vieira,False
"Messias, Cassiano Gustavo",2,geoinfo,messias cassiano gustavo,False
"Almeida, Cláudio Aparecido de",2,geoinfo,almeida claudio aparecido de,False
"Maciel, Daniel Andrade",2,geoinfo,maciel daniel andrade,False
"Martins, Vitor S.",2,geoinfo,martins vitor s,False
"Dietzsch, Gabriel",2,geoinfo,dietzsch gabriel,False
"Totti, Camila",2,geoinfo,totti camila,False
"Antonio, Nathan Damas",2,geoinfo,antonio nathan damas,False
"Camboim, Silvana P",2,geoinfo,camboim silvana p,False
"Guimarães, Vinícius Lima",2,geoinfo,guimaraes vinicius lima,False
"Kampel, Milton",2,geoinfo,kampel milton,False
"Negri, Rogério Galante",2,geoinfo,negri rogerio galante,False
"Bacellar, Pedro Ferrini Manhães",2,geoinfo,bacellar pedro ferrini manhaes,False
"Soterroni, Aline C.",2,geoinfo,soterroni aline c,False
"Andrade, Bárbara Coelho de",2,geoinfo,andrade barbara coelho de,False
"Pedreira, João Pedro das Neves Cardoso",2,geoinfo,pedreira joao pedro das neves cardoso,False
"Roque, Lygia Crespo dos Santos",2,geoinfo,roque lygia crespo dos santos,False
"Balieiro, Fabiano de Carvalho",2,geoinfo,balieiro fabiano de carvalho,False
"Souza, Vanessa Cristina Oliveira de",2,geoinfo,souza vanessa cristina oliveira de,False
"Braga, Daniel",2,geoinfo,braga daniel,False
"Dutra, Débora J.",2,geoinfo,dutra debora j,False
"Dalcin, Guilherme K.",2,geoinfo,dalcin guilherme k,False
"Krafta, Romulo",2,geoinfo,krafta romulo,False
"Dal'asta, Ana Paula",2,geoinfo,dalasta ana paula,False
"Codeço, Cláudia T.",2,geoinfo,codeco claudia t,False
"Anjos, Abner Ernâni dos",2,geoinfo,anjos abner ernani dos,False
"Costa, Raphael Willian da",2,geoinfo,costa raphael willian da,False
"Soler, Luciana de Souza",2,geoinfo,soler luciana de souza,False
"Adami, Marcos",2,geoinfo,adami marcos,False
"Carmo, Rodrigo S. do",2,geoinfo,carmo rodrigo s do,False
"Santana, Ingrid L.",2,geoinfo,santana ingrid l,False
"Mariano, Rodrigo M.",2,geoinfo,mariano rodrigo m,False
"D'alge, Julio Cesar Lima",2,geoinfo,dalge julio cesar lima,False
"Costa, Cesar Augusto de Moraes",2,geoinfo,costa cesar augusto de moraes,False
"Martins, Bárbara Marie Van Sebroeck Lutiis Silveira",2,geoinfo,martins barbara marie van sebroeck lutiis silveira,False
"Ferreira, Igor José Malfetoni",2,geoinfo,ferreira igor jose malfetoni,False
"Aragńo, Luiz Eduardo Oliveira E Cruz de",2,geoinfo,aragno luiz eduardo oliveira e cruz de,False
"Mataveli, Guilherme Augusto Verola",2,geoinfo,mataveli guilherme augusto verola,False
"Silva Júnior, Celso Henrique Leite",2,geoinfo,silva junior celso henrique leite,False
"Moreira, Rodrigo Nehara",2,geoinfo,moreira rodrigo nehara,False
"Calheiros, Alan James Peixoto",2,geoinfo,calheiros alan james peixoto,False
"Picoli, Michelle C. A.",2,geoinfo,picoli michelle c a,False
"Silva, Bernardo Barbosa da",2,geoinfo,silva bernardo barbosa da,False
"Rocha, Brenda Oliveira",2,geoinfo,rocha brenda oliveira,False
"Santos, Pedro Henrique",2,geoinfo,santos pedro henrique,False
"Gino, Vinķcius L. S.",2,geoinfo,gino vinkcius l s,False
"Pujatti, Mario Arthur Sclafani",2,geoinfo,pujatti mario arthur sclafani,False
"Oliveira, Maxwell Guimarńes de",2,geoinfo,oliveira maxwell guimarnes de,False
"Silva, Marcos A. S. da",2,geoinfo,silva marcos a s da,False
"Matos, Leonardo N.",2,geoinfo,matos leonardo n,False
"Cunha, Marconi Martins",2,geoinfo,cunha marconi martins,False
"Barbosa, Lígia da Silva",2,geoinfo,barbosa ligia da silva,False
"Miranda Júnior, Isaac Antunes",2,geoinfo,miranda junior isaac antunes,False
"Jorge, Aurelienne Aparecida Souza",2,geoinfo,jorge aurelienne aparecida souza,False
"Costa, Izabelly Carvalho da",2,geoinfo,costa izabelly carvalho da,False
"Tomasiello, Diego B",2,geoinfo,tomasiello diego b,False
"Silva, Telles T. da",2,geoinfo,silva telles t da,False
"Pinto, Webert S.",2,geoinfo,pinto webert s,False
"Almeida Júnior, José R.",2,geoinfo,almeida junior jose r,False
"Santos, Filipe",2,geoinfo,santos filipe,False
"Silva, Pedro A. A.",2,geoinfo,silva pedro a a,False
"Pimenta, Fernando M.",2,geoinfo,pimenta fernando m,False
"Castro, Renato V. O.",2,geoinfo,castro renato v o,False
"Ferreira, Marcela C.",2,geoinfo,ferreira marcela c,False
"Prado, Leonardo B.",2,geoinfo,prado leonardo b,False
"Teixeira, Fernando A.",2,geoinfo,teixeira fernando a,False
"Pinheiro, Daniel C",2,geoinfo,pinheiro daniel c,False
"Tomás, Livia Rodrigues",2,geoinfo,tomas livia rodrigues,False
"Rocha, Jansle V.",2,geoinfo,rocha jansle v,False
"Nicolau, Luci A.",2,geoinfo,nicolau luci a,False
"Gomes, Lorena de Moura Joia",2,geoinfo,gomes lorena de moura joia,False
"Pascoal, Luiz M. L.",2,geoinfo,pascoal luiz m l,False
"Castro, João Pedro de Carvalho",2,geoinfo,castro joao pedro de carvalho,False
"Gomes, Vitor C. F.",2,geoinfo,gomes vitor c f,False
"Dorigueto, Lucas F",2,geoinfo,dorigueto lucas f,False
"Brumatti, Carlos H T",2,geoinfo,brumatti carlos h t,False
"Ruiz, Isadora Haddad",2,geoinfo,ruiz isadora haddad,False
"Zaglia, Matheus Cavassan",2,geoinfo,zaglia matheus cavassan,False
"Oliveira, Matheus A. de",2,geoinfo,oliveira matheus a de,False
"Menezes, Marcelo de M.",2,geoinfo,menezes marcelo de m,False
"Dutra, Andeise Cerqueira",2,geoinfo,dutra andeise cerqueira,False
"Fonseca, Keiko",2,geoinfo,fonseca keiko,False
"Santos, Lorena",2,geoinfo,santos lorena,False
"Nagel, Gustavo Willy",2,geoinfo,nagel gustavo willy,False
"Coelho, Stella Correia Cesar",2,geoinfo,coelho stella correia cesar,False
"Correa, Sabrina Paes Leme Passos",2,geoinfo,correa sabrina paes leme passos,False
"Silva, Fabrício A.",2,geoinfo,silva fabricio a,False
"Monteiro, Cristiano Martins",2,geoinfo,monteiro cristiano martins,False
"Oliveira, Sávio S. T. de",2,geoinfo,oliveira savio s t de,False
"Bueno, Elivelton",2,geoinfo,bueno elivelton,False
"Rodrigues, Vagner J. S.",2,geoinfo,rodrigues vagner j s,False
"Bittencourt, Olga Oliveira",2,geoinfo,bittencourt olga oliveira,False
"Simőes, Rolf",2,geoinfo,simoes rolf,False
"Xavier, Fernando",2,geoinfo,xavier fernando,False
"Giannotti, Mariana",2,geoinfo,giannotti mariana,False
"Davis-jr, Clodoveu A",2,geoinfo,davisjr clodoveu a,False
"Gomes, Karine Reis Ferreira",2,geoinfo,gomes karine reis ferreira,False
"Camboim, Silvana Philippi",2,geoinfo,camboim silvana philippi,False
"Sperandio, Vinicius Garcia",2,geoinfo,sperandio vinicius garcia,False
"Stempliuc, Sergio Murilo",2,geoinfo,stempliuc sergio murilo,False
"Santos, Suzane G.",2,geoinfo,santos suzane g,False
"Queiroz, Gilberto R.",2,geoinfo,queiroz gilberto r,False
"Gomes, Vitor",2,geoinfo,gomes vitor,False
"Sato, Luciane Yumie",2,geoinfo,sato luciane yumie,False
"Davis-jr, Clodoveu Augusto",2,geoinfo,davisjr clodoveu augusto,False
"Neves, Alana K.",2,geoinfo,neves alana k,False
"Esperança, Claudio",2,geoinfo,esperanca claudio,False
"Llapa, Eduardo",2,geoinfo,llapa eduardo,False
"Siqueira-gay, Juliana",2,geoinfo,siqueiragay juliana,False
"Giannotti, Mariana Abrantes",2,geoinfo,giannotti mariana abrantes,False
"Ferrero, Carlos Andres",2,geoinfo,ferrero carlos andres,False
"Costa, Sérgio Souza",2,geoinfo,costa sergio souza,False
"Jerônimo, Caio Libânio Melo",2,geoinfo,jeronimo caio libanio melo,False
"Franklin, W. Randolph",2,geoinfo,franklin w randolph,False
"Li, Wenli",2,geoinfo,li wenli,False
"Gruppi, Maurício G",2,geoinfo,gruppi mauricio g,False
"Horita, Flávio E. A.",2,geoinfo,horita flavio e a,False
"Veronez, Maurício Roberto",2,geoinfo,veronez mauricio roberto,False
"Maretto, Raian V.",2,geoinfo,maretto raian v,False
"Cardoso, Kleber V",2,geoinfo,cardoso kleber v,False
"Vieira, Marcos R.",2,geoinfo,vieira marcos r,False
"Camara, Jean H. S.",2,geoinfo,camara jean h s,False
"Silva, Marcelino P. S",2,geoinfo,silva marcelino p s,False
"Andrade, Pedro R.",2,geoinfo,andrade pedro r,False
"Lima, Tiago F. M.",2,geoinfo,lima tiago f m,False
"Lana, Raquel M.",2,geoinfo,lana raquel m,False
"Monteiro, Antônio M. V",2,geoinfo,monteiro antonio m v,False
"Correa, Thaís",2,geoinfo,correa thais,False
"Costa, Marcelo Azevedo",2,geoinfo,costa marcelo azevedo,False
"Kuhn, Werner",2,geoinfo,kuhn werner,False
"Souza, Damires",2,geoinfo,souza damires,False
"Paulo, Maurício Carvalho Mathias de",2,geoinfo,paulo mauricio carvalho mathias de,False
"Maretto, Raian Vargas",2,geoinfo,maretto raian vargas,False
"Costa, Marcelo A.",2,geoinfo,costa marcelo a,False
"Masiero, Leone Pereira",2,geoinfo,masiero leone pereira,False
"Carvalho, Marcelo T. M",2,geoinfo,carvalho marcelo t m,False
"Costa, Sergio",2,geoinfo,costa sergio,False
"Martinhago, Adriana Z.",2,geoinfo,martinhago adriana z,False
"Paiva, Anselmo Cardoso de",2,geoinfo,paiva anselmo cardoso de,False
"Lemos, Melissa",2,geoinfo,lemos melissa,False
"Costa, Antônio Carlos da Rocha",2,geoinfo,costa antonio carlos da rocha,False
"Castano, Silvana",2,geoinfo,castano silvana,False
"Mello, Carlos Eduardo R. de",2,geoinfo,mello carlos eduardo r de,False
"Silva, Geraldo Zimbrńo da",2,geoinfo,silva geraldo zimbrno da,False
"Souza, Jano M. de",2,geoinfo,souza jano m de,False
"Alves, Leonardo Lacerda",2,geoinfo,alves leonardo lacerda,False
"Lopes, Danilo L",2,geoinfo,lopes danilo l,False
"Zimbrão, Geraldo",2,geoinfo,zimbrao geraldo,False
"Palomo, Danilo",2,geoinfo,palomo danilo,False
"Meyer, Wladimir S.",2,geoinfo,meyer wladimir s,False
"Rodrigues, Vinícius Lopes",2,geoinfo,rodrigues vinicius lopes,False
"Silva, Adler C. G. da",2,geoinfo,silva adler c g da,False
"Wu, Shin-ting",2,geoinfo,wu shinting,False
"Andrade Neto, Pedro Ribeiro de",2,geoinfo,andrade neto pedro ribeiro de,False
"Ruschel, Cláudio",2,geoinfo,ruschel claudio,False
"Bentes, Cristiana",2,geoinfo,bentes cristiana,False
"Farias, Ricardo",2,geoinfo,farias ricardo,False
"Ramirez, Milton Ramos",2,geoinfo,ramirez milton ramos,False
"Reis, Ilka Afonso",2,geoinfo,reis ilka afonso,False
"Schimiguel, Juliano",2,geoinfo,schimiguel juliano,False
"Vidal, Vânia",2,geoinfo,vidal vania,False
"Feitosa, Fábio",2,geoinfo,feitosa fabio,False
"Medeiros, Cláudia M. Bauzer",2,geoinfo,medeiros claudia m bauzer,False
"Renschler, Chris S",2,geoinfo,renschler chris s,False
"Pedrosa, Bianca Maria",2,geoinfo,pedrosa bianca maria,False
"Velho, Luiz",2,geoinfo,velho luiz,False
"Santanchč, André",2,geoinfo,santanchc andre,False
"Soares, Valéria Gonçalves",2,geoinfo,soares valeria goncalves,False
"Magalhães, Geovane Cayres",2,geoinfo,magalhaes geovane cayres,False
"Fidalgo, Robson",2,geoinfo,fidalgo robson,False
"Fonseca, Frederico Torres",2,geoinfo,fonseca frederico torres,False
"Fidalgo, Robson do Nascimento",2,geoinfo,fidalgo robson do nascimento,False
"Kriegel, Hans-peter",2,geoinfo,kriegel hanspeter,False
"Kunath, Peter",2,geoinfo,kunath peter,False
"Pfeifle, Martin",2,geoinfo,pfeifle martin,False
"Renz, Matthias",2,geoinfo,renz matthias,False
"Assad, Eduardo Delgado",2,geoinfo,assad eduardo delgado,False
"Câmera, Gilberto",2,geoinfo,camera gilberto,False
"Bettini, Claudio",2,geoinfo,bettini claudio,False
"Lima, Paulo",2,geoinfo,lima paulo,False
"Poz, Aluir Porfirio Dal",2,geoinfo,poz aluir porfirio dal,False
"Pazinatto, Eder",2,geoinfo,pazinatto eder,False
"Fonseca, Frederico",2,geoinfo,fonseca frederico,False
"Paiva, Joćo Argemiro",2,geoinfo,paiva joco argemiro,False
"Figueiredo, Luiz Henrique de",2,geoinfo,figueiredo luiz henrique de,False
"Nesbitt, Lorien",1,geoinfo,nesbitt lorien,False
"Andrade, Pedro Ribeiro",1,geoinfo,andrade pedro ribeiro,False
"Simoes, Rolf E. O.",1,geoinfo,simoes rolf e o,False
"Chuizaca-espinoza, Isabel Adriana",1,geoinfo,chuizacaespinoza isabel adriana,False
"Costa, Gabriel F.",1,geoinfo,costa gabriel f,False
"Cruz, Victor Augusto L.",1,geoinfo,cruz victor augusto l,False
"Fernandes, Anibal Evaristo",1,geoinfo,fernandes anibal evaristo,False
"Souza, Antônio Carlos Zambroni de",1,geoinfo,souza antonio carlos zambroni de,False
"Júnior, Rogerio Costa de Oliveira",1,geoinfo,junior rogerio costa de oliveira,False
"Lopes, Gesiel Rios",1,geoinfo,lopes gesiel rios,False
"Tokuda, Eric K.",1,geoinfo,tokuda eric k,False
"Silva, Roberto F. da",1,geoinfo,silva roberto f da,False
"Sousa, Joelcio Braga de",1,geoinfo,sousa joelcio braga de,False
"Lucas, Luiz Gabriel Camilo",1,geoinfo,lucas luiz gabriel camilo,False
"Namikawa, Laercio",1,geoinfo,namikawa laercio,False
"Machado, Suzane Regina de Amorim Biscaia",1,geoinfo,machado suzane regina de amorim biscaia,False
"Duarte, Mariana Machado Garcez",1,geoinfo,duarte mariana machado garcez,False
"Silva, Evandro Jose da",1,geoinfo,silva evandro jose da,False
"Rocha, Ezequiel Silva",1,geoinfo,rocha ezequiel silva,False
"Margotte, Henrique",1,geoinfo,margotte henrique,False
"Pozo, Aurora",1,geoinfo,pozo aurora,False
"Hara, Carmem",1,geoinfo,hara carmem,False
"Melo, Daniel Wander Ferreira",1,geoinfo,melo daniel wander ferreira,False
"Candeias, Ana Lucia Bezerra",1,geoinfo,candeias ana lucia bezerra,False
"Mendonça, Tiffany Laura Januci Teles de",1,geoinfo,mendonca tiffany laura januci teles de,False
"Gama, Fabio Furlan",1,geoinfo,gama fabio furlan,False
"Castro, Gustavo Jose da Silva",1,geoinfo,castro gustavo jose da silva,False
"Oliveira, Edgar",1,geoinfo,oliveira edgar,False
"Celes, Clayson",1,geoinfo,celes clayson,False
"Oliveira, Carina T.",1,geoinfo,oliveira carina t,False
"Braga, Reinaldo",1,geoinfo,braga reinaldo,False
"Oliveira, André Estevam Costa",1,geoinfo,oliveira andre estevam costa,False
"Perciani, Bruno Zomignani",1,geoinfo,perciani bruno zomignani,False
"Nascimento, Victor Fernandez",1,geoinfo,nascimento victor fernandez,False
"Werneck, Márcio de Souza",1,geoinfo,werneck marcio de souza,False
"Pujatt, Mario A. S.",1,geoinfo,pujatt mario a s,False
"Doblas, Juan",1,geoinfo,doblas juan,False
"Gusmão, Luiz Henrique",1,geoinfo,gusmao luiz henrique,False
"Moraes, Dayane Rafaela V. de",1,geoinfo,moraes dayane rafaela v de,False
"Sant’anna, Sidnei Joao S.",1,geoinfo,santanna sidnei joao s,False
"Mermoz, Stephane",1,geoinfo,mermoz stephane,False
"Gomes, Emeli",1,geoinfo,gomes emeli,False
"Mantovani-silva, Eduarda",1,geoinfo,mantovanisilva eduarda,False
"Giles, André",1,geoinfo,giles andre,False
"Réquillart, Josephine",1,geoinfo,requillart josephine,False
"Jakovac, Catarina",1,geoinfo,jakovac catarina,False
"Ciotti, Áurea M.",1,geoinfo,ciotti aurea m,False
"Paulino, Rejane",1,geoinfo,paulino rejane,False
"Schumacher, Vânia",1,geoinfo,schumacher vania,False
"Martins, Elisa",1,geoinfo,martins elisa,False
"Galende, Fßbricio",1,geoinfo,galende fßbricio,False
"Garrot, Italo",1,geoinfo,garrot italo,False
"Sepetauskas, Catia S. N.",1,geoinfo,sepetauskas catia s n,False
"Simoyama, Felipe O.",1,geoinfo,simoyama felipe o,False
"Oyarzabal, Ricardo S.",1,geoinfo,oyarzabal ricardo s,False
"Cardoso, Hugo S. P.",1,geoinfo,cardoso hugo s p,False
"N. Filho, Aloēsio S.",1,geoinfo,n filho aloesio s,False
"Seregati, Yuri",1,geoinfo,seregati yuri,False
"Neme, Ana C. D.",1,geoinfo,neme ana c d,False
"Souza, Marlon F. de",1,geoinfo,souza marlon f de,False
"Lamparelli, Rubens A. C",1,geoinfo,lamparelli rubens a c,False
"Silva, Israel Nunes da",1,geoinfo,silva israel nunes da,False
"Shiguemori, Elcio Hideichi",1,geoinfo,shiguemori elcio hideichi,False
"Silva, Caroline da",1,geoinfo,silva caroline da,False
"Silva, Baggio Luiz de Castro",1,geoinfo,silva baggio luiz de castro,False
"Almeida, Gabriel C.",1,geoinfo,almeida gabriel c,False
"Mura, José Claudio",1,geoinfo,mura jose claudio,False
"Cortivo, Fábio Dall",1,geoinfo,cortivo fabio dall,False
"Oliveira Junior, Rogério Costa de",1,geoinfo,oliveira junior rogerio costa de,False
"Duque, Johan S.",1,geoinfo,duque johan s,False
"Pereira, Maria E. D.",1,geoinfo,pereira maria e d,False
"Andrade, Karen V.",1,geoinfo,andrade karen v,False
"Dutra, Shayene Bernardo",1,geoinfo,dutra shayene bernardo,False
"Pires, Luciana B. M",1,geoinfo,pires luciana b m,False
"Salles, Daniel B.",1,geoinfo,salles daniel b,False
"Liuth, Thiago A.",1,geoinfo,liuth thiago a,False
"Kinukawa, Karina M.",1,geoinfo,kinukawa karina m,False
"Soares, Ana Luiza Almeida",1,geoinfo,soares ana luiza almeida,False
"Silva, Rodrigo Cesar P.",1,geoinfo,silva rodrigo cesar p,False
"Carneiro, Tiago S",1,geoinfo,carneiro tiago s,False
"Saraiva, Joao Pedro Melani",1,geoinfo,saraiva joao pedro melani,False
"Pinheiro, Aluísio de Souza",1,geoinfo,pinheiro aluisio de souza,False
"Silva, Jefferson V. da F. E",1,geoinfo,silva jefferson v da f e,False
"Sansão, Joao P. H.",1,geoinfo,sansao joao p h,False
"Leles, Michel C. R",1,geoinfo,leles michel c r,False
"Carvalho, Luiz M.",1,geoinfo,carvalho luiz m,False
"Arcoverde, Gustavo Felipe Balué",1,geoinfo,arcoverde gustavo felipe balue,False
"Magalhães, Monise Aguillar Faria",1,geoinfo,magalhaes monise aguillar faria,False
"Bartolomei, Bianca da Rocha",1,geoinfo,bartolomei bianca da rocha,False
"Paula, Melise Maria Veiga de",1,geoinfo,paula melise maria veiga de,False
"Cabral, Beatriz Figueiredo",1,geoinfo,cabral beatriz figueiredo,False
"Camargo, Barbara Celi Braga",1,geoinfo,camargo barbara celi braga,False
"Oliveira, Lucas Martins",1,geoinfo,oliveira lucas martins,False
"Barbosa, Eduardo Batista de Moares",1,geoinfo,barbosa eduardo batista de moares,False
"Domingos, Breno Izidoro",1,geoinfo,domingos breno izidoro,False
"Correia, Guilherme Gomes",1,geoinfo,correia guilherme gomes,False
"Pinho, Ignácio Martins",1,geoinfo,pinho ignacio martins,False
"Pereira, Vinicius Belquiman",1,geoinfo,pereira vinicius belquiman,False
"Garcia, André Dalla Bernardina",1,geoinfo,garcia andre dalla bernardina,False
"Prudente, Victor Hugo R.",1,geoinfo,prudente victor hugo r,False
"Haji, Shahida",1,geoinfo,haji shahida,False
"Ahmad, Junaid",1,geoinfo,ahmad junaid,False
"Pervaiz, Fahad",1,geoinfo,pervaiz fahad,False
"Darafshani, Mahsa Samadi",1,geoinfo,darafshani mahsa samadi,False
"Mowla, Qazi Ashique E",1,geoinfo,mowla qazi ashique e,False
"Juneja, Rohit",1,geoinfo,juneja rohit,False
"Machado, Arthur de Lara",1,geoinfo,machado arthur de lara,False
"Schreiner, Geomar André",1,geoinfo,schreiner geomar andre,False
"Maciel, Adeline Marinho",1,geoinfo,maciel adeline marinho,False
"Nunes, Yuri Domaradzki Moreira",1,geoinfo,nunes yuri domaradzki moreira,False
"Luz, Luana B. da",1,geoinfo,luz luana b da,False
"Vitor, Ana Claudia Rorato",1,geoinfo,vitor ana claudia rorato,False
"Barcellos, Christovam",1,geoinfo,barcellos christovam,False
"Xavier, Diego R.",1,geoinfo,xavier diego r,False
"Matos, Vanderlei P. de",1,geoinfo,matos vanderlei p de,False
"Saldanha, Raphael de F.",1,geoinfo,saldanha raphael de f,False
"Lowe, Rachel",1,geoinfo,lowe rachel,False
"Marques, Sabrina Guilherme",1,geoinfo,marques sabrina guilherme,False
"Pinto, João Felipe Sobrinho Kneipp Cerqueira",1,geoinfo,pinto joao felipe sobrinho kneipp cerqueira,False
"Camilotti, Vagner Luis",1,geoinfo,camilotti vagner luis,False
"Quadros, Camila Barata",1,geoinfo,quadros camila barata,False
"Gusmão, Luiz Henrique Almeida",1,geoinfo,gusmao luiz henrique almeida,False
"Thiago, Thiago C. de",1,geoinfo,thiago thiago c de,False
"Barradas, Delmina Carla Matos",1,geoinfo,barradas delmina carla matos,False
"Maurano, Luis Eduardo Pinheiro",1,geoinfo,maurano luis eduardo pinheiro,False
"Xaud, Haron A. M.",1,geoinfo,xaud haron a m,False
"Xaud, Maristela R. Xaud",1,geoinfo,xaud maristela r xaud,False
"Carvalho, André Fernando Araújo de",1,geoinfo,carvalho andre fernando araujo de,False
"Alves, Fábio C.",1,geoinfo,alves fabio c,False
"Pinheiro, Fábio da Conceição",1,geoinfo,pinheiro fabio da conceicao,False
"Renó, Vivian Fróes",1,geoinfo,reno vivian froes,False
"Lima, Deborah Lopes Correia",1,geoinfo,lima deborah lopes correia,False
"Moraes, Douglas Rafael Vidal de",1,geoinfo,moraes douglas rafael vidal de,False
"Belluzzo, Amanda Pinoti",1,geoinfo,belluzzo amanda pinoti,False
"Souza, Jefferson Jesus de",1,geoinfo,souza jefferson jesus de,False
"Barros, Lucélia Souza de",1,geoinfo,barros lucelia souza de,False
"Chrispim, Eduardo Henrique S.",1,geoinfo,chrispim eduardo henrique s,False
"Silva, Diego M.",1,geoinfo,silva diego m,False
"Cunha, Igor P.",1,geoinfo,cunha igor p,False
"Matos, Marlon Henrique Hetzel",1,geoinfo,matos marlon henrique hetzel,False
"Alves, Gabriel M. R.",1,geoinfo,alves gabriel m r,False
"Rodrigues Neto, Manoel Ribeiro",1,geoinfo,rodrigues neto manoel ribeiro,False
"Moraes, Dayane Rafaela Vidal de",1,geoinfo,moraes dayane rafaela vidal de,False
"Almeida, Rodrigo de",1,geoinfo,almeida rodrigo de,False
"Bastos, Eduardo Felipe Marcelino",1,geoinfo,bastos eduardo felipe marcelino,False
"Andrade, Ana Carolina S. de",1,geoinfo,andrade ana carolina s de,False
"Perez, Letícia P.",1,geoinfo,perez leticia p,False
"Salgado, Gustavo P. L.",1,geoinfo,salgado gustavo p l,False
"Cunha, Miguel Alexandre da",1,geoinfo,cunha miguel alexandre da,False
"Minervino, Carlos V. A.",1,geoinfo,minervino carlos v a,False
"Silva, Salatiel D",1,geoinfo,silva salatiel d,False
"Passos, Felipe de O.",1,geoinfo,passos felipe de o,False
"Mendonças, Tiffany Laura Januci Telles",1,geoinfo,mendoncas tiffany laura januci telles,False
"Pezzi, Luciano Ponzi",1,geoinfo,pezzi luciano ponzi,False
"Molinez, Raquel Zozimo",1,geoinfo,molinez raquel zozimo,False
"Turibio, Andrea F.",1,geoinfo,turibio andrea f,False
"Cursino, Mariana M. S.",1,geoinfo,cursino mariana m s,False
"Passos, Felipe O.",1,geoinfo,passos felipe o,False
"Mourão, Carla",1,geoinfo,mourao carla,False
"Petrone, Felipe Gomes",1,geoinfo,petrone felipe gomes,False
"Ribeiro, Victória R. S.",1,geoinfo,ribeiro victoria r s,False
"Antunes, Eduardo H.",1,geoinfo,antunes eduardo h,False
"Silva, Cleyson G. G. da",1,geoinfo,silva cleyson g g da,False
"Alves, Pedro P. L.",1,geoinfo,alves pedro p l,False
"Rodrigues, Maria E.",1,geoinfo,rodrigues maria e,False
"Bernini, Henrique",1,geoinfo,bernini henrique,False
"Silvestre, Ariomar S.",1,geoinfo,silvestre ariomar s,False
"Leal, José B.",1,geoinfo,leal jose b,False
"Oliveira, Elisama S. P.",1,geoinfo,oliveira elisama s p,False
"Santos, Deydila Michele Bomfim dos",1,geoinfo,santos deydila michele bomfim dos,False
"Nienow, Samuel",1,geoinfo,nienow samuel,False
"Cambraia, Bruno C",1,geoinfo,cambraia bruno c,False
"Santos, Ramon Batista dos",1,geoinfo,santos ramon batista dos,False
"Pires, João Saldanha",1,geoinfo,pires joao saldanha,False
"Valeriano, Márcio de Morisson",1,geoinfo,valeriano marcio de morisson,False
"Silva, Yan Breno Azeredo Gomes da",1,geoinfo,silva yan breno azeredo gomes da,False
"Santos, Monique Calderaro Rocha",1,geoinfo,santos monique calderaro rocha,False
"Oliveira, Lucas B",1,geoinfo,oliveira lucas b,False
"Silva, Matheus Ferreira da",1,geoinfo,silva matheus ferreira da,False
"Santos, Renato Cesar dos",1,geoinfo,santos renato cesar dos,False
"Tommaselli, Antonio M. G.",1,geoinfo,tommaselli antonio m g,False
"Galo, Maurício",1,geoinfo,galo mauricio,False
"Soares, Fabiana da Silva",1,geoinfo,soares fabiana da silva,False
"Sacramento, Bruna Henrique",1,geoinfo,sacramento bruna henrique,False
"Valente, Roberta Averna",1,geoinfo,valente roberta averna,False
"Silveira, Hilton Luís",1,geoinfo,silveira hilton luis,False
"Sousa, Diego de",1,geoinfo,sousa diego de,False
"Musa, Daniela Leal",1,geoinfo,musa daniela leal,False
"Vijaykumar, Nandamudi Lankalapalli",1,geoinfo,vijaykumar nandamudi lankalapalli,False
"Rebelo, Luciana",1,geoinfo,rebelo luciana,False
"Silva, Raphael Augusto O.",1,geoinfo,silva raphael augusto o,False
"Nascimento, Luanna",1,geoinfo,nascimento luanna,False
"Ferla, Luís Antonio Coelho",1,geoinfo,ferla luis antonio coelho,False
"Vieira, Vinēcius da Fonseca",1,geoinfo,vieira vinecius da fonseca,False
"Alencar, Ricardo",1,geoinfo,alencar ricardo,False
"Evsukoff, Alexandre G.",1,geoinfo,evsukoff alexandre g,False
"Samaniego, Horacio",1,geoinfo,samaniego horacio,False
"Al Fahad, Abdulla",1,geoinfo,al fahad abdulla,False
"Magalhães, Roberta Perez",1,geoinfo,magalhaes roberta perez,False
"Silveira Filho, Telmo Borges",1,geoinfo,silveira filho telmo borges,False
"Barbosa, Anderson Rodolfo",1,geoinfo,barbosa anderson rodolfo,False
"Gomes, Diego da Silva",1,geoinfo,gomes diego da silva,False
"Queiroz, Wildson",1,geoinfo,queiroz wildson,False
"Sousa, Ricardo Cartaxo Modesto de",1,geoinfo,sousa ricardo cartaxo modesto de,False
"Bacellar, José Teixeira da Matta",1,geoinfo,bacellar jose teixeira da matta,False
"Igawa, Tassio Koiti",1,geoinfo,igawa tassio koiti,False
"Maffini, Ana Luisa",1,geoinfo,maffini ana luisa,False
"Gonçalves, Gustavo Maciel",1,geoinfo,goncalves gustavo maciel,False
"Maraschin, Clarice",1,geoinfo,maraschin clarice,False
"Duarte, Fernando Henrique Oliveira",1,geoinfo,duarte fernando henrique oliveira,False
"Moreira, Gladston J. P.",1,geoinfo,moreira gladston j p,False
"Luz, Eduardo J. S.",1,geoinfo,luz eduardo j s,False
"Cabral, Beatriz F.",1,geoinfo,cabral beatriz f,False
"Yanai, Aurora M.",1,geoinfo,yanai aurora m,False
"Fearnside, Philip M.",1,geoinfo,fearnside philip m,False
"Grańa, Paulo M. L. de A.",1,geoinfo,grana paulo m l de a,False
"Braga, Daniel Alvez",1,geoinfo,braga daniel alvez,False
"Almeida, Clßudia Maria de",1,geoinfo,almeida clßudia maria de,False
"Fernandes, Anibal E.",1,geoinfo,fernandes anibal e,False
"Fernandes Filho, Alexandre Santos",1,geoinfo,fernandes filho alexandre santos,False
"Ipia Sanchez, Alber Hamersson",1,geoinfo,ipia sanchez alber hamersson,False
"Oliveira, Gabriel de",1,geoinfo,oliveira gabriel de,False
"Chaves, Michel Eustßquio Dantas",1,geoinfo,chaves michel eustßquio dantas,False
"Wagner, Fabien H.",1,geoinfo,wagner fabien h,False
"Kanzato, Luisa Akemi B.",1,geoinfo,kanzato luisa akemi b,False
"Santos, Bruno Dias dos",1,geoinfo,santos bruno dias dos,False
"Luz, Levi B.",1,geoinfo,luz levi b,False
"Araújo, Tatiane M.",1,geoinfo,araujo tatiane m,False
"Bento, Grazielly C.",1,geoinfo,bento grazielly c,False
"Melo, Julia R. C.",1,geoinfo,melo julia r c,False
"Bhering, Silvio B",1,geoinfo,bhering silvio b,False
"Salgado, Gustavo Piva Lopes",1,geoinfo,salgado gustavo piva lopes,False
"Martins, Adinan Marzulo Maia",1,geoinfo,martins adinan marzulo maia,False
"Carvalho Júnior, Waldir",1,geoinfo,carvalho junior waldir,False
"Bhering, Silvio Barge",1,geoinfo,bhering silvio barge,False
"Chargas, César da Silva",1,geoinfo,chargas cesar da silva,False
"Rendeiro, Nilson Pereira",1,geoinfo,rendeiro nilson pereira,False
"Calderano Filho, Braz",1,geoinfo,calderano filho braz,False
"Milare, Gisele",1,geoinfo,milare gisele,False
"Giarolla, Angélica",1,geoinfo,giarolla angelica,False
"Fushita, Angela Terumi",1,geoinfo,fushita angela terumi,False
"Nascimento, Aline Andrade do",1,geoinfo,nascimento aline andrade do,False
"Bauer, Lucas de Oliveira",1,geoinfo,bauer lucas de oliveira,False
"Rizzo, Luciana V",1,geoinfo,rizzo luciana v,False
"Oliveira, Carlos E. S.",1,geoinfo,oliveira carlos e s,False
"Duarte, Fernando H. O.",1,geoinfo,duarte fernando h o,False
"Oliveira, Brenddon E. A.",1,geoinfo,oliveira brenddon e a,False
"Paula, Leonardo Henrique Duarte de",1,geoinfo,paula leonardo henrique duarte de,False
"Teixeira, Emmanuel K. C.",1,geoinfo,teixeira emmanuel k c,False
"Velastegui-montoya, André",1,geoinfo,velasteguimontoya andre,False
"Pena, Thiago J. B.",1,geoinfo,pena thiago j b,False
"Souza, Higor A. de",1,geoinfo,souza higor a de,False
"Lemos, Letēcia L.",1,geoinfo,lemos letecia l,False
"Kon, Fabio",1,geoinfo,kon fabio,False
"Pereira, Ester C.",1,geoinfo,pereira ester c,False
"Luciano, Ana Cláudia S.",1,geoinfo,luciano ana claudia s,False
"Silva, Carlos A. A. C.",1,geoinfo,silva carlos a a c,False
"Pilau, Felipe G.",1,geoinfo,pilau felipe g,False
"Salgado, Gabriela C.",1,geoinfo,salgado gabriela c,False
"Junqueira, Cynthia C. M.",1,geoinfo,junqueira cynthia c m,False
"Chinatto, Adilson W",1,geoinfo,chinatto adilson w,False
"Helsen, Kenny",1,geoinfo,helsen kenny,False
"Mulenga, Haggai",1,geoinfo,mulenga haggai,False
"Uda, Patrēcia Kazue",1,geoinfo,uda patrecia kazue,False
"Alves, Larissa Mioni Vieira",1,geoinfo,alves larissa mioni vieira,False
"Oliveira, Alisson Cleiton de",1,geoinfo,oliveira alisson cleiton de,False
"Camarinha, Pedro Ivo",1,geoinfo,camarinha pedro ivo,False
"Araújo, Rodolfo Antonio da Silva",1,geoinfo,araujo rodolfo antonio da silva,False
"Satolo, Luiz Fernando",1,geoinfo,satolo luiz fernando,False
"Kulikova, Tatiana",1,geoinfo,kulikova tatiana,False
"Oliveira, Reuel Junqueira de",1,geoinfo,oliveira reuel junqueira de,False
"Souza, Fabíola A.",1,geoinfo,souza fabiola a,False
"Batista, Bruno G.",1,geoinfo,batista bruno g,False
"Souza, Vanessa C. O.",1,geoinfo,souza vanessa c o,False
"Paula, Melise M. V.",1,geoinfo,paula melise m v,False
"Frinhani, Rafael M. D.",1,geoinfo,frinhani rafael m d,False
"Bartolomei, Bianca R.",1,geoinfo,bartolomei bianca r,False
"Lmaounier, Lucas",1,geoinfo,lmaounier lucas,False
"Almeida, Roberto A",1,geoinfo,almeida roberto a,False
"Bomfim, Letēcia da Silva",1,geoinfo,bomfim letecia da silva,False
"Avansi, Guilherme Daniel",1,geoinfo,avansi guilherme daniel,False
"Vidal, Alexandre Campane",1,geoinfo,vidal alexandre campane,False
"Pedrini, Helio",1,geoinfo,pedrini helio,False
"Brasco, Mayra Abboudi",1,geoinfo,brasco mayra abboudi,False
"Feitosa, Flßvia da Fonseca",1,geoinfo,feitosa flßvia da fonseca,False
"Paez, Antonio",1,geoinfo,paez antonio,False
"Escobar Silva, Elton Vicente",1,geoinfo,escobar silva elton vicente,False
"Souza, Anielli Rosane de",1,geoinfo,souza anielli rosane de,False
"Barbosa, Maria Lucia Ferreira",1,geoinfo,barbosa maria lucia ferreira,False
"Feller, Flaris Roland",1,geoinfo,feller flaris roland,False
"Flores Júnior, Rogķrio",1,geoinfo,flores junior rogkrio,False
"Gomes, Vitor Conrado Faria",1,geoinfo,gomes vitor conrado faria,False
"Bonnet, Marie-paule",1,geoinfo,bonnet mariepaule,False
"Negri, Rogério",1,geoinfo,negri rogerio,False
"Gomes, Sabrina O.",1,geoinfo,gomes sabrina o,False
"Candeias, Ana L",1,geoinfo,candeias ana l,False
"Graziotto, Maria Paula Prado Lebrão",1,geoinfo,graziotto maria paula prado lebrao,False
"Soares, Anderson da Silva",1,geoinfo,soares anderson da silva,False
"Silvestre, Leonardo José",1,geoinfo,silvestre leonardo jose,False
"Ramalho, Fernanda de Oliveira",1,geoinfo,ramalho fernanda de oliveira,False
"Silva, Salatiel Dantas",1,geoinfo,silva salatiel dantas,False
"Santos, Flávio E. de O.",1,geoinfo,santos flavio e de o,False
"Dompieri, Márcia H. G.",1,geoinfo,dompieri marcia h g,False
"Moura, Flávio R. de",1,geoinfo,moura flavio r de,False
"Oliveira, Raquel Aparecida Abrahão Costa E",1,geoinfo,oliveira raquel aparecida abrahao costa e,False
"Barreto, Thiago Luiz Morais",1,geoinfo,barreto thiago luiz morais,False
"Ribeiro, Celso Bandeira M.",1,geoinfo,ribeiro celso bandeira m,False
"Brumatti, Carlos Henrique Tavares",1,geoinfo,brumatti carlos henrique tavares,False
"Schaefer, Mariana Albuquerque Reynaud",1,geoinfo,schaefer mariana albuquerque reynaud,False
"Reis, Julio C. S",1,geoinfo,reis julio c s,False
"Cabral, Letícia da S.",1,geoinfo,cabral leticia da s,False
"Carneiro, Ana Carolina C.",1,geoinfo,carneiro ana carolina c,False
"Cunha, Luis Felipe B. da",1,geoinfo,cunha luis felipe b da,False
"Caseri, Angélica N.",1,geoinfo,caseri angelica n,False
"Rodrigues, Francisco Aparecido",1,geoinfo,rodrigues francisco aparecido,False
"Catrinque, Mateus R. S.",1,geoinfo,catrinque mateus r s,False
"Dolif Neto, Giovanni",1,geoinfo,dolif neto giovanni,False
"Vale, Eliana",1,geoinfo,vale eliana,False
"Muller, Arthur",1,geoinfo,muller arthur,False
"Santos, Cláudia Cristina dos",1,geoinfo,santos claudia cristina dos,False
"Albuquerque, Paulo Cesar Gurgel de",1,geoinfo,albuquerque paulo cesar gurgel de,False
"Tang, Ming",1,geoinfo,tang ming,False
"Zou, Yong",1,geoinfo,zou yong,False
"Macau, Elbert Einstein Nehrer",1,geoinfo,macau elbert einstein nehrer,False
"Hossaki, Vitor Y.",1,geoinfo,hossaki vitor y,False
"Tomás, Lívia",1,geoinfo,tomas livia,False
"Feitosa, Jeferson",1,geoinfo,feitosa jeferson,False
"Quiles, Marcos",1,geoinfo,quiles marcos,False
"Freitas, Ana Larissa Ribeiro de",1,geoinfo,freitas ana larissa ribeiro de,False
"Broggio, Igor Santiago",1,geoinfo,broggio igor santiago,False
"Leão, Paulo Henrique A.",1,geoinfo,leao paulo henrique a,False
"Freitas, Ana Larissa R. de",1,geoinfo,freitas ana larissa r de,False
"Reis, João Bosco Coura dos",1,geoinfo,reis joao bosco coura dos,False
"Alvarado, Swanni T.",1,geoinfo,alvarado swanni t,False
"Ferraz, Tiago Massi",1,geoinfo,ferraz tiago massi,False
"Magalhães, Roberta P. de",1,geoinfo,magalhaes roberta p de,False
"Guerrero, João",1,geoinfo,guerrero joao,False
"Mendes, Jeferson F.",1,geoinfo,mendes jeferson f,False
"Olivos, Lina M. Osório",1,geoinfo,olivos lina m osorio,False
"Mello Junior, Arisvaldo Vieira",1,geoinfo,mello junior arisvaldo vieira,False
"Marcellini, Silvana Susko",1,geoinfo,marcellini silvana susko,False
"Hossoda, Dário Hachisu",1,geoinfo,hossoda dario hachisu,False
"Chagas, Rogério Moreira",1,geoinfo,chagas rogerio moreira,False
"Soares, Gabriel A. dos Santos",1,geoinfo,soares gabriel a dos santos,False
"Jacobsem, Flávia Ribeiro dos",1,geoinfo,jacobsem flavia ribeiro dos,False
"Schardong, André",1,geoinfo,schardong andre,False
"Passarini, Pablo de O.",1,geoinfo,passarini pablo de o,False
"Coelho, Filipe J. S.",1,geoinfo,coelho filipe j s,False
"Silva, Natń G.",1,geoinfo,silva natn g,False
"Hirsch, André",1,geoinfo,hirsch andre,False
"Santos, Andréa C. R.",1,geoinfo,santos andrea c r,False
"Gomes, Ivair",1,geoinfo,gomes ivair,False
"Ataíde, Glauciana M.",1,geoinfo,ataide glauciana m,False
"Hirsch, Andrķ",1,geoinfo,hirsch andrk,False
"Santos, Andrķa C. R. dos",1,geoinfo,santos andrka c r dos,False
"Ataēde, Glauciana M.",1,geoinfo,ataede glauciana m,False
"Soares, Jaqueline A. J. P.",1,geoinfo,soares jaqueline a j p,False
"Diniz, Michael M.",1,geoinfo,diniz michael m,False
"Gino, Vinícius L. S.",1,geoinfo,gino vinicius l s,False
"Simőes, José V. O",1,geoinfo,simoes jose v o,False
"Velestegui-montoya, Andres",1,geoinfo,velesteguimontoya andres,False
"Marquez, Juliana O.",1,geoinfo,marquez juliana o,False
"Guerrero Cabrera, Geancarlo",1,geoinfo,guerrero cabrera geancarlo,False
"Jaramillo Lindao, Yadira",1,geoinfo,jaramillo lindao yadira,False
"Mora Araus, Malcon",1,geoinfo,mora araus malcon,False
"Xaud, Felipe Abrahim Ramalho",1,geoinfo,xaud felipe abrahim ramalho,False
"Pereira, Francisco Carlos de Lima",1,geoinfo,pereira francisco carlos de lima,False
"Lima, Clenya Rejane Barros de",1,geoinfo,lima clenya rejane barros de,False
"Silva, Wender Antônio da",1,geoinfo,silva wender antonio da,False
"Xaud, Haron Abrahim Magalhães",1,geoinfo,xaud haron abrahim magalhaes,False
"Zipf, Alexander",1,geoinfo,zipf alexander,False
"Butzer, Amandus",1,geoinfo,butzer amandus,False
"Reinmuth, Marcel",1,geoinfo,reinmuth marcel,False
"Auer, Michael",1,geoinfo,auer michael,False
"Herfort, Benajamin",1,geoinfo,herfort benajamin,False
"Rousell, Adam",1,geoinfo,rousell adam,False
"Lautenbach, Sven",1,geoinfo,lautenbach sven,False
"Gumbrich, Stefan",1,geoinfo,gumbrich stefan,False
"Abubakar, Bello Abubakar",1,geoinfo,abubakar bello abubakar,False
"Abubakar, Sani Abubakar",1,geoinfo,abubakar sani abubakar,False
"Almeida, Damião Ribeiro de",1,geoinfo,almeida damiao ribeiro de,False
"Oliveira, Aillkeen Bezerra de",1,geoinfo,oliveira aillkeen bezerra de,False
"Vasconcelos, Samuel Pereira de",1,geoinfo,vasconcelos samuel pereira de,False
"Araújo, Juliana de Abreu",1,geoinfo,araujo juliana de abreu,False
"Freire, Allan Henrique Lima",1,geoinfo,freire allan henrique lima,False
"Galvńo, Lļnio Soares",1,geoinfo,galvno llnio soares,False
"Coelho, Filipe Junio S.",1,geoinfo,coelho filipe junio s,False
"Silva, Natã G.",1,geoinfo,silva nata g,False
"Cantador, Debora Cristina",1,geoinfo,cantador debora cristina,False
"Nagy, Laszlo K",1,geoinfo,nagy laszlo k,False
"França, Leandro L. S.",1,geoinfo,franca leandro l s,False
"Pinheiro, Julierne",1,geoinfo,pinheiro julierne,False
"Passos, Joel B.",1,geoinfo,passos joel b,False
"Portugal, José Luiz",1,geoinfo,portugal jose luiz,False
"Gino, Vinēcius L. S.",1,geoinfo,gino vinecius l s,False
"Negri, Rogķrio G.",1,geoinfo,negri rogkrio g,False
"Gonçalves, Heron Carlos",1,geoinfo,goncalves heron carlos,False
"Guarenghi, Marjorie M.",1,geoinfo,guarenghi marjorie m,False
"Santos, João Luís",1,geoinfo,santos joao luis,False
"Walter, Arnaldo",1,geoinfo,walter arnaldo,False
"Seabra, Joaquim E. A.",1,geoinfo,seabra joaquim e a,False
"Vieira, Nathália D. B.",1,geoinfo,vieira nathalia d b,False
"Damame, Desirée",1,geoinfo,damame desiree,False
"Guimarães, Pedro Vitor Duarte",1,geoinfo,guimaraes pedro vitor duarte,False
"Teixeira, Emmanuel Kennedy da Costa",1,geoinfo,teixeira emmanuel kennedy da costa,False
"Miranda, Mateus de Souza",1,geoinfo,miranda mateus de souza,False
"Maximiano, Renato de Sousa",1,geoinfo,maximiano renato de sousa,False
"Pacheco, Téhrrie Caroline Konig Ferraz",1,geoinfo,pacheco tehrrie caroline konig ferraz,False
"Kux, Hermann Johann Heinrich",1,geoinfo,kux hermann johann heinrich,False
"Corsi, Alessandra C",1,geoinfo,corsi alessandra c,False
"Pinheiro, Karine",1,geoinfo,pinheiro karine,False
"Lana, Gabriela Gouveia",1,geoinfo,lana gabriela gouveia,False
"Andrade, Laura",1,geoinfo,andrade laura,False
"Ferreira, Ítalo Oliveira",1,geoinfo,ferreira italo oliveira,False
"Schumacher, Vanúcia",1,geoinfo,schumacher vanucia,False
"Barros, Marco Aurélio",1,geoinfo,barros marco aurelio,False
"Santos, Flßvio Emanuel de O.",1,geoinfo,santos flßvio emanuel de o,False
"Moura, Fßbio R. de",1,geoinfo,moura fßbio r de,False
"Dompieri, Mßcia H. G",1,geoinfo,dompieri mßcia h g,False
"Simőes, Philipe Souza",1,geoinfo,simoes philipe souza,False
"Sousa Júnior, Marionei Fomaca de",1,geoinfo,sousa junior marionei fomaca de,False
"Hoffmann, Tânia Beatriz",1,geoinfo,hoffmann tania beatriz,False
"Maselli, Luccas Z",1,geoinfo,maselli luccas z,False
"Vestena, Kauę de Moraes",1,geoinfo,vestena kaue de moraes,False
"Padilha, Gabriela",1,geoinfo,padilha gabriela,False
"Molina, Cyntia Virolli Cid",1,geoinfo,molina cyntia virolli cid,False
"Teixeira, Ariely Mayara de Albuquerque",1,geoinfo,teixeira ariely mayara de albuquerque,False
"Camboim, Silvana Phillippi",1,geoinfo,camboim silvana phillippi,False
"Côrtes, Julia Corręa",1,geoinfo,cortes julia correa,False
"Alves, José Diego Gobbo",1,geoinfo,alves jose diego gobbo,False
"D'antona, Álvaro de Oliveira",1,geoinfo,dantona alvaro de oliveira,False
"Ermgassen, Erasumus Zu",1,geoinfo,ermgassen erasumus zu,False
"Ribeiro, Vivian",1,geoinfo,ribeiro vivian,False
"Meyfroidt, Patrick",1,geoinfo,meyfroidt patrick,False
"Giehl, Samoel",1,geoinfo,giehl samoel,False
"Dalazoana, Regiane",1,geoinfo,dalazoana regiane,False
"Santana, Túlio Alves",1,geoinfo,santana tulio alves,False
"Jacon, Aline Daniele",1,geoinfo,jacon aline daniele,False
"Krauss, Peter",1,geoinfo,krauss peter,False
"Jean, Thierry",1,geoinfo,jean thierry,False
"Lima, Thainara Munhoz Alexandre de",1,geoinfo,lima thainara munhoz alexandre de,False
"Carvalho, Romulo Marques",1,geoinfo,carvalho romulo marques,False
"Sutil, Ueslei Adriano",1,geoinfo,sutil ueslei adriano,False
"Martins, Guilherme",1,geoinfo,martins guilherme,False
"Macul, Mateus de Souza",1,geoinfo,macul mateus de souza,False
"Cunha, Paulo W. Pinto da",1,geoinfo,cunha paulo w pinto da,False
"Medeiros, Thais de",1,geoinfo,medeiros thais de,False
"Santos, Bruno dos",1,geoinfo,santos bruno dos,False
"Oliveira, Gilberto Eidi Teramoto",1,geoinfo,oliveira gilberto eidi teramoto,False
"Silva, Gabriel Lucas Xavier da",1,geoinfo,silva gabriel lucas xavier da,False
"Suraci, Stefano S.",1,geoinfo,suraci stefano s,False
"Goldschmidt, Ronaldo R.",1,geoinfo,goldschmidt ronaldo r,False
"Oliveira, Leonardo C.",1,geoinfo,oliveira leonardo c,False
"Klein, Ivandro",1,geoinfo,klein ivandro,False
"Alves, Vinícius H. A.",1,geoinfo,alves vinicius h a,False
"Barros, Thierry Silva",1,geoinfo,barros thierry silva,False
"Bragion, Gabriel da Rocha",1,geoinfo,bragion gabriel da rocha,False
"Gonçalves, Gabriel C.",1,geoinfo,goncalves gabriel c,False
"Santos, Carolina de Faria",1,geoinfo,santos carolina de faria,False
"Oliveira, Lucas Maia de",1,geoinfo,oliveira lucas maia de,False
"Cardim, Luiz H. A.",1,geoinfo,cardim luiz h a,False
"Freitas, Lucas",1,geoinfo,freitas lucas,False
"Gromboni, João F.",1,geoinfo,gromboni joao f,False
"Pereira, Luíz H.",1,geoinfo,pereira luiz h,False
"Pulido, Javier",1,geoinfo,pulido javier,False
"Toro, Ana P. S. G. D.",1,geoinfo,toro ana p s g d,False
"Ferreira, Mateus V",1,geoinfo,ferreira mateus v,False
"Maia, Pedro Henrique Costa",1,geoinfo,maia pedro henrique costa,False
"Medeiros, Gabriel F. B. de",1,geoinfo,medeiros gabriel f b de,False
"Degrossi, Lívia C.",1,geoinfo,degrossi livia c,False
"Nascimento, Helisson Luiz do",1,geoinfo,nascimento helisson luiz do,False
"Santos, Leanderson Coelho dos",1,geoinfo,santos leanderson coelho dos,False
"Paiva, Roberto U.",1,geoinfo,paiva roberto u,False
"Oliveira, Savio S. T.",1,geoinfo,oliveira savio s t,False
"Parente, Leandro L.",1,geoinfo,parente leandro l,False
"Santos, João Paulo Clarindo dos",1,geoinfo,santos joao paulo clarindo dos,False
"Silva, Gabriel Máximo da",1,geoinfo,silva gabriel maximo da,False
"Vidal-filho, Jarbas Nunes",1,geoinfo,vidalfilho jarbas nunes,False
"Carlos, Felipe Menino",1,geoinfo,carlos felipe menino,False
"Cruz Júnior, José Ivan S. da",1,geoinfo,cruz junior jose ivan s da,False
"Dallaqua, Fernanda B. J. R.",1,geoinfo,dallaqua fernanda b j r,False
"Fazenda, Ávaro L.",1,geoinfo,fazenda avaro l,False
"Faria, Fabio A",1,geoinfo,faria fabio a,False
"Fonseca, Marcelo Fernando",1,geoinfo,fonseca marcelo fernando,False
"Eiras, Denis Magalhães de Almeida",1,geoinfo,eiras denis magalhaes de almeida,False
"Elleres, Frederyco Augusto Pereira",1,geoinfo,elleres frederyco augusto pereira,False
"Caldeira, Carlos Rodrigo Tanajura",1,geoinfo,caldeira carlos rodrigo tanajura,False
"Caldeira, Mayara Ortega",1,geoinfo,caldeira mayara ortega,False
"Graça, Alan José Salomão",1,geoinfo,graca alan jose salomao,False
"Leal Neto, Helvecio Bezerra",1,geoinfo,leal neto helvecio bezerra,False
"Almeida, Adriano Pereira",1,geoinfo,almeida adriano pereira,False
"Lucena, Felipe Rafael de Sá Menezes",1,geoinfo,lucena felipe rafael de sa menezes,False
"Escobar-silva, Elton Vicente",1,geoinfo,escobarsilva elton vicente,False
"Oliveira, Joel P. de",1,geoinfo,oliveira joel p de,False
"Costa, Marly G. F.",1,geoinfo,costa marly g f,False
"Costa Filho, Cícero F. F",1,geoinfo,costa filho cicero f f,False
"Coelho, Bruno F",1,geoinfo,coelho bruno f,False
"Oliveira, Catrine dos Santos",1,geoinfo,oliveira catrine dos santos,False
"Perreira, Marconi de Arruda",1,geoinfo,perreira marconi de arruda,False
"Ribeiro, Renata Maciel",1,geoinfo,ribeiro renata maciel,False
"Queiroz, Leonardo R.",1,geoinfo,queiroz leonardo r,False
"Ribeiro, Luigi M.",1,geoinfo,ribeiro luigi m,False
"Simőes, Philipe S.",1,geoinfo,simoes philipe s,False
"Silva, Gabriel M. da",1,geoinfo,silva gabriel m da,False
"Souza, Fernando X. de",1,geoinfo,souza fernando x de,False
"Bauer, Paulo R.",1,geoinfo,bauer paulo r,False
"Gadda, Tatiana",1,geoinfo,gadda tatiana,False
"Berardi, Rita",1,geoinfo,berardi rita,False
"Terra, Talita Nogueira",1,geoinfo,terra talita nogueira,False
"Luciano, Ana Cláudia dos Santos",1,geoinfo,luciano ana claudia dos santos,False
"Esquerdo, Júlio César Dalla Mora",1,geoinfo,esquerdo julio cesar dalla mora,False
"Coutinho, Alexandre Camargo",1,geoinfo,coutinho alexandre camargo,False
"Antunes, João Francisco Gonçalves",1,geoinfo,antunes joao francisco goncalves,False
"Santos, João Luís dos",1,geoinfo,santos joao luis dos,False
"Bertolo, Lídia Sanches",1,geoinfo,bertolo lidia sanches,False
"Sothe, Camile",1,geoinfo,sothe camile,False
"Figueiredo, Erick L.",1,geoinfo,figueiredo erick l,False
"Silvano, Tiago P.",1,geoinfo,silvano tiago p,False
"Correa, Bryan M.",1,geoinfo,correa bryan m,False
"Borba, Philipe",1,geoinfo,borba philipe,False
"Adeu, Rodrigo S. S.",1,geoinfo,adeu rodrigo s s,False
"Alcântara, Erick de Barros",1,geoinfo,alcantara erick de barros,False
"Lucena, Cícero Cartaxo",1,geoinfo,lucena cicero cartaxo,False
"Ber Kapel, Silvia Goldman",1,geoinfo,ber kapel silvia goldman,False
"Almeida Júnior, Jorge Rady de",1,geoinfo,almeida junior jorge rady de,False
"Bezerra, Diego Xavier",1,geoinfo,bezerra diego xavier,False
"Carvalho, Victor Alvarenga",1,geoinfo,carvalho victor alvarenga,False
"Ceccon, Vinícius",1,geoinfo,ceccon vinicius,False
"Faria, Pedro Vinicius Yamamoto Agner de",1,geoinfo,faria pedro vinicius yamamoto agner de,False
"Batistella, Danielli",1,geoinfo,batistella danielli,False
"Lima, Vanderlei Aparecido de",1,geoinfo,lima vanderlei aparecido de,False
"Coimbra, Gabriel T. P.",1,geoinfo,coimbra gabriel t p,False
"Capanema, Cláudio Gustavo S.",1,geoinfo,capanema claudio gustavo s,False
"Silva, Thais R. M. Braga",1,geoinfo,silva thais r m braga,False
"Conceição, Katyanne Viana da",1,geoinfo,conceicao katyanne viana da,False
"Duft, Daniel G.",1,geoinfo,duft daniel g,False
"Luciano, Ana C. S.",1,geoinfo,luciano ana c s,False
"Fiorio, Peterson R",1,geoinfo,fiorio peterson r,False
"Fernandez, Mariela A.",1,geoinfo,fernandez mariela a,False
"Barbosa, Rogerio J",1,geoinfo,barbosa rogerio j,False
"Gontijo, Ewerton",1,geoinfo,gontijo ewerton,False
"Rocha, Glaucio",1,geoinfo,rocha glaucio,False
"Santana, Leonardo",1,geoinfo,santana leonardo,False
"Branco, Felipe",1,geoinfo,branco felipe,False
"Oliveira, Natalia",1,geoinfo,oliveira natalia,False
"Loti, Layane B. S.",1,geoinfo,loti layane b s,False
"Medeiros, Nilcilene G.",1,geoinfo,medeiros nilcilene g,False
"Martins, Felipe Ferraz",1,geoinfo,martins felipe ferraz,False
"Matosak, Bruno Menini",1,geoinfo,matosak bruno menini,False
"Rodrigues, Marcos Antônio de Almeida",1,geoinfo,rodrigues marcos antonio de almeida,False
"Chichorro, Rodrigo E. de O. B.",1,geoinfo,chichorro rodrigo e de o b,False
"Mateus, Geraldo Robson",1,geoinfo,mateus geraldo robson,False
"Oliveira, Gabriela Carvalho de",1,geoinfo,oliveira gabriela carvalho de,False
"Anazawa, Tathiane Mayumi",1,geoinfo,anazawa tathiane mayumi,False
"Pacheco, Gabriel de O. C.",1,geoinfo,pacheco gabriel de o c,False
"Morita, Felipe Carraro",1,geoinfo,morita felipe carraro,False
"Victorino, Paulo Sérgio da Silva",1,geoinfo,victorino paulo sergio da silva,False
"Portela, Tarlis T.",1,geoinfo,portela tarlis t,False
"Vicenzi, Francisco",1,geoinfo,vicenzi francisco,False
"Ribas, Rodrigo Pinheiro",1,geoinfo,ribas rodrigo pinheiro,False
"Picoli, Michelle",1,geoinfo,picoli michelle,False
"Chaves, Michel",1,geoinfo,chaves michel,False
"Begotti, Rodrigo",1,geoinfo,begotti rodrigo,False
"Gimenez, Leandro Maria",1,geoinfo,gimenez leandro maria,False
"Maldaner, Leonardo Felipe",1,geoinfo,maldaner leonardo felipe,False
"Duarte, Cássio da Costa",1,geoinfo,duarte cassio da costa,False
"Santos, Murilo Cunha dos",1,geoinfo,santos murilo cunha dos,False
"Silva, Roberto F.",1,geoinfo,silva roberto f,False
"Sousa, Alex da S.",1,geoinfo,sousa alex da s,False
"Galvani, Emerson",1,geoinfo,galvani emerson,False
"Mostaço, Gustavo M.",1,geoinfo,mostaco gustavo m,False
"Saraiva, Antonio M.",1,geoinfo,saraiva antonio m,False
"Cugnasca, Carlos E.",1,geoinfo,cugnasca carlos e,False
"Ross, Jurandyr L. S",1,geoinfo,ross jurandyr l s,False
"Souza, Felipe Carvalho de",1,geoinfo,souza felipe carvalho de,False
"Sperandio, Vinícius G.",1,geoinfo,sperandio vinicius g,False
"Tavares, Carlos Henrique",1,geoinfo,tavares carlos henrique,False
"Teixeira, Patrícia dos Santos",1,geoinfo,teixeira patricia dos santos,False
"Tonon, Guilherme Silva",1,geoinfo,tonon guilherme silva,False
"Trindade, Nielson S.",1,geoinfo,trindade nielson s,False
"Kronbauer, Artur H.",1,geoinfo,kronbauer artur h,False
"Aragão, Helder G.",1,geoinfo,aragao helder g,False
"Quevedo, Renata Pacheco",1,geoinfo,quevedo renata pacheco,False
"Zaglia, Matheus C.",1,geoinfo,zaglia matheus c,False
"Alic, Andy S",1,geoinfo,alic andy s,False
"Almeida, Jussara",1,geoinfo,almeida jussara,False
"Meira Junior, Wagner",1,geoinfo,meira junior wagner,False
"Guedes, Dorgival",1,geoinfo,guedes dorgival,False
"Santos, Walter dos",1,geoinfo,santos walter dos,False
"Blanquer, Ignacio",1,geoinfo,blanquer ignacio,False
"Fiore, Sandro",1,geoinfo,fiore sandro,False
"Kozievitch, Nadia",1,geoinfo,kozievitch nadia,False
"Andrade, Nazareno",1,geoinfo,andrade nazareno,False
"Braz, Tarciso",1,geoinfo,braz tarciso,False
"Brito, Andrey",1,geoinfo,brito andrey,False
"Pires, Carlos Eduardo",1,geoinfo,pires carlos eduardo,False
"Antunes, Nuno",1,geoinfo,antunes nuno,False
"Vieira, Marco",1,geoinfo,vieira marco,False
"Silva, Paulo",1,geoinfo,silva paulo,False
"Ardagna, Danilo",1,geoinfo,ardagna danilo,False
"Lezzi, Daniele",1,geoinfo,lezzi daniele,False
"Elia, Donatello",1,geoinfo,elia donatello,False
"Moraes, Regina",1,geoinfo,moraes regina,False
"Basso, Tania",1,geoinfo,basso tania,False
"Cavassin, Wilian H",1,geoinfo,cavassin wilian h,False
"Andrade, Sidgley C. de",1,geoinfo,andrade sidgley c de,False
"Degrossi, Livia Castro",1,geoinfo,degrossi livia castro,False
"Restrepo-estrada, Camilo",1,geoinfo,restrepoestrada camilo,False
"Roumelis, George",1,geoinfo,roumelis george,False
"Vassilakopoulos, Michael",1,geoinfo,vassilakopoulos michael,False
"Corral, Antonio",1,geoinfo,corral antonio,False
"Castro, Mairon Q.",1,geoinfo,castro mairon q,False
"Cavalcante, Juliana L. S. B.",1,geoinfo,cavalcante juliana l s b,False
"S. Neto, Mozart",1,geoinfo,s neto mozart,False
"Gonçalves, Gabriel Crivellaro",1,geoinfo,goncalves gabriel crivellaro,False
"Souza, Lucas Augusto de",1,geoinfo,souza lucas augusto de,False
"Mariano, Rodrigo Monteiro",1,geoinfo,mariano rodrigo monteiro,False
"Ferla, Luis A. C",1,geoinfo,ferla luis a c,False
"Medeiros, Iara dos S.",1,geoinfo,medeiros iara dos s,False
"Assis, Hugo Y. E. G. de",1,geoinfo,assis hugo y e g de,False
"Dantas, Mayara de S.",1,geoinfo,dantas mayara de s,False
"Clemente, Tiago S.",1,geoinfo,clemente tiago s,False
"Almeida, Nadjacleia V",1,geoinfo,almeida nadjacleia v,False
"Moroz, Cassiano Bastos",1,geoinfo,moroz cassiano bastos,False
"Bastos, Jorge Tiago",1,geoinfo,bastos jorge tiago,False
"Ferreira, Laerte",1,geoinfo,ferreira laerte,False
"Queiroz 2, Heithor Alexandre de Araujo",1,geoinfo,queiroz 2 heithor alexandre de araujo,False
"Dantas 5, Bruno Cardoso",1,geoinfo,dantas 5 bruno cardoso,False
"Silva-neto 8, Ciicero Fidelis da",1,geoinfo,silvaneto 8 ciicero fidelis da,False
"Pereira, Thiago Emmanuel",1,geoinfo,pereira thiago emmanuel,False
"Lima 12, Ricardo da Cunha Correia",1,geoinfo,lima 12 ricardo da cunha correia,False
"Pontes, Stefano W. P.",1,geoinfo,pontes stefano w p,False
"Borchartt, Tiago B.",1,geoinfo,borchartt tiago b,False
"Costa-junior, Livio M",1,geoinfo,costajunior livio m,False
"Ribeiro, Leandro S.",1,geoinfo,ribeiro leandro s,False
"Faleiros, Thiago P.",1,geoinfo,faleiros thiago p,False
"Silva, Josemar Pereira da",1,geoinfo,silva josemar pereira da,False
"Guarneri, Henrique",1,geoinfo,guarneri henrique,False
"Arenas, Flavia Cristina",1,geoinfo,arenas flavia cristina,False
"Paula, Eduardo Vedor de",1,geoinfo,paula eduardo vedor de,False
"Camboim, Silvana Phillipi",1,geoinfo,camboim silvana phillipi,False
"Siqueira, Flavia",1,geoinfo,siqueira flavia,False
"Camara, Gabriele Silveira",1,geoinfo,camara gabriele silveira,False
"Souza, Raissa P. P. M.",1,geoinfo,souza raissa p p m,False
"Silva, Thais Regina M. B",1,geoinfo,silva thais regina m b,False
"Dias, Vitor Eduardo Concesso",1,geoinfo,dias vitor eduardo concesso,False
"Sá, Jose A. S.",1,geoinfo,sa jose a s,False
"Gama, Fabio F",1,geoinfo,gama fabio f,False
"Queiroz, Giberto Ribeiro",1,geoinfo,queiroz giberto ribeiro,False
"Rocha, Brigida R. P",1,geoinfo,rocha brigida r p,False
"Almeida, Pedro Henrique Soares de",1,geoinfo,almeida pedro henrique soares de,False
"Rosa, Joel Zubek da",1,geoinfo,rosa joel zubek da,False
"Ribeiro, Selma Regina Aranha",1,geoinfo,ribeiro selma regina aranha,False
"Senger, Luciano Jose",1,geoinfo,senger luciano jose,False
"Amancio, Andre Fonseca",1,geoinfo,amancio andre fonseca,False
"Andrade, Ronaldo Nelis de",1,geoinfo,andrade ronaldo nelis de,False
"Bittencourt, Olga",1,geoinfo,bittencourt olga,False
"Bachiega Junior, João",1,geoinfo,bachiega junior joao,False
"Reis, Marco Sousa",1,geoinfo,reis marco sousa,False
"Araujo, Aleteia P. F",1,geoinfo,araujo aleteia p f,False
"Barczyszyn, Guilherme L.",1,geoinfo,barczyszyn guilherme l,False
"Minetto, Rodrigo",1,geoinfo,minetto rodrigo,False
"Silva, Ricardo D. da",1,geoinfo,silva ricardo d da,False
"Santi, Juliana de",1,geoinfo,santi juliana de,False
"Bayma, Lucas O.",1,geoinfo,bayma lucas o,False
"Cabette, Ricardo Ramos",1,geoinfo,cabette ricardo ramos,False
"Oliveira, Tales Moreira",1,geoinfo,oliveira tales moreira,False
"Pitanga, Heraldo Nunes",1,geoinfo,pitanga heraldo nunes,False
"Costa, Wanderson S.",1,geoinfo,costa wanderson s,False
"Simőes, Margareth G.",1,geoinfo,simoes margareth g,False
"Bendini, Hugo N.",1,geoinfo,bendini hugo n,False
"Souza, Ricardo Cartaxo M",1,geoinfo,souza ricardo cartaxo m,False
"Cruz, Igor G. M.",1,geoinfo,cruz igor g m,False
"Baptista, Claudio de S",1,geoinfo,baptista claudio de s,False
"Ferreira, Karine R.",1,geoinfo,ferreira karine r,False
"Ferla, Luis",1,geoinfo,ferla luis,False
"Vijaykumar, Nandamudi L.",1,geoinfo,vijaykumar nandamudi l,False
"Noronha, Carlos A.",1,geoinfo,noronha carlos a,False
"Wassef, Yasmin",1,geoinfo,wassef yasmin,False
"Taveira, Denis",1,geoinfo,taveira denis,False
"Dardi, Ivan B.",1,geoinfo,dardi ivan b,False
"Guarnieri, Orlando",1,geoinfo,guarnieri orlando,False
"Musa, Daniela L.",1,geoinfo,musa daniela l,False
"Rogers, Thomas",1,geoinfo,rogers thomas,False
"Lesser, Jeffrey",1,geoinfo,lesser jeffrey,False
"Page, Michael",1,geoinfo,page michael,False
"Britt, Andrew G.",1,geoinfo,britt andrew g,False
"Atique, Fernando",1,geoinfo,atique fernando,False
"Santos, Janaina Y.",1,geoinfo,santos janaina y,False
"Morais, Diego S.",1,geoinfo,morais diego s,False
"Miyasaka, Cristiane R.",1,geoinfo,miyasaka cristiane r,False
"Almeida, Cintia R. de",1,geoinfo,almeida cintia r de,False
"Nascimento, Luanna G. M. do",1,geoinfo,nascimento luanna g m do,False
"Diniz, Jaine A.",1,geoinfo,diniz jaine a,False
"Santos, Monaliza C. dos",1,geoinfo,santos monaliza c dos,False
"Ferreira, Karine",1,geoinfo,ferreira karine,False
"Jorge, Aurelienne A. S.",1,geoinfo,jorge aurelienne a s,False
"Rossato, Marcio",1,geoinfo,rossato marcio,False
"Bacelar, Roberta B.",1,geoinfo,bacelar roberta b,False
"Lima, Alan M. de",1,geoinfo,lima alan m de,False
"Lima, Edson B. de",1,geoinfo,lima edson b de,False
"Marujo, Rennan F. B.",1,geoinfo,marujo rennan f b,False
"Medeiros, Gabriel Franklin Braz de",1,geoinfo,medeiros gabriel franklin braz de,False
"Araujo, Aleteia Patricia Favacho de",1,geoinfo,araujo aleteia patricia favacho de,False
"Victorino, Marcio de Carvalho",1,geoinfo,victorino marcio de carvalho,False
"Melo, Joanacelle C.",1,geoinfo,melo joanacelle c,False
"Constantino, Renato G.",1,geoinfo,constantino renato g,False
"Nascimento, Tiago P.",1,geoinfo,nascimento tiago p,False
"Brito, Alisson V",1,geoinfo,brito alisson v,False
"Martins, Flávio Vinícius Cruzeiro",1,geoinfo,martins flavio vinicius cruzeiro,False
"Nogueira, Tales P.",1,geoinfo,nogueira tales p,False
"Martin, Hervé",1,geoinfo,martin herve,False
"Andrade, Rossana M. C",1,geoinfo,andrade rossana m c,False
"Oliveira, Ericka C. Souza",1,geoinfo,oliveira ericka c souza,False
"Marinho, Rogerio Ribeiro",1,geoinfo,marinho rogerio ribeiro,False
"Penha, Thales Vaz",1,geoinfo,penha thales vaz,False
"Silva-jr, Celso Henrique Leite",1,geoinfo,silvajr celso henrique leite,False
"Pereira, Adriana Castreghini de Freitas",1,geoinfo,pereira adriana castreghini de freitas,False
"Raminelli, Jaqueline Aparecida",1,geoinfo,raminelli jaqueline aparecida,False
"Pinheiro, Tarsus Magnus",1,geoinfo,pinheiro tarsus magnus,False
"Pithan, Pamela A.",1,geoinfo,pithan pamela a,False
"Souza-jr, Manoel A.",1,geoinfo,souzajr manoel a,False
"Sebem, Elodio",1,geoinfo,sebem elodio,False
"Pletsch, Mikhaela A. J. S.",1,geoinfo,pletsch mikhaela a j s,False
"Romani, Carlos A.",1,geoinfo,romani carlos a,False
"Assis, Luiz Fernando F. G.",1,geoinfo,assis luiz fernando f g,False
"Silva, Gabriel",1,geoinfo,silva gabriel,False
"Matteo, Giulia",1,geoinfo,matteo giulia,False
"Pinto, Matheus",1,geoinfo,pinto matheus,False
"Tobias, Tamara",1,geoinfo,tobias tamara,False
"Feitosa, Flavia",1,geoinfo,feitosa flavia,False
"Sester, Monika",1,geoinfo,sester monika,False
"Sousa, Thais P.",1,geoinfo,sousa thais p,False
"Almeida, Erlen A.",1,geoinfo,almeida erlen a,False
"Dias, Yuri S.",1,geoinfo,dias yuri s,False
"Souza, Thiago P.",1,geoinfo,souza thiago p,False
"Cardoso, Bruna P.",1,geoinfo,cardoso bruna p,False
"Sá 7, Alana",1,geoinfo,sa 7 alana,False
"Ferreira, Thiago Bicalho",1,geoinfo,ferreira thiago bicalho,False
"Wenceslau, Rodrigo",1,geoinfo,wenceslau rodrigo,False
"Brochado, Maria Luiza Correa",1,geoinfo,brochado maria luiza correa,False
"Araujo, Vitor Silva de",1,geoinfo,araujo vitor silva de,False
"Sluter, Claudia Robbi",1,geoinfo,sluter claudia robbi,False
"Assis, Luiz Fernando Ferreira Gomes",1,geoinfo,assis luiz fernando ferreira gomes,False
"Ribeiro, Gilberto",1,geoinfo,ribeiro gilberto,False
"Maus, Victor Wegner",1,geoinfo,maus victor wegner,False
"Beber, Marco Aurelio",1,geoinfo,beber marco aurelio,False
"Bordignon, Fernando",1,geoinfo,bordignon fernando,False
"Figueiredo, Leandro",1,geoinfo,figueiredo leandro,False
"Roisenberg, Mauro",1,geoinfo,roisenberg mauro,False
"Rodrigues, Bruno B",1,geoinfo,rodrigues bruno b,False
"Moreira, Evaldinolia Gilbertoni",1,geoinfo,moreira evaldinolia gilbertoni,False
"Silva, Micael Lopes da",1,geoinfo,silva micael lopes da,False
"Lima, Thamyla Maria de Sousa",1,geoinfo,lima thamyla maria de sousa,False
"Duarte, Daniel Camilo de Oliveira",1,geoinfo,duarte daniel camilo de oliveira,False
"Zanetti, Juliette",1,geoinfo,zanetti juliette,False
"Gripp Junior, Joel",1,geoinfo,gripp junior joel,False
"Medeiros, Nilcilene das Graças",1,geoinfo,medeiros nilcilene das gracas,False
"Ferrari, Tatiana K.",1,geoinfo,ferrari tatiana k,False
"Rossetto, C. F.",1,geoinfo,rossetto c f,False
"Adorni, Flavia Maria",1,geoinfo,adorni flavia maria,False
"Furuzawa, Gustavo B.",1,geoinfo,furuzawa gustavo b,False
"Oliveira, Paulo F. de",1,geoinfo,oliveira paulo f de,False
"Alvares, Luiz Otavio",1,geoinfo,alvares luiz otavio,False
"Nunes, Isabella de Freitas",1,geoinfo,nunes isabella de freitas,False
"Oliveira, S. Teles de",1,geoinfo,oliveira s teles de,False
"Santos, Wisllay M. V. dos",1,geoinfo,santos wisllay m v dos,False
"Costa, Paulo C. P.",1,geoinfo,costa paulo c p,False
"Stephany, Stephan",1,geoinfo,stephany stephan,False
"Garcia, João Victor Cal",1,geoinfo,garcia joao victor cal,False
"Angelis, Carlos Frederico de",1,geoinfo,angelis carlos frederico de,False
"Santana, Amon Veiga",1,geoinfo,santana amon veiga,False
"Santos, Salatiel Ribeiro dos",1,geoinfo,santos salatiel ribeiro dos,False
"Santos, Lorena A.",1,geoinfo,santos lorena a,False
"Silva, Washington Sena de França E",1,geoinfo,silva washington sena de franca e,False
"Silva, Alexsandro Cândido de Oliveira",1,geoinfo,silva alexsandro candido de oliveira,False
"Tomasiello, Diego Bogado",1,geoinfo,tomasiello diego bogado,False
"Speranza, Eduardo A.",1,geoinfo,speranza eduardo a,False
"Ciferri, Ricardo R.",1,geoinfo,ciferri ricardo r,False
"Ciferri, Cristina D. A",1,geoinfo,ciferri cristina d a,False
"Assis, Luiz Fernando F. G. de",1,geoinfo,assis luiz fernando f g de,False
"Herfort, Benjamin",1,geoinfo,herfort benjamin,False
"Steiger, Enrico",1,geoinfo,steiger enrico,False
"Bellina, Gabriel Marx",1,geoinfo,bellina gabriel marx,False
"Tognoli, Francisco Manoel Wohnrath",1,geoinfo,tognoli francisco manoel wohnrath,False
"Rosemback, Roberta Guerra",1,geoinfo,rosemback roberta guerra,False
"Jacovine, Thiago Correa",1,geoinfo,jacovine thiago correa,False
"Oliveira, Andre Gomes de",1,geoinfo,oliveira andre gomes de,False
"Almeida, Diego Benincasa F. C. de",1,geoinfo,almeida diego benincasa f c de,False
"Logiodice, Pedro",1,geoinfo,logiodice pedro,False
"Arbex, Renato",1,geoinfo,arbex renato,False
"Tomasiello, Diego",1,geoinfo,tomasiello diego,False
"Castejon, Emiliano F.",1,geoinfo,castejon emiliano f,False
"Nascimento, Guilherme Henrique R.",1,geoinfo,nascimento guilherme henrique r,False
"Davis Júnor, Clodoveu A",1,geoinfo,davis junor clodoveu a,False
"Bendini, Hugo do N.",1,geoinfo,bendini hugo do n,False
"Nobre Neto, Francisco Dantas",1,geoinfo,nobre neto francisco dantas,False
"Cunha, Anderson R.",1,geoinfo,cunha anderson r,False
"Oliveira, Welder B. de",1,geoinfo,oliveira welder b de,False
"Saulo, Helton",1,geoinfo,saulo helton,False
"Rodrigues, Vagner J. Sacramento",1,geoinfo,rodrigues vagner j sacramento,False
"Oliveira, Abilio A. M. de",1,geoinfo,oliveira abilio a m de,False
"Souza, Matheus P.",1,geoinfo,souza matheus p,False
"Reis, Felipe A. L.",1,geoinfo,reis felipe a l,False
"Almeida, Paulo E. M.",1,geoinfo,almeida paulo e m,False
"Silva, Eder J.",1,geoinfo,silva eder j,False
"Crepalde, Daniel S",1,geoinfo,crepalde daniel s,False
"Poiani, Thiago H.",1,geoinfo,poiani thiago h,False
"Salazar, Juan C.",1,geoinfo,salazar juan c,False
"Torres-ruiz, Miguel",1,geoinfo,torresruiz miguel,False
"Moreno-ibarra, Marco",1,geoinfo,morenoibarra marco,False
"Santos, Areli Andreia dos",1,geoinfo,santos areli andreia dos,False
"Pelekis, Nikos",1,geoinfo,pelekis nikos,False
"Seufitelli, Danilo B.",1,geoinfo,seufitelli danilo b,False
"Moro, Mirella M.",1,geoinfo,moro mirella m,False
"Silva, Reginaldo Macedônio da",1,geoinfo,silva reginaldo macedonio da,False
"Jr, Luiz Gonzaga",1,geoinfo,jr luiz gonzaga,False
"Tognoli, Francisco M. W.",1,geoinfo,tognoli francisco m w,False
"Souza, Marcelo Kehl de",1,geoinfo,souza marcelo kehl de,False
"Inocencio, Leonardo Campos",1,geoinfo,inocencio leonardo campos,False
"Soares, Anderson Reis",1,geoinfo,soares anderson reis,False
"Fonseca, Leila M. Garcia",1,geoinfo,fonseca leila m garcia,False
"Tanaka, Pedro Sena",1,geoinfo,tanaka pedro sena,False
"Kaster, Daniel S",1,geoinfo,kaster daniel s,False
"Amaral, Thaís Basso",1,geoinfo,amaral thais basso,False
"Gond, Valery",1,geoinfo,gond valery,False
"Tran, Annelise",1,geoinfo,tran annelise,False
"Andrade, Thiago C.",1,geoinfo,andrade thiago c,False
"Wanner, Elizabeth F",1,geoinfo,wanner elizabeth f,False
"Barbosa, Luciano",1,geoinfo,barbosa luciano,False
"Kormáksson, Matthías",1,geoinfo,kormaksson matthias,False
"Tavares, Rafael L.",1,geoinfo,tavares rafael l,False
"Zadrozny, Bianca",1,geoinfo,zadrozny bianca,False
"Moraes, Wilson S.",1,geoinfo,moraes wilson s,False
"Costa, Simone S. da",1,geoinfo,costa simone s da,False
"Lopes, Eymar S. S.",1,geoinfo,lopes eymar s s,False
"Bogossian, Cláudio Henrique",1,geoinfo,bogossian claudio henrique,False
"Braga, Vinēcius G.",1,geoinfo,braga vinecius g,False
"Oliveira, Welder",1,geoinfo,oliveira welder,False
"Sacramento, Vagner",1,geoinfo,sacramento vagner,False
"Almeida, Thales T.",1,geoinfo,almeida thales t,False
"Carvalho, Denis R.",1,geoinfo,carvalho denis r,False
"Ferreira, Thiago B.",1,geoinfo,ferreira thiago b,False
"Balardino, Allan F.",1,geoinfo,balardino allan f,False
"Oliveira, Gilberto V.",1,geoinfo,oliveira gilberto v,False
"Fonseca, Fßbio J. B.",1,geoinfo,fonseca fßbio j b,False
"Ramos, Ricardo S.",1,geoinfo,ramos ricardo s,False
"Almeida, Diego Benincasa F. C.",1,geoinfo,almeida diego benincasa f c,False
"Fonseca, Fred",1,geoinfo,fonseca fred,False
"Furtado, Caio Alves",1,geoinfo,furtado caio alves,False
"Andrade, Thamara Karen",1,geoinfo,andrade thamara karen,False
"Moura, Ciro D. G.",1,geoinfo,moura ciro d g,False
"Freitas, Nicksson C. A.",1,geoinfo,freitas nicksson c a,False
"Nabo, Ricardo Gil Belther",1,geoinfo,nabo ricardo gil belther,False
"Nanni, Mirco",1,geoinfo,nanni mirco,False
"Baptista, Clßudio de Souza",1,geoinfo,baptista clßudio de souza,False
"Campelo, Clßudio E. C.",1,geoinfo,campelo clßudio e c,False
"Acioli Filho, José Amilton Moura",1,geoinfo,acioli filho jose amilton moura,False
"Falcńo, Ana Gabrielle Ramos",1,geoinfo,falcno ana gabrielle ramos,False
"Oliveira, Diogo Rennó R.",1,geoinfo,oliveira diogo renno r,False
"S Filho, José F. de",1,geoinfo,s filho jose f de,False
"Carvalho, Sérgio T. de",1,geoinfo,carvalho sergio t de,False
"Silva, Felipe Pinto da",1,geoinfo,silva felipe pinto da,False
"Silva, Alexsandro C. de O.",1,geoinfo,silva alexsandro c de o,False
"Mello, Márcio P.",1,geoinfo,mello marcio p,False
"Soares, Henrique Ferreira",1,geoinfo,soares henrique ferreira,False
"Vani, Bruno César",1,geoinfo,vani bruno cesar,False
"Ivánová, Ivana",1,geoinfo,ivanova ivana,False
"Monico, João Francisco Galea",1,geoinfo,monico joao francisco galea,False
"Aquino, Artur Ribeiro de",1,geoinfo,aquino artur ribeiro de,False
"Menezes, Luciana Cavalcante de",1,geoinfo,menezes luciana cavalcante de,False
"Falcão, Ana Gabrielle Ramos",1,geoinfo,falcao ana gabrielle ramos,False
"Marinho, Leandro Balby",1,geoinfo,marinho leandro balby,False
"Carmo, Alisson Fernando Coelho do",1,geoinfo,carmo alisson fernando coelho do,False
"Alcōntara, Enner Herenio de",1,geoinfo,alcontara enner herenio de,False
"Costa, George Henrique Rangel",1,geoinfo,costa george henrique rangel,False
"Baldo, Fabiano",1,geoinfo,baldo fabiano,False
"Vellozo, Hugo de Souza",1,geoinfo,vellozo hugo de souza,False
"Diniz, Luiz Gustavo",1,geoinfo,diniz luiz gustavo,False
"Buurman, Merret",1,geoinfo,buurman merret,False
"Pebesma, Edzer",1,geoinfo,pebesma edzer,False
"Magalhaes, Salles V. G.",1,geoinfo,magalhaes salles v g,False
"Franklin, W. R.",1,geoinfo,franklin w r,False
"Fontes, Vitor Cunha",1,geoinfo,fontes vitor cunha,False
"Alencar, Lucas Andre de",1,geoinfo,alencar lucas andre de,False
"Freitas, Henrique R. A.",1,geoinfo,freitas henrique r a,False
"Oliveira, João R. F.",1,geoinfo,oliveira joao r f,False
"Gimenez, Paulo J. A.",1,geoinfo,gimenez paulo j a,False
"Tanaka, Astério K.",1,geoinfo,tanaka asterio k,False
"Baião, Fernanda",1,geoinfo,baiao fernanda,False
"Medeiros, Liliam C. C.",1,geoinfo,medeiros liliam c c,False
"Silva, Leandro G.",1,geoinfo,silva leandro g,False
"Reis, Isabel C. dos",1,geoinfo,reis isabel c dos,False
"Coelho, Flávio Codeço",1,geoinfo,coelho flavio codeco,False
"Moura, Tiago Henrique V. M. de",1,geoinfo,moura tiago henrique v m de,False
"Davir Junior, Clodoveu A",1,geoinfo,davir junior clodoveu a,False
"Silva, Jefferson A. da",1,geoinfo,silva jefferson a da,False
"Fook, Karla D",1,geoinfo,fook karla d,False
"Oliveira, João Celso Santos de",1,geoinfo,oliveira joao celso santos de,False
"Vidal Filho, Jarbas N.",1,geoinfo,vidal filho jarbas n,False
"Veloso, Bráulio",1,geoinfo,veloso braulio,False
"Iabrudi, Andréa",1,geoinfo,iabrudi andrea,False
"Albuquerque, Fábio da Costa",1,geoinfo,albuquerque fabio da costa,False
"Amorim, Ana Maria",1,geoinfo,amorim ana maria,False
"Prates, Marcos Oliveira",1,geoinfo,prates marcos oliveira,False
"Santos, Marcos Antônio da Cunha",1,geoinfo,santos marcos antonio da cunha,False
"Degbelo, Auriol",1,geoinfo,degbelo auriol,False
"Figueiredo, Rafael",1,geoinfo,figueiredo rafael,False
"Pitta, Daniela",1,geoinfo,pitta daniela,False
"Freitas, Sérgio",1,geoinfo,freitas sergio,False
"Afonso, Ana Paula",1,geoinfo,afonso ana paula,False
"Freitas, Anderson L. S.",1,geoinfo,freitas anderson l s,False
"Filgueiras, Thompson M",1,geoinfo,filgueiras thompson m,False
"Gomes, Thiago L.",1,geoinfo,gomes thiago l,False
Magalhã,1,geoinfo,magalha,False
"Es, Salles V. G.",1,geoinfo,es salles v g,False
"Malaverri, Joana E. Gonzales",1,geoinfo,malaverri joana e gonzales,False
"Martins, Douglas",1,geoinfo,martins douglas,False
"Fonseca, Frederico T",1,geoinfo,fonseca frederico t,False
"Moura, Tiago Henrique V. M.",1,geoinfo,moura tiago henrique v m,False
"Rodrigues, Antonio Jose C",1,geoinfo,rodrigues antonio jose c,False
"Rodrigues, Alaor Bianco",1,geoinfo,rodrigues alaor bianco,False
"dos Santos, Walter Abrahão",1,geoinfo,dos santos walter abrahao,False
"Santanna, Sidnei J. Siqueira",1,geoinfo,santanna sidnei j siqueira,False
"Santanche, Andre",1,geoinfo,santanche andre,False
"Jomier, Genevieve",1,geoinfo,jomier genevieve,False
"Zam, Michel",1,geoinfo,zam michel,False
"Xavier, Simone I. R.",1,geoinfo,xavier simone i r,False
"Antunes, Leo",1,geoinfo,antunes leo,False
"Lima Junior, Odilon F. de",1,geoinfo,lima junior odilon f de,False
"Silva, Tiago Eduardo da",1,geoinfo,silva tiago eduardo da,False
"Pires, Carlos Eduardo Santos",1,geoinfo,pires carlos eduardo santos,False
"Carboni, Eduardo M.",1,geoinfo,carboni eduardo m,False
"Carneiro, Eduilson Lívio N. da C.",1,geoinfo,carneiro eduilson livio n da c,False
"Ladeira, Rodolfo",1,geoinfo,ladeira rodolfo,False
"Magalhães, Salles",1,geoinfo,magalhaes salles,False
"Andrade, Marcus",1,geoinfo,andrade marcus,False
"Gruppi, Mauricio",1,geoinfo,gruppi mauricio,False
"Lima, Danubia",1,geoinfo,lima danubia,False
"Mendonça, Antonio",1,geoinfo,mendonca antonio,False
"Mota, Matheus Silva",1,geoinfo,mota matheus silva,False
"Longo, João Sßvio Ceregatti",1,geoinfo,longo joao sßvio ceregatti,False
"Cugler, Daniel Cintra",1,geoinfo,cugler daniel cintra,False
"Nascimento, Samara Martins do",1,geoinfo,nascimento samara martins do,False
"Tsuruda, Renata Miwa",1,geoinfo,tsuruda renata miwa,False
"Camargo, Eduardo Gerbi",1,geoinfo,camargo eduardo gerbi,False
"Medeiros, Líliam César de Castro",1,geoinfo,medeiros liliam cesar de castro,False
"Siqueira, Fernando de Lucca",1,geoinfo,siqueira fernando de lucca,False
"Vegi, Lucas F. M.",1,geoinfo,vegi lucas f m,False
"F., Jugurta Lisboa",1,geoinfo,f jugurta lisboa,False
"Lamas, João P. C.",1,geoinfo,lamas joao p c,False
"Costa, Glauber L. S.",1,geoinfo,costa glauber l s,False
"Oliveira, Wellington M",1,geoinfo,oliveira wellington m,False
"Assis, Talita Oliveira",1,geoinfo,assis talita oliveira,False
"Baranauskas, Maria Cecília Calani",1,geoinfo,baranauskas maria cecilia calani,False
"Miranda, Evaristo Eduardo de",1,geoinfo,miranda evaristo eduardo de,False
"Deggau, Renato",1,geoinfo,deggau renato,False
"Pereira, Danilo",1,geoinfo,pereira danilo,False
"Merino, Eugęnio",1,geoinfo,merino eugenio,False
"Foerster, Theodor",1,geoinfo,foerster theodor,False
"Fechner, Thore",1,geoinfo,fechner thore,False
"Fritze, Holger",1,geoinfo,fritze holger,False
"Loock, Frederik",1,geoinfo,loock frederik,False
"Remke, Alber",1,geoinfo,remke alber,False
"Gil, Fabiana B.",1,geoinfo,gil fabiana b,False
"Torres, Ricardo da S",1,geoinfo,torres ricardo da s,False
"Hon¾rio, Nildimar A.",1,geoinfo,hon34rio nildimar a,False
"Codeńo, Claudia T",1,geoinfo,codeno claudia t,False
"Loy, Alisson Moscato",1,geoinfo,loy alisson moscato,False
"Machado, Ivre Marjorie R.",1,geoinfo,machado ivre marjorie r,False
"Alencar, Rafael Odon de",1,geoinfo,alencar rafael odon de,False
"Campos Junior, Roberto de Oliveira",1,geoinfo,campos junior roberto de oliveira,False
"Ferreira, Chaulio",1,geoinfo,ferreira chaulio,False
"Carvalho, Marcelo T. M. de",1,geoinfo,carvalho marcelo t m de,False
"Moreno, Bruno N.",1,geoinfo,moreno bruno n,False
"Nalon, Filipe Ribeiro",1,geoinfo,nalon filipe ribeiro,False
"Braga, José Luís",1,geoinfo,braga jose luis,False
"Pena, Carolina S.",1,geoinfo,pena carolina s,False
"Gomes, André de Souza",1,geoinfo,gomes andre de souza,False
"Pettinati, Mario R.",1,geoinfo,pettinati mario r,False
"Oliveira, João Ricardo de Freitas",1,geoinfo,oliveira joao ricardo de freitas,False
"Silva, Hideson A.",1,geoinfo,silva hideson a,False
"Oliveira, Luiz E. S.",1,geoinfo,oliveira luiz e s,False
"Britto-jr, Alceu S",1,geoinfo,brittojr alceu s,False
"Sousa, J. R.",1,geoinfo,sousa j r,False
"Lisboa-filho, J.",1,geoinfo,lisboafilho j,False
"Gomes, T. L",1,geoinfo,gomes t l,False
"Vieira Filho, Sergio Izack",1,geoinfo,vieira filho sergio izack,False
"Guembarovski, Ricardo Haus",1,geoinfo,guembarovski ricardo haus,False
"Weitzel, Leila",1,geoinfo,weitzel leila,False
"Almeida, Rodolfo M.",1,geoinfo,almeida rodolfo m,False
"Macau, Elbert E. N.",1,geoinfo,macau elbert e n,False
"França, Helena",1,geoinfo,franca helena,False
"Ramos, Fernando M.",1,geoinfo,ramos fernando m,False
"Aragão, Helder",1,geoinfo,aragao helder,False
"Bonat, Wagner Hugo",1,geoinfo,bonat wagner hugo,False
"Dallazuana, Henrique Silva",1,geoinfo,dallazuana henrique silva,False
"Borba, Rogério Luís Ribeiro",1,geoinfo,borba rogerio luis ribeiro,False
"Mota, Guilherme L. A.",1,geoinfo,mota guilherme l a,False
"Brito, Jorge Luís Nunes E Silva",1,geoinfo,brito jorge luis nunes e silva,False
"Carneiro, Tiago Garcia de Sena",1,geoinfo,carneiro tiago garcia de sena,False
"Reyes, Joshua",1,geoinfo,reyes joshua,False
"Zesk, Walter E",1,geoinfo,zesk walter e,False
"Gouvęa, Cleber",1,geoinfo,gouvea cleber,False
"Loh, Stanley",1,geoinfo,loh stanley,False
"Garcia, Luís Fernando Fortes",1,geoinfo,garcia luis fernando fortes,False
"Fonseca, Evandro Brasil da",1,geoinfo,fonseca evandro brasil da,False
"Wendt, Igor",1,geoinfo,wendt igor,False
"Faria, Sérgio D",1,geoinfo,faria sergio d,False
"Moreira, Evaldinolia",1,geoinfo,moreira evaldinolia,False
"Cāmara, Gilbeto",1,geoinfo,camara gilbeto,False
"Novaes, Maikon R. de",1,geoinfo,novaes maikon r de,False
"Rudorff, Bernardo T. F.",1,geoinfo,rudorff bernardo t f,False
"Crepani, Edison",1,geoinfo,crepani edison,False
"Sugawara, Luciana Miura",1,geoinfo,sugawara luciana miura,False
"Oliveira, Pedro A.",1,geoinfo,oliveira pedro a,False
"Oliveira, Pedro Felipe A",1,geoinfo,oliveira pedro felipe a,False
"Pimenta, Paulo",1,geoinfo,pimenta paulo,False
"Coelho, Andrea",1,geoinfo,coelho andrea,False
"Araújo, Roberto",1,geoinfo,araujo roberto,False
"Ribeiro, Adagenor",1,geoinfo,ribeiro adagenor,False
"Ramos, José Augusto S.",1,geoinfo,ramos jose augusto s,False
"Clua, Esteban Walter G",1,geoinfo,clua esteban walter g,False
"Silva, João Carlos Tavares da",1,geoinfo,silva joao carlos tavares da,False
"Volz, Steffen",1,geoinfo,volz steffen,False
"Wieland, Matthias",1,geoinfo,wieland matthias,False
"Güting, Ralf Hartmut",1,geoinfo,guting ralf hartmut,False
"Backes, André R.",1,geoinfo,backes andre r,False
"Bruno, Adriana B.",1,geoinfo,bruno adriana b,False
"Barros Filho, Mauro N.",1,geoinfo,barros filho mauro n,False
"Bruno, Odemir M",1,geoinfo,bruno odemir m,False
"Mota, Joice Seleme",1,geoinfo,mota joice seleme,False
"Intrator, Chantal",1,geoinfo,intrator chantal,False
"Freitas, João Carlos",1,geoinfo,freitas joao carlos,False
"Braz, Fernando J",1,geoinfo,braz fernando j,False
"Campos, Samuel R. de Sales",1,geoinfo,campos samuel r de sales,False
"Oliveira, Thomas C. de A.",1,geoinfo,oliveira thomas c de a,False
"Prieto, Luca Araújo Egas",1,geoinfo,prieto luca araujo egas,False
"Silva, Ronaldo Aparecido da",1,geoinfo,silva ronaldo aparecido da,False
"França, Aleksander Maduro",1,geoinfo,franca aleksander maduro,False
"Farah Netto, Ivayr Dieb",1,geoinfo,farah netto ivayr dieb,False
"Carvalho, Luis M. T.",1,geoinfo,carvalho luis m t,False
"Ribeiro, Moisķs S.",1,geoinfo,ribeiro moisks s,False
"Oliveira, Thomaz C. A.",1,geoinfo,oliveira thomaz c a,False
"Louzada, Julio N.",1,geoinfo,louzada julio n,False
"Scolforo, José R. S.",1,geoinfo,scolforo jose r s,False
"Oliveira, Antonio D",1,geoinfo,oliveira antonio d,False
"Cipriani, Nazario",1,geoinfo,cipriani nazario,False
"Cordeiro, Natal Henrique",1,geoinfo,cordeiro natal henrique,False
"Carvalho, Bruno Motta de",1,geoinfo,carvalho bruno motta de,False
"Gonçalves, Luiz Marcos Garcia",1,geoinfo,goncalves luiz marcos garcia,False
"Costa, David Cavassana",1,geoinfo,costa david cavassana,False
"Teixeira, Mario Meireles",1,geoinfo,teixeira mario meireles,False
"Cotrim, Daniel S.",1,geoinfo,cotrim daniel s,False
"Dantas, Vitor",1,geoinfo,dantas vitor,False
"Salles, Emerson de",1,geoinfo,salles emerson de,False
"Dias, Eliane Z. Victorelli",1,geoinfo,dias eliane z victorelli,False
"Magalhńes, Geovane Cayres",1,geoinfo,magalhnes geovane cayres,False
"Silva, Grace Kelly de C",1,geoinfo,silva grace kelly de c,False
"Dutra, Gleyce Campos",1,geoinfo,dutra gleyce campos,False
"Carvalho, Luis Marcelo Tavares de",1,geoinfo,carvalho luis marcelo tavares de,False
"Oliveira Filho, Ary Teixeira de",1,geoinfo,oliveira filho ary teixeira de,False
"Gomes Júnior, Luiz Celso",1,geoinfo,gomes junior luiz celso,False
"Grigoletti, Pablo Souza",1,geoinfo,grigoletti pablo souza,False
"Erthal, Guaraci",1,geoinfo,erthal guaraci,False
"Silva, Felipe Castro da",1,geoinfo,silva felipe castro da,False
"Macário, Carla Geovana do N.",1,geoinfo,macario carla geovana do n,False
"Senra, Rodrigo Dias Arruda",1,geoinfo,senra rodrigo dias arruda,False
"Magalhńes, Mirella A.",1,geoinfo,magalhnes mirella a,False
"Metello, Marcelo",1,geoinfo,metello marcelo,False
"Vera, Mário de Sá",1,geoinfo,vera mario de sa,False
"Oliveira, Thomaz C. de A.",1,geoinfo,oliveira thomaz c de a,False
"Carvalho, Luis M. T. de",1,geoinfo,carvalho luis m t de,False
"Lacerda, Wilian Soares",1,geoinfo,lacerda wilian soares,False
"Campos, Samuel R. de S.",1,geoinfo,campos samuel r de s,False
"Reis, I. C.",1,geoinfo,reis i c,False
"Honório, N. A.",1,geoinfo,honorio n a,False
"Codeço, C. T.",1,geoinfo,codeco c t,False
"Barcellos, C.",1,geoinfo,barcellos c,False
"Magalhães, M. A. F. M",1,geoinfo,magalhaes m a f m,False
"Reis, Frederico Pereira",1,geoinfo,reis frederico pereira,False
"Carvalho, Luis Marcelo T. de",1,geoinfo,carvalho luis marcelo t de,False
"Vivar, Juan C.",1,geoinfo,vivar juan c,False
"Ferreira, Marco A. R",1,geoinfo,ferreira marco a r,False
"Azevedo, Victor H. M.",1,geoinfo,azevedo victor h m,False
"Meirelles, Margareth S. P.",1,geoinfo,meirelles margareth s p,False
"Ferraz, Rodrigo P. D.",1,geoinfo,ferraz rodrigo p d,False
"Ramalho Filho, Antônio",1,geoinfo,ramalho filho antonio,False
"Milidiú, Ruy L",1,geoinfo,milidiu ruy l,False
"Duczmal, Luiz",1,geoinfo,duczmal luiz,False
"Cançado, André L. F.",1,geoinfo,cancado andre l f,False
"Takahashi, Ricardo H. C",1,geoinfo,takahashi ricardo h c,False
"Fornari, Miguel",1,geoinfo,fornari miguel,False
"Comba, João Luiz Dihl",1,geoinfo,comba joao luiz dihl,False
"Francisco, Eduardo de Rezende",1,geoinfo,francisco eduardo de rezende,False
"Aranha, Francisco",1,geoinfo,aranha francisco,False
"Zambaldi, Felipe",1,geoinfo,zambaldi felipe,False
"Goldszmidt, Rafael",1,geoinfo,goldszmidt rafael,False
"Frozza, Angelo Augusto",1,geoinfo,frozza angelo augusto,False
"Guidini, Maurício P.",1,geoinfo,guidini mauricio p,False
"Ribeiro, Carlos H. C",1,geoinfo,ribeiro carlos h c,False
"Leite Júnior, Fábio Luiz",1,geoinfo,leite junior fabio luiz,False
"Silva, Patrício de Alencar",1,geoinfo,silva patricio de alencar,False
"Silva, Elvis Rodrigues da",1,geoinfo,silva elvis rodrigues da,False
"Medina, Nelkis de La Orden",1,geoinfo,medina nelkis de la orden,False
"Lapa, Rodrigo",1,geoinfo,lapa rodrigo,False
"Nero, Marcelo Antonio",1,geoinfo,nero marcelo antonio,False
"Santos, Ricardo dos",1,geoinfo,santos ricardo dos,False
"Valerio Netto, Antonio",1,geoinfo,valerio netto antonio,False
"Mello, Flávio L.",1,geoinfo,mello flavio l,False
"Silva, Luiz Felipe C. Ferreira da",1,geoinfo,silva luiz felipe c ferreira da,False
"Ramirez, Milton R.",1,geoinfo,ramirez milton r,False
"Magalhães, Mirella Antunes de",1,geoinfo,magalhaes mirella antunes de,False
"Schwarz, Thomas",1,geoinfo,schwarz thomas,False
"Viegas, Renata",1,geoinfo,viegas renata,False
"Soares, Valéria",1,geoinfo,soares valeria,False
"Almeida, Damião R.",1,geoinfo,almeida damiao r,False
Cláudio S. Baptista,1,geoinfo,claudio s baptista,False
"Silva, Elvis R. da",1,geoinfo,silva elvis r da,False
"Nunes, Camilo P.",1,geoinfo,nunes camilo p,False
"Costa, Bruno A. D. da",1,geoinfo,costa bruno a d da,False
"Andrade, Wilkerson de L.",1,geoinfo,andrade wilkerson de l,False
"Cabral, Jairson M",1,geoinfo,cabral jairson m,False
"Bagli, Vantier Veronezi",1,geoinfo,bagli vantier veronezi,False
"Cordeiro, João Pedro",1,geoinfo,cordeiro joao pedro,False
"Moura, Ubirajara F.",1,geoinfo,moura ubirajara f,False
"Barbosa, Cláudio C.",1,geoinfo,barbosa claudio c,False
"Almeida, Felipe",1,geoinfo,almeida felipe,False
"Schrerrer, Luciano R.",1,geoinfo,schrerrer luciano r,False
"Couto, Leonardo M.",1,geoinfo,couto leonardo m,False
"Schwabe, Daniel",1,geoinfo,schwabe daniel,False
"Oliveira, Olga Regina Fradico de",1,geoinfo,oliveira olga regina fradico de,False
"Gibotti, Fernando Renier",1,geoinfo,gibotti fernando renier,False
"Nogueira, Renato Almeida",1,geoinfo,nogueira renato almeida,False
"Hess, Guillermo N.",1,geoinfo,hess guillermo n,False
"Binotto, Alécio P. D.",1,geoinfo,binotto alecio p d,False
"Almeida, Márcia A. S. de",1,geoinfo,almeida marcia a s de,False
"Rocha, Luciana V. da",1,geoinfo,rocha luciana v da,False
"Krainski, Elias Teixeira",1,geoinfo,krainski elias teixeira,False
"Andrade Neto, Pedro Ribeiro",1,geoinfo,andrade neto pedro ribeiro,False
"Bassanezi, Renato Beozzo",1,geoinfo,bassanezi renato beozzo,False
"Lima, Carlos M. de",1,geoinfo,lima carlos m de,False
"Gonçalves, Luiz M. G.",1,geoinfo,goncalves luiz m g,False
"Mota, Lia Toledo Moreira",1,geoinfo,mota lia toledo moreira,False
"Mota, Alexandre de Assis",1,geoinfo,mota alexandre de assis,False
"Shin-ting, Wu",1,geoinfo,shinting wu,False
"Cavalier, Ângelo Sousa",1,geoinfo,cavalier angelo sousa,False
"Safar, Maytham",1,geoinfo,safar maytham,False
"Al-saleh, Ahmad",1,geoinfo,alsaleh ahmad,False
"Santos, Joelma Carla",1,geoinfo,santos joelma carla,False
"Oliveira, João Ricardo de F.",1,geoinfo,oliveira joao ricardo de f,False
"Dutra, Luciano V",1,geoinfo,dutra luciano v,False
"Santos, Alexandre E. dos",1,geoinfo,santos alexandre e dos,False
"Rodrigues, Alexandre L.",1,geoinfo,rodrigues alexandre l,False
"Simőes, Taynãna C.",1,geoinfo,simoes taynana c,False
"Sousa, Lirisnei Gomes de",1,geoinfo,sousa lirisnei gomes de,False
"Leite, Jair C",1,geoinfo,leite jair c,False
"Lemos, Fernando",1,geoinfo,lemos fernando,False
"Yamamoto, Missae",1,geoinfo,yamamoto missae,False
"Lorena, Luiz Antonio Nogueira",1,geoinfo,lorena luiz antonio nogueira,False
"Zhou, Panfeng",1,geoinfo,zhou panfeng,False
"Gong, Jun",1,geoinfo,gong jun,False
"Aguiar, Marilton S. de",1,geoinfo,aguiar marilton s de,False
"Dimuro, Gracaliz P.",1,geoinfo,dimuro gracaliz p,False
"Costa, Antônio C. da R.",1,geoinfo,costa antonio c da r,False
"Silva, Rafael K. S.",1,geoinfo,silva rafael k s,False
"Costa, Fabia A. da",1,geoinfo,costa fabia a da,False
"Kreinovich, Vladik",1,geoinfo,kreinovich vladik,False
"Aragão, Paulo",1,geoinfo,aragao paulo,False
"Monteiro, Rodrigo Salvador",1,geoinfo,monteiro rodrigo salvador,False
"Lucena, Carlos J. P. de",1,geoinfo,lucena carlos j p de,False
"Hornsby, Kathleen",1,geoinfo,hornsby kathleen,False
"Chelghoum, Nadjim",1,geoinfo,chelghoum nadjim,False
"Zeitouni, Karine",1,geoinfo,zeitouni karine,False
"Coelho, Alexandre",1,geoinfo,coelho alexandre,False
"Nascimento, Marcio",1,geoinfo,nascimento marcio,False
"Castro, Maria Clicia Stelling de",1,geoinfo,castro maria clicia stelling de,False
"Essid, Mehdi",1,geoinfo,essid mehdi,False
"Boucelma, Omar",1,geoinfo,boucelma omar,False
"Koschitzki, Thomas",1,geoinfo,koschitzki thomas,False
"Wagner, Flavio Rech",1,geoinfo,wagner flavio rech,False
"Bastos, André Dias",1,geoinfo,bastos andre dias,False
"Almeida, Marcia Aparecida da Silva",1,geoinfo,almeida marcia aparecida da silva,False
"Kirchner, Kathrin",1,geoinfo,kirchner kathrin,False
"Ruhland, Johannes",1,geoinfo,ruhland johannes,False
"Mandolesi, Gustavo Henrique",1,geoinfo,mandolesi gustavo henrique,False
"Tambascia, Cláudia de Andrade",1,geoinfo,tambascia claudia de andrade,False
"Gatto, Sandro Danilo",1,geoinfo,gatto sandro danilo,False
"Braga, Alexandre Melo",1,geoinfo,braga alexandre melo,False
"Manica, Heloise",1,geoinfo,manica heloise,False
"Camargo, Murilo S. de",1,geoinfo,camargo murilo s de,False
"Mathiak, Brigitte",1,geoinfo,mathiak brigitte,False
"Kupfer, Andreas",1,geoinfo,kupfer andreas,False
"Neumann, Karl",1,geoinfo,neumann karl,False
"Mello, Flávio",1,geoinfo,mello flavio,False
"Strauss, Edilberto",1,geoinfo,strauss edilberto,False
"Oliveira, Antônio",1,geoinfo,oliveira antonio,False
"Gesualdi, Aline",1,geoinfo,gesualdi aline,False
"Mendes, João B.",1,geoinfo,mendes joao b,False
"Ferreira, Cristiano D.",1,geoinfo,ferreira cristiano d,False
"Hönle, Nicola",1,geoinfo,honle nicola,False
"Moltenbrey, Michael",1,geoinfo,moltenbrey michael,False
"Nóbrega, Eduardo",1,geoinfo,nobrega eduardo,False
"Rolim, José Tiago",1,geoinfo,rolim jose tiago,False
"Times, Valéria",1,geoinfo,times valeria,False
"Camolesi Jr., Luiz",1,geoinfo,camolesi jr luiz,False
"Vieira, Marina Teresa Pires",1,geoinfo,vieira marina teresa pires,False
"Queiroz-neto, J. P.",1,geoinfo,queirozneto j p,False
"Campos, M. F. M.",1,geoinfo,campos m f m,False
"Nelson, B. W.",1,geoinfo,nelson b w,False
"Pio, J. L. S",1,geoinfo,pio j l s,False
"Rocha, Lourena",1,geoinfo,rocha lourena,False
"Pinheiro, Sérgio",1,geoinfo,pinheiro sergio,False
"Vieira, Marcelo B.",1,geoinfo,vieira marcelo b,False
"Rodrigues, Luiz Carlos de Abreu",1,geoinfo,rodrigues luiz carlos de abreu,False
"Silva, Hideson Alves da",1,geoinfo,silva hideson alves da,False
"Rottenbacher, Christine",1,geoinfo,rottenbacher christine,False
"Schuenck, Michael",1,geoinfo,schuenck michael,False
"Silva, Marcos Aurélio Santos da",1,geoinfo,silva marcos aurelio santos da,False
"Medeiros, José Simeão",1,geoinfo,medeiros jose simeao,False
"Silva, Grace Kelly de Castro",1,geoinfo,silva grace kelly de castro,False
"Pereira, Patrícia Maria",1,geoinfo,pereira patricia maria,False
"Barros, Roberto",1,geoinfo,barros roberto,False
"Salgado, Ana C.",1,geoinfo,salgado ana c,False
"Souza, Ligiane A. de",1,geoinfo,souza ligiane a de,False
"Delboni, Tiago M.",1,geoinfo,delboni tiago m,False
"Teixeira, Marcel",1,geoinfo,teixeira marcel,False
"Aguiar, Ana Paula Dutra de",1,geoinfo,aguiar ana paula dutra de,False
"Tavares, Andréa Iabrudi",1,geoinfo,tavares andrea iabrudi,False
"Kulldorff, Martin",1,geoinfo,kulldorff martin,False
"Medeiros, Claudia B.",1,geoinfo,medeiros claudia b,False
"Silva, Altigran S. da",1,geoinfo,silva altigran s da,False
"Assuncão, Renato Martins",1,geoinfo,assuncao renato martins,False
"Borges, Karla Albuquerque de Vasconcelos",1,geoinfo,borges karla albuquerque de vasconcelos,False
"Dias, Fábio Meira de Oliveira",1,geoinfo,dias fabio meira de oliveira,False
"Paiva, João Argemiro Carvalho",1,geoinfo,paiva joao argemiro carvalho,False
"Souza, Fernando da F. de",1,geoinfo,souza fernando da f de,False
"Barros, Roberto Souto M. de",1,geoinfo,barros roberto souto m de,False
"Fornari, Miguel Rodrigues",1,geoinfo,fornari miguel rodrigues,False
"Heredia, Leonardo Rodriguez",1,geoinfo,heredia leonardo rodriguez,False
"Comba, João",1,geoinfo,comba joao,False
"Pötke, Marco",1,geoinfo,potke marco,False
"Strauß, Petra-maria",1,geoinfo,strauß petramaria,False
"Lima, João Guilherme de Souza",1,geoinfo,lima joao guilherme de souza,False
"Oliveira, Juliano Lopes de",1,geoinfo,oliveira juliano lopes de,False
"Silva, André Constantino da",1,geoinfo,silva andre constantino da,False
"Hall, Bryon Richard",1,geoinfo,hall bryon richard,False
"Santos, André Ávila da C.",1,geoinfo,santos andre avila da c,False
"Branco, Vinícius Marques Alves",1,geoinfo,branco vinicius marques alves,False
"Oliveira, Maria Cristina Ferreira de",1,geoinfo,oliveira maria cristina ferreira de,False
"Flores, Edilson Ferreira",1,geoinfo,flores edilson ferreira,False
"Silva, Edson Ricardo de Andrade",1,geoinfo,silva edson ricardo de andrade,False
"Vidal, Creto Augusto",1,geoinfo,vidal creto augusto,False
"Neto, Joaquim Bento Cavalcante",1,geoinfo,neto joaquim bento cavalcante,False
"Venancio, Lauro Ramos",1,geoinfo,venancio lauro ramos,False
"Weiss, Gerson Mizuta",1,geoinfo,weiss gerson mizuta,False
"Dias, Eliane Zambon Victorelli",1,geoinfo,dias eliane zambon victorelli,False
"Monteiro, Antônio V.",1,geoinfo,monteiro antonio v,False
"Quintanilha, José A",1,geoinfo,quintanilha jose a,False
"Andrade, Marcus Vinícius A.",1,geoinfo,andrade marcus vinicius a,False
"Barros, Wagner F.",1,geoinfo,barros wagner f,False
"Stolfi, Jorge",1,geoinfo,stolfi jorge,False
"Bassalo, Gisa Helena Melo",1,geoinfo,bassalo gisa helena melo,False
"Ionchpe, Cirano",1,geoinfo,ionchpe cirano,False
"Bigolin, Nara",1,geoinfo,bigolin nara,False
"Baumann, Peter",1,geoinfo,baumann peter,False
"Glock, Clemens",1,geoinfo,glock clemens,False
"Hofner, Maximilian",1,geoinfo,hofner maximilian,False
"Schatz, Walter",1,geoinfo,schatz walter,False
"Braga, Luís Paulo Vieira",1,geoinfo,braga luis paulo vieira,False
"Almeida, Cássio Freitas Pereira de",1,geoinfo,almeida cassio freitas pereira de,False
"Burlamaqui, Claudia Sadeck",1,geoinfo,burlamaqui claudia sadeck,False
"Cheng, Liang-yee",1,geoinfo,cheng liangyee,False
"Cassanova, Marco Antônio",1,geoinfo,cassanova marco antonio,False
"Coelho, Tatiana Almeida Souza",1,geoinfo,coelho tatiana almeida souza,False
"Corseuil, Eduardo Thadeu Leite",1,geoinfo,corseuil eduardo thadeu leite,False
"Nóbrega, Hérica",1,geoinfo,nobrega herica,False
"Dias, Fábio Meira",1,geoinfo,dias fabio meira,False
"Levy, Carlos Henrique",1,geoinfo,levy carlos henrique,False
"Granero, Juliano Chaves",1,geoinfo,granero juliano chaves,False
"Plidori, Maurício Couto",1,geoinfo,plidori mauricio couto,False
"Queiroz, Gilberto",1,geoinfo,queiroz gilberto,False
"Lopes, Expedito Carlos",1,geoinfo,lopes expedito carlos,False
"Schiel, Ulrich",1,geoinfo,schiel ulrich,False
"Mendes, Tatiana Sussel Gonsalves",1,geoinfo,mendes tatiana sussel gonsalves,False
"Miranda, Rodrigo A. Vilar",1,geoinfo,miranda rodrigo a vilar,False
"Paulista, Cláudio S.",1,geoinfo,paulista claudio s,False
"Almeida, Rodrigo R.",1,geoinfo,almeida rodrigo r,False
"Catão, Bruto",1,geoinfo,catao bruto,False
"Neves, Marcos Corręa",1,geoinfo,neves marcos correa,False
"Miranda, Rodrigo A. V",1,geoinfo,miranda rodrigo a v,False
"Pedrosa, Bianca",1,geoinfo,pedrosa bianca,False
"Carneiro, Tiago",1,geoinfo,carneiro tiago,False
"Pierre, Gustavo Moreira",1,geoinfo,pierre gustavo moreira,False
"Gattas, Marcelo",1,geoinfo,gattas marcelo,False
"Vaz, Wesley",1,geoinfo,vaz wesley,False
"Magalhőes, Geovane Cayres",1,geoinfo,magalhoes geovane cayres,False
"Yi, Bei",1,geoinfo,yi bei,False
"Aguiar, Marilton Sanchotene de",1,geoinfo,aguiar marilton sanchotene de,False
"Almeida, Cassio F. P. de",1,geoinfo,almeida cassio f p de,False
"Braga, Luiz Paulo Vieira",1,geoinfo,braga luiz paulo vieira,False
"Amorim, Marcelo Dantas",1,geoinfo,amorim marcelo dantas,False
"Silva, Luiz Felipe Coutinho Ferreira da",1,geoinfo,silva luiz felipe coutinho ferreira da,False
"Strauch, Julia Mercedes",1,geoinfo,strauch julia mercedes,False
"Araujo, Pedro Henrique de Moura",1,geoinfo,araujo pedro henrique de moura,False
"Nehme, Cláudio Chauke",1,geoinfo,nehme claudio chauke,False
"Freire, Juliana",1,geoinfo,freire juliana,False
"Vinhas, Lśbia",1,geoinfo,vinhas lsbia,False
"Carvalho, Marcelo Tilio de",1,geoinfo,carvalho marcelo tilio de,False
"Raoult, Baudouin",1,geoinfo,raoult baudouin,False
"Borges, Karla Albuquerque Vasconcelos",1,geoinfo,borges karla albuquerque vasconcelos,False
"Laender, Alberto Henrique Frade",1,geoinfo,laender alberto henrique frade,False
"Dornelles, Liane Maria Azevedo",1,geoinfo,dornelles liane maria azevedo,False
"Calache, Suzanna Carreiro",1,geoinfo,calache suzanna carreiro,False
"Dias, Anna Eliza Svartman",1,geoinfo,dias anna eliza svartman,False
"Mendonça, Bárbara Santana",1,geoinfo,mendonca barbara santana,False
"Cristello, Karla de Almeida",1,geoinfo,cristello karla de almeida,False
"Barros, Cristiano de Lima Maciel",1,geoinfo,barros cristiano de lima maciel,False
"Souza, Fernando da Fonseca de",1,geoinfo,souza fernando da fonseca de,False
"Rafaeli Neto, Sílvio Luís",1,geoinfo,rafaeli neto silvio luis,False
"Rodrigues, Marcos",1,geoinfo,rodrigues marcos,False
"Rocha, Luciana Vargas da",1,geoinfo,rocha luciana vargas da,False
"Edelweiss, Nina",1,geoinfo,edelweiss nina,False
"Pellegrino, Sergio Roberto Martiello",1,geoinfo,pellegrino sergio roberto martiello,False
"Silva, Claudio Antonio da",1,geoinfo,silva claudio antonio da,False
"Valencia, Luiz Iván Ortiz",1,geoinfo,valencia luiz ivan ortiz,False
"Meirelles, Margareth Simőes",1,geoinfo,meirelles margareth simoes,False
"Gomes, Jonas",1,geoinfo,gomes jonas,False
"Carvalho, Marcelo Tulio de",1,geoinfo,carvalho marcelo tulio de,False
"Davis Junir, Clodoveu A.",1,geoinfo,davis junir clodoveu a,False
"Ferrari, Jose Antonio",1,geoinfo,ferrari jose antonio,False
"Mangin, Alain",1,geoinfo,mangin alain,False
"Egenhofer, Max",1,geoinfo,egenhofer max,False
"Franńa, Sônia Virgínia Alves",1,geoinfo,franna sonia virginia alves,False
"Ferraz, Carlos Andrķ Guimarńes",1,geoinfo,ferraz carlos andrk guimarnes,False
"Gatti, Sandro Danilo",1,geoinfo,gatti sandro danilo,False
"Kaster, Daniel dos Santos",1,geoinfo,kaster daniel dos santos,False
"Rocha, Heloísa Vieira",1,geoinfo,rocha heloisa vieira,False
"Moreira, Lucimar",1,geoinfo,moreira lucimar,False
"Osses, José Roberto",1,geoinfo,osses jose roberto,False
"Paiva, João Argemiro de Carvalho",1,geoinfo,paiva joao argemiro de carvalho,False
"Perez, Helio Alvaro de Mello",1,geoinfo,perez helio alvaro de mello,False
"Moura, Ana Maria de Carvalho",1,geoinfo,moura ana maria de carvalho,False
"Tanaka, Asterio Kiyoshi",1,geoinfo,tanaka asterio kiyoshi,False
"Agouris, Peggy",1,geoinfo,agouris peggy,False
"Prado, Alysson Bolognesi",1,geoinfo,prado alysson bolognesi,False
"Silva, Claudio Antonio",1,geoinfo,silva claudio antonio,False
"Carvalho, Paulo Cezar Pinto",1,geoinfo,carvalho paulo cezar pinto,False
"Veiga, Teresa Cristina",1,geoinfo,veiga teresa cristina,False
"Vianna, Arlindo Cardarett",1,geoinfo,vianna arlindo cardarett,False
"Teixeira, César",1,geoinfo,teixeira cesar,False
"Garrido, Juan Carlos Pinto de",1,geoinfo,garrido juan carlos pinto de,False
"Egenhofer, Max J",1,geoinfo,egenhofer max j,False
"Câmara Neto, Gilberto",1,geoinfo,camara neto gilberto,False
"Ferreira, Carla Cristina F.",1,geoinfo,ferreira carla cristina f,False
"Vilar, Alexandre S.",1,geoinfo,vilar alexandre s,False
"Glasberg, Mark S",1,geoinfo,glasberg mark s,False
"Costa, Andreia Castro",1,geoinfo,costa andreia castro,False
"Magalhães, Geovane",1,geoinfo,magalhaes geovane,False
"Alencar, Alexandre Carvalho de",1,geoinfo,alencar alexandre carvalho de,False
"DO Abril Frade, JN Pérez Castillo",10,citantes,do abril frade jn perez castillo,False
"T Em Geoinformática, TS Körting, KR Ferreira, L Vinhas",9,citantes,t em geoinformatica ts korting kr ferreira l vinhas,False
JS Longo,8,citantes,js longo,False
MG Metello,8,citantes,mg metello,False
GR de Queiroz,8,citantes,gr de queiroz,False
"AE dos Anjos, AK Neves, AHS Ipia, CAF de Noronha",7,citantes,ae dos anjos ak neves ahs ipia caf de noronha,False
"SST de Oliveira, M de Castro Cardoso",7,citantes,sst de oliveira m de castro cardoso,False
"S Rosim, AMV Monteiro, CD Rennó",7,citantes,s rosim amv monteiro cd renno,False
"CAD Júnior, LL Alves",7,citantes,cad junior ll alves,False
"AMV Monteiro, LBL Santos",6,citantes,amv monteiro lbl santos,False
"TFM de Lima, TG de Senna Carneiro, GC Neto",6,citantes,tfm de lima tg de senna carneiro gc neto,False
C Gouvêa,6,citantes,c gouvea,False
"A Vaisman, E Zimányi",6,citantes,a vaisman e zimanyi,False
"CA Davis Jr, LL Alves",6,citantes,ca davis jr ll alves,False
"AB Prado, MCC Baranauskas",6,citantes,ab prado mcc baranauskas,False
"AC Carniel, RR Ciferri",5,citantes,ac carniel rr ciferri,False
A Degbelo,5,citantes,a degbelo,False
"T Lima, S Faria, T Carneiro",5,citantes,t lima s faria t carneiro,False
TFM de Lima,5,citantes,tfm de lima,False
MA Casanova,5,citantes,ma casanova,False
"PR de Andrade, AMV Monteiro",5,citantes,pr de andrade amv monteiro,False
AA Frozza,5,citantes,aa frozza,False
"SS Costa, AP Aguiar, G Câmara",5,citantes,ss costa ap aguiar g camara,False
"G Câmara, L Vinhas, KR Ferreira, GRD Queiroz",5,citantes,g camara l vinhas kr ferreira grd queiroz,False
LCM Ribeiro Junior,5,citantes,lcm ribeiro junior,False
D Ahlers,5,citantes,d ahlers,False
"VL Machado, TT Portela, L Vanini",4,citantes,vl machado tt portela l vanini,False
"LHA Cardim, NP Kozievitch",4,citantes,lha cardim np kozievitch,False
"CM Monteiro, GR Mateus",4,citantes,cm monteiro gr mateus,False
"A Fevgas, L Akritidis, P Bozanis, Y Manolopoulos",4,citantes,a fevgas l akritidis p bozanis y manolopoulos,False
"AC Carniel, RR Ciferri, CDA Ciferri",4,citantes,ac carniel rr ciferri cda ciferri,False
MA Beber,4,citantes,ma beber,False
CA Davis,4,citantes,ca davis,False
"A Degbelo, W Kuhn",4,citantes,a degbelo w kuhn,False
"LAPP Leme, MA Casanova, KK Breitman",4,citantes,lapp leme ma casanova kk breitman,False
IPS Cabral,4,citantes,ips cabral,False
FB Gil,4,citantes,fb gil,False
AM Lopes,4,citantes,am lopes,False
"LR da Rosa, AA Frozza, R dos Santos Mello",4,citantes,lr da rosa aa frozza r dos santos mello,False
"C Zhang, T Zhao, W Li",4,citantes,c zhang t zhao w li,False
CA Davis Jr,4,citantes,ca davis jr,False
"DOA Frade, JNP Castillo",4,citantes,doa frade jnp castillo,False
H Šlezak,4,citantes,h slezak,False
"CA Davis Jr, LA de Souza",4,citantes,ca davis jr la de souza,False
TGC Carneiro,4,citantes,tgc carneiro,False
"GR Queiroz, KR Ferreira",4,citantes,gr queiroz kr ferreira,False
D Junior,4,citantes,d junior,False
"MS Silva, SABG Vidotti",4,citantes,ms silva sabg vidotti,False
F de Oliveira Ramalho,3,citantes,f de oliveira ramalho,False
"RU Paiva, SST Oliveira, LML Pascoal",3,citantes,ru paiva sst oliveira lml pascoal,False
JP de Carvalho Castro,3,citantes,jp de carvalho castro,False
"NAP Moreira, TS Körting, LV Dutra, EF Castejon",3,citantes,nap moreira ts korting lv dutra ef castejon,False
"KR Ferreira, L Ferla, GR de Queiroz",3,citantes,kr ferreira l ferla gr de queiroz,False
"L Ventrice, L Di Caro",3,citantes,l ventrice l di caro,False
"CM Monteiro, FVC Martins",3,citantes,cm monteiro fvc martins,False
"H do Nascimento Bendini, LMG Fonseca",3,citantes,h do nascimento bendini lmg fonseca,False
"Y Parcianello, NP Kozievitch",3,citantes,y parcianello np kozievitch,False
AF Amâncio,3,citantes,af amancio,False
LEO Lizardo,3,citantes,leo lizardo,False
"JHS Câmara, LFM Vegi, RO Pereira",3,citantes,jhs camara lfm vegi ro pereira,False
"JHS Câmara, LFM Vegi, RO Pereira, ZA Geöcze",3,citantes,jhs camara lfm vegi ro pereira za geocze,False
"AIH Magaña, FNG Valverde",3,citantes,aih magana fng valverde,False
MB Pinheiro,3,citantes,mb pinheiro,False
EM Carboni,3,citantes,em carboni,False
"MB Pinheiro, CA Davis Jr",3,citantes,mb pinheiro ca davis jr,False
"JHS Câmara, TT de Almeida, DR Carvalho",3,citantes,jhs camara tt de almeida dr carvalho,False
F da Costa Albuquerque,3,citantes,f da costa albuquerque,False
"LBL Santos, RV Maretto, LC de Castro Medeiros",3,citantes,lbl santos rv maretto lc de castro medeiros,False
"SHC Silva, JC Lima, TGS Carneiro",3,citantes,shc silva jc lima tgs carneiro,False
"IMR Machado, RO de Alencar, RO Campos Jr",3,citantes,imr machado ro de alencar ro campos jr,False
L Kuşak,3,citantes,l kusak,False
"S Chakri, S Raghay, S El Hadaj",3,citantes,s chakri s raghay s el hadaj,False
I Barbosa,3,citantes,i barbosa,False
"G Câmara, AP Aguiar, T Carneiro, SS Costa",3,citantes,g camara ap aguiar t carneiro ss costa,False
"MG Metello, MA Casanova",3,citantes,mg metello ma casanova,False
"MG Metello, E David, MTM de Carvalho",3,citantes,mg metello e david mtm de carvalho,False
"SS Costa, EG Moreira, ML da Silva, TM de Sousa Lima",3,citantes,ss costa eg moreira ml da silva tm de sousa lima,False
"N Arfaoui, J Akaichi",3,citantes,n arfaoui j akaichi,False
"M Manaa, J Akaichi",3,citantes,m manaa j akaichi,False
"W Oueslati, J Akaichi",3,citantes,w oueslati j akaichi,False
"M Gorawski, P Jureczek",3,citantes,m gorawski p jureczek,False
"TS Korting, LMG Fonseca",3,citantes,ts korting lmg fonseca,False
"PB Maia, T Aidar",3,citantes,pb maia t aidar,False
LR da Rosa,3,citantes,lr da rosa,False
JJ Lobo,3,citantes,jj lobo,False
"AR Lamas, J Lisboa Filho",3,citantes,ar lamas j lisboa filho,False
FL Leite Júnior,3,citantes,fl leite junior,False
M Imran,3,citantes,m imran,False
L Vinhas,3,citantes,l vinhas,False
"RSPS Ramos, GR Carneiro, ALS Oliveira",3,citantes,rsps ramos gr carneiro als oliveira,False
"J Schimiguel, MCC Baranauskas",3,citantes,j schimiguel mcc baranauskas,False
"GL Cravo, GM Ribeiro, LAN Lorena",3,citantes,gl cravo gm ribeiro lan lorena,False
"ACF Alvim, ÉD Taillard",3,citantes,acf alvim ed taillard,False
MR Fornari,3,citantes,mr fornari,False
"PG Soares, A Tanaka, F Baião",3,citantes,pg soares a tanaka f baiao,False
C Rottenbacher,3,citantes,c rottenbacher,False
"J da Silva, VC Times, AC Salgado",3,citantes,j da silva vc times ac salgado,False
R do Nascimento Fidalgo,3,citantes,r do nascimento fidalgo,False
"KAV Borges, CA Davis Jr",3,citantes,kav borges ca davis jr,False
LA de Souza,3,citantes,la de souza,False
"PC Carvalho, L Velho, M Cicconet",3,citantes,pc carvalho l velho m cicconet,False
"CAZ Barcelos, EXL de Andrade, M Boaventura",3,citantes,caz barcelos exl de andrade m boaventura,False
KD Fook,3,citantes,kd fook,False
"C Gilberto, RC Souza, AM Monteiro",3,citantes,c gilberto rc souza am monteiro,False
R Fileto,3,citantes,r fileto,False
"M Schuenck, VG Soares",3,citantes,m schuenck vg soares,False
"MS dos Santos, VG Soares",3,citantes,ms dos santos vg soares,False
BMG Ribeiro,3,citantes,bmg ribeiro,False
"RF Karine, GR Queiroz, JA Paiva, RC Modesto",3,citantes,rf karine gr queiroz ja paiva rc modesto,False
GKC Craveiro,3,citantes,gkc craveiro,False
"P Lima, G Câmara, G Queiroz",3,citantes,p lima g camara g queiroz,False
"A Pazos, J Poveda, M Gould",3,citantes,a pazos j poveda m gould,False
MS Silva,3,citantes,ms silva,False
"AC dos Santos Luciano, M de Moura Abdon",3,citantes,ac dos santos luciano m de moura abdon,False
AB Prado,3,citantes,ab prado,False
"S Robinson, P Eslambolchilar, M Jones",3,citantes,s robinson p eslambolchilar m jones,False
"VL Machado, TT Portela, GA Schreiner",2,citantes,vl machado tt portela ga schreiner,False
VL Machado,2,citantes,vl machado,False
"JPH Sansao, MCR Leles",2,citantes,jph sansao mcr leles,False
"NR Schneider, K O'sullivan, H Samet",2,citantes,nr schneider k osullivan h samet,False
"CVAM Pontes, CEC Campelo",2,citantes,cvam pontes cec campelo,False
"FA Souza, SP Camboim",2,citantes,fa souza sp camboim,False
PDEO Passarini,2,citantes,pdeo passarini,False
A Chaves Carniel,2,citantes,a chaves carniel,False
"LAS Cardoso, PRS Farias, JAC Soares",2,citantes,las cardoso prs farias jac soares,False
"JN Vidal-filho, VC Times, J Lisboa-filho",2,citantes,jn vidalfilho vc times j lisboafilho,False
"ML Rodrigues, TS Körting, GR de Queiroz",2,citantes,ml rodrigues ts korting gr de queiroz,False
"FM Carlos, VCF Gomes, GRD Queiroz",2,citantes,fm carlos vcf gomes grd queiroz,False
"C dos Santos Oliveira, M de Arruda Perreira",2,citantes,c dos santos oliveira m de arruda perreira,False
"CGS Capanema, FA Silva",2,citantes,cgs capanema fa silva,False
"F Dall'igna, V Maniesi",2,citantes,f dalligna v maniesi,False
JN Soares Filho,2,citantes,jn soares filho,False
"CA Felgueiras, JO Ortiz",2,citantes,ca felgueiras jo ortiz,False
"NAP Moreira, MS Reis, TS Körting, LV Dutra",2,citantes,nap moreira ms reis ts korting lv dutra,False
R Paiva,2,citantes,r paiva,False
RU Paiva,2,citantes,ru paiva,False
"RU Paiva, SST de Oliveira, LML Pascoal",2,citantes,ru paiva sst de oliveira lml pascoal,False
"À Miranda-pascual, P Guerra-balboa",2,citantes,a mirandapascual p guerrabalboa,False
"ZC Dagdia, V Bogorny",2,citantes,zc dagdia v bogorny,False
T Tortelli Portela,2,citantes,t tortelli portela,False
"C Lee, S Schätzle, SA Lang, T Oksanen",2,citantes,c lee s schatzle sa lang t oksanen,False
MZ Iskandarani,2,citantes,mz iskandarani,False
"TDT Uehara, SPLP Corrêa, RP Quevedo",2,citantes,tdt uehara splp correa rp quevedo,False
"SC de Andrade, C Restrepo-estrada",2,citantes,sc de andrade c restrepoestrada,False
"FAA de Souza, EM Mendiondo, N Bhattacharya-mis",2,citantes,faa de souza em mendiondo n bhattacharyamis,False
SC de Andrade,2,citantes,sc de andrade,False
"AC Carniel, CD Aguiar",2,citantes,ac carniel cd aguiar,False
"AC Carniel, G Roumelis, RR Ciferri, M Vassilakopoulos",2,citantes,ac carniel g roumelis rr ciferri m vassilakopoulos,False
"AC Carniel, G Roumelis, RR Ciferri",2,citantes,ac carniel g roumelis rr ciferri,False
A Fevgas,2,citantes,a fevgas,False
ΑΙ Φεύγας,2,citantes,αι φευγας,False
"SST de Oliveira, M de Castro Cardoso, EF Bueno",2,citantes,sst de oliveira m de castro cardoso ef bueno,False
"LS Ribeiro, TP Faleiros",2,citantes,ls ribeiro tp faleiros,False
"J Bachiega Jr, M Holanda, APF Araujo",2,citantes,j bachiega jr m holanda apf araujo,False
AFC Junior,2,citantes,afc junior,False
J Bachiega Junior,2,citantes,j bachiega junior,False
"SST de Oliveira, VJS Rodrigues",2,citantes,sst de oliveira vjs rodrigues,False
"SST de Oliveira, LML Pascoal, LG Ferreira",2,citantes,sst de oliveira lml pascoal lg ferreira,False
"V Souza, E Faggiani",2,citantes,v souza e faggiani,False
"C Bachechi, L Po",2,citantes,c bachechi l po,False
"AS Alic, T Braz, A Brito, CES Pires, N Antunes, M Vieira",2,citantes,as alic t braz a brito ces pires n antunes m vieira,False
"MM Martel, E Carrum, A Ochoa-zezzatti",2,citantes,mm martel e carrum a ochoazezzatti,False
D da Silveira Figueira,2,citantes,d da silveira figueira,False
"TP Nogueira, C Celes, H Martin",2,citantes,tp nogueira c celes h martin,False
"J Siqueira-gay, M Giannotti, M Sester",2,citantes,j siqueiragay m giannotti m sester,False
"AA Machado, SP Camboim",2,citantes,aa machado sp camboim,False
"VCF Gomes, GR Queiroz, KR Ferreira",2,citantes,vcf gomes gr queiroz kr ferreira,False
"LF Fg Assis, KR Ferreira, L Vinhas, L Maurano",2,citantes,lf fg assis kr ferreira l vinhas l maurano,False
"SR Usando Mapreduce, LFFG de Assis, G Ribeiro",2,citantes,sr usando mapreduce lffg de assis g ribeiro,False
"AH Sánchez, L Vinhas, GR de Queiroz, REO Simões",2,citantes,ah sanchez l vinhas gr de queiroz reo simoes,False
"H do Nascimento Bendini, LMG Fonseca, TS Körting",2,citantes,h do nascimento bendini lmg fonseca ts korting,False
"N de Js Junior, SS Costa, CDS Silva",2,citantes,n de js junior ss costa cds silva,False
"WR Franklin, SVG de Magalhães",2,citantes,wr franklin svg de magalhaes,False
"DK Seo, YD Eo, GW Paik",2,citantes,dk seo yd eo gw paik,False
"N Hoseinzadeh, Y Gu, LD Han, C Brakewood",2,citantes,n hoseinzadeh y gu ld han c brakewood,False
V Šimková,2,citantes,v simkova,False
"AC de Oliveira Silva, LMG Fonseca, TS Körting",2,citantes,ac de oliveira silva lmg fonseca ts korting,False
S Wiśniewski,2,citantes,s wisniewski,False
"M Cerbaro, S Morse, R Murphy, J Lynch, G Griffiths",2,citantes,m cerbaro s morse r murphy j lynch g griffiths,False
"V Ayora, F Horita, C Kamienski",2,citantes,v ayora f horita c kamienski,False
"BM Pilecki, AV Vicentiy",2,citantes,bm pilecki av vicentiy,False
"CM Monteiro, FVC Martins, CAD Junior",2,citantes,cm monteiro fvc martins cad junior,False
CDG Neto,2,citantes,cdg neto,False
"I Portugal, P Alencar, D Cowan",2,citantes,i portugal p alencar d cowan,False
DSB Virgens,2,citantes,dsb virgens,False
KR Llanes,2,citantes,kr llanes,False
"JHS Câmara, J Lisboa-filho, WD de Souza",2,citantes,jhs camara j lisboafilho wd de souza,False
"TB Ferreira, J Lisboa-filho, SM Stempliuc",2,citantes,tb ferreira j lisboafilho sm stempliuc,False
"TB Ferreira, J Lisboa-filho",2,citantes,tb ferreira j lisboafilho,False
"B Pavani-biju, JG Borges, S Marques, AC Teodoro",2,citantes,b pavanibiju jg borges s marques ac teodoro,False
"KR Ferreira, AG de Oliveira, AMV Monteiro",2,citantes,kr ferreira ag de oliveira amv monteiro,False
"CA Furtado, CA Davis Jr, MA Gonçalves",2,citantes,ca furtado ca davis jr ma goncalves,False
"D Ribeiro de Almeida, C de Souza Baptista",2,citantes,d ribeiro de almeida c de souza baptista,False
D Yao,2,citantes,d yao,False
姚迪， 张超， 黄建辉， 陈越新， 毕经平,2,citantes,姚迪 张超 黄建辉 陈越新 毕经平,False
"MA Beber, CA Ferrero, R Fileto, V Bogorny",2,citantes,ma beber ca ferrero r fileto v bogorny,False
"W Dai, C Zhang, X Su, S Cao",2,citantes,w dai c zhang x su s cao,False
AR Aquino,2,citantes,ar aquino,False
"SD Cardoso, FK Amanqui, KJA Serique",2,citantes,sd cardoso fk amanqui kja serique,False
"H Soares, MB Pinheiro, CA Davis Jr",2,citantes,h soares mb pinheiro ca davis jr,False
DCM Maia,2,citantes,dcm maia,False
JHS Câmara,2,citantes,jhs camara,False
"B Žalik, D Strnad, D Podgorelec, I Kolingerová, A Nerat",2,citantes,b zalik d strnad d podgorelec i kolingerova a nerat,False
"HR de Azeredo Freitas, C da Costa Freitas",2,citantes,hr de azeredo freitas c da costa freitas,False
GC Pena,2,citantes,gc pena,False
TLL Siqueira,2,citantes,tll siqueira,False
"F da Costa Albuquerque, MA Casanova",2,citantes,f da costa albuquerque ma casanova,False
"P Sui, T Wo, Z Wen, X Li",2,citantes,p sui t wo z wen x li,False
EJ Shinohara,2,citantes,ej shinohara,False
DG dos Santos,2,citantes,dg dos santos,False
"RG Ramos, BFA Silva, KC Clarke, M Prates",2,citantes,rg ramos bfa silva kc clarke m prates,False
"D Carral, S Scheider, K Janowicz, C Vardeman",2,citantes,d carral s scheider k janowicz c vardeman,False
HT Ferguson,2,citantes,ht ferguson,False
"A Degbeloa, B Birregahb, C Keßlerc",2,citantes,a degbeloa b birregahb c keßlerc,False
BR Monteiro,2,citantes,br monteiro,False
"CS Junior, CF Dorneles",2,citantes,cs junior cf dorneles,False
"JEG Malaverri, A Santanchè",2,citantes,jeg malaverri a santanche,False
JEG Malaverri,2,citantes,jeg malaverri,False
"EF Paiva Júnior, TS Vaz, M Rosa",2,citantes,ef paiva junior ts vaz m rosa,False
SIF Polido,2,citantes,sif polido,False
"SD Cardoso, KJ Serique, FK Amanqui",2,citantes,sd cardoso kj serique fk amanqui,False
"AJC Rodrigues, TGS Carneiro",2,citantes,ajc rodrigues tgs carneiro,False
"J Daltio, CB Medeiros",2,citantes,j daltio cb medeiros,False
"S Agarwal, KS Rajan",2,citantes,s agarwal ks rajan,False
"PO Santos, MM Moro, CA Davis Jr",2,citantes,po santos mm moro ca davis jr,False
PO Santos,2,citantes,po santos,False
D Derksen,2,citantes,d derksen,False
"ME Puebla-martínez, JM Perea-ortega",2,citantes,me pueblamartinez jm pereaortega,False
"Y Zhang, C Li, N Chen, S Liu, L Du",2,citantes,y zhang c li n chen s liu l du,False
"R Figueiredo, D Pitta, AC Salgado, D Souza",2,citantes,r figueiredo d pitta ac salgado d souza,False
MS Mota,2,citantes,ms mota,False
"TLL Siqueira, CDA Ciferri, VC Times, RR Ciferri",2,citantes,tll siqueira cda ciferri vc times rr ciferri,False
"B Vockner, M Mittlböck",2,citantes,b vockner m mittlbock,False
CA Carvalho,2,citantes,ca carvalho,False
CA de Carvalho,2,citantes,ca de carvalho,False
"CB Medeiros, A Santanchè",2,citantes,cb medeiros a santanche,False
"KI Wijegunarathna, K Stock, CB Jones",2,citantes,ki wijegunarathna k stock cb jones,False
"THVM Moura, CA Davis Jr",2,citantes,thvm moura ca davis jr,False
"F da Costa Albuquerque, I Barbosa, MA Casanova",2,citantes,f da costa albuquerque i barbosa ma casanova,False
L Schauer,2,citantes,l schauer,False
HA da Silva,2,citantes,ha da silva,False
"M Pangallo, JP Nadal, A Vignes",2,citantes,m pangallo jp nadal a vignes,False
F da Fonseca Feitosa,2,citantes,f da fonseca feitosa,False
FS Costa,2,citantes,fs costa,False
"H Chen, M Vasardani, S Winter",2,citantes,h chen m vasardani s winter,False
"IM Machado, RO de Alencar, ROC Junior",2,citantes,im machado ro de alencar roc junior,False
"TGS Carneiro, TFM de Lima",2,citantes,tgs carneiro tfm de lima,False
GDS Figueiredo,2,citantes,gds figueiredo,False
"S Roodt, P Joubert",2,citantes,s roodt p joubert,False
"E Moreira, S Costa, AP Aguiar, G Câmara",2,citantes,e moreira s costa ap aguiar g camara,False
"T Lima, T Carneiro, S Faria, P Silva",2,citantes,t lima t carneiro s faria p silva,False
"JS Mota, G Câmara, LMG Fonseca, MI Sobral",2,citantes,js mota g camara lmg fonseca mi sobral,False
"C Stadler, J Lehmann, K Höffner, S Auer",2,citantes,c stadler j lehmann k hoffner s auer,False
"J Viterbo, L Mazuel, Y Charif, M Endler",2,citantes,j viterbo l mazuel y charif m endler,False
"J Partyka, P Parveen, L Khan, B Thuraisingham",2,citantes,j partyka p parveen l khan b thuraisingham,False
"LAP Leme, DF Brauner, KK Breitman",2,citantes,lap leme df brauner kk breitman,False
"A Masri, K Zeitouni, Z Kedad, B Leroy",2,citantes,a masri k zeitouni z kedad b leroy,False
A Soares,2,citantes,a soares,False
C da Puc-rio,2,citantes,c da pucrio,False
"W Ke, O Wei-jie, Z Cheng, L De-yi",2,citantes,w ke o weijie z cheng l deyi,False
J Partyka,2,citantes,j partyka,False
AL Furtado,2,citantes,al furtado,False
FJ Braz,2,citantes,fj braz,False
"FJ Moreno Arboleda, F Arango Isaza",2,citantes,fj moreno arboleda f arango isaza,False
M Gorawski,2,citantes,m gorawski,False
FJM Arboleda,2,citantes,fjm arboleda,False
FJ Moreno Arboleda,2,citantes,fj moreno arboleda,False
"M Gorawski, P Talaga",2,citantes,m gorawski p talaga,False
FJ Behr,2,citantes,fj behr,False
"FJ Behr, S Shresta",2,citantes,fj behr s shresta,False
CB Medeiros,2,citantes,cb medeiros,False
"DR Kishor, NB Venkateswarlu",2,citantes,dr kishor nb venkateswarlu,False
"MG Metello, MA Casanova, MTM de Carvalho",2,citantes,mg metello ma casanova mtm de carvalho,False
"CDG Neto, LMG Fonseca, TS Körting",2,citantes,cdg neto lmg fonseca ts korting,False
"LL Alves, CA Davis Jr",2,citantes,ll alves ca davis jr,False
"L Hutka, D Kadner, L Bernard",2,citantes,l hutka d kadner l bernard,False
PB Maia,2,citantes,pb maia,False
ALP Manhães,2,citantes,alp manhaes,False
"L Abdelhafeez, A Magdy, VJ Tsotras",2,citantes,l abdelhafeez a magdy vj tsotras,False
"N Hönle, M Grossmann, D Nicklas",2,citantes,n honle m grossmann d nicklas,False
"L Antunes, LG Azevedo",2,citantes,l antunes lg azevedo,False
"LCR Antunes, LG Azevedo",2,citantes,lcr antunes lg azevedo,False
"H Dong, Z Cheng, Y Zhao",2,citantes,h dong z cheng y zhao,False
"R Zhu, Y Hu, K Janowicz, G Mckenzie",2,citantes,r zhu y hu k janowicz g mckenzie,False
ALA Marins,2,citantes,ala marins,False
"N Maculan, CJP de Lucena",2,citantes,n maculan cjp de lucena,False
"ES Abreu, S Rosim, CD Rennó",2,citantes,es abreu s rosim cd renno,False
"KD Fook, AM Vieira Monteiro, G Câmara",2,citantes,kd fook am vieira monteiro g camara,False
"AC Jardim, L Vinhas, G Câmara",2,citantes,ac jardim l vinhas g camara,False
"TB de Oliveira, FM Costa",2,citantes,tb de oliveira fm costa,False
I Khan,2,citantes,i khan,False
"V Sessa, R Bhandari, A Ba",2,citantes,v sessa r bhandari a ba,False
"M Cristani, E Karafili",2,citantes,m cristani e karafili,False
"L Weitzel, E Argolo, J Calixto, AP Pimentel",2,citantes,l weitzel e argolo j calixto ap pimentel,False
"CE da Costa, JF Néis, R Fileto",2,citantes,ce da costa jf neis r fileto,False
장윤섭， 오재홍， 김경옥,2,citantes,장윤섭 오재홍 김경옥,False
AF Casas,2,citantes,af casas,False
"TL de Lima Torquato, APC Larocca",2,citantes,tl de lima torquato apc larocca,False
C Gaboardi,2,citantes,c gaboardi,False
"C Zhou, X Zhu, Y Xia, K Su",2,citantes,c zhou x zhu y xia k su,False
"P Corcoran, A Winstanley, P Mooney",2,citantes,p corcoran a winstanley p mooney,False
DP Marques,2,citantes,dp marques,False
E Grandchamp,2,citantes,e grandchamp,False
L Fonseca,2,citantes,l fonseca,False
"W Bonat, HS Dallazuana, PJR Junior, AMV Monteiro",2,citantes,w bonat hs dallazuana pjr junior amv monteiro,False
"L Gómez, A Vaisman, E Zimányi",2,citantes,l gomez a vaisman e zimanyi,False
"L Gómez, B Kuijpers, B Moelans",2,citantes,l gomez b kuijpers b moelans,False
AH Andrade,2,citantes,ah andrade,False
RM de Moraes,2,citantes,rm de moraes,False
"JJ Dujmović, G de Tré, N Van de Weghe",2,citantes,jj dujmovic g de tre n van de weghe,False
"MP de Bakker, K de Jong, O Schmitz",2,citantes,mp de bakker k de jong o schmitz,False
"CA Davis Jr, RO de Alencar",2,citantes,ca davis jr ro de alencar,False
"FL Leite Jr, CS Baptista, PA Silva",2,citantes,fl leite jr cs baptista pa silva,False
OC Silva,2,citantes,oc silva,False
CDEO da Terra,2,citantes,cdeo da terra,False
"WS Meyer, MR Ramirez, JM Souza",2,citantes,ws meyer mr ramirez jm souza,False
H Liu,2,citantes,h liu,False
WP Amorim,2,citantes,wp amorim,False
"TLC Nascimento, CSS Teixeira",2,citantes,tlc nascimento css teixeira,False
"MAFM Magalhães, RA Medronho",2,citantes,mafm magalhaes ra medronho,False
"LSM Cardoso, RA Teixeira",2,citantes,lsm cardoso ra teixeira,False
MB Nery,2,citantes,mb nery,False
"MHS Freire, APMM Barros, L Andrade",2,citantes,mhs freire apmm barros l andrade,False
"MM Lima, SGN Gama, ARM Favacho",2,citantes,mm lima sgn gama arm favacho,False
RG Ramos,2,citantes,rg ramos,False
"R Župan, S Frangeš",2,citantes,r zupan s franges,False
CP Ribeiro,2,citantes,cp ribeiro,False
"L Longpré, V Kreinovich",2,citantes,l longpre v kreinovich,False
"NS Ribeiro, LGL Fernandes",2,citantes,ns ribeiro lgl fernandes,False
"DF Adamatti, MS de Aguiar",2,citantes,df adamatti ms de aguiar,False
"M Yuan, KS Hornsby",2,citantes,m yuan ks hornsby,False
"MA Martínez-rosales, L Serguei",2,citantes,ma martinezrosales l serguei,False
"VL Rodrigues, MVA Andrade, GR de Queiroz",2,citantes,vl rodrigues mva andrade gr de queiroz,False
"A Grzegorczyk, B Jaczewska",2,citantes,a grzegorczyk b jaczewska,False
"A Buccella, A Cechich",2,citantes,a buccella a cechich,False
A Tanaka,2,citantes,a tanaka,False
"M Boratto, P Alonso, C Ramiro, M Barreto",2,citantes,m boratto p alonso c ramiro m barreto,False
"M Boratto, P Alonso, D Giménez, M Barreto",2,citantes,m boratto p alonso d gimenez m barreto,False
C Stach,2,citantes,c stach,False
"A Shafique, G Cao, Z Khan, M Asad, M Aslam",2,citantes,a shafique g cao z khan m asad m aslam,False
"SZ Kovalsky, G Cohen, R Hagege",2,citantes,sz kovalsky g cohen r hagege,False
DC Costa,2,citantes,dc costa,False
AR Lamas,2,citantes,ar lamas,False
"J da Silva, VC Times, RN Fidalgo",2,citantes,j da silva vc times rn fidalgo,False
DMV Barros,2,citantes,dmv barros,False
CM Costa,2,citantes,cm costa,False
"E Moreira, APD de Aguiar, SS Costa, G Câmara",2,citantes,e moreira apd de aguiar ss costa g camara,False
D Sathyamoorthy,2,citantes,d sathyamoorthy,False
"T Carneiro, G Câmara",2,citantes,t carneiro g camara,False
"ES Abreu, S Rosim, JRF Oliveira, G Ribeiro, LV Dutra",2,citantes,es abreu s rosim jrf oliveira g ribeiro lv dutra,False
"DB Neill, AW Moore",2,citantes,db neill aw moore,False
"CA Davis Jr, FT Fonseca",2,citantes,ca davis jr ft fonseca,False
"I Bensalem, MK Kholladi",2,citantes,i bensalem mk kholladi,False
"CA Davis Jr, E de Salles",2,citantes,ca davis jr e de salles,False
"KAV Borges, CA Davis Jr, AHF Laender, CB Medeiros",2,citantes,kav borges ca davis jr ahf laender cb medeiros,False
"LA de Souza, TM Delboni, KAV Borges, CA Davis Jr",2,citantes,la de souza tm delboni kav borges ca davis jr,False
"AA Frozza, R Gonçalves",2,citantes,aa frozza r goncalves,False
RM Fernandes,2,citantes,rm fernandes,False
"TM Delboni, KAV Borges, AHF Laender",2,citantes,tm delboni kav borges ahf laender,False
"MEI Malaainine, H Lechgar",2,citantes,mei malaainine h lechgar,False
RNP Vargas,2,citantes,rnp vargas,False
DW Goldberg,2,citantes,dw goldberg,False
C Amelunxen,2,citantes,c amelunxen,False
"L Vinhas, KR Ferreira",2,citantes,l vinhas kr ferreira,False
CDEC da Computação,2,citantes,cdec da computacao,False
"CC da Computação, TC de Curso",2,citantes,cc da computacao tc de curso,False
Universidade Luterana do Brasil,2,citantes,universidade luterana do brasil,False
GN Hess,2,citantes,gn hess,False
"AD Bastos, C Iochpe, JV de Lima",2,citantes,ad bastos c iochpe jv de lima,False
ET Nakamura,2,citantes,et nakamura,False
LM Namikawa,2,citantes,lm namikawa,False
"LV Souza, KR Ferreira, JCP de Garrido, GR de Queiroz",2,citantes,lv souza kr ferreira jcp de garrido gr de queiroz,False
"BT Quinelato, DM Junior, RM Rosi",2,citantes,bt quinelato dm junior rm rosi,False
GZ Pastorello Jr,2,citantes,gz pastorello jr,False
"A Fernandes, AEM Ciarlini, AL Furtado",2,citantes,a fernandes aem ciarlini al furtado,False
"AT Ferreira Filho, VF Cardoso",2,citantes,at ferreira filho vf cardoso,False
"R Berardinelli, D Mendonca, LB Morais, MTM Carvalho",2,citantes,r berardinelli d mendonca lb morais mtm carvalho,False
"VHM Azevedo, MSP Meirelles, RPD Ferraz",2,citantes,vhm azevedo msp meirelles rpd ferraz,False
CMD de Pinho,2,citantes,cmd de pinho,False
C Ruschel,2,citantes,c ruschel,False
"C Ruschel, C Iochpe, J Lisboa Filho",2,citantes,c ruschel c iochpe j lisboa filho,False
VBN Coelho,2,citantes,vbn coelho,False
"BM Pedrosa, L Camolesi Jr, G Câmara, MTP Vieira",2,citantes,bm pedrosa l camolesi jr g camara mtp vieira,False
"KR Ferreira, JAC Paiva, G Câmara",2,citantes,kr ferreira jac paiva g camara,False
"L Vinhas, G Câmara",2,citantes,l vinhas g camara,False
"EXL de Andrade, R Sampaio, GN Silva",2,citantes,exl de andrade r sampaio gn silva,False
"AM Dias, MS Aguiar, GP Dimuro, ACR Costa",2,citantes,am dias ms aguiar gp dimuro acr costa,False
"L Velho, T Novello, V Silva, D Lucio",2,citantes,l velho t novello v silva d lucio,False
"L Rocha, S Pinheiro, MB Vieira, L Velho",2,citantes,l rocha s pinheiro mb vieira l velho,False
"Y Wang, F Wei",2,citantes,y wang f wei,False
"Y Wang, S Hu",2,citantes,y wang s hu,False
JG de Souza Lima,2,citantes,jg de souza lima,False
"S Sellami, N Zarour",2,citantes,s sellami n zarour,False
"J Guilherme, S Lima, CB Medeiros, ED Assad",2,citantes,j guilherme s lima cb medeiros ed assad,False
P Di Donato,2,citantes,p di donato,False
"G Câmara, H Onsrud",2,citantes,g camara h onsrud,False
"PF Uhlir, JM Esanu",2,citantes,pf uhlir jm esanu,False
"B Howe, D Maier, A Baptista",2,citantes,b howe d maier a baptista,False
"L Vinhas, RCM de Souza, G Câmara",2,citantes,l vinhas rcm de souza g camara,False
"B Pedrosa, G Câmara, F Fonseca",2,citantes,b pedrosa g camara f fonseca,False
P Lima,2,citantes,p lima,False
"RPD Estrada, JADC Paiva, G Câmara",2,citantes,rpd estrada jadc paiva g camara,False
"KR Ferreira, L Vinhas, GR de Queiroz, RCM de Souza",2,citantes,kr ferreira l vinhas gr de queiroz rcm de souza,False
"G Câmara, AMV Monteiro",2,citantes,g camara amv monteiro,False
ADAS Semântica,2,citantes,adas semantica,False
"LG Sousa, JC Leite",2,citantes,lg sousa jc leite,False
PCR Borges,2,citantes,pcr borges,False
"EG Silva, VR Boccato",2,citantes,eg silva vr boccato,False
"CS Chagas, CAO Vieira, EI Fernandes Filho",2,citantes,cs chagas cao vieira ei fernandes filho,False
"DM Nunes, NG Medeiros, AP Santos",2,citantes,dm nunes ng medeiros ap santos,False
"MCC Baranauskas, J Schimiguel, AB Prado",2,citantes,mcc baranauskas j schimiguel ab prado,False
"R Simon, P Fröhlich",2,citantes,r simon p frohlich,False
"R Simon, P Fröhlich, H Anegg",2,citantes,r simon p frohlich h anegg,False
"ASMM Rahman, A El Saddik",2,citantes,asmm rahman a el saddik,False
"V Cho, E Ngai",2,citantes,v cho e ngai,False
CA Felgueiras,2,citantes,ca felgueiras,False
J Lisboa Filho,2,citantes,j lisboa filho,False
"H Margotte, CS Hara, ATR Pozo",1,citantes,h margotte cs hara atr pozo,False
"W Leal Filho, FC Alves, MS Reis, VL Camilotti",1,citantes,w leal filho fc alves ms reis vl camilotti,False
"MS Reis, J Doblas, LH Gusmão",1,citantes,ms reis j doblas lh gusmao,False
"MS Reis, ÉT Rodrigues, E Gomes",1,citantes,ms reis et rodrigues e gomes,False
"IN da Silva, G Dietzsch, EH Shiguemori",1,citantes,in da silva g dietzsch eh shiguemori,False
"ADB Garcia, VHR Prudente",1,citantes,adb garcia vhr prudente,False
"C Pugliese, F Lettich, F Pinelli",1,citantes,c pugliese f lettich f pinelli,False
"VL Machado, TT Portela, C Renso",1,citantes,vl machado tt portela c renso,False
"VLMTT Portela3ô, CRR dos Santos Mello",1,citantes,vlmtt portela3o crr dos santos mello,False
"CG Messias, CA de Almeida, DE Silva",1,citantes,cg messias ca de almeida de silva,False
"NR Schneider, K O'sullivan",1,citantes,nr schneider k osullivan,False
NR Schneider,1,citantes,nr schneider,False
"R Canizales, L Mixco, J Mcclurg",1,citantes,r canizales l mixco j mcclurg,False
"RA Canizales Turcios, J Mcclurg, S Rajopadhye",1,citantes,ra canizales turcios j mcclurg s rajopadhye,False
"MMS Cursino, S Amaral",1,citantes,mms cursino s amaral,False
"F de Oliveira Passos¹, BV Adorno, RS do Carmo",1,citantes,f de oliveira passos1 bv adorno rs do carmo,False
"RZ Molinez, RS Carmo, DSA Santana, FO Passos",1,citantes,rz molinez rs carmo dsa santana fo passos,False
"FG Petrone, DT da Silva, AB Maia, IDA Sanches",1,citantes,fg petrone dt da silva ab maia ida sanches,False
"OA Al-obaidi, AZ Al-qaisi, H Dibs",1,citantes,oa alobaidi az alqaisi h dibs,False
"F da Silva Soares, BH Sacramento, RA Valente",1,citantes,f da silva soares bh sacramento ra valente,False
"M Ferreira, D Braga, E Rocha, Í Mira, AC de Oliveira",1,citantes,m ferreira d braga e rocha i mira ac de oliveira,False
"JL Souza, C Maraschin",1,citantes,jl souza c maraschin,False
"R Aguilar, C Maraschin",1,citantes,r aguilar c maraschin,False
"AMR Xavier, C Maraschin",1,citantes,amr xavier c maraschin,False
JL Souza,1,citantes,jl souza,False
D Becker,1,citantes,d becker,False
LX Corrêa,1,citantes,lx correa,False
"FHO Duarte, GJP Moreira, EJS Luz, LBL Santos",1,citantes,fho duarte gjp moreira ejs luz lbl santos,False
"FHO Duarte, A Pedro",1,citantes,fho duarte a pedro,False
"AC de Sousa Almeida, FG de Jesus",1,citantes,ac de sousa almeida fg de jesus,False
"SD Santos, IS Leonardi, M de Dineque Cassenote",1,citantes,sd santos is leonardi m de dineque cassenote,False
"AW Coffin, DM Olson, L Seymour, DD Bosch",1,citantes,aw coffin dm olson l seymour dd bosch,False
"RM Lima, EJ Seidel",1,citantes,rm lima ej seidel,False
"EJ Seidel, JB Pazini, VLD Tomazella",1,citantes,ej seidel jb pazini vld tomazella,False
"SD Santos, IS Leonardi, MD Cassenote, AM Silva",1,citantes,sd santos is leonardi md cassenote am silva,False
"EG Cima, WF da Rocha-junior",1,citantes,eg cima wf da rochajunior,False
"TFS de Freitas, ER Hickel, A Khrimian, M Borges",1,citantes,tfs de freitas er hickel a khrimian m borges,False
MA Dueñas-lópez,1,citantes,ma duenaslopez,False
"Fenelc de Palma, DE Aceite",1,citantes,fenelc de palma de aceite,False
M Ciro Hoyos,1,citantes,m ciro hoyos,False
"J Yang, W Yu, Y Lv, J Sun, B Sun",1,citantes,j yang w yu y lv j sun b sun,False
"K Sehairi, A Bouhafs, IM Boucherit",1,citantes,k sehairi a bouhafs im boucherit,False
"B Rech, RN Moreira, TAG Mello, T Klouček, J Komárek",1,citantes,b rech rn moreira tag mello t kloucek j komarek,False
"VO Suba, E Oluoch, A Akter, O Iheme, L Sikuku",1,citantes,vo suba e oluoch a akter o iheme l sikuku,False
"FA Souza, EDB da Silva, SP Camboim",1,citantes,fa souza edb da silva sp camboim,False
"LDS Bomfim, H Pedrini, AC Vidal",1,citantes,lds bomfim h pedrini ac vidal,False
IM de Rochas,1,citantes,im de rochas,False
"CGK Atuheire, J Okwee-acai, M Taremwa",1,citantes,cgk atuheire j okweeacai m taremwa,False
"BD dos Santos, CMD de Pinho, A Páez, S Amaral",1,citantes,bd dos santos cmd de pinho a paez s amaral,False
"FR Feller, R dos Santos Mello",1,citantes,fr feller r dos santos mello,False
"F Feller, R dos Santos Mello",1,citantes,f feller r dos santos mello,False
SD Silva,1,citantes,sd silva,False
"SD Silva, CEC Campelo",1,citantes,sd silva cec campelo,False
"MAF de Oliveira, ALR de Freitas, FC de Souza",1,citantes,maf de oliveira alr de freitas fc de souza,False
DA Braga,1,citantes,da braga,False
"GF Costa, LBL Santos, VLS Freitas",1,citantes,gf costa lbl santos vls freitas,False
"AAS Jorge, J Cintineo, IC Costa",1,citantes,aas jorge j cintineo ic costa,False
"R Rocha, E Carvalho, E Oliveira",1,citantes,r rocha e carvalho e oliveira,False
"DJ Dutra, PM Fearnside, AM Yanai, P Graça",1,citantes,dj dutra pm fearnside am yanai p graca,False
"PHA Leão, LO Anderson",1,citantes,pha leao lo anderson,False
"PR Zanin, RBL Cavalcante",1,citantes,pr zanin rbl cavalcante,False
"JAJP Soares, MM Diniz, L Bacelar",1,citantes,jajp soares mm diniz l bacelar,False
D Castro-rodas,1,citantes,d castrorodas,False
"W Yin, F Deuser, J Jiang, Z Liu, X Luo",1,citantes,w yin f deuser j jiang z liu x luo,False
"AA Ako, B Nafisat, LS Usman",1,citantes,aa ako b nafisat ls usman,False
T Brasileiro,1,citantes,t brasileiro,False
E Šahinović,1,citantes,e sahinovic,False
"RA de Souza, V Moura, BL Tavares, MVA de Brito",1,citantes,ra de souza v moura bl tavares mva de brito,False
"PL Balley, SV Sonekar",1,citantes,pl balley sv sonekar,False
"WZ Silva, IAR Eleutério, LR Teixeira",1,citantes,wz silva iar eleuterio lr teixeira,False
"WZ Silva, IAR Eleutério, LR Teixeira, AJM Traina",1,citantes,wz silva iar eleuterio lr teixeira ajm traina,False
"BJ Limb, JP Smith, S Simske",1,citantes,bj limb jp smith s simske,False
BJ Limb,1,citantes,bj limb,False
J Quinn,1,citantes,j quinn,False
"LHD de Paula, MA Pereira, EKC Teixeira",1,citantes,lhd de paula ma pereira ekc teixeira,False
"K Sugianti, A Tohari",1,citantes,k sugianti a tohari,False
C Niyigena,1,citantes,c niyigena,False
Á Negro,1,citantes,a negro,False
"J Aires, J Roncato",1,citantes,j aires j roncato,False
"SS Suraci, LC Oliveira, I Klein",1,citantes,ss suraci lc oliveira i klein,False
"SS Suraci, LC de Oliveira, I Klein, RR Goldschmidt",1,citantes,ss suraci lc de oliveira i klein rr goldschmidt,False
LDEB Souza,1,citantes,ldeb souza,False
"PO Passarini, FJS Coelho, MA Pereira, NG Silva",1,citantes,po passarini fjs coelho ma pereira ng silva,False
"G da Rocha Bragion¹, ACF Santos, AP Dal'asta¹",1,citantes,g da rocha bragion1 acf santos ap dalasta1,False
"E Oliveira, C Celes, CT Oliveira, R Braga",1,citantes,e oliveira c celes ct oliveira r braga,False
"C Iadanza, A Trigila, P Starace, A Dragoni",1,citantes,c iadanza a trigila p starace a dragoni,False
"SK Nouwakpo, D Bjorneberg",1,citantes,sk nouwakpo d bjorneberg,False
"NC Mandal, OB Hoque, A Adiga, S Swarup",1,citantes,nc mandal ob hoque a adiga s swarup,False
"B Madhusanka, S Ramadass, H Herath",1,citantes,b madhusanka s ramadass h herath,False
YA Otmane,1,citantes,ya otmane,False
"JP Clarindo, JPC Castro",1,citantes,jp clarindo jpc castro,False
"W Saber, R Eisa, R Attia",1,citantes,w saber r eisa r attia,False
"RC Lima, WMA Aviz, FJ Coutinho, JP Clarindo",1,citantes,rc lima wma aviz fj coutinho jp clarindo,False
"L Abazi, B Hyseni",1,citantes,l abazi b hyseni,False
CL Ribeiro,1,citantes,cl ribeiro,False
"FBJR Dallaqua, FA Faria, ÁL Fazenda",1,citantes,fbjr dallaqua fa faria al fazenda,False
"CHT Brumatti, EL Figueiredo, LF Dorigueto",1,citantes,cht brumatti el figueiredo lf dorigueto,False
"LF Dorigueto, CHT Brumatti, EL Figueiredo",1,citantes,lf dorigueto cht brumatti el figueiredo,False
"A Jorge, VLS Freitas, IC Costa, LBL Santos",1,citantes,a jorge vls freitas ic costa lbl santos,False
"IS Diniz, LBL Santos",1,citantes,is diniz lbl santos,False
"I da Silva Diniz, AAS Jorge",1,citantes,i da silva diniz aas jorge,False
"C Paulista, SPŠ Brazil",1,citantes,c paulista sps brazil,False
"AAS Jorge, IS Diniz, VLS Freitas, IC Costa",1,citantes,aas jorge is diniz vls freitas ic costa,False
"МВ Куклина, ВВ Филиппова, НЕ Красноштанова",1,citantes,мв куклина вв филиппова не красноштанова,False
"HB Leal, AJP Calheiros, HMJ Barbosa, AP Almeida",1,citantes,hb leal ajp calheiros hmj barbosa ap almeida,False
AF Cordeiro,1,citantes,af cordeiro,False
"I Haddad, EV Silva, V Bourscheidt, CM Almeida",1,citantes,i haddad ev silva v bourscheidt cm almeida,False
"I Haddad, EV Silva, V Bourscheidt",1,citantes,i haddad ev silva v bourscheidt,False
TS Martins,1,citantes,ts martins,False
"T Martins, NP Kozievitch",1,citantes,t martins np kozievitch,False
"P Henrique Casarotto, R Cerri",1,citantes,p henrique casarotto r cerri,False
"RL Carbolim, VCP Silva, R Arruda, L Cavalheiro",1,citantes,rl carbolim vcp silva r arruda l cavalheiro,False
"KV Conceição, MED Chaves",1,citantes,kv conceicao med chaves,False
"GV Pereira, AV de Carvalho",1,citantes,gv pereira av de carvalho,False
M Grosso-brasil,1,citantes,m grossobrasil,False
"EK Waters, CCM Chen, MR Azghadi",1,citantes,ek waters ccm chen mr azghadi,False
"PM Kai, BM de Oliveira, RM da Costa",1,citantes,pm kai bm de oliveira rm da costa,False
"PM Kai, RM da Costa, BM de Oliveira",1,citantes,pm kai rm da costa bm de oliveira,False
"PM Kai, BM de Oliveira, GS Vieira",1,citantes,pm kai bm de oliveira gs vieira,False
"SH Lee, KJ Han, K Lee, KJ Lee, KY Oh, MJ Lee",1,citantes,sh lee kj han k lee kj lee ky oh mj lee,False
"J Potratz, CEM Villalobos",1,citantes,j potratz cem villalobos,False
"CM Monteiro, CAS Machado, AC Nardocci",1,citantes,cm monteiro cas machado ac nardocci,False
CM Monteiro,1,citantes,cm monteiro,False
"AS Cavalcante, JL Maia, ACV Freitas",1,citantes,as cavalcante jl maia acv freitas,False
"A Stateczny, SM Bolugallu, PB Divakarachari",1,citantes,a stateczny sm bolugallu pb divakarachari,False
"MAJS Pletsch, TS Körting, FC Morita, CHL Silva-junior",1,citantes,majs pletsch ts korting fc morita chl silvajunior,False
"TT Lindley, AB Zwink, CM Gravelle",1,citantes,tt lindley ab zwink cm gravelle,False
"JC Machado, ERD Neto",1,citantes,jc machado erd neto,False
EP de Mattos,1,citantes,ep de mattos,False
"PHV Vilbert, EL Alba, VL Machado",1,citantes,phv vilbert el alba vl machado,False
PG Balboa,1,citantes,pg balboa,False
"M Savari, B Khaleghi",1,citantes,m savari b khaleghi,False
"M Savari, HE Damaneh, HE Damaneh",1,citantes,m savari he damaneh he damaneh,False
"I Marković, H Yao, S Wielandt",1,citantes,i markovic h yao s wielandt,False
"LAS Cardoso, BDR de Mesquita",1,citantes,las cardoso bdr de mesquita,False
"ENN Elias, S Giehl, FR Amorim, MAR Schmidt",1,citantes,enn elias s giehl fr amorim mar schmidt,False
"T Mecheva, R Furnadzhiev, N Kakanakov",1,citantes,t mecheva r furnadzhiev n kakanakov,False
"SK Singh, AK Singh",1,citantes,sk singh ak singh,False
"R Khoshkangini, NR Kalia",1,citantes,r khoshkangini nr kalia,False
"A Handojo, N Pujawan, B Santosa",1,citantes,a handojo n pujawan b santosa,False
"LP Soares, HC Dias, GPB Garcia, CH Grohmann",1,citantes,lp soares hc dias gpb garcia ch grohmann,False
"TDT Uehara, T Sehn Körting",1,citantes,tdt uehara t sehn korting,False
"TDT Uehara, AR Soares, RP Quevedo",1,citantes,tdt uehara ar soares rp quevedo,False
"FM Carlos, VCF Gomes, GR de Queiroz",1,citantes,fm carlos vcf gomes gr de queiroz,False
"LE Damasceno, MMV de Paula",1,citantes,le damasceno mmv de paula,False
"AM Maciel, ML Rodrigues, Y Nunes, LB Luz",1,citantes,am maciel ml rodrigues y nunes lb luz,False
"T de Medeiros, B dos Santos, GET Oliveira",1,citantes,t de medeiros b dos santos get oliveira,False
"FB Marujo, MC Zaglia, L Vinhas, K Reis",1,citantes,fb marujo mc zaglia l vinhas k reis,False
"ED Okonta, GC Israel, FO Okeke",1,citantes,ed okonta gc israel fo okeke,False
"MO Rosa, KVO Fonseca, NP Kozievitch",1,citantes,mo rosa kvo fonseca np kozievitch,False
"SC de Andrade, J Porto de Albuquerque",1,citantes,sc de andrade j porto de albuquerque,False
VM Silva,1,citantes,vm silva,False
"MM Alam, L Torgo, A Bifet",1,citantes,mm alam l torgo a bifet,False
"AC Carniel, HC Gonçalves",1,citantes,ac carniel hc goncalves,False
"JPC Santos, CDA Ciferri",1,citantes,jpc santos cda ciferri,False
"JPC dos Santos, CD de Aguiar Ciferri",1,citantes,jpc dos santos cd de aguiar ciferri,False
"JG Costa, LF Ribeiro, GC Guerrero",1,citantes,jg costa lf ribeiro gc guerrero,False
"JG Costa, NP Kozievitch",1,citantes,jg costa np kozievitch,False
"JLSB Cavalcante, MP Sindeaux Neto",1,citantes,jlsb cavalcante mp sindeaux neto,False
"M Balan, J Daltio, S Passarinho",1,citantes,m balan j daltio s passarinho,False
"NC Gamarra, ACL Costa, MAC Ferreira",1,citantes,nc gamarra acl costa mac ferreira,False
"MH de Oliveira, MES Verissimo, BC da Silva",1,citantes,mh de oliveira mes verissimo bc da silva,False
"EB Maciel, MLA Albuquerque, ALM Pessanha",1,citantes,eb maciel mla albuquerque alm pessanha,False
"JF de França, CC Souza",1,citantes,jf de franca cc souza,False
"NAP Moreira, EF Castejon, MS Reis, LV Dutra",1,citantes,nap moreira ef castejon ms reis lv dutra,False
"H Guo, B Xu, H Yang, B Li, Y Yue, S Zhao",1,citantes,h guo b xu h yang b li y yue s zhao,False
MRG Meireles,1,citantes,mrg meireles,False
"J Daltio, AR Farias, LA Magalhães",1,citantes,j daltio ar farias la magalhaes,False
"J Daltio, M Balan, MF Fonseca, EC Mario Balan",1,citantes,j daltio m balan mf fonseca ec mario balan,False
O Mitxelena-hoyos,1,citantes,o mitxelenahoyos,False
"NS Trindade, AH Kronbauer, HG Aragão, J Campos",1,citantes,ns trindade ah kronbauer hg aragao j campos,False
"VG Sperandio, CH Tavares",1,citantes,vg sperandio ch tavares,False
"LP dos Reis, DS Kaster",1,citantes,lp dos reis ds kaster,False
"AM Abubahia, S Chakhar, M Cocea",1,citantes,am abubahia s chakhar m cocea,False
"MH Coelho, OO Bittencourt, F Morelli",1,citantes,mh coelho oo bittencourt f morelli,False
"OO Bittencourt, F Morelli, CA dos Santos Júnior",1,citantes,oo bittencourt f morelli ca dos santos junior,False
"OO Bittencourt, F Morelli, CAS Júnior",1,citantes,oo bittencourt f morelli cas junior,False
"CA dos Santos Júnior, OO Bittencourt, F Morelli",1,citantes,ca dos santos junior oo bittencourt f morelli,False
MA de Sousa Reis,1,citantes,ma de sousa reis,False
"OM Katipoğlu, M Keblouti",1,citantes,om katipoglu m keblouti,False
"VHC Lima, M de Arruda Pereira",1,citantes,vhc lima m de arruda pereira,False
"LO Bayma, MA Pereira",1,citantes,lo bayma ma pereira,False
"JM Oliveira-junior, M de Arruda Pereira",1,citantes,jm oliveirajunior m de arruda pereira,False
"VHA Alves, MA Pereira",1,citantes,vha alves ma pereira,False
"LA Nicolau, CA Davis Jr",1,citantes,la nicolau ca davis jr,False
"X Liu, F Yang, H Wei, M Gao",1,citantes,x liu f yang h wei m gao,False
"B Yang, M Zhao, Y Xing, F Zeng, Z Sun",1,citantes,b yang m zhao y xing f zeng z sun,False
"SST de Oliveira, LML Pascoal",1,citantes,sst de oliveira lml pascoal,False
"A Soares, T Körting, L Fonseca",1,citantes,a soares t korting l fonseca,False
"A Tamondong, IE Cadalzo, MS Estabillo",1,citantes,a tamondong ie cadalzo ms estabillo,False
"T Mulrooney, I Gutierrez",1,citantes,t mulrooney i gutierrez,False
"VF Schettini, RM de Oliveira Laguardia",1,citantes,vf schettini rm de oliveira laguardia,False
"CVM de Souza, FMD Barbosa, JEB de Souza Linhares",1,citantes,cvm de souza fmd barbosa jeb de souza linhares,False
"GM da Silva, BV Adorno, GR de Queiroz",1,citantes,gm da silva bv adorno gr de queiroz,False
"LR Tomás, GG Soares, AAS Jorge",1,citantes,lr tomas gg soares aas jorge,False
"F de Oliveira Simoyama, S Croope, LR Tomás",1,citantes,f de oliveira simoyama s croope lr tomas,False
"I Hossain, N Nower",1,citantes,i hossain n nower,False
"LS Ribeiro, TP Faleiros, M Holanda",1,citantes,ls ribeiro tp faleiros m holanda,False
ОЮ Краснобородько,1,citantes,ою краснобородько,False
"DB Alves, A Fidelis, F Pérez-cabello",1,citantes,db alves a fidelis f perezcabello,False
"Y Perez, PHT Schimit, FH Pereira",1,citantes,y perez pht schimit fh pereira,False
"IA Hadimlioglu, SA King",1,citantes,ia hadimlioglu sa king,False
"SG Santos, JC Melo, RG Constantino",1,citantes,sg santos jc melo rg constantino,False
"VJFS Santana, HJS Júnior, FCL Véras",1,citantes,vjfs santana hjs junior fcl veras,False
"HJ da Silva Júnior, FCL Véras",1,citantes,hj da silva junior fcl veras,False
"A Sanchez-atondo, L Garcia, J Calderon-ramirez",1,citantes,a sanchezatondo l garcia j calderonramirez,False
"S Wang, F Ding, Y Wang, A Gar On Yeh, G Huang",1,citantes,s wang f ding y wang a gar on yeh g huang,False
"CA Martin, R Proulx, M Vellend, L Fahrig",1,citantes,ca martin r proulx m vellend l fahrig,False
"J Siqueira-gay, LJ Sonter, LE Sánchez",1,citantes,j siqueiragay lj sonter le sanchez,False
"AK Neves, TS Körting, LMG Fonseca, MIS Escada",1,citantes,ak neves ts korting lmg fonseca mis escada,False
"FBJR Dallaqua, ÁL Fazenda, FA Faria",1,citantes,fbjr dallaqua al fazenda fa faria,False
"LO Junior, S Nunes, CS Junior",1,citantes,lo junior s nunes cs junior,False
"V do Prado Capanema, IDA Sanches, MIS Escada",1,citantes,v do prado capanema ida sanches mis escada,False
JL Hyde,1,citantes,jl hyde,False
"A Ibrahim, H Zhang, S Clinch, S Harper",1,citantes,a ibrahim h zhang s clinch s harper,False
"T Johnson, E Kanjo",1,citantes,t johnson e kanjo,False
"A Hadjipieris, N Dimitriou",1,citantes,a hadjipieris n dimitriou,False
"E Jean Milien, GM Nunes, G Pierre, SK Hamilton",1,citantes,e jean milien gm nunes g pierre sk hamilton,False
"M Pletsch, TV Penha, CHS Junior",1,citantes,m pletsch tv penha chs junior,False
EM Gonçalves,1,citantes,em goncalves,False
"PF de Aguiar, A Vieira",1,citantes,pf de aguiar a vieira,False
FS Valley,1,citantes,fs valley,False
CTP Barbosa,1,citantes,ctp barbosa,False
"BC Carvalho, RMA Figueira",1,citantes,bc carvalho rma figueira,False
"TM Pinheiro, C Esperança",1,citantes,tm pinheiro c esperanca,False
"MAJS Pletsch, TS Körting",1,citantes,majs pletsch ts korting,False
"AL Maciel, D Alves, S Sant'anna",1,citantes,al maciel d alves s santanna,False
"VDL Bezerra, MSR Queiroz, SJS Sant'anna",1,citantes,vdl bezerra msr queiroz sjs santanna,False
"SS Ribeiro, Adopdar Florestal",1,citantes,ss ribeiro adopdar florestal,False
"C Carvalho, AG Del Campo",1,citantes,c carvalho ag del campo,False
"JR Mayaud, S Anderson, M Tran, V Radić",1,citantes,jr mayaud s anderson m tran v radic,False
"DVC Almeida, PC Magalhães-matos",1,citantes,dvc almeida pc magalhaesmatos,False
S Althabiti,1,citantes,s althabiti,False
"JC da Silva Junior, V Medeiros, C Garrozi",1,citantes,jc da silva junior v medeiros c garrozi,False
"D Bezerra, J Junior, G Gonçalves",1,citantes,d bezerra j junior g goncalves,False
"VS Araujo, AF Andrade, SP Camboim",1,citantes,vs araujo af andrade sp camboim,False
"F Silveira, AA Machado, AF Andrade",1,citantes,f silveira aa machado af andrade,False
"VS Araujo, CR Sluter, SP Camboim",1,citantes,vs araujo cr sluter sp camboim,False
"A Kumari, S Tanwar, S Tyagi, N Kumar",1,citantes,a kumari s tanwar s tyagi n kumar,False
"BEB Semlali, C El Amrani, G Ortiz",1,citantes,beb semlali c el amrani g ortiz,False
"L Wang, J Yan, Y Ma",1,citantes,l wang j yan y ma,False
"M Rhif, A Ben Abbes, B Martinez, IR Farah",1,citantes,m rhif a ben abbes b martinez ir farah,False
"D Xu, Y Ma, J Yan, P Liu, L Chen",1,citantes,d xu y ma j yan p liu l chen,False
"Y Sabri, F Bahja, A Siham, A Maizate",1,citantes,y sabri f bahja a siham a maizate,False
"Y Sabri, A Siham",1,citantes,y sabri a siham,False
SST de Oliveira,1,citantes,sst de oliveira,False
"M Von Mehren, F Gieseke, J Verbesselt",1,citantes,m von mehren f gieseke j verbesselt,False
"MAA Rodrigues, HN Bendini, AR Soares",1,citantes,maa rodrigues hn bendini ar soares,False
"C Lynnes, T Huang",1,citantes,c lynnes t huang,False
"X Shen, L Huang, J Zhu, J Gao",1,citantes,x shen l huang j zhu j gao,False
CNO Sul,1,citantes,cno sul,False
"J Weipeng, T Dongxue, C Guangsheng",1,citantes,j weipeng t dongxue c guangsheng,False
S Wang,1,citantes,s wang,False
"M Rhif, AB Abbes, IR Farah",1,citantes,m rhif ab abbes ir farah,False
P Chen,1,citantes,p chen,False
"LFFG de Assis, K Reis, LV Ferreira, T Novack, A Zipf",1,citantes,lffg de assis k reis lv ferreira t novack a zipf,False
"P Krataithong, C Anutariya, M Buranarach",1,citantes,p krataithong c anutariya m buranarach,False
"X Liu, Q Huang, S Gao, J Xia",1,citantes,x liu q huang s gao j xia,False
"L Bermingham, I Lee",1,citantes,l bermingham i lee,False
"JR Benetka, J Krumm, PN Bennett",1,citantes,jr benetka j krumm pn bennett,False
"T Sakouhi, J Akaichi",1,citantes,t sakouhi j akaichi,False
"J Gong, R Li, H Yao, X Kang, S Li",1,citantes,j gong r li h yao x kang s li,False
F Bisone,1,citantes,f bisone,False
"H Senaratne, D Lehle, T Schreck",1,citantes,h senaratne d lehle t schreck,False
"R Chen, H Yao, R Li, X Kang, S Li, L Dong, J Gong",1,citantes,r chen h yao r li x kang s li l dong j gong,False
"Q Huang, X Liu",1,citantes,q huang x liu,False
LL Bermingham,1,citantes,ll bermingham,False
"HL Godinho Cassol, E Arai, E Eyji Sano, AC Dutra",1,citantes,hl godinho cassol e arai e eyji sano ac dutra,False
"MAA Dassan, EM Mattos, A Vrechi",1,citantes,maa dassan em mattos a vrechi,False
"AC Carniel, RR Ciferri, CD de Aguiar Ciferri",1,citantes,ac carniel rr ciferri cd de aguiar ciferri,False
"AC Carniel, TB da Silva",1,citantes,ac carniel tb da silva,False
EG Moreira,1,citantes,eg moreira,False
"SKP Kushwaha, S Raghavendra, H Pande",1,citantes,skp kushwaha s raghavendra h pande,False
"BF Frimpong, ARG Asonomaso-kwabre",1,citantes,bf frimpong arg asonomasokwabre,False
"S Bahuguna, S Anchal, D Guleria, M Devi",1,citantes,s bahuguna s anchal d guleria m devi,False
W Wanayumini,1,citantes,w wanayumini,False
"Z Zeraatkar, A Shahidi",1,citantes,z zeraatkar a shahidi,False
G Diaz,1,citantes,g diaz,False
"SB Hosseini, A Saremi, MHN Gheydari, H Sedghi",1,citantes,sb hosseini a saremi mhn gheydari h sedghi,False
MP Sangeetha Devi,1,citantes,mp sangeetha devi,False
"SB Hosseini, A Saremi",1,citantes,sb hosseini a saremi,False
"RS Mello, V Bogorny, LO Alvares",1,citantes,rs mello v bogorny lo alvares,False
"L May Petry, C Leite da Silva, A Esuli",1,citantes,l may petry c leite da silva a esuli,False
"LM Petry, CA Ferrero, LO Alvares, C Renso",1,citantes,lm petry ca ferrero lo alvares c renso,False
"CA Ferrero, LM Petry, LO Alvares, CL da Silva",1,citantes,ca ferrero lm petry lo alvares cl da silva,False
"T Tortelli Portela, J Tyska Carvalho",1,citantes,t tortelli portela j tyska carvalho,False
"I Varlamis, C Sardianos, V Bogorny",1,citantes,i varlamis c sardianos v bogorny,False
"H Noureddine, C Ray, C Claramunt",1,citantes,h noureddine c ray c claramunt,False
"H Noureddine, C Ray",1,citantes,h noureddine c ray,False
"I Ostroumov, Y Averyanova",1,citantes,i ostroumov y averyanova,False
"C Moreau, T Devogele, C de Runz",1,citantes,c moreau t devogele c de runz,False
"APR de Souza, C Renso, R Perego",1,citantes,apr de souza c renso r perego,False
"Y Santos, R Giuliani, T Portela, C Renso",1,citantes,y santos r giuliani t portela c renso,False
"P Xiao, M Ang, Z Jiawei, W Lei",1,citantes,p xiao m ang z jiawei w lei,False
"TT Portela, F Vicenzi, V Bogorny",1,citantes,tt portela f vicenzi v bogorny,False
"C Moreau, T Devogele, L Etienne, V Peralta",1,citantes,c moreau t devogele l etienne v peralta,False
"S Chen, X Hu, W Jiang, W Zhou, X Ding",1,citantes,s chen x hu w jiang w zhou x ding,False
"A Esuli, LM Petry, C Renso, V Bogorny",1,citantes,a esuli lm petry c renso v bogorny,False
"U Mir, U Abbasi, Y Yang, ZA Bhatti, T Mir",1,citantes,u mir u abbasi y yang za bhatti t mir,False
"CA Ferrero, LM Petry, LO Alvares, W Zalewski",1,citantes,ca ferrero lm petry lo alvares w zalewski,False
"Y Santos, JT Carvalho",1,citantes,y santos jt carvalho,False
C Moreau,1,citantes,c moreau,False
"PK Vs, S Abraham, S Thomas, B Jose",1,citantes,pk vs s abraham s thomas b jose,False
"TT Portela, CL da Silva, JT Carvalho",1,citantes,tt portela cl da silva jt carvalho,False
N Phung,1,citantes,n phung,False
"C Moreau, T Devogele",1,citantes,c moreau t devogele,False
C Pugliese,1,citantes,c pugliese,False
ZC Dagdia,1,citantes,zc dagdia,False
ML Remião,1,citantes,ml remiao,False
"C Moreau, T Devogele, L Etienne",1,citantes,c moreau t devogele l etienne,False
"F Bisone, L Étienne, T Devogele",1,citantes,f bisone l etienne t devogele,False
"Y Santos, J Tyska, V Bogorny",1,citantes,y santos j tyska v bogorny,False
H Noureddine,1,citantes,h noureddine,False
D Noel,1,citantes,d noel,False
LEIB Co-encadrant,1,citantes,leib coencadrant,False
"J Silveira, G García, A Paiva, M Nery, S Adorno",1,citantes,j silveira g garcia a paiva m nery s adorno,False
"CLM Jerônimo, CEC Campelo",1,citantes,clm jeronimo cec campelo,False
"SVG de Magalhães, WR Franklin, MVA Andrade",1,citantes,svg de magalhaes wr franklin mva andrade,False
"SVG Magalhães, WR Franklin",1,citantes,svg magalhaes wr franklin,False
"SVG de Magalhães, W Randolph Franklin",1,citantes,svg de magalhaes w randolph franklin,False
"W Randolph Franklin, SVG de Magalhães",1,citantes,w randolph franklin svg de magalhaes,False
J Henneberg,1,citantes,j henneberg,False
"H Tamiminia, B Salehi, M Mahdianpari",1,citantes,h tamiminia b salehi m mahdianpari,False
H Tamiminia,1,citantes,h tamiminia,False
"L Mendes, MRM Romeiro, LJL Pimenta, W Oliveira",1,citantes,l mendes mrm romeiro ljl pimenta w oliveira,False
J Böde,1,citantes,j bode,False
"N Hoseinzadeh, Y Liu, LD Han, C Brakewood",1,citantes,n hoseinzadeh y liu ld han c brakewood,False
"X Li, B Dadashova, S Yu, Z Zhang",1,citantes,x li b dadashova s yu z zhang,False
"Z Zhang, LD Han, Y Liu",1,citantes,z zhang ld han y liu,False
"SM Khan, M Chowdhury, LB Ngo, A Apon",1,citantes,sm khan m chowdhury lb ngo a apon,False
M Amin-naseri,1,citantes,m aminnaseri,False
"A Sandt, J Mccombs, H Al-deek",1,citantes,a sandt j mccombs h aldeek,False
"A Girin, N Teslya",1,citantes,a girin n teslya,False
"LG Cuenca, N Aliane, E Puertas",1,citantes,lg cuenca n aliane e puertas,False
RS da Silva,1,citantes,rs da silva,False
X Li,1,citantes,x li,False
"S Tian, Z Yang, Q Yin, Y Yue, X Pei, Z Zhang",1,citantes,s tian z yang q yin y yue x pei z zhang,False
N Hoseinzadeh,1,citantes,n hoseinzadeh,False
"M Gouezo, C Langlais, J Beardsley, G Roff",1,citantes,m gouezo c langlais j beardsley g roff,False
"MSE Explícitos, WSF E Silva, TG de Senna Carneiro",1,citantes,mse explicitos wsf e silva tg de senna carneiro,False
"ACO Silva, LMG Fonseca, TS Körting, MIS Escada",1,citantes,aco silva lmg fonseca ts korting mis escada,False
"C Brasileiro, AC de Oliveira Silva, LMG Fonseca",1,citantes,c brasileiro ac de oliveira silva lmg fonseca,False
"H Herodotou, S Aslam, H Holm, S Theodossiou",1,citantes,h herodotou s aslam h holm s theodossiou,False
"L Etienne, C Ray, E Camossi, C Iphar",1,citantes,l etienne c ray e camossi c iphar,False
"L Lu, H Zhao, H Zhou, Y Jiang",1,citantes,l lu h zhao h zhou y jiang,False
"N Junior, M Roberto",1,citantes,n junior m roberto,False
"F Flores, G Rafael, R Arévalo, D Andrés",1,citantes,f flores g rafael r arevalo d andres,False
"M Borowska-stefańska, M Kowalski",1,citantes,m borowskastefanska m kowalski,False
"J Siqueira-gay, ALCF Gallardo, M Giannotti",1,citantes,j siqueiragay alcf gallardo m giannotti,False
"J Siqueira-gay, APA Dibo, MA Giannotti",1,citantes,j siqueiragay apa dibo ma giannotti,False
"N Ferguson, G Boura, A Gray, E Patelli, E Tubaldi",1,citantes,n ferguson g boura a gray e patelli e tubaldi,False
"J Siqueira-gay, MA Giannotti, M Sester",1,citantes,j siqueiragay ma giannotti m sester,False
"Y Bichibichi, NP Kozievitch, RD da Silva",1,citantes,y bichibichi np kozievitch rd da silva,False
"J Siqueira-gay, APA Dibo",1,citantes,j siqueiragay apa dibo,False
"N Chergui, MT Kechadi",1,citantes,n chergui mt kechadi,False
"MGM Gonçalves, FAP Avalos, JV dos Reis",1,citantes,mgm goncalves fap avalos jv dos reis,False
"A Patel, NC Debnath",1,citantes,a patel nc debnath,False
"M Nogueira, R dos Santos",1,citantes,m nogueira r dos santos,False
"KR Makkena, A Gautam",1,citantes,kr makkena a gautam,False
"EA Speranza, RR Ciferri",1,citantes,ea speranza rr ciferri,False
"N Sidhu, E Pebesma, G Câmara",1,citantes,n sidhu e pebesma g camara,False
"KR Ferreira, GR Queiroz, L Vinhas, RFB Marujo",1,citantes,kr ferreira gr queiroz l vinhas rfb marujo,False
"MCA Picoli, G Camara, I Sanches, R Simões",1,citantes,mca picoli g camara i sanches r simoes,False
"R Simoes, MCA Picoli, G Camara, A Maciel, L Santos",1,citantes,r simoes mca picoli g camara a maciel l santos,False
I Khosravi,1,citantes,i khosravi,False
"VM Rodríguez-moreno, AR Martinez-sifuentes",1,citantes,vm rodriguezmoreno ar martinezsifuentes,False
"ML Rodrigues, TS Körting",1,citantes,ml rodrigues ts korting,False
"K Wang, P Yue, D Yu, R Liu, H Deng",1,citantes,k wang p yue d yu r liu h deng,False
"MA de Souza, DPGB Ferraz",1,citantes,ma de souza dpgb ferraz,False
"G Camara, G Queiroz, L Vinhas, K Ferreira",1,citantes,g camara g queiroz l vinhas k ferreira,False
"V Gomes, GR de Queiroz, K Ferreira",1,citantes,v gomes gr de queiroz k ferreira,False
"DM Uba, JC Ceballos",1,citantes,dm uba jc ceballos,False
"F Zioti, VCF Gomes, E Llapa, GR de Queiroz",1,citantes,f zioti vcf gomes e llapa gr de queiroz,False
"MA de Souza, DPGB Ferraz, CB Madureira",1,citantes,ma de souza dpgb ferraz cb madureira,False
J Eberle,1,citantes,j eberle,False
"L Enamoto, L Weigang",1,citantes,l enamoto l weigang,False
"CLZ da Cruz, TLC dos Santos, CBM Cruz",1,citantes,clz da cruz tlc dos santos cbm cruz,False
"GK Alves, KR Ferreira, B Schultz, TG Rodrigues",1,citantes,gk alves kr ferreira b schultz tg rodrigues,False
"JLP Barker, CJA Macleod",1,citantes,jlp barker cja macleod,False
"K Tzavella, A Fekete, F Fiedrich",1,citantes,k tzavella a fekete f fiedrich,False
"L Tarachucky, J Sabatini-marques, T Yigitcanlar",1,citantes,l tarachucky j sabatinimarques t yigitcanlar,False
"N Donratanapat, S Samadi, JM Vidal",1,citantes,n donratanapat s samadi jm vidal,False
"TAG da Costa, RI Meneguette, J Ueyama",1,citantes,tag da costa ri meneguette j ueyama,False
"FEA Horita, RB Vilela, RG Martins",1,citantes,fea horita rb vilela rg martins,False
"LF Fg de Assis, F Ea Horita, E P. de Freitas, J Ueyama",1,citantes,lf fg de assis f ea horita e p de freitas j ueyama,False
"S Andrews, T Day, K Domdouzis, L Hirsch",1,citantes,s andrews t day k domdouzis l hirsch,False
"JP de Albuquerque, FEA Horita",1,citantes,jp de albuquerque fea horita,False
PGM de Redes,1,citantes,pgm de redes,False
"S Martín, H Uzkeda, J Poblet, M Bulnes",1,citantes,s martin h uzkeda j poblet m bulnes,False
"MP Libório, O da Silva Martinuci, RM Hadad",1,citantes,mp liborio o da silva martinuci rm hadad,False
"PKB Forcel, EL Miyasaka, TA Cunha",1,citantes,pkb forcel el miyasaka ta cunha,False
"GC de Oliveira, TM Anazawa, AMV Monteiro",1,citantes,gc de oliveira tm anazawa amv monteiro,False
"GC Oliveira, TM Anazawa, AMV Monteiro",1,citantes,gc oliveira tm anazawa amv monteiro,False
"P Eksert, H Akcin",1,citantes,p eksert h akcin,False
"BP Hall, MP Dube",1,citantes,bp hall mp dube,False
"J Crompton, TC Coburn, M Maucec",1,citantes,j crompton tc coburn m maucec,False
"LA Santos, KR Ferreira, GR de Queiroz, L Vinhas",1,citantes,la santos kr ferreira gr de queiroz l vinhas,False
"AG de Oliveira Junior, DFA Fontes, PR Andrade",1,citantes,ag de oliveira junior dfa fontes pr andrade,False
"RM Wiyadi, Y Syahnur, Y Supriyadi",1,citantes,rm wiyadi y syahnur y supriyadi,False
S Eremeev,1,citantes,s eremeev,False
"JD Bulanadi, GM Tumibay",1,citantes,jd bulanadi gm tumibay,False
"DDM Pamplona, JRG Lansangan, EB Barrios",1,citantes,ddm pamplona jrg lansangan eb barrios,False
"WR Franklin, SVG Magalhães",1,citantes,wr franklin svg magalhaes,False
"FP Freiman, DR dos Santos",1,citantes,fp freiman dr dos santos,False
"AV Vicentiy, MG Shishaev",1,citantes,av vicentiy mg shishaev,False
AV Vicentiy,1,citantes,av vicentiy,False
"БМ Пилецкий, АВ Вицентий",1,citantes,бм пилецкии ав вицентии,False
"Y Liao, J Gil, S Yeh, RHM Pereira",1,citantes,y liao j gil s yeh rhm pereira,False
"R Wang, Q Chen, Y Wang, L Xiong, B Shen",1,citantes,r wang q chen y wang l xiong b shen,False
"AR Soares, HN Bendini, DV Vaz",1,citantes,ar soares hn bendini dv vaz,False
"HN Bendini, LMG Fonseca, TS Körting",1,citantes,hn bendini lmg fonseca ts korting,False
D Lüdtke,1,citantes,d ludtke,False
"LAP da Silva, ÉL Bolfe, CMP de Souza",1,citantes,lap da silva el bolfe cmp de souza,False
"H Amirat, N Lagraa, P Fournier-viger",1,citantes,h amirat n lagraa p fournierviger,False
M Abdalla,1,citantes,m abdalla,False
"H Amirat, N Lagraa, P Fournier-viger, Y Ouinten",1,citantes,h amirat n lagraa p fournierviger y ouinten,False
"M Abdalla, A Hendawi, N Elgamal",1,citantes,m abdalla a hendawi n elgamal,False
"H Yang, B Lei, K Han, L Liu",1,citantes,h yang b lei k han l liu,False
"FDN Neto, CDS Baptista",1,citantes,fdn neto cds baptista,False
"VS Tiwari, A Arya",1,citantes,vs tiwari a arya,False
"PM Harish, BR Yeomans, A Herrmann",1,citantes,pm harish br yeomans a herrmann,False
"MP Souza, AAM Oliveira, MA Pereira",1,citantes,mp souza aam oliveira ma pereira,False
M Mondal,1,citantes,m mondal,False
"E de Barros Alcântara, M de Arruda Pereira",1,citantes,e de barros alcantara m de arruda pereira,False
"J Salazar-carrillo, M Torres-ruiz, CA Davis Jr",1,citantes,j salazarcarrillo m torresruiz ca davis jr,False
"SR dos Santos, CA Davis Jr",1,citantes,sr dos santos ca davis jr,False
"Z Shahzad, R Arshad, S Ali",1,citantes,z shahzad r arshad s ali,False
"C Çiftçi, H Kazan",1,citantes,c ciftci h kazan,False
"R Tan, Y Zhang",1,citantes,r tan y zhang,False
"YE Leichsenring, RS Parpinelli",1,citantes,ye leichsenring rs parpinelli,False
"W Zhao, W Kang, X Liu, X Su, Y Zhang",1,citantes,w zhao w kang x liu x su y zhang,False
AA dos Santos,1,citantes,aa dos santos,False
"D Sylvan, JL Arcand",1,citantes,d sylvan jl arcand,False
DB Seufitelli,1,citantes,db seufitelli,False
"J Ao, Y Liu, B Liang, R Jing, Y Shao, S Li",1,citantes,j ao y liu b liang r jing y shao s li,False
"S Tsuchida, K Yoshimura, N Nakamura, N Asanuma",1,citantes,s tsuchida k yoshimura n nakamura n asanuma,False
"EM Gonçalves, LAK Veiga",1,citantes,em goncalves lak veiga,False
"S Georganos, T Grippa, M Lennert, S Vanhuysse",1,citantes,s georganos t grippa m lennert s vanhuysse,False
"B Beaumont, T Grippa, M Lennert",1,citantes,b beaumont t grippa m lennert,False
"C Bassine, J Radoux, B Beaumont, T Grippa",1,citantes,c bassine j radoux b beaumont t grippa,False
"M Lennert, T Grippa, J Radoux",1,citantes,m lennert t grippa j radoux,False
"G Chatzigeorgakidis, D Skoutas",1,citantes,g chatzigeorgakidis d skoutas,False
"PS Tanaka, MR Vieira",1,citantes,ps tanaka mr vieira,False
"Y Cao, J Zhu, F Gao",1,citantes,y cao j zhu f gao,False
"J Batista, E Guerra, F Corrêa",1,citantes,j batista e guerra f correa,False
"VH Bezerra, D dos Santos Kaster",1,citantes,vh bezerra d dos santos kaster,False
"RT de Araújo, D dos Santos Kaster",1,citantes,rt de araujo d dos santos kaster,False
"DV Monteiro, RDC dos Santos",1,citantes,dv monteiro rdc dos santos,False
"X Di, DJ Lew, KW Nam",1,citantes,x di dj lew kw nam,False
"V Bezerra, D Sanches, D Kaster",1,citantes,v bezerra d sanches d kaster,False
J Pinaire,1,citantes,j pinaire,False
"S Liyanage, H Dia, R Abduljabbar, SA Bagloee",1,citantes,s liyanage h dia r abduljabbar sa bagloee,False
"A Ochoa-zezzatti, U Carbajal, O Castillo",1,citantes,a ochoazezzatti u carbajal o castillo,False
"YK Lin, CF Chen, TY Chou",1,citantes,yk lin cf chen ty chou,False
CPM Afonso,1,citantes,cpm afonso,False
"C Afonso, A Alves",1,citantes,c afonso a alves,False
JJF Rodriguez Vila,1,citantes,jjf rodriguez vila,False
U Carbajal Márquez,1,citantes,u carbajal marquez,False
IAB Mastenbroek,1,citantes,iab mastenbroek,False
"A Bessa, FM Silva, RF Nogueira, E Bertini",1,citantes,a bessa fm silva rf nogueira e bertini,False
"JD Mazimpaka, S Timpf",1,citantes,jd mazimpaka s timpf,False
R Nasser,1,citantes,r nasser,False
JI Carreño Herrera,1,citantes,ji carreno herrera,False
"VMG Velame, LSA Bins",1,citantes,vmg velame lsa bins,False
LM Machado,1,citantes,lm machado,False
LA Calvo-valverde,1,citantes,la calvovalverde,False
Y Chen,1,citantes,y chen,False
"M Bartling, S Sotelo, A Eitzinger, K Atzmanstorfer",1,citantes,m bartling s sotelo a eitzinger k atzmanstorfer,False
심규성， 문치국， 김재영,1,citantes,심규성 문치국 김재영,False
RES Castanhari,1,citantes,res castanhari,False
"Y Tian, S Lei, Z Bian, J Lu, S Zhang, J Fang",1,citantes,y tian s lei z bian j lu s zhang j fang,False
"CA Felgueiras, JO Ortiz, ECG Camargo, LM Namikawa",1,citantes,ca felgueiras jo ortiz ecg camargo lm namikawa,False
"F Andres, A Guitton, JL Cardoso Jr",1,citantes,f andres a guitton jl cardoso jr,False
CA Furtado,1,citantes,ca furtado,False
"THP Silva, CA Davis Jr, AHF Laender, MM Moro",1,citantes,thp silva ca davis jr ahf laender mm moro,False
ATV Rabelo,1,citantes,atv rabelo,False
"NCA de Freitas, PP Reboucas Filho",1,citantes,nca de freitas pp reboucas filho,False
"R Fileto, C May, C Renso, N Pelekis, D Klein",1,citantes,r fileto c may c renso n pelekis d klein,False
"R Fileto, A Raffaetà, A Roncato, JAP Sacenti",1,citantes,r fileto a raffaeta a roncato jap sacenti,False
"R Fileto, V Bogorny, C May, D Klein",1,citantes,r fileto v bogorny c may d klein,False
"DR de Almeida, SP de Vasconcelos",1,citantes,dr de almeida sp de vasconcelos,False
"T Wu, Y Zhu, L Xiang, J Qin, Y Wan",1,citantes,t wu y zhu l xiang j qin y wan,False
"LAPP Leme, C Renso, BP Nunes, GR Lopes",1,citantes,lapp leme c renso bp nunes gr lopes,False
"ALF Alves, C de Souza Baptista",1,citantes,alf alves c de souza baptista,False
"M Rönneberg, M Laakso, T Sarjakoski",1,citantes,m ronneberg m laakso t sarjakoski,False
"MG de Oliveira, CEC Campelo",1,citantes,mg de oliveira cec campelo,False
JH Rocha,1,citantes,jh rocha,False
ALF Alves,1,citantes,alf alves,False
"PV Mole, EB Noche",1,citantes,pv mole eb noche,False
"A Alves, C de Souza Baptista, DOS de Andrade",1,citantes,a alves c de souza baptista dos de andrade,False
"AY Grinberger, N Shoval",1,citantes,ay grinberger n shoval,False
"FP da Silva, R Fileto",1,citantes,fp da silva r fileto,False
J Gao,1,citantes,j gao,False
"ACO Silva, LMG Fonseca, TS Körting",1,citantes,aco silva lmg fonseca ts korting,False
"WT Nga, M Immitzera, AC de Oliveira Silvab",1,citantes,wt nga m immitzera ac de oliveira silvab,False
"HM John, B Forte, I Astin, T Allbrook, A Arnold",1,citantes,hm john b forte i astin t allbrook a arnold,False
"B Klotz, R Troncy, D Wilms, C Bonnet",1,citantes,b klotz r troncy d wilms c bonnet,False
"J Mao, J Liu, C Jin, A Zhou",1,citantes,j mao j liu c jin a zhou,False
"R Minnikhanov, I Anikin, A Mardanova, M Dagaeva",1,citantes,r minnikhanov i anikin a mardanova m dagaeva,False
"M Barragana, LO Alvares, V Bogorny",1,citantes,m barragana lo alvares v bogorny,False
"M Azeredo, AMV Monteiro, MIS Escada",1,citantes,m azeredo amv monteiro mis escada,False
"AA dos Santos, AS Furtado, LO Alvares, N Pelekis",1,citantes,aa dos santos as furtado lo alvares n pelekis,False
"K Benjamin, T Raphaël, W Daniel",1,citantes,k benjamin t raphael w daniel,False
安计勇， 朱猛， 翟靖轩， 王大阜,1,citantes,安计勇 朱猛 翟靖轩 王大阜,False
AGEH Samaniego,1,citantes,ageh samaniego,False
"AFC Carmo, MH Shimabukuro",1,citantes,afc carmo mh shimabukuro,False
"A Carmo, M Hirokazu, E Alcântara",1,citantes,a carmo m hirokazu e alcantara,False
"RO Jacome, C Stolle, G Grispos",1,citantes,ro jacome c stolle g grispos,False
"R Jacome, M Sweigard, CS Stolle, RK Faller",1,citantes,r jacome m sweigard cs stolle rk faller,False
"CH Bogossian, KR Ferreira, AMV Monteiro",1,citantes,ch bogossian kr ferreira amv monteiro,False
GOC Pacheco,1,citantes,goc pacheco,False
GV Mateveli,1,citantes,gv mateveli,False
"M Kamilakis, E Batoglou",1,citantes,m kamilakis e batoglou,False
C Krüger,1,citantes,c kruger,False
PR Zapevalin,1,citantes,pr zapevalin,False
"PE Brown, K Czapiga, A Jotshi, Y Kanza",1,citantes,pe brown k czapiga a jotshi y kanza,False
"S Tabik, AR Cervilla, E Zapata",1,citantes,s tabik ar cervilla e zapata,False
"G Zhu, J Li, J Wu, M Ma, L Wang, N Jing",1,citantes,g zhu j li j wu m ma l wang n jing,False
"M Auer, A Zipf",1,citantes,m auer a zipf,False
"E Sovetkin, A Gerber, BE Pieters",1,citantes,e sovetkin a gerber be pieters,False
"AJ Cauchi-saunders, IJ Lewis",1,citantes,aj cauchisaunders ij lewis,False
"ST Brinkmann, D Kremer",1,citantes,st brinkmann d kremer,False
"T Ophelders, A Schenfisch",1,citantes,t ophelders a schenfisch,False
"P Afshani, M de Berg, H Casanova, B Karsin",1,citantes,p afshani m de berg h casanova b karsin,False
"E Johansson, J Lundberg",1,citantes,e johansson j lundberg,False
G Yılmaz,1,citantes,g yılmaz,False
M Özkıdık,1,citantes,m ozkıdık,False
"P Afshani, MD Berg, H Casanova, B Karsin",1,citantes,p afshani md berg h casanova b karsin,False
CR Ferreira,1,citantes,cr ferreira,False
"M Ohdan, Y Ueno, K Aizawa",1,citantes,m ohdan y ueno k aizawa,False
"WR Franklin, SVG de Magalhães, W Li",1,citantes,wr franklin svg de magalhaes w li,False
C Lambrechts,1,citantes,c lambrechts,False
"D Wang, T Miwa, T Morikawa",1,citantes,d wang t miwa t morikawa,False
"S Park, CH Han, CH Im",1,citantes,s park ch han ch im,False
"M Liatsikou, S Papadopoulos, L Apostolidis",1,citantes,m liatsikou s papadopoulos l apostolidis,False
"AR de Aquino, LO Alvares, C Renso, V Bogorny",1,citantes,ar de aquino lo alvares c renso v bogorny,False
"MH Jeong, J Yin, S Wang",1,citantes,mh jeong j yin s wang,False
"G Ying, N Yiwen, Y Wei, X Hongli",1,citantes,g ying n yiwen y wei x hongli,False
EL Salah,1,citantes,el salah,False
"C Bhadane, K Shah",1,citantes,c bhadane k shah,False
周培培， 丁庆海， 罗海波， 侯幸林,1,citantes,周培培 丁庆海 罗海波 侯幸林,False
"AJ López-gutiérrez, PM Quintero-flores",1,citantes,aj lopezgutierrez pm quinteroflores,False
"AJ Lopez, PM Quintero, AK Hernandez",1,citantes,aj lopez pm quintero ak hernandez,False
YH Kuo,1,citantes,yh kuo,False
"عاقل شاه نشین سمیه, عباس پور رحیم علی",1,citantes,عاقل شاه نشین سمیه عباس پور رحیم علی,False
"X Zhen, J Genlin, T Mengmeng",1,citantes,x zhen j genlin t mengmeng,False
"M Reisi, S Sabri, M Agunbiade, A Rajabifard",1,citantes,m reisi s sabri m agunbiade a rajabifard,False
"S Hasani, A Sadeghi-niaraki",1,citantes,s hasani a sadeghiniaraki,False
HB Henriques,1,citantes,hb henriques,False
"O Čerba, K Jedlička",1,citantes,o cerba k jedlicka,False
"A Nohara, S Shiramatsu, T Ozono, T Shintani",1,citantes,a nohara s shiramatsu t ozono t shintani,False
E Mf Elhouby,1,citantes,e mf elhouby,False
"OČ Uwb, Š Kafka, M Šplíchal, K Charvát, M Šrédl",1,citantes,oc uwb s kafka m splichal k charvat m sredl,False
"NP Kozievitch, LC Gomes-jr",1,citantes,np kozievitch lc gomesjr,False
"EB de Lima, CAD Junior",1,citantes,eb de lima cad junior,False
LS Costa,1,citantes,ls costa,False
"LS da Costa, IL Oliveira, A Moreira, J Lisboa-filho",1,citantes,ls da costa il oliveira a moreira j lisboafilho,False
"LS da Costa, IL Oliveira, A Moreira",1,citantes,ls da costa il oliveira a moreira,False
"NP Kozievitch, LC Gomes-jr, TMC Gadda",1,citantes,np kozievitch lc gomesjr tmc gadda,False
"M Naeem, N Ahmad, S Khan",1,citantes,m naeem n ahmad s khan,False
M Naeem,1,citantes,m naeem,False
"JA da Silva, KD Fook",1,citantes,ja da silva kd fook,False
"T Siqueira, J Oliveira, V Times",1,citantes,t siqueira j oliveira v times,False
"D Nciri, S Sassi, R Chbeir, S Faiz",1,citantes,d nciri s sassi r chbeir s faiz,False
"WD de Souza, J Lisboa-filho",1,citantes,wd de souza j lisboafilho,False
"LDM da Silva, JR de Freitas, JN Vidal-filho",1,citantes,ldm da silva jr de freitas jn vidalfilho,False
"JHS Câmara, J Lisboa-filho, RO Pereira",1,citantes,jhs camara j lisboafilho ro pereira,False
"VEC Dias, VG Sperandio",1,citantes,vec dias vg sperandio,False
"J Lauer, T Kraft",1,citantes,j lauer t kraft,False
"VEC Dias, VG Sperandio, J Lisboa-filho",1,citantes,vec dias vg sperandio j lisboafilho,False
"JHS Câmara, RO Pereira, WD Souza, J Lisboa-filho",1,citantes,jhs camara ro pereira wd souza j lisboafilho,False
"B Allévius, M Höhle",1,citantes,b allevius m hohle,False
"D Leite, JH Rocha, C Baptista",1,citantes,d leite jh rocha c baptista,False
马武彬， 刘明星， 黄宏斌， 邓苏,1,citantes,马武彬 刘明星 黄宏斌 邓苏,False
"W Kuhn, A Ballatore",1,citantes,w kuhn a ballatore,False
"G Marchetti, G Benedetti, A Alharbi",1,citantes,g marchetti g benedetti a alharbi,False
"H Ferguson, A Krisnadhi, C Vardeman",1,citantes,h ferguson a krisnadhi c vardeman,False
"S Scheider, C Stasch",1,citantes,s scheider c stasch,False
E Eiðsson,1,citantes,e eiðsson,False
F Anwer,1,citantes,f anwer,False
"H Ferguson, CF Vardeman Ii",1,citantes,h ferguson cf vardeman ii,False
"H Ferguson, C Vardeman Ii",1,citantes,h ferguson c vardeman ii,False
"LV Stanislawski, BP Buttenfield",1,citantes,lv stanislawski bp buttenfield,False
"F Yu, G West, L Arnold, D Mcmeekin",1,citantes,f yu g west l arnold d mcmeekin,False
"S Cavazzi, BD Mason, N Kirk",1,citantes,s cavazzi bd mason n kirk,False
"GHR Nascimento, CA Davis Jr",1,citantes,ghr nascimento ca davis jr,False
"H Mao, X Fan, J Guan, YC Chen, H Su, W Shi",1,citantes,h mao x fan j guan yc chen h su w shi,False
"AS Furtado, R Fileto, C Renso",1,citantes,as furtado r fileto c renso,False
"B Tang, C Yang, L Xiang, J Zeng",1,citantes,b tang c yang l xiang j zeng,False
"C de Engenharia Florestal, K de Cássia Lima",1,citantes,c de engenharia florestal k de cassia lima,False
"H Fawzia, D Ahmeda, SA Mostafac, MFM Fudzeec",1,citantes,h fawzia d ahmeda sa mostafac mfm fudzeec,False
"M Abdipourchenarestansofla, C Schroth",1,citantes,m abdipourchenarestansofla c schroth,False
"T Řezník, P Kubíček, L Herman, T Pavelka, Š Leitgeb",1,citantes,t reznik p kubicek l herman t pavelka s leitgeb,False
D Bandella,1,citantes,d bandella,False
"L da Silva, F Berisha, Z Pourzolfaghar",1,citantes,l da silva f berisha z pourzolfaghar,False
황은택,1,citantes,황은택,False
"AM Saraiva, W França Costa, F Xavier",1,citantes,am saraiva w franca costa f xavier,False
"MAFM Magalhães, VP Matos",1,citantes,mafm magalhaes vp matos,False
"EPL Pereira‐franchi, MRN Barreira",1,citantes,epl pereirafranchi mrn barreira,False
VMS Delgado,1,citantes,vms delgado,False
CFP Jesus,1,citantes,cfp jesus,False
MOM da Silva,1,citantes,mom da silva,False
EPLP Franchi,1,citantes,eplp franchi,False
"E Avelino, A Schäfer",1,citantes,e avelino a schafer,False
"EM da Costa, A Louro",1,citantes,em da costa a louro,False
ES Barreto Junior,1,citantes,es barreto junior,False
PD Coelho,1,citantes,pd coelho,False
JLS Lustosa,1,citantes,jls lustosa,False
SC de Carvalho Cardoso,1,citantes,sc de carvalho cardoso,False
THVM de Moura,1,citantes,thvm de moura,False
"F Amini, S Rufiange, Z Hossain",1,citantes,f amini s rufiange z hossain,False
"K Mackenzie, W Siabato, F Reitsma",1,citantes,k mackenzie w siabato f reitsma,False
"M Jędruch, M Furmankiewicz, I Kaczmarek",1,citantes,m jedruch m furmankiewicz i kaczmarek,False
"FEA Horita, MC Fava, EM Mendiondo, J Rotava",1,citantes,fea horita mc fava em mendiondo j rotava,False
"JA Walsh, J Zucco, RT Smith",1,citantes,ja walsh j zucco rt smith,False
"APSB Vieira, RS João, LAS Romani",1,citantes,apsb vieira rs joao las romani,False
"KM Miller, C Lore, C Dorsey, LP Hush, DH Uttal",1,citantes,km miller c lore c dorsey lp hush dh uttal,False
"JAF Costa, APV Pinto, JR de Andrade",1,citantes,jaf costa apv pinto jr de andrade,False
"B Veloso, A Iabrudi, T Correa",1,citantes,b veloso a iabrudi t correa,False
"L Liu, H Hu, T Yang",1,citantes,l liu h hu t yang,False
"T Correa, B Veloso, A Iabrudi",1,citantes,t correa b veloso a iabrudi,False
"G Saygi, JY Blaise, I Dudek",1,citantes,g saygi jy blaise i dudek,False
CSC Kwok,1,citantes,csc kwok,False
"A Santanchè, JSC Longo, G Jomier",1,citantes,a santanche jsc longo g jomier,False
"RM Cesar-jr, CA Moreira Filho, CMB Medeiros",1,citantes,rm cesarjr ca moreira filho cmb medeiros,False
"GL Barczyszyn, NP Kozievitch, R Minetto, RD da Silva",1,citantes,gl barczyszyn np kozievitch r minetto rd da silva,False
"Y Huh, J Kim, K Yu, S Cho",1,citantes,y huh j kim k yu s cho,False
"C Granell, ÓB Fernández, L Díaz",1,citantes,c granell ob fernandez l diaz,False
"GR de Queiroz, AMV Monteiro, G Câmara",1,citantes,gr de queiroz amv monteiro g camara,False
"DCM Maia, BDC Camargos, M Holanda",1,citantes,dcm maia bdc camargos m holanda,False
A Stasiak,1,citantes,a stasiak,False
MG Oliveira,1,citantes,mg oliveira,False
AC Granell,1,citantes,ac granell,False
S Agarwal,1,citantes,s agarwal,False
B Thurm,1,citantes,b thurm,False
"JEG Malaverri, CB Medeiros",1,citantes,jeg malaverri cb medeiros,False
"TV Gottardo, I Barbosa",1,citantes,tv gottardo i barbosa,False
"EM Carboni, V Bogorny",1,citantes,em carboni v bogorny,False
"J Michel, D Youssefi, M Grizonnet",1,citantes,j michel d youssefi m grizonnet,False
"D Derksen, J Inglada, J Michel",1,citantes,d derksen j inglada j michel,False
"M Müller, L Bernard, D Kadner",1,citantes,m muller l bernard d kadner,False
"TS Körting, EF Castejon, LMG Fonseca",1,citantes,ts korting ef castejon lmg fonseca,False
"P Lassalle, J Inglada, J Michel",1,citantes,p lassalle j inglada j michel,False
"AR Soares, TS Körting, LMG Fonseca",1,citantes,ar soares ts korting lmg fonseca,False
邓富亮， 杨崇俊， 曹春香， 范协裕,1,citantes,邓富亮 杨崇俊 曹春香 范协裕,False
W Kuhn,1,citantes,w kuhn,False
"G Mai, W Huang, L Cai, R Zhu, N Lao",1,citantes,g mai w huang l cai r zhu n lao,False
JH Seo,1,citantes,jh seo,False
"R Figueiredo, D Pitta, AC Salgado",1,citantes,r figueiredo d pitta ac salgado,False
ME Puebla-martínez¹,1,citantes,me pueblamartinez1,False
"DC Cugler, CB Medeiros",1,citantes,dc cugler cb medeiros,False
"MS Mota, CB Medeiros",1,citantes,ms mota cb medeiros,False
DC Cugler,1,citantes,dc cugler,False
RPA Garrido,1,citantes,rpa garrido,False
BEM de Albuquerque Filho,1,citantes,bem de albuquerque filho,False
"CJ Neto, RR Ciferri, MTP Santos",1,citantes,cj neto rr ciferri mtp santos,False
"F Habib, NA Megahed, N Badawy",1,citantes,f habib na megahed n badawy,False
"T Song, X Cui, G Yu",1,citantes,t song x cui g yu,False
Y Wang,1,citantes,y wang,False
"PE Hosen, T Djatna, H Khusun",1,citantes,pe hosen t djatna h khusun,False
"T Lima, T Carneiro, L Silva, R Lana",1,citantes,t lima t carneiro l silva r lana,False
"AN Marteli, LBL Santos",1,citantes,an marteli lbl santos,False
AHM Siddiq,1,citantes,ahm siddiq,False
"T Lima, T Carneiro, L Silva, C Codeço, I Reis, L Santos",1,citantes,t lima t carneiro l silva c codeco i reis l santos,False
"DR Macedo, PS Pompeu, L de Morais",1,citantes,dr macedo ps pompeu l de morais,False
JB Silva,1,citantes,jb silva,False
Bhpmgp Brazil,1,citantes,bhpmgp brazil,False
"FG de Andrade, C de Souza Baptista, CA Davis Jr",1,citantes,fg de andrade c de souza baptista ca davis jr,False
"Z Chen, Y Yang",1,citantes,z chen y yang,False
"FG de Andrade, CDS Baptista",1,citantes,fg de andrade cds baptista,False
"FG de Andrade, C de Souza Baptista, U Schiel",1,citantes,fg de andrade c de souza baptista u schiel,False
"M Mittlböck, B Vockner",1,citantes,m mittlbock b vockner,False
"FM Fan, JM Bravo, W Collischonn",1,citantes,fm fan jm bravo w collischonn,False
"Aetdem de, USOEC da, Tnardov do, P Paulista",1,citantes,aetdem de usoec da tnardov do p paulista,False
S Bimonte,1,citantes,s bimonte,False
"C Zaza, S Bimonte, N Faccilongo, P La Sala",1,citantes,c zaza s bimonte n faccilongo p la sala,False
"R dos Santos Mello, R Fileto",1,citantes,r dos santos mello r fileto,False
"T Foerster, A Remke, G Kaspar",1,citantes,t foerster a remke g kaspar,False
"CA Davis Jr, GL Pappa, DRR de Oliveira",1,citantes,ca davis jr gl pappa drr de oliveira,False
"M Kayed, S Dakrory, AA Ali",1,citantes,m kayed s dakrory aa ali,False
"F Mata-rivera, M Torres-ruiz, G Guzman",1,citantes,f matarivera m torresruiz g guzman,False
"THV de Moura, CA Davis Jr",1,citantes,thv de moura ca davis jr,False
C Berragan,1,citantes,c berragan,False
"A Revenko, G Rehm",1,citantes,a revenko g rehm,False
M Bär,1,citantes,m bar,False
Y Yan,1,citantes,y yan,False
"ALP Marciano, ASC de Albuquerque, AB Oliveira",1,citantes,alp marciano asc de albuquerque ab oliveira,False
"N Kumar, SS Sathya",1,citantes,n kumar ss sathya,False
"F Zhang, P Zhao, S Xu, Y Wu, X Yang",1,citantes,f zhang p zhao s xu y wu x yang,False
"X Shi, B Xue",1,citantes,x shi b xue,False
"P Wang, J Ma, F Li",1,citantes,p wang j ma f li,False
"AR Cervilla, S Tabik, LF Romero",1,citantes,ar cervilla s tabik lf romero,False
"W Li, WR Franklin, SVG de Magalhães",1,citantes,w li wr franklin svg de magalhaes,False
"SVG Magalhaes, MVA Andrade",1,citantes,svg magalhaes mva andrade,False
"GC Pena, MVA Andrade, SVG Magalhaes",1,citantes,gc pena mva andrade svg magalhaes,False
"GC Pena, SVG Magalhães, MVA Andrade",1,citantes,gc pena svg magalhaes mva andrade,False
"GC Pena, SVG Magalhaes",1,citantes,gc pena svg magalhaes,False
"CR Ferreira, SVG Magalhaes",1,citantes,cr ferreira svg magalhaes,False
SVG Magalhães,1,citantes,svg magalhaes,False
J Braybrook,1,citantes,j braybrook,False
GL Tigerström,1,citantes,gl tigerstrom,False
"L Gong, T Yamamoto, T Morikawa",1,citantes,l gong t yamamoto t morikawa,False
"BH Albanna, IF Moawad, SM Moussa",1,citantes,bh albanna if moawad sm moussa,False
"J Gudmundsson, M Van Kreveld, F Staals",1,citantes,j gudmundsson m van kreveld f staals,False
"E Camossi, P Villa, L Mazzola",1,citantes,e camossi p villa l mazzola,False
MM Kwakye,1,citantes,mm kwakye,False
"A Mousavi, A Sheikh Mohammad Zadeh",1,citantes,a mousavi a sheikh mohammad zadeh,False
"BC Leal, JAF de Macedo, VC Times",1,citantes,bc leal jaf de macedo vc times,False
"TP Nogueira, H Martin, RMC Andrade",1,citantes,tp nogueira h martin rmc andrade,False
"RD das, N Ronald, S Winter",1,citantes,rd das n ronald s winter,False
A Mousavi,1,citantes,a mousavi,False
T Vermeulen,1,citantes,t vermeulen,False
M Mireku Kwakye,1,citantes,m mireku kwakye,False
BC Leal,1,citantes,bc leal,False
BN Kronemeijer,1,citantes,bn kronemeijer,False
"I Van Duijn, I Kostitsyna, M Van Kreveld",1,citantes,i van duijn i kostitsyna m van kreveld,False
"O Font, G Frances, A Jonsson, P Bartie, W Mackaness",1,citantes,o font g frances a jonsson p bartie w mackaness,False
"O Font, G Frances, A Jonsson, P Bartie",1,citantes,o font g frances a jonsson p bartie,False
M Raubalb,1,citantes,m raubalb,False
M Pešek,1,citantes,m pesek,False
"TB Ferreira, SM Stempliuc",1,citantes,tb ferreira sm stempliuc,False
"TB Ferreira, SM Stempliuc, J Lisboa-filho",1,citantes,tb ferreira sm stempliuc j lisboafilho,False
GJZ Martinez,1,citantes,gjz martinez,False
"H Saadaoui, S Farah, H Lechgar, A Ghennioui",1,citantes,h saadaoui s farah h lechgar a ghennioui,False
"F Assis Leal, CM de Souza",1,citantes,f assis leal cm de souza,False
"IDB Silva, LC de Barros, JFCA Meyer",1,citantes,idb silva lc de barros jfca meyer,False
"RM Almeida, H França, EEN Macau",1,citantes,rm almeida h franca een macau,False
"FA Leal, CM Souza, GSA Leal, EP Miguel",1,citantes,fa leal cm souza gsa leal ep miguel,False
"RM Almeida, H França, EEN Macau, FM Ramos",1,citantes,rm almeida h franca een macau fm ramos,False
"EDAS Figueredo, Edetno Matopiba, OSAI do",1,citantes,edas figueredo edetno matopiba osai do,False
"WH Bonat, PJR Junior, WM Zeviani",1,citantes,wh bonat pjr junior wm zeviani,False
"LCO de Andrade, P Borba, MCM de Paulo",1,citantes,lco de andrade p borba mcm de paulo,False
BH Hofer,1,citantes,bh hofer,False
A Chiarelli,1,citantes,a chiarelli,False
"GR de Queiroz, AMV Monteiro",1,citantes,gr de queiroz amv monteiro,False
RM Lana,1,citantes,rm lana,False
"AC Becharat, M Benzaquen, JP Bouchaud",1,citantes,ac becharat m benzaquen jp bouchaud,False
"M Pangallo, M Loberto",1,citantes,m pangallo m loberto,False
FF Feitosa,1,citantes,ff feitosa,False
"Z Henson, G Munsey",1,citantes,z henson g munsey,False
"RV Maretto, TO Assis, AA Gavlak",1,citantes,rv maretto to assis aa gavlak,False
"S Huque, S Yadav",1,citantes,s huque s yadav,False
AC Becharat,1,citantes,ac becharat,False
"G Frizzi, RS Cortez, CMD de Pinho",1,citantes,g frizzi rs cortez cmd de pinho,False
"X Huang, K Chen",1,citantes,x huang k chen,False
"C Chen, M Deng",1,citantes,c chen m deng,False
"S Huque, S Pattanaik, D Parthasarathy",1,citantes,s huque s pattanaik d parthasarathy,False
张祚， 陈昆仑,1,citantes,张祚 陈昆仑,False
FS Santana,1,citantes,fs santana,False
"BR Monteiro, CA Davis Jr, F Fonseca",1,citantes,br monteiro ca davis jr f fonseca,False
R Jeansoulin,1,citantes,r jeansoulin,False
"S Intagorn, K Lerman",1,citantes,s intagorn k lerman,False
MD Lieberman,1,citantes,md lieberman,False
K Papadimitriou,1,citantes,k papadimitriou,False
S Intagorn,1,citantes,s intagorn,False
Ι Ραμαντά,1,citantes,ι ραμαντα,False
RB Machado,1,citantes,rb machado,False
"CL Vianna, HG Aragão, I Queiroz, N Carvalho",1,citantes,cl vianna hg aragao i queiroz n carvalho,False
"Z Feng, VA González, R Amor, R Lovreglio",1,citantes,z feng va gonzalez r amor r lovreglio,False
"S Hawthorn, R Jesus",1,citantes,s hawthorn r jesus,False
"G Terti, I Ruin, M Kalas, I Láng",1,citantes,g terti i ruin m kalas i lang,False
"N Yiannakoulias, JN Gordon",1,citantes,n yiannakoulias jn gordon,False
"M Saghafian, K Laumann, MR Skogstad",1,citantes,m saghafian k laumann mr skogstad,False
T Van Ruijven,1,citantes,t van ruijven,False
Z Xu,1,citantes,z xu,False
"J Radianti, SG Martinez, BE Munkvold",1,citantes,j radianti sg martinez be munkvold,False
"Z Zhou, JSK Chang, J Pan",1,citantes,z zhou jsk chang j pan,False
"P Praiwattana, A El Rhalibi",1,citantes,p praiwattana a el rhalibi,False
"C Choi, MG Seok, SH Choi",1,citantes,c choi mg seok sh choi,False
"J Radianti, MN Tronslien, ME Moland",1,citantes,j radianti mn tronslien me moland,False
NFV Ponte,1,citantes,nfv ponte,False
"J Radianti, MN Tronslien, KK Thomassen",1,citantes,j radianti mn tronslien kk thomassen,False
"D Brady, A Lee, A Pearce, N Shintaku",1,citantes,d brady a lee a pearce n shintaku,False
"N El Mawas, J Cahier",1,citantes,n el mawas j cahier,False
"SE Skogen, J Radianti",1,citantes,se skogen j radianti,False
J Radianti,1,citantes,j radianti,False
"N El Mawas, JP Cahier",1,citantes,n el mawas jp cahier,False
A Bugeja,1,citantes,a bugeja,False
"A Minelli, C Tissot, M Rouan",1,citantes,a minelli c tissot m rouan,False
F Gollnow,1,citantes,f gollnow,False
"RV Maretto, SJΘ dos Campos",1,citantes,rv maretto sjθ dos campos,False
"AM Santos, JP Monteiro, R Hugman",1,citantes,am santos jp monteiro r hugman,False
"O Gervasi, B Murgante, S Misra, C Garau, I Blecic",1,citantes,o gervasi b murgante s misra c garau i blecic,False
"ACM Moura, CR Freitas, VT de Freitas",1,citantes,acm moura cr freitas vt de freitas,False
"M Brito, AI de Sá, J Borges",1,citantes,m brito ai de sa j borges,False
"CR Freitas, CR Freitas, AT Ohata",1,citantes,cr freitas cr freitas at ohata,False
"AI de Sá, M Brito, CR Freitas, N Rena",1,citantes,ai de sa m brito cr freitas n rena,False
"BS Araujo, CAD Jr",1,citantes,bs araujo cad jr,False
"PM de Toledo, E Dalla-nora, ICG Vieira",1,citantes,pm de toledo e dallanora icg vieira,False
"SL Marín, L Nahuelhual, C Echeverría, WE Grant",1,citantes,sl marin l nahuelhual c echeverria we grant,False
"DW Wardani, P Danoedoro",1,citantes,dw wardani p danoedoro,False
AKL Silva,1,citantes,akl silva,False
"JAS Ramos, C Esperança, EWG Clua",1,citantes,jas ramos c esperanca ewg clua,False
"J Borges, P Jankowski, CA Davis Jr",1,citantes,j borges p jankowski ca davis jr,False
"CA Davis Jr, H de Souza Vellozo, MB Pinheiro",1,citantes,ca davis jr h de souza vellozo mb pinheiro,False
"H de Souza Vellozo, MB Pinheiro",1,citantes,h de souza vellozo mb pinheiro,False
"J Borges, C Zyngier",1,citantes,j borges c zyngier,False
"JL de Castro Borges, ARC Perinotto, S de Souza Braga",1,citantes,jl de castro borges arc perinotto s de souza braga,False
TS Miranda,1,citantes,ts miranda,False
"J da Silva, AG de Oliveira, RN Fidalgo, AC Salgado",1,citantes,j da silva ag de oliveira rn fidalgo ac salgado,False
"M Ferro, R Fragoso, R Fidalgo",1,citantes,m ferro r fragoso r fidalgo,False
"TLL Siqueira, CDA Ciferri, VC Times",1,citantes,tll siqueira cda ciferri vc times,False
"K Madduri, K Wu",1,citantes,k madduri k wu,False
"I Ferrahi, S Bimonte, MA Kang",1,citantes,i ferrahi s bimonte ma kang,False
"M Ferro, R Lima, R Fidalgo",1,citantes,m ferro r lima r fidalgo,False
"M Ferro, R Lima, R Fidalgo¹",1,citantes,m ferro r lima r fidalgo1,False
"L Vinhas, R Gilberto",1,citantes,l vinhas r gilberto,False
"A Cuzzocrea, A Nucita",1,citantes,a cuzzocrea a nucita,False
"YH Wang, HB Zhang, J Xu",1,citantes,yh wang hb zhang j xu,False
王育红， 景海涛， 薛华柱,1,citantes,王育红 景海涛 薛华柱,False
DZ Leão,1,citantes,dz leao,False
"AR Backes, AB Bruno, MN Barros Filho",1,citantes,ar backes ab bruno mn barros filho,False
"AG Marco, AB Bruno, FA Rodrigues",1,citantes,ag marco ab bruno fa rodrigues,False
"AB Bruno, OM Bruno",1,citantes,ab bruno om bruno,False
"G Câmara, L Vinhas, C Davis, F Fonseca",1,citantes,g camara l vinhas c davis f fonseca,False
"JS Mota, G Câmara, MIS Escada, O Bittencourt",1,citantes,js mota g camara mis escada o bittencourt,False
"KR Ferreira, G Camara",1,citantes,kr ferreira g camara,False
"OO Bittencourt, G Camara, L Vinhas, JS Mota",1,citantes,oo bittencourt g camara l vinhas js mota,False
"N Khan, Z Ma, A Ullah, K Polat",1,citantes,n khan z ma a ullah k polat,False
"S Auer, J Lehmann, S Hellmann",1,citantes,s auer j lehmann s hellmann,False
"A Morris, Y Velegrakis, P Bouquet",1,citantes,a morris y velegrakis p bouquet,False
"KK Breitman, D Brauner, MA Casanova",1,citantes,kk breitman d brauner ma casanova,False
"DF Brauner, A Gazola, MA Casanova, KK Breitman",1,citantes,df brauner a gazola ma casanova kk breitman,False
"LAPP Leme, MA Casanova",1,citantes,lapp leme ma casanova,False
S Oni,1,citantes,s oni,False
"J Partyka, L Khan, B Thuraisingham",1,citantes,j partyka l khan b thuraisingham,False
A Masri,1,citantes,a masri,False
"LAPP Leme, MA Casanova, KK Breitman, AL Furtado",1,citantes,lapp leme ma casanova kk breitman al furtado,False
"LAP Leme, MA Casanova",1,citantes,lap leme ma casanova,False
"T Alsahfi, M Almotairi, R Elmasri",1,citantes,t alsahfi m almotairi r elmasri,False
"C Feng, B Fu, Y Luo, H Li",1,citantes,c feng b fu y luo h li,False
"G Garani, GK Adam",1,citantes,g garani gk adam,False
"W Oueslati, H Hamdi, J Akaichi",1,citantes,w oueslati h hamdi j akaichi,False
"F Moreno, F Arango",1,citantes,f moreno f arango,False
"M Manaa, T Sakouhi, J Akaichi",1,citantes,m manaa t sakouhi j akaichi,False
T Alsahfi,1,citantes,t alsahfi,False
"AA de Melo, G Scheibel, F Baldo, FJ Braz",1,citantes,aa de melo g scheibel f baldo fj braz,False
"J Akaichi, M Manaa",1,citantes,j akaichi m manaa,False
"T Sakouhi, H Ounissi, M Manaa",1,citantes,t sakouhi h ounissi m manaa,False
"HN Mahadev, AAB Bagwan",1,citantes,hn mahadev aab bagwan,False
"F Abdelhedi, L Ntsama, G Zurfluh",1,citantes,f abdelhedi l ntsama g zurfluh,False
"F Jenhani, J Akaichi",1,citantes,f jenhani j akaichi,False
B Fernando José,1,citantes,b fernando jose,False
"P Mahadev, P Nagabhushan",1,citantes,p mahadev p nagabhushan,False
TM de Almeida,1,citantes,tm de almeida,False
MLKS Santos,1,citantes,mlks santos,False
"A Almaazmi, R Al-ruzouq, A Shanableh",1,citantes,a almaazmi r alruzouq a shanableh,False
"SA Ofosu, KA Adjei, SN Odai",1,citantes,sa ofosu ka adjei sn odai,False
"K Berghout, H Dridi",1,citantes,k berghout h dridi,False
"P Solís, AH Aljaddani",1,citantes,p solis ah aljaddani,False
"AK Wijayanto, KB Seminar, R Afnan",1,citantes,ak wijayanto kb seminar r afnan,False
MB Kursah,1,citantes,mb kursah,False
"RF Frogeri, PSP Júnior, FP Piurcosky",1,citantes,rf frogeri psp junior fp piurcosky,False
"U Barua, MA Ansary, I Islam",1,citantes,u barua ma ansary i islam,False
U Barua,1,citantes,u barua,False
NH Cordeiro,1,citantes,nh cordeiro,False
"M Chen, Y Wen, S Yue",1,citantes,m chen y wen s yue,False
"A Dufilie, G Grinstein",1,citantes,a dufilie g grinstein,False
苗茹， 宋佳,1,citantes,苗茹 宋佳,False
幸志强,1,citantes,幸志强,False
"JH Peña, MY Santos",1,citantes,jh pena my santos,False
M Tech,1,citantes,m tech,False
"R Santos, P Murrieta-flores, P Calado",1,citantes,r santos p murrietaflores p calado,False
"R Santos, P Murrieta-flores",1,citantes,r santos p murrietaflores,False
"B Kilic, OC Bayrak, F Gülgen, M Uzar",1,citantes,b kilic oc bayrak f gulgen m uzar,False
"K Lee, ARC Claridades, J Lee",1,citantes,k lee arc claridades j lee,False
K Shaalan,1,citantes,k shaalan,False
B Martins,1,citantes,b martins,False
"TP Meirelles, EC Gonçalves",1,citantes,tp meirelles ec goncalves,False
"J Kaufman, R Stewart, D Maguire",1,citantes,j kaufman r stewart d maguire,False
"V Kaffes, G Giannopoulos, N Karagiannakis",1,citantes,v kaffes g giannopoulos n karagiannakis,False
"PFA de Oliveira, PA de Oliveira",1,citantes,pfa de oliveira pa de oliveira,False
BA Ranzijn,1,citantes,ba ranzijn,False
"K Alexis, V Kaffes, G Giannopoulos",1,citantes,k alexis v kaffes g giannopoulos,False
"TP Meirelles, EC Gonçalves, DT Gomes",1,citantes,tp meirelles ec goncalves dt gomes,False
"G Giannopoulos, V Kaffes, G Kostoulas",1,citantes,g giannopoulos v kaffes g kostoulas,False
AV de Sousa Marinho,1,citantes,av de sousa marinho,False
T Attractions,1,citantes,t attractions,False
"EC Gonçalves, TP Meirelles",1,citantes,ec goncalves tp meirelles,False
E Gonçalves,1,citantes,e goncalves,False
"R Santos, BE Martins, P Murrieta-flores",1,citantes,r santos be martins p murrietaflores,False
RPD Santos,1,citantes,rpd santos,False
"CBR Zavala, SSL Fernandes, ZV Pereira, SM Silva",1,citantes,cbr zavala ssl fernandes zv pereira sm silva,False
"CBR Zavala, SSL Fernandes",1,citantes,cbr zavala ssl fernandes,False
"E Vendrow, J Chae, R Kurinchi-vendhan, I Eckert",1,citantes,e vendrow j chae r kurinchivendhan i eckert,False
"S Tschirner, A Scherp, S Staab",1,citantes,s tschirner a scherp s staab,False
"J Daltio, CB Medeiros, L Gomes Jr",1,citantes,j daltio cb medeiros l gomes jr,False
"MS Mota, JSC Longo, DC Cugler, CB Medeiros",1,citantes,ms mota jsc longo dc cugler cb medeiros,False
"D Mejia, A Vasquez",1,citantes,d mejia a vasquez,False
JC Xavier,1,citantes,jc xavier,False
"MB Habib, P Apers",1,citantes,mb habib p apers,False
"D Lima, A Mendonça, AC Salgado, D Souza",1,citantes,d lima a mendonca ac salgado d souza,False
"E Kergosien, M Kamel, C Sallaberry",1,citantes,e kergosien m kamel c sallaberry,False
MB Habib,1,citantes,mb habib,False
"E Kergosien, M Kamel, C Sallaberry, MN Bessagnet",1,citantes,e kergosien m kamel c sallaberry mn bessagnet,False
"SK Appiah, K Wirekoh, EN Aidoo, SD Oduro",1,citantes,sk appiah k wirekoh en aidoo sd oduro,False
"SG Domadia, T Zaveri",1,citantes,sg domadia t zaveri,False
K Anandan,1,citantes,k anandan,False
M Mühlig,1,citantes,m muhlig,False
S Banerjee,1,citantes,s banerjee,False
"RDA Senra, CB Medeiros",1,citantes,rda senra cb medeiros,False
I Pessoal,1,citantes,i pessoal,False
"Y Zhao, A Padmanabhan, S Wang",1,citantes,y zhao a padmanabhan s wang,False
"BC Chamberlain, MJ Meitner",1,citantes,bc chamberlain mj meitner,False
"XD Song, GA Tang, XJ Liu, WF Dou, FY Li",1,citantes,xd song ga tang xj liu wf dou fy li,False
"S Ying, L Li, Y Mei, Y Gao",1,citantes,s ying l li y mei y gao,False
"V Saxena, R Shukla",1,citantes,v saxena r shukla,False
S Warn,1,citantes,s warn,False
H Nadour,1,citantes,h nadour,False
"G Budzik, P Krajewski",1,citantes,g budzik p krajewski,False
"H Nadour, N Marchand, L Reveret",1,citantes,h nadour n marchand l reveret,False
BC Chamberlain,1,citantes,bc chamberlain,False
DP Nascimento,1,citantes,dp nascimento,False
"W Bishop, TH Grubesic",1,citantes,w bishop th grubesic,False
M Salah,1,citantes,m salah,False
"EHE Yasin, C Kornel",1,citantes,ehe yasin c kornel,False
"CDG Neto, LMG Fonseca, D de Morisson Valeriano",1,citantes,cdg neto lmg fonseca d de morisson valeriano,False
"LC Degrossi, GG do Amaral, ESM de Vasconcelos",1,citantes,lc degrossi gg do amaral esm de vasconcelos,False
"PA Oliveira, CAD Junior",1,citantes,pa oliveira cad junior,False
"ZS Guo, Y Tanaka",1,citantes,zs guo y tanaka,False
BM Rabelo,1,citantes,bm rabelo,False
"FV Gutiérrez-corea, MÁ Manso-callejo",1,citantes,fv gutierrezcorea ma mansocallejo,False
"ZS Guo, M Itoh, Y Tanaka",1,citantes,zs guo m itoh y tanaka,False
FA Silva,1,citantes,fa silva,False
"MSP Meirelles, VHM Azevedo, RPD Ferraz, AR Filho",1,citantes,msp meirelles vhm azevedo rpd ferraz ar filho,False
"T Guo, K Feng, G Cong, Z Bao",1,citantes,t guo k feng g cong z bao,False
"L Wang, R Christensen, F Li, K Yi",1,citantes,l wang r christensen f li k yi,False
"D Teng, F Baig, Z Peng, J Kong, F Wang",1,citantes,d teng f baig z peng j kong f wang,False
"D Teng, F Baig, Q Sun, J Kong",1,citantes,d teng f baig q sun j kong,False
"J Kepner, A Kipf, D Engwirda, N Vembar",1,citantes,j kepner a kipf d engwirda n vembar,False
"A Formica, M Mazzei, E Pourabbas, M Rafanelli",1,citantes,a formica m mazzei e pourabbas m rafanelli,False
"A Belussi, B Catania, S Migliorini",1,citantes,a belussi b catania s migliorini,False
Z Yuan,1,citantes,z yuan,False
"Y Zhao, Z Cheng, H Dong, J Fang",1,citantes,y zhao z cheng h dong j fang,False
"H Dong, Z Cheng, J Fang",1,citantes,h dong z cheng j fang,False
"B Catania, G Guerrini",1,citantes,b catania g guerrini,False
LMH Abdelhafeez,1,citantes,lmh abdelhafeez,False
"AHV Raulalexandrupersa, C Zacharatou",1,citantes,ahv raulalexandrupersa c zacharatou,False
"Y Zhao, Q Qiu, J Fang, L Li",1,citantes,y zhao q qiu j fang l li,False
AM Kipf,1,citantes,am kipf,False
"SK Boucetta, D Daman, S Shaik",1,citantes,sk boucetta d daman s shaik,False
"Z Cheng, H Dong, Y Zhao, X Zhang",1,citantes,z cheng h dong y zhao x zhang,False
D Teng,1,citantes,d teng,False
"J Sadidi, S Sahebi Vayghan, H Rezaiyan",1,citantes,j sadidi s sahebi vayghan h rezaiyan,False
"G Zhang, Y Pan, Y Ying",1,citantes,g zhang y pan y ying,False
G Zhang,1,citantes,g zhang,False
MM Sardadi,1,citantes,mm sardadi,False
"سديدي جواد, صاحبي وايقان سعيده, رضاييان هاني",1,citantes,سديدي جواد صاحبي وايقان سعيده رضاييان هاني,False
SE Computaçao,1,citantes,se computacao,False
Y Hu,1,citantes,y hu,False
"E Acheson, M Volpi, RS Purves",1,citantes,e acheson m volpi rs purves,False
"H Manguinhas, B Martins",1,citantes,h manguinhas b martins,False
"H Manguinhas, B Martins, J Borbinha",1,citantes,h manguinhas b martins j borbinha,False
"MA Casanova, T Lauschner, LAPP Leme",1,citantes,ma casanova t lauschner lapp leme,False
"D Oh, XA Yao",1,citantes,d oh xa yao,False
"LT Li, R da Silva Torres",1,citantes,lt li r da silva torres,False
"V Tanasescu, PD Smart, CB Jones",1,citantes,v tanasescu pd smart cb jones,False
"DF Brauner, RM Araújo, GRM Santos",1,citantes,df brauner rm araujo grm santos,False
TL Lin,1,citantes,tl lin,False
D Oh,1,citantes,d oh,False
"MA Casanova, T Lauschner, LAPP Leme, KK Breitman",1,citantes,ma casanova t lauschner lapp leme kk breitman,False
"GVS Figueiredo, AD da Costa, CJP Lucena",1,citantes,gvs figueiredo ad da costa cjp lucena,False
"O Bittencourt, G Câmara, L Vinhas",1,citantes,o bittencourt g camara l vinhas,False
"GN Geller, F Melton",1,citantes,gn geller f melton,False
"D Sébastien, N Conruyt, R Courdier",1,citantes,d sebastien n conruyt r courdier,False
"RV Gorbunov, YV Plugatar, VO Smyrnov",1,citantes,rv gorbunov yv plugatar vo smyrnov,False
"D Sébastien, R Courdier, N Conruyt",1,citantes,d sebastien r courdier n conruyt,False
"KD Fook, S Amaral, AMV Monteiro, G Câmara",1,citantes,kd fook s amaral amv monteiro g camara,False
"KD Fook, AMV Monteiro, G Câmara, S Amaral",1,citantes,kd fook amv monteiro g camara s amaral,False
"D Sébastien, N Conruyt, R Courdier, N Sébastien",1,citantes,d sebastien n conruyt r courdier n sebastien,False
"РВ Горбунов, ВО Смирнов",1,citantes,рв горбунов во смирнов,False
"Z Liu, CK Loo, K Pasupa",1,citantes,z liu ck loo k pasupa,False
"I Khan, MW Jack, J Stephenson",1,citantes,i khan mw jack j stephenson,False
"H Tyralis, N Mamassis, YN Photis",1,citantes,h tyralis n mamassis yn photis,False
"F Puente-sotomayor, F Barragán-ochoa, J Teller",1,citantes,f puentesotomayor f barraganochoa j teller,False
"K Blay, K Agyekum, A Opoku",1,citantes,k blay k agyekum a opoku,False
"C Tomazzoli, M Cristani, E Karafili",1,citantes,c tomazzoli m cristani e karafili,False
"M Cristani, C Tomazzoli, E Karafili",1,citantes,m cristani c tomazzoli e karafili,False
"M Cristani, F Olivieri",1,citantes,m cristani f olivieri,False
"EH Diniz, AK Cernev, L Gonzalez",1,citantes,eh diniz ak cernev l gonzalez,False
"ER Francisco, EB Fagundes, MC Ponchio",1,citantes,er francisco eb fagundes mc ponchio,False
김재완， 정태용， 이태동， 이동근,1,citantes,김재완 정태용 이태동 이동근,False
"RC Souza, JFM Pessanha",1,citantes,rc souza jfm pessanha,False
"R Mvungi, R Kiiza, PV Chombo",1,citantes,r mvungi r kiiza pv chombo,False
"MMA Lusquiños, E de Rezende Francisco-eduardo",1,citantes,mma lusquinos e de rezende franciscoeduardo,False
"W Isnan, H Nugroho, M Saad",1,citantes,w isnan h nugroho m saad,False
YS Kong,1,citantes,ys kong,False
SK Srivastava,1,citantes,sk srivastava,False
"W Zainudin, NA Ramli",1,citantes,w zainudin na ramli,False
"HL Khalid, M Bujang",1,citantes,hl khalid m bujang,False
AF Flores,1,citantes,af flores,False
HHD Tasik,1,citantes,hhd tasik,False
MM Denis,1,citantes,mm denis,False
"F Gerab, PAM de Oliveira",1,citantes,f gerab pam de oliveira,False
"H Tissot, MD Del Fabro, L Derczynski",1,citantes,h tissot md del fabro l derczynski,False
"H Tissot, G Peschl, MD Del Fabro",1,citantes,h tissot g peschl md del fabro,False
"JF Neis, CE Costa",1,citantes,jf neis ce costa,False
"D Negrini, D de Brum Saccol",1,citantes,d negrini d de brum saccol,False
"L Weitzel, J Calixtojoaquim, APR Pimentel",1,citantes,l weitzel j calixtojoaquim apr pimentel,False
"JA Johann, JV Rocha, SRM Oliveira",1,citantes,ja johann jv rocha srm oliveira,False
BS dos Santos,1,citantes,bs dos santos,False
"RAC Lamparelli, JA Johann, ÉR Santos",1,citantes,rac lamparelli ja johann er santos,False
"BNB Paixão, LB da Silva",1,citantes,bnb paixao lb da silva,False
TCF Diógenes,1,citantes,tcf diogenes,False
"K Sun, Y Zhu, J Song",1,citantes,k sun y zhu j song,False
"F Lu, L Yu, P Qiu",1,citantes,f lu l yu p qiu,False
"L Vaccari, P Shvaiko",1,citantes,l vaccari p shvaiko,False
"C Zhang, W Li, T Zhao",1,citantes,c zhang w li t zhao,False
"YQ Huang, Y Zhang",1,citantes,yq huang y zhang,False
"DF Brauner, C Intrator, JC Freitas, MA Casanova",1,citantes,df brauner c intrator jc freitas ma casanova,False
"N Abadie, A Mechouche, S Mustière",1,citantes,n abadie a mechouche s mustiere,False
"K Jitkajornwanich, R Elmasri, C Li",1,citantes,k jitkajornwanich r elmasri c li,False
"GN Hess, C Iochpe, S Castano",1,citantes,gn hess c iochpe s castano,False
L Vaccari,1,citantes,l vaccari,False
"L Yu, X Liu, M Li, P Peng, F Lu",1,citantes,l yu x liu m li p peng f lu,False
R Karam,1,citantes,r karam,False
K Jitkajornwanich,1,citantes,k jitkajornwanich,False
O Ahlqvist,1,citantes,o ahlqvist,False
"J He, N Chen, W Mi",1,citantes,j he n chen w mi,False
"F Vera Voronisky, E Garea Llano",1,citantes,f vera voronisky e garea llano,False
"FV Voronisky, EG Llano",1,citantes,fv voronisky eg llano,False
"SP Camboim, CR Sluter",1,citantes,sp camboim cr sluter,False
B Shaghayegh,1,citantes,b shaghayegh,False
"LY Lin, CH Huang",1,citantes,ly lin ch huang,False
"SP Camboim, MCB Brandalize",1,citantes,sp camboim mcb brandalize,False
"A Modarreszadeh Barzoki, R Sarvar",1,citantes,a modarreszadeh barzoki r sarvar,False
"FG de Andrade, FL Leite",1,citantes,fg de andrade fl leite,False
"KK Moreri, X Yi, D Mioc",1,citantes,kk moreri x yi d mioc,False
M Baldowski,1,citantes,m baldowski,False
S Kurzbach,1,citantes,s kurzbach,False
TR do Amaral,1,citantes,tr do amaral,False
"P Corcoran, P Mooney, A Winstanley",1,citantes,p corcoran p mooney a winstanley,False
BM Meijers,1,citantes,bm meijers,False
M Meijers,1,citantes,m meijers,False
"P Corcoran, P Mooney",1,citantes,p corcoran p mooney,False
"DE Andrianov, SV Eremeev, KV Kuptsov",1,citantes,de andrianov sv eremeev kv kuptsov,False
S Du,1,citantes,s du,False
"CAO Zhenzhou, LI Manchun",1,citantes,cao zhenzhou li manchun,False
V Razým,1,citantes,v razym,False
操震洲， 李满春， 程亮， 陈振杰,1,citantes,操震洲 李满春 程亮 陈振杰,False
ML Galvão,1,citantes,ml galvao,False
"Z Cao, M Li, L Cheng, Z Chen",1,citantes,z cao m li l cheng z chen,False
"M Baglioni, MV Masserotti, C Renso",1,citantes,m baglioni mv masserotti c renso,False
"M Baglioni, E Giovannetti, MV Masserotti",1,citantes,m baglioni e giovannetti mv masserotti,False
RF Viegas,1,citantes,rf viegas,False
U Phumisathan,1,citantes,u phumisathan,False
CM Marques,1,citantes,cm marques,False
SH Alavi,1,citantes,sh alavi,False
"M Baglioni, MV Masserotti, C Renso, L Spinsanti",1,citantes,m baglioni mv masserotti c renso l spinsanti,False
"A Maghraby, M Saleh, F Eassa",1,citantes,a maghraby m saleh f eassa,False
R Dinakar,1,citantes,r dinakar,False
MF Machine,1,citantes,mf machine,False
"P Shrestha, L Zhou",1,citantes,p shrestha l zhou,False
"ES Manolakos, DG Galatopoullos",1,citantes,es manolakos dg galatopoullos,False
"G Kousalya, P Narayanasamy, LO Anyanwu",1,citantes,g kousalya p narayanasamy lo anyanwu,False
"A Sarkar Mondal, S Chattopadhyay",1,citantes,a sarkar mondal s chattopadhyay,False
H Yoon,1,citantes,h yoon,False
T Manig,1,citantes,t manig,False
"RS Bivand, EJ Pebesma, V Gómez-rubio",1,citantes,rs bivand ej pebesma v gomezrubio,False
"KV Reddy, SLSV Jayanthi, K Tharani, PN Sowjanya",1,citantes,kv reddy slsv jayanthi k tharani pn sowjanya,False
"GM de Espindola, ELN da Costa Carneiro",1,citantes,gm de espindola eln da costa carneiro,False
"Y Cao, DP Ames",1,citantes,y cao dp ames,False
"PR de Andrade Neto, PJ Ribeiro Jr",1,citantes,pr de andrade neto pj ribeiro jr,False
"Y Cao, DP Ames, P Yang",1,citantes,y cao dp ames p yang,False
"B Sibolla, JL Smit",1,citantes,b sibolla jl smit,False
Y Cao,1,citantes,y cao,False
"R Chen, S Chen",1,citantes,r chen s chen,False
"Y Shao, D Chen, B Zhao",1,citantes,y shao d chen b zhao,False
"TBP Anzolin, PL de Paula Filho, L Gebler",1,citantes,tbp anzolin pl de paula filho l gebler,False
D Santos,1,citantes,d santos,False
"AKM Al-nasrawi, SM Hamylton, BG Jones",1,citantes,akm alnasrawi sm hamylton bg jones,False
"TP Merlo, JV Rocha",1,citantes,tp merlo jv rocha,False
AKM Al-nasrawi,1,citantes,akm alnasrawi,False
"AKM Al-nasrawi, BG Jones, YM Alyazichi, S Hamylton",1,citantes,akm alnasrawi bg jones ym alyazichi s hamylton,False
"SEDEF Lucena, RM de Moraes",1,citantes,sedef lucena rm de moraes,False
B Lobo,1,citantes,b lobo,False
"MO Prates, RM Assunção, MA Costa",1,citantes,mo prates rm assuncao ma costa,False
Anahae Silva,1,citantes,anahae silva,False
"FF Ribeiro, JG Rodriges, J de Araújo Ferreira",1,citantes,ff ribeiro jg rodriges j de araujo ferreira,False
"WS Carneiro, J de Almeida Nogueira, RM de Moraes",1,citantes,ws carneiro j de almeida nogueira rm de moraes,False
EMJ Pessoa,1,citantes,emj pessoa,False
"R Scheepens, N Willems",1,citantes,r scheepens n willems,False
"MB Kalinowska, K Västilä, M Nones",1,citantes,mb kalinowska k vastila m nones,False
"N Willems, R Scheepens, H Van de Wetering",1,citantes,n willems r scheepens h van de wetering,False
"T Leduc, E Bocher, FG Cortés, G Moreau",1,citantes,t leduc e bocher fg cortes g moreau,False
"W Luo, Z Yu, L Yuan, Y Hu, AX Zhu",1,citantes,w luo z yu l yuan y hu ax zhu,False
"GL Casas, F Scorza",1,citantes,gl casas f scorza,False
SZ Allam,1,citantes,sz allam,False
"BI Inogwabini, M Dianda",1,citantes,bi inogwabini m dianda,False
"LI Gómez, SA Gómez, A Vaisman",1,citantes,li gomez sa gomez a vaisman,False
R Mchugh,1,citantes,r mchugh,False
"U Falchi, P Maglione, P Mercogliano",1,citantes,u falchi p maglione p mercogliano,False
"MA Kang, M Zaamoune, F Pinet",1,citantes,ma kang m zaamoune f pinet,False
"J Zhang, W Yang, J Sun, Y Lv",1,citantes,j zhang w yang j sun y lv,False
"SS Costa, G Câmara, D Palomo",1,citantes,ss costa g camara d palomo,False
K de Jong,1,citantes,k de jong,False
JA Mercado Zuluaga,1,citantes,ja mercado zuluaga,False
DM Almeida,1,citantes,dm almeida,False
张剑波， 杨文鑫， 周斯波， 张帅,1,citantes,张剑波 杨文鑫 周斯波 张帅,False
H Amakdouf,1,citantes,h amakdouf,False
H Ban,1,citantes,h ban,False
"N Chenfour, H Amakdouf",1,citantes,n chenfour h amakdouf,False
"C Mcbride, C Ionescu, R Bird, P Bahr",1,citantes,c mcbride c ionescu r bird p bahr,False
"R Mahabir, A Crooks, A Croitoru",1,citantes,r mahabir a crooks a croitoru,False
"XW Yu, HY Liu, YC Yang, X Zhang",1,citantes,xw yu hy liu yc yang x zhang,False
"M Kim, I Gwak, J Koh",1,citantes,m kim i gwak j koh,False
"G Suciu, C Butca, C Dobre",1,citantes,g suciu c butca c dobre,False
"JCT da Silva, CA Davis Jr",1,citantes,jct da silva ca davis jr,False
"LF da Matta Vegi, DA Peixoto, LS Soares",1,citantes,lf da matta vegi da peixoto ls soares,False
"G Fronza, SP Camboim",1,citantes,g fronza sp camboim,False
"H Wang, A Hamilton",1,citantes,h wang a hamilton,False
"OC da Silva, J Lisboa-filho, JL Braga",1,citantes,oc da silva j lisboafilho jl braga,False
JN Vidal Filho,1,citantes,jn vidal filho,False
"RL Silva, RP Julião",1,citantes,rl silva rp juliao,False
"LFM Vegi, J Lisboa-filho",1,citantes,lfm vegi j lisboafilho,False
R Chen,1,citantes,r chen,False
"LF da Matta, J Lisboa-filho",1,citantes,lf da matta j lisboafilho,False
"PL E Silva, AP dos Santos",1,citantes,pl e silva ap dos santos,False
"U Klein, H Müller",1,citantes,u klein h muller,False
LFM Vegi,1,citantes,lfm vegi,False
"R Borba, J Strauch, JM Souza",1,citantes,r borba j strauch jm souza,False
"A Weidner, A Wu, S Thompson",1,citantes,a weidner a wu s thompson,False
MV Montanari,1,citantes,mv montanari,False
TD Gonçalves,1,citantes,td goncalves,False
"X Yu, Y Yang, H Liu, X Li",1,citantes,x yu y yang h liu x li,False
"SMP Sartor, A Sartor, L Palm, EJ Shinohara",1,citantes,smp sartor a sartor l palm ej shinohara,False
A Indrajit,1,citantes,a indrajit,False
"L Huang, X Zhu, W Guo, M Shui",1,citantes,l huang x zhu w guo m shui,False
"OC Silva, TS Miranda, J Lisboa-filho",1,citantes,oc silva ts miranda j lisboafilho,False
"AA Ghaemia, F Samadzadeganb, A Rajabifardc",1,citantes,aa ghaemia f samadzadeganb a rajabifardc,False
C Reihe,1,citantes,c reihe,False
ES Martins,1,citantes,es martins,False
"AA de Almeida Ribeiro, J Lisboa Filho",1,citantes,aa de almeida ribeiro j lisboa filho,False
IRV Pola,1,citantes,irv pola,False
RD Souto,1,citantes,rd souto,False
"BSD Ing, Z Kapovic",1,citantes,bsd ing z kapovic,False
"KD Fook, AMV Monteiro, G Câmara",1,citantes,kd fook amv monteiro g camara,False
"FJ López-pellicer, R Béjar",1,citantes,fj lopezpellicer r bejar,False
FJL Pellicer,1,citantes,fjl pellicer,False
АИ Рябинков,1,citantes,аи рябинков,False
L Franciscon,1,citantes,l franciscon,False
"B Beach, J Brown, T Tarlton, PA Derosa",1,citantes,b beach j brown t tarlton pa derosa,False
CM Lima,1,citantes,cm lima,False
"CM de Lima, LMG Gonçalves, C Bentes, R Farias",1,citantes,cm de lima lmg goncalves c bentes r farias,False
春辉周， 维呙， 宇夏,1,citantes,春辉周 维呙 宇夏,False
"XY Zhu, CH Zhou, W Guo, Y Xia",1,citantes,xy zhu ch zhou w guo y xia,False
S Migliorini,1,citantes,s migliorini,False
"WS Meyer, JM Souza",1,citantes,ws meyer jm souza,False
樊明辉， 陈崇成， 吴小竹,1,citantes,樊明辉 陈崇成 吴小竹,False
"A Hussain, M Aslam, SM Arif",1,citantes,a hussain m aslam sm arif,False
"X Li, X Feng, Z Zeng, X Xu",1,citantes,x li x feng z zeng x xu,False
Н Ковачев,1,citantes,н ковачев,False
"PCM Meira, W Shin-ting",1,citantes,pcm meira w shinting,False
"A de Assis Mota, LTM Mota",1,citantes,a de assis mota ltm mota,False
"H Liu, SK Al-khafaji, AE Smith",1,citantes,h liu sk alkhafaji ae smith,False
F Papadimitriou,1,citantes,f papadimitriou,False
"I Doukas, G Retscher",1,citantes,i doukas g retscher,False
ID Doukas,1,citantes,id doukas,False
"L Guohui, L Yanhong, L Jianjun, LC Shu, Y Fumin",1,citantes,l guohui l yanhong l jianjun lc shu y fumin,False
"HL Sun, C Jiang, JL Liu, L Sun",1,citantes,hl sun c jiang jl liu l sun,False
"S Wang, MA Cheema, X Lin",1,citantes,s wang ma cheema x lin,False
李艳红， 李国徽， 杜小坤,1,citantes,李艳红 李国徽 杜小坤,False
"JAF Neto, EC dos Santos Junior",1,citantes,jaf neto ec dos santos junior,False
"WP Amorim, H Pistori",1,citantes,wp amorim h pistori,False
JA Ferreira Neto,1,citantes,ja ferreira neto,False
Í de Oliveira Matias,1,citantes,i de oliveira matias,False
"JV Chaiblich, MLS Lima, RF Oliveira",1,citantes,jv chaiblich mls lima rf oliveira,False
"WB Batella, AMA Diniz",1,citantes,wb batella ama diniz,False
"MPA Souza, MS da Natividade, GL Werneck",1,citantes,mpa souza ms da natividade gl werneck,False
"RA Arcêncio, AS Belchior, LH Arroyo",1,citantes,ra arcencio as belchior lh arroyo,False
"MB Nery, S Adorno",1,citantes,mb nery s adorno,False
"SLC Silva, JMG Fachel, SK Kato",1,citantes,slc silva jmg fachel sk kato,False
FG Nunes,1,citantes,fg nunes,False
"TS Rocha, LC Pires, GL de Oliveira, SR Ferreira",1,citantes,ts rocha lc pires gl de oliveira sr ferreira,False
G Martinelli,1,citantes,g martinelli,False
"LP Amorim, MIB Senna, JS Paula",1,citantes,lp amorim mib senna js paula,False
JR Angelo,1,citantes,jr angelo,False
"PR Scalco, AP Gomes, HD Carvalho",1,citantes,pr scalco ap gomes hd carvalho,False
KB Silveira,1,citantes,kb silveira,False
"MP Baccino, SV Costa, NV dos Santos",1,citantes,mp baccino sv costa nv dos santos,False
RF Cavalin,1,citantes,rf cavalin,False
"SC Hess, OP Trevisan, AP Alvarenga",1,citantes,sc hess op trevisan ap alvarenga,False
FV Fernandes,1,citantes,fv fernandes,False
KMFA Araújo,1,citantes,kmfa araujo,False
"KB da Silveira, JRS Silva, FP Reis, AD dos Santos",1,citantes,kb da silveira jrs silva fp reis ad dos santos,False
"ME Bastianini, RG Ferreira, JA Marsicano",1,citantes,me bastianini rg ferreira ja marsicano,False
"RSP da Silva, GR Carneiro, ALS de Oliveira",1,citantes,rsp da silva gr carneiro als de oliveira,False
"RD Marques, JR Angelo, AA de Lima, C Barcellos",1,citantes,rd marques jr angelo aa de lima c barcellos,False
"AAR Queiroz, TZ Berra, ATI Bruce",1,citantes,aar queiroz tz berra ati bruce,False
"EÁVUE Taxas, PORD de Internação",1,citantes,eavue taxas pord de internacao,False
MR Araújo,1,citantes,mr araujo,False
"SC Hess, AP Alvarenga",1,citantes,sc hess ap alvarenga,False
"SC Hess, OP Trevisan",1,citantes,sc hess op trevisan,False
MO Prates,1,citantes,mo prates,False
R Samujh,1,citantes,r samujh,False
"SC Hess, AP Alvarenga, C Medeiros, F Oliveira",1,citantes,sc hess ap alvarenga c medeiros f oliveira,False
"CLB Canas, OAM Monteiro",1,citantes,clb canas oam monteiro,False
"D Melo, PLB Silva, LA Menezes",1,citantes,d melo plb silva la menezes,False
"DA Chagas, ES Furtado, J Nobre Jr",1,citantes,da chagas es furtado j nobre jr,False
VF Fernandes,1,citantes,vf fernandes,False
"GA Oliveira, SCM Cavalcante",1,citantes,ga oliveira scm cavalcante,False
"J Gonçalves, I Oliveira, IBR Barbosa",1,citantes,j goncalves i oliveira ibr barbosa,False
JD Santos,1,citantes,jd santos,False
YS Cavalcanti,1,citantes,ys cavalcanti,False
"AG Schafer, CH Richa, C de Matos Alonso, DM Moreira",1,citantes,ag schafer ch richa c de matos alonso dm moreira,False
"GS Souza, IM Santos, P Zeilhofer",1,citantes,gs souza im santos p zeilhofer,False
"AZ Martinhago, SR de Sales Campos, RA da Silva",1,citantes,az martinhago sr de sales campos ra da silva,False
"CB Medeiros, R da Silva Torres",1,citantes,cb medeiros r da silva torres,False
"VC da Costa, V de Assis, JVM Ribeiro",1,citantes,vc da costa v de assis jvm ribeiro,False
"DA Chagas, ES Furtado, CLB Maia, PR Pinheiro",1,citantes,da chagas es furtado clb maia pr pinheiro,False
GSS Guarienti,1,citantes,gss guarienti,False
DEI de Mapas,1,citantes,dei de mapas,False
"S Shi, M Charlton",1,citantes,s shi m charlton,False
"MG Gruppi, SVG Magalhães, MVA Andrade",1,citantes,mg gruppi svg magalhaes mva andrade,False
陈轶， 彭认灿， 郑义东， 董箭， 李宁,1,citantes,陈轶 彭认灿 郑义东 董箭 李宁,False
张传明， 潘懋， 吴焕萍， 徐绘宏,1,citantes,张传明 潘懋 吴焕萍 徐绘宏,False
"A Piroutek, R Assunção, T Paiva",1,citantes,a piroutek r assuncao t paiva,False
"T Paiva, R Assunção, T Simões",1,citantes,t paiva r assuncao t simoes,False
"C Mayr, U Zdun, S Dustdar",1,citantes,c mayr u zdun s dustdar,False
C Mayr,1,citantes,c mayr,False
"BE Teitler, MD Lieberman, D Panozzo",1,citantes,be teitler md lieberman d panozzo,False
"M Luboschik, H Schumann",1,citantes,m luboschik h schumann,False
"Y Fan, S Lyu, J Guo, F Zhou",1,citantes,y fan s lyu j guo f zhou,False
K Mote,1,citantes,k mote,False
"K Ooms, PD Maeyer, V Fack, EV Assche",1,citantes,k ooms pd maeyer v fack ev assche,False
"P Bobák, L Čmolík, M Čadík",1,citantes,p bobak l cmolik m cadik,False
"M Vaaraniemi, M Treib, R Westermann",1,citantes,m vaaraniemi m treib r westermann,False
"S Burigat, L Chittaro",1,citantes,s burigat l chittaro,False
"Y Zhang, Z Qin, J Ma, Q Zhang, X Wang",1,citantes,y zhang z qin j ma q zhang x wang,False
"M Laurent, ÉD Taillard, O Ertz, F Grin",1,citantes,m laurent ed taillard o ertz f grin,False
"O Ertz, M Laurent, D Rappo, A Sae-tang",1,citantes,o ertz m laurent d rappo a saetang,False
"P Kumar, K Zhang, Y Wang",1,citantes,p kumar k zhang y wang,False
"N Abe, K Kuroda, Y Kamata, S Midoritani",1,citantes,n abe k kuroda y kamata s midoritani,False
Y Zhu,1,citantes,y zhu,False
SD Peterson,1,citantes,sd peterson,False
NE Jivan,1,citantes,ne jivan,False
范毅伦， 吕胜蓝， 郭杰， 周芳芳,1,citantes,范毅伦 吕胜蓝 郭杰 周芳芳,False
"N Ezzati-jivan, A Shameli-sendi",1,citantes,n ezzatijivan a shamelisendi,False
VR Braga,1,citantes,vr braga,False
"GM Ribeiro, GL Cravo",1,citantes,gm ribeiro gl cravo,False
M Vaaraniemi,1,citantes,m vaaraniemi,False
A Gemsa,1,citantes,a gemsa,False
V Lehtinen,1,citantes,v lehtinen,False
"O Akile, E Sevilgen",1,citantes,o akile e sevilgen,False
MR Hasan,1,citantes,mr hasan,False
YC Lin,1,citantes,yc lin,False
"H Cords, M Luboschik, H Schumann",1,citantes,h cords m luboschik h schumann,False
H Dugardeyn,1,citantes,h dugardeyn,False
H Cords,1,citantes,h cords,False
RM Pombo,1,citantes,rm pombo,False
MLÉD Taillard,1,citantes,mled taillard,False
"P Pinheiro da Silva, AA Velasco, M Ceberio, C Servin",1,citantes,p pinheiro da silva aa velasco m ceberio c servin,False
"AQ Gates, V Kreinovich, L Longpré, P Pinheiro da Silva",1,citantes,aq gates v kreinovich l longpre p pinheiro da silva,False
MB Castro,1,citantes,mb castro,False
NS Ribeiro,1,citantes,ns ribeiro,False
"PP da Silva, A Velasco, O Kosheleva",1,citantes,pp da silva a velasco o kosheleva,False
"PP da Silva, A Velasco",1,citantes,pp da silva a velasco,False
"NS Ribeiro, M Raeder, LG Fernandes",1,citantes,ns ribeiro m raeder lg fernandes,False
"M Raeder, D Griebler, N Ribeiro",1,citantes,m raeder d griebler n ribeiro,False
"O Kosheleva, K Villaverde",1,citantes,o kosheleva k villaverde,False
"SL de Oliveira, TL Rego",1,citantes,sl de oliveira tl rego,False
A Farage-figueiredo,1,citantes,a faragefigueiredo,False
"T de Almeida Silveira, MBB Barros Filho, RJAF Alves",1,citantes,t de almeida silveira mbb barros filho rjaf alves,False
"TA Silveira, MBB Barros Filho",1,citantes,ta silveira mbb barros filho,False
"SC Neto, LC Prearo",1,citantes,sc neto lc prearo,False
"LG Azevedo, G Zimbrão1, JM de Souza",1,citantes,lg azevedo g zimbrao1 jm de souza,False
"LG Azevedo, RH Güting, RB Rodrigues",1,citantes,lg azevedo rh guting rb rodrigues,False
"LG Azevedo, G Zimbrão, JM de Souza",1,citantes,lg azevedo g zimbrao jm de souza,False
"MS Veloso, FA Baião, L Azevedo",1,citantes,ms veloso fa baiao l azevedo,False
"MS Veloso, FA Baião, LG Azevedo",1,citantes,ms veloso fa baiao lg azevedo,False
"AA Frozza, RS Mello",1,citantes,aa frozza rs mello,False
徐邦海， 刘晓婷， 蒋泽军,1,citantes,徐邦海 刘晓婷 蒋泽军,False
"ER Sacramento, VMP Vidal, MA Casanova",1,citantes,er sacramento vmp vidal ma casanova,False
"KS Hornsby, N Li",1,citantes,ks hornsby n li,False
"S Hubbard, KS Hornsby",1,citantes,s hubbard ks hornsby,False
JV Christensen,1,citantes,jv christensen,False
"AAT Bui, RK Taira",1,citantes,aat bui rk taira,False
"M Martinez, S Levachkine",1,citantes,m martinez s levachkine,False
"MI Mahmoud, SM Jassim",1,citantes,mi mahmoud sm jassim,False
SA Hubbard,1,citantes,sa hubbard,False
SJ Cole,1,citantes,sj cole,False
"F Tian, Q Mao, Y Zhang, G Chen",1,citantes,f tian q mao y zhang g chen,False
"C Glez-morcillo, D Vallejo, J Albusac",1,citantes,c glezmorcillo d vallejo j albusac,False
"Y Ma, F Tian, W Liu, M Tang, J Li, G Chen",1,citantes,y ma f tian w liu m tang j li g chen,False
"B Li, G Chen, F Tian, B Shao, P Ji",1,citantes,b li g chen f tian b shao p ji,False
"J Zhang, J Sun, Z Jin, Y Zhang, Q Zhai",1,citantes,j zhang j sun z jin y zhang q zhai,False
"V Moolani, R Balasubramanian",1,citantes,v moolani r balasubramanian,False
"D Vallejo, C Glez-morcillo, J Angulo",1,citantes,d vallejo c glezmorcillo j angulo,False
"CM de Lima, LMG Gonçalves, C Bentes, RC Farias",1,citantes,cm de lima lmg goncalves c bentes rc farias,False
"C Glez-morcillo, D Vallejo",1,citantes,c glezmorcillo d vallejo,False
"VL Rodrigues, ÂS Cavalier, MVA Andrade",1,citantes,vl rodrigues as cavalier mva andrade,False
L Lehto,1,citantes,l lehto,False
정용희， 양평우， 이창우， 남광우,1,citantes,정용희 양평우 이창우 남광우,False
"FF Feitosa, G Camara, AMV Monteiro",1,citantes,ff feitosa g camara amv monteiro,False
JR Vignoli,1,citantes,jr vignoli,False
"AL Pearson, E Griffin, A Davies, S Kingham",1,citantes,al pearson e griffin a davies s kingham,False
S Linares,1,citantes,s linares,False
"G Meng, GB Hall, S Roberts",1,citantes,g meng gb hall s roberts,False
"C Vîlcea, L Popescu",1,citantes,c vilcea l popescu,False
JP Kolb,1,citantes,jp kolb,False
"MS Muhammad, R Kasim, D Martin, AA Aliyu",1,citantes,ms muhammad r kasim d martin aa aliyu,False
"FF Feitosa, G Câmara, AMV Monteiro, T Koschitzki",1,citantes,ff feitosa g camara amv monteiro t koschitzki,False
AF Useche Luque,1,citantes,af useche luque,False
MB Prieto,1,citantes,mb prieto,False
M Pisati,1,citantes,m pisati,False
SL Obenhaus,1,citantes,sl obenhaus,False
MAU Sánchez,1,citantes,mau sanchez,False
"P Arvanitidis, G Grigoriou, P Vergou, P Manetos",1,citantes,p arvanitidis g grigoriou p vergou p manetos,False
I Ratkaj,1,citantes,i ratkaj,False
AB Varela,1,citantes,ab varela,False
IW de Vries,1,citantes,iw de vries,False
I de Vries,1,citantes,i de vries,False
S Puissant,1,citantes,s puissant,False
"A Buccella, A Cechich, P Fillottrani",1,citantes,a buccella a cechich p fillottrani,False
"RL Fonseca, EG Llano",1,citantes,rl fonseca eg llano,False
"N Machado-garcía, L González-ruiz",1,citantes,n machadogarcia l gonzalezruiz,False
"A Buccella, A Cechich, D Gendarmi, F Lanubile",1,citantes,a buccella a cechich d gendarmi f lanubile,False
"A Buccella, L Perez, A Cechich",1,citantes,a buccella l perez a cechich,False
Y Xue,1,citantes,y xue,False
"H Abbes, F Gargouri",1,citantes,h abbes f gargouri,False
A Buccella,1,citantes,a buccella,False
"R Oliva Santos, E Garea-llano",1,citantes,r oliva santos e gareallano,False
"RL Fonseca, E Garea Llano",1,citantes,rl fonseca e garea llano,False
"RO Santos, FM Pérez, EG Llano",1,citantes,ro santos fm perez eg llano,False
NM García,1,citantes,nm garcia,False
"MG Neili, GR Lilibeth, BE Carlos",1,citantes,mg neili gr lilibeth be carlos,False
Z Altunkaya,1,citantes,z altunkaya,False
"M Bogdanović, D Vulović, A Stanimirović, L Stoimenov",1,citantes,m bogdanovic d vulovic a stanimirovic l stoimenov,False
MD Bogdanović,1,citantes,md bogdanovic,False
AD Education,1,citantes,ad education,False
Arbeitsgruppe Automation In Der Kartographie,1,citantes,arbeitsgruppe automation in der kartographie,False
HD Ehrich,1,citantes,hd ehrich,False
"FM Adolf, H Hirschmüller",1,citantes,fm adolf h hirschmuller,False
FM Adolf,1,citantes,fm adolf,False
"M Boratto, P Alonso",1,citantes,m boratto p alonso,False
M Boratto,1,citantes,m boratto,False
"N Cipriani, M Wieland, M Grossmann, D Nicklas",1,citantes,n cipriani m wieland m grossmann d nicklas,False
"D Nicklas, T Schwarz, B Mitschang",1,citantes,d nicklas t schwarz b mitschang,False
E Aitenbichler,1,citantes,e aitenbichler,False
"B Mitschang, D Nicklas, M Grossmann",1,citantes,b mitschang d nicklas m grossmann,False
"M Wieland, F Leymann, L Jendoubi, D Nicklas",1,citantes,m wieland f leymann l jendoubi d nicklas,False
"M Grossmann, N Hönle, D Nicklas",1,citantes,m grossmann n honle d nicklas,False
"M Wieland, D Nicklas",1,citantes,m wieland d nicklas,False
"C Becker, F Dürr, M Knoll",1,citantes,c becker f durr m knoll,False
"D Nicklas, M Grossmann, M Wieland",1,citantes,d nicklas m grossmann m wieland,False
"N Cipriani, M Wieland, M Grossmann",1,citantes,n cipriani m wieland m grossmann,False
"T Schwarz, M Grossmann, D Nicklas",1,citantes,t schwarz m grossmann d nicklas,False
T Wilder,1,citantes,t wilder,False
"JP Silva, MY Santos",1,citantes,jp silva my santos,False
"M Yasmina Santos, J Mendes, A Moreira",1,citantes,m yasmina santos j mendes a moreira,False
J Melecio Viñales,1,citantes,j melecio vinales,False
"C Li, H Xiong",1,citantes,c li h xiong,False
"Y Li, CH Davis",1,citantes,y li ch davis,False
"S Kovalsky, R Hagege, JM Francos",1,citantes,s kovalsky r hagege jm francos,False
"H Matsuo, C Pryor, L Sessions",1,citantes,h matsuo c pryor l sessions,False
"R Unrau, C Kray",1,citantes,r unrau c kray,False
MM Haklay,1,citantes,mm haklay,False
"ZA Khan, M Adnan",1,citantes,za khan m adnan,False
"J Schimiguel, MCC Baranauskas, CB Medeiros",1,citantes,j schimiguel mcc baranauskas cb medeiros,False
"EK Mwangi, S Kimani, A Mindila",1,citantes,ek mwangi s kimani a mindila,False
"J Delfos, T Tan, B Veenendaal",1,citantes,j delfos t tan b veenendaal,False
"JH Hong, SY Ho",1,citantes,jh hong sy ho,False
"J Delfos, B Veenendaal, T Tan",1,citantes,j delfos b veenendaal t tan,False
"E López-ornelas, R Abascal-mena",1,citantes,e lopezornelas r abascalmena,False
"I Ali, SSA Shah",1,citantes,i ali ssa shah,False
T Fledderus,1,citantes,t fledderus,False
"FWA Bakr, NAA Sheikha, FN Al-madi",1,citantes,fwa bakr naa sheikha fn almadi,False
KG Chang,1,citantes,kg chang,False
"DH Liang, P Lii, DS Liang",1,citantes,dh liang p lii ds liang,False
A Blakey,1,citantes,a blakey,False
"J Jumadi, P Priyono",1,citantes,j jumadi p priyono,False
"MR Keyvanpour, M Javideh, MR Ebrahimi",1,citantes,mr keyvanpour m javideh mr ebrahimi,False
"MS da Silva, ER de Siqueira, O Teixeira",1,citantes,ms da silva er de siqueira o teixeira,False
"T Kittappa, S Mrithul Snehal, G Nithishka",1,citantes,t kittappa s mrithul snehal g nithishka,False
"T Kittappa, SM Snehal, J Amrutha, JJ Osborne",1,citantes,t kittappa sm snehal j amrutha jj osborne,False
"M Keyvanpour, M Javideh, MR Ebrahimi",1,citantes,m keyvanpour m javideh mr ebrahimi,False
JA Barceló,1,citantes,ja barcelo,False
PP de Curso,1,citantes,pp de curso,False
"J dos Santos Carvalho, MTP Santos",1,citantes,j dos santos carvalho mtp santos,False
"AL Brunozi, E de Martino, N Corradi, R Bafini, G Kelly",1,citantes,al brunozi e de martino n corradi r bafini g kelly,False
"G Giuliani, A Dubois, P Lacroix",1,citantes,g giuliani a dubois p lacroix,False
"R do Nascimento Fidalgo, VC Times",1,citantes,r do nascimento fidalgo vc times,False
"RG Healey, J Delve",1,citantes,rg healey j delve,False
"RL Fonseca, RN Fidalgo, J Silva",1,citantes,rl fonseca rn fidalgo j silva,False
P Lacroix,1,citantes,p lacroix,False
C Freksa,1,citantes,c freksa,False
"F Moreno, F Arango, R Fileto",1,citantes,f moreno f arango r fileto,False
G Giuliani,1,citantes,g giuliani,False
"AHA Halim, MA Ismail, SD Ravana",1,citantes,aha halim ma ismail sd ravana,False
"CE Hernández-simões, JP Cintra",1,citantes,ce hernandezsimoes jp cintra,False
VH Ernst,1,citantes,vh ernst,False
MA Ismail,1,citantes,ma ismail,False
R de Souza Alencar,1,citantes,r de souza alencar,False
"RW Gross, R Fileto",1,citantes,rw gross r fileto,False
"LA Souza, CA Davis, KAV Borges",1,citantes,la souza ca davis kav borges,False
"EG Barros, LA de Souza, RG Cota, KAV Borges",1,citantes,eg barros la de souza rg cota kav borges,False
"CA Davis Jr, KAV Borges, LA de Souza",1,citantes,ca davis jr kav borges la de souza,False
GML Teixeira,1,citantes,gml teixeira,False
"APD Aguiar, G Câmara, MIS Escada",1,citantes,apd aguiar g camara mis escada,False
"JC Moore, PC de Ruiter",1,citantes,jc moore pc de ruiter,False
"G Câmara, A Soterroni, F Ramos, A Carvalho",1,citantes,g camara a soterroni f ramos a carvalho,False
"F Fonseca, C Freitas, L Dutra, R Guimarães",1,citantes,f fonseca c freitas l dutra r guimaraes,False
"G Câmara, AM Monteiro, A Sposati",1,citantes,g camara am monteiro a sposati,False
"M Buurman, G Câmara, AY de Carvalho, J Jones",1,citantes,m buurman g camara ay de carvalho j jones,False
RV Maretto,1,citantes,rv maretto,False
S Ferreira Balieiro,1,citantes,s ferreira balieiro,False
"AL dos Santos Galvão, APD de Aguiar",1,citantes,al dos santos galvao apd de aguiar,False
"FGS Bezerra, L Vinhas, A Carvalho, RA de Souza",1,citantes,fgs bezerra l vinhas a carvalho ra de souza,False
E Nyanzu,1,citantes,e nyanzu,False
"LG Veras, PR de Andrade, G Câmara",1,citantes,lg veras pr de andrade g camara,False
"FTM Bedê, LV Dutra, S Sandri, C da Costa Freitas",1,citantes,ftm bede lv dutra s sandri c da costa freitas,False
LC Coelho,1,citantes,lc coelho,False
S Balieiro,1,citantes,s balieiro,False
SMK Yusuf,1,citantes,smk yusuf,False
ZMM Wang,1,citantes,zmm wang,False
"PR de Andrade, AMV Monteiro, G Camara",1,citantes,pr de andrade amv monteiro g camara,False
"A Santa Catarina, JR de Freitas Oliveira, AMV Monteiro",1,citantes,a santa catarina jr de freitas oliveira amv monteiro,False
TJ Vacari,1,citantes,tj vacari,False
"DB Neill, AW Moore, M Sabhnani",1,citantes,db neill aw moore m sabhnani,False
"H Fanaee‐t, J Gama",1,citantes,h fanaeet j gama,False
"VP Janeja, A Gangopadhyay",1,citantes,vp janeja a gangopadhyay,False
"R Kerkab, S Van Daele",1,citantes,r kerkab s van daele,False
"RS Purves, P Clough, CB Jones, MH Hall",1,citantes,rs purves p clough cb jones mh hall,False
"Y Liu, F Wang, C Kang, Y Gao, Y Lu",1,citantes,y liu f wang c kang y gao y lu,False
S Chakhar,1,citantes,s chakhar,False
"KAV Borges, AHF Laender, CB Medeiros",1,citantes,kav borges ahf laender cb medeiros,False
"E Drymonas, D Pfoser",1,citantes,e drymonas d pfoser,False
"A Angel, C Lontou, D Pfoser, A Efentakis",1,citantes,a angel c lontou d pfoser a efentakis,False
张雪英， 闾国年， 李伯秋， 陈文君,1,citantes,张雪英 闾国年 李伯秋 陈文君,False
"MEI Malaainine, H Rhinane, L Baidder",1,citantes,mei malaainine h rhinane l baidder,False
M de Arruda Pereira,1,citantes,m de arruda pereira,False
"AHF Laender, AS da Silva",1,citantes,ahf laender as da silva,False
N Ziviani,1,citantes,n ziviani,False
"NZES de Moura, AHF Laender, AS da Silva",1,citantes,nzes de moura ahf laender as da silva,False
JEC Tendero,1,citantes,jec tendero,False
"M Abel, JMB Cavalcanti, RA Ferreira, CA Heuser",1,citantes,m abel jmb cavalcanti ra ferreira ca heuser,False
"MS Jameel, TS Chingtham",1,citantes,ms jameel ts chingtham,False
"DW Goldberg, JP Wilson, CA Knoblock",1,citantes,dw goldberg jp wilson ca knoblock,False
"DW Goldberg, JP Wilson, CA Knoblock, B Ritz",1,citantes,dw goldberg jp wilson ca knoblock b ritz,False
"G Dumedah, G Eshun",1,citantes,g dumedah g eshun,False
G Dumedah,1,citantes,g dumedah,False
"DW Goldberg, MG Cockburn",1,citantes,dw goldberg mg cockburn,False
"D Martins, CA Davis Jr",1,citantes,d martins ca davis jr,False
"DW Goldberg, JP Wilson",1,citantes,dw goldberg jp wilson,False
J Lee,1,citantes,j lee,False
"A Chatterjee, J Anjaria, S Roy, A Ganguli",1,citantes,a chatterjee j anjaria s roy a ganguli,False
"A Javidaneh, F Karimipour, N Alinaghi",1,citantes,a javidaneh f karimipour n alinaghi,False
"S Burns, L Miranda-moreno",1,citantes,s burns l mirandamoreno,False
MS Alshammari,1,citantes,ms alshammari,False
"G Dumedah, NNY Binche, GM Bob-milliar",1,citantes,g dumedah nny binche gm bobmilliar,False
"M El Meseery, O Hoeber",1,citantes,m el meseery o hoeber,False
"L Morais, A Lopes, J Rocha, PJ Nogueira",1,citantes,l morais a lopes j rocha pj nogueira,False
K Clemens,1,citantes,k clemens,False
"AMV Monteiro, MS Carvalho, R Assunçao, W Vieira",1,citantes,amv monteiro ms carvalho r assuncao w vieira,False
"AHF Laender, KAV Borges, JCP Carvalho",1,citantes,ahf laender kav borges jcp carvalho,False
"D Freestone, D Williamson",1,citantes,d freestone d williamson,False
AO Alaba,1,citantes,ao alaba,False
"JY Lee, HY Kim",1,citantes,jy lee hy kim,False
"P Amet, D Sanchez",1,citantes,p amet d sanchez,False
"A Javidaneh, F Karimipour",1,citantes,a javidaneh f karimipour,False
"H Rezayan, J Sadidi, V Hosseini",1,citantes,h rezayan j sadidi v hosseini,False
GA Ecklu,1,citantes,ga ecklu,False
AH Maeda,1,citantes,ah maeda,False
"G Borruso, V Defend",1,citantes,g borruso v defend,False
Z Li,1,citantes,z li,False
GJ de Mattos Freire,1,citantes,gj de mattos freire,False
"F Karimipour, N Alinaghi, P Weiser, A Frank",1,citantes,f karimipour n alinaghi p weiser a frank,False
A Rosu,1,citantes,a rosu,False
吴运超， 牛铮， 黄茂军， 林文鹏,1,citantes,吴运超 牛铮 黄茂军 林文鹏,False
LAC Fajardo,1,citantes,lac fajardo,False
"L de Lima Gonçalves, M Ferreira",1,citantes,l de lima goncalves m ferreira,False
N Alinaghi,1,citantes,n alinaghi,False
L Miranda-moreno,1,citantes,l mirandamoreno,False
S Burns,1,citantes,s burns,False
"F Mata, S Levachkine",1,citantes,f mata s levachkine,False
"Y Wu, Z Niu",1,citantes,y wu z niu,False
M Robertsson,1,citantes,m robertsson,False
M Owusu-adjei,1,citantes,m owusuadjei,False
"SSK Baharin, NH Hassan, M Abd Aziz, Z Othman",1,citantes,ssk baharin nh hassan m abd aziz z othman,False
"S Thomas, DB Yudi",1,citantes,s thomas db yudi,False
"S Thomas, DBY Suyoto",1,citantes,s thomas dby suyoto,False
"جاویدانه, کریمی پور, فرید",1,citantes,جاویدانه کریمی پور فرید,False
D Mancini,1,citantes,d mancini,False
FA Marques,1,citantes,fa marques,False
"JAT de Oliveira Filho, FFF Peres",1,citantes,jat de oliveira filho fff peres,False
"SR de Sales Campos, AZ Martinhago",1,citantes,sr de sales campos az martinhago,False
"LA de Alcântara, LACM de Sá",1,citantes,la de alcantara lacm de sa,False
MC Ribeiro,1,citantes,mc ribeiro,False
"AMR Almeida, MIV Lima, JAF Macedo",1,citantes,amr almeida miv lima jaf macedo,False
"VRC Leite¹, EM Diniz¹, AC Silva, AC de Paiva¹",1,citantes,vrc leite1 em diniz1 ac silva ac de paiva1,False
"MR Manikandan, R Latha",1,citantes,mr manikandan r latha,False
"CUV Velha, CDEC da Computação, DL Ervatti",1,citantes,cuv velha cdec da computacao dl ervatti,False
"M Gattass, IM Coelho, JMVD Junior, VRC Leite",1,citantes,m gattass im coelho jmvd junior vrc leite,False
"L Jain, X Wu",1,citantes,l jain x wu,False
"S Jiang, BS Lee, Z He",1,citantes,s jiang bs lee z he,False
"MS Moran, BS Hutchinson, SE Marsh",1,citantes,ms moran bs hutchinson se marsh,False
CS Renschler,1,citantes,cs renschler,False
E de Souza Oliveira,1,citantes,e de souza oliveira,False
"BS Santos, RL Santos, SM Santo",1,citantes,bs santos rl santos sm santo,False
IA Barbosa,1,citantes,ia barbosa,False
GG Cardoso,1,citantes,gg cardoso,False
TS Reichert,1,citantes,ts reichert,False
"PC de Holanda Furtado, PRD Marinho",1,citantes,pc de holanda furtado prd marinho,False
T da Silva,1,citantes,t da silva,False
"CMR Barroso, JVF Neto",1,citantes,cmr barroso jvf neto,False
MH Shimabukuro,1,citantes,mh shimabukuro,False
MCF de Oliveira,1,citantes,mcf de oliveira,False
"RG Negri, EF Flores",1,citantes,rg negri ef flores,False
"JL de Kok, S Kofalk, J Berlekamp, B Hahn",1,citantes,jl de kok s kofalk j berlekamp b hahn,False
M Ilba,1,citantes,m ilba,False
"R Chen, J Xie",1,citantes,r chen j xie,False
"V Singh, A Bhattacharya, AK Singh",1,citantes,v singh a bhattacharya ak singh,False
"U Dadi, C Liu, RR Vatsavai",1,citantes,u dadi c liu rr vatsavai,False
"K Sankar, P Sevugan",1,citantes,k sankar p sevugan,False
S Steinhoff,1,citantes,s steinhoff,False
V Singh,1,citantes,v singh,False
"MCM de Paulo, L Vinhas",1,citantes,mcm de paulo l vinhas,False
"KR Manjula, S Jyothi",1,citantes,kr manjula s jyothi,False
SVK Varma,1,citantes,svk varma,False
LHM Oliveira,1,citantes,lhm oliveira,False
"SM Aluísio, ON Oliveira Jr, GMB Almeida",1,citantes,sm aluisio on oliveira jr gmb almeida,False
MO Moraes,1,citantes,mo moraes,False
LHM de Oliveira,1,citantes,lhm de oliveira,False
"R Minghim, L Henrique",1,citantes,r minghim l henrique,False
MO de Moraes,1,citantes,mo de moraes,False
"MF Oliveira, PP de Mattos",1,citantes,mf oliveira pp de mattos,False
"S Amaral, AMV Monteiro, G Câmara",1,citantes,s amaral amv monteiro g camara,False
FB Silva,1,citantes,fb silva,False
"NCBPP do, C de Estrutura",1,citantes,ncbpp do c de estrutura,False
BSP Esférica,1,citantes,bsp esferica,False
吴勇， 何援军， 蔡鸿明,1,citantes,吴勇 何援军 蔡鸿明,False
"Y Wu, YJ He, HM Cai",1,citantes,y wu yj he hm cai,False
"JB Mendes, CD Ferreira, MVA Andrade",1,citantes,jb mendes cd ferreira mva andrade,False
"J Stolfi, CK Metze, P Principal, NJ Leite",1,citantes,j stolfi ck metze p principal nj leite,False
CMS Silva,1,citantes,cms silva,False
"C Silva, C Iochpe, PM Engel",1,citantes,c silva c iochpe pm engel,False
D Mišev,1,citantes,d misev,False
"TASC Vieira, MA Casanova",1,citantes,tasc vieira ma casanova,False
"GZ Pastorello, CB Medeiros, SM de Resende",1,citantes,gz pastorello cb medeiros sm de resende,False
王月龙， 王文俊， 罗英伟， 汪小林， 许卓群,1,citantes,王月龙 王文俊 罗英伟 汪小林 许卓群,False
"BB Lage, MRS Borges, JH Canós",1,citantes,bb lage mrs borges jh canos,False
"M Atarod, B Mansouri",1,citantes,m atarod b mansouri,False
"MIGB Ferreira, J Oliveira",1,citantes,migb ferreira j oliveira,False
"YL Wang, WJ Wang, YW Luo, XL Wang",1,citantes,yl wang wj wang yw luo xl wang,False
"FM de Oliveira Dias, MA Casanova, MTM de Carvalho",1,citantes,fm de oliveira dias ma casanova mtm de carvalho,False
"FMDEO Dias, MTM de Carvalho",1,citantes,fmdeo dias mtm de carvalho,False
BB Lage,1,citantes,bb lage,False
"OM Peres, MC Polidori",1,citantes,om peres mc polidori,False
"CP Toralles, MC Polidori-mauricio",1,citantes,cp toralles mc polidorimauricio,False
C Toralles,1,citantes,c toralles,False
"CP Toralles, MVP Saraiva",1,citantes,cp toralles mvp saraiva,False
"RM Alves, CH Albrecht",1,citantes,rm alves ch albrecht,False
"CP Toralles, CAM Marques",1,citantes,cp toralles cam marques,False
"LR Venâncio, R Fileto, CB Medeiros",1,citantes,lr venancio r fileto cb medeiros,False
DC Paiva,1,citantes,dc paiva,False
"LC Pinheiro, MSMG Vaz",1,citantes,lc pinheiro msmg vaz,False
Opdocs do,1,citantes,opdocs do,False
AD Pinter,1,citantes,ad pinter,False
DC Dias,1,citantes,dc dias,False
"CC da Silva, GV Meinerz, G Câmara, MG Ribeiro",1,citantes,cc da silva gv meinerz g camara mg ribeiro,False
CH Bughi,1,citantes,ch bughi,False
"J Lisboa Filho, V de Freitas Sodré, J Daltio",1,citantes,j lisboa filho v de freitas sodre j daltio,False
"V de Freitas Sodré, J Lisboa Filho, VM Vilela",1,citantes,v de freitas sodre j lisboa filho vm vilela,False
"J Lisboa Filho, MFR Júnior, J Daltio",1,citantes,j lisboa filho mfr junior j daltio,False
M da Silva Santos,1,citantes,m da silva santos,False
"LAB de Deus, L Silva, MAV Freitas",1,citantes,lab de deus l silva mav freitas,False
MB Ercico,1,citantes,mb ercico,False
CER de Mello,1,citantes,cer de mello,False
VM Furtado,1,citantes,vm furtado,False
"L Bertholdo, LC Júnior",1,citantes,l bertholdo lc junior,False
"CER de Mello, GZ da Silva",1,citantes,cer de mello gz da silva,False
NIR Martins,1,citantes,nir martins,False
"ECG Camargo, AMV Monteiro",1,citantes,ecg camargo amv monteiro,False
F de Toledo Martins,1,citantes,f de toledo martins,False
"CA Davis Jr, FT Fonseca, KAV Borges",1,citantes,ca davis jr ft fonseca kav borges,False
"C Assaf, C Adams, FF Ferreira, H França",1,citantes,c assaf c adams ff ferreira h franca,False
"L Iribarne, N Padilla, JA Asensio",1,citantes,l iribarne n padilla ja asensio,False
J Albrecht,1,citantes,j albrecht,False
D de Vasconcelos Campos,1,citantes,d de vasconcelos campos,False
CZ Calvi,1,citantes,cz calvi,False
RM Okamoto,1,citantes,rm okamoto,False
PSS de Aragão,1,citantes,pss de aragao,False
LB de Oliveira,1,citantes,lb de oliveira,False
LML Ribeiro,1,citantes,lml ribeiro,False
"FF Oliveira, MA Piteri, M Meneguette",1,citantes,ff oliveira ma piteri m meneguette,False
"PR de Andrade Neto, PJ Ribeiro Jr, KD Fook",1,citantes,pr de andrade neto pj ribeiro jr kd fook,False
RS Chaves,1,citantes,rs chaves,False
R Bueno,1,citantes,r bueno,False
"E Nóbrega, JT Rolim, VC Times",1,citantes,e nobrega jt rolim vc times,False
"L Gremonini, E Vicentini",1,citantes,l gremonini e vicentini,False
"MS de Aguiar, GP Dimuro, ACR Costa",1,citantes,ms de aguiar gp dimuro acr costa,False
"RC Bianchini, JL Bernardes Jr, M Cuzziol",1,citantes,rc bianchini jl bernardes jr m cuzziol,False
RHS Reiser,1,citantes,rhs reiser,False
RC Silva,1,citantes,rc silva,False
A Costa,1,citantes,a costa,False
KC Iarosz,1,citantes,kc iarosz,False
"RC Bonetti, KC Iarosz, F da Silva Borges",1,citantes,rc bonetti kc iarosz f da silva borges,False
MPDS Zanelatto,1,citantes,mpds zanelatto,False
"RR Bastos, AB Loreto",1,citantes,rr bastos ab loreto,False
"RK Silva, MS Aguiar, GP Dimuro, F Costa, ACR Costa",1,citantes,rk silva ms aguiar gp dimuro f costa acr costa,False
"ALS de Moraes, FC da Silva, MS de Aguiar",1,citantes,als de moraes fc da silva ms de aguiar,False
"RKS Silva, ACR Costa, GP Dimuro",1,citantes,rks silva acr costa gp dimuro,False
"MS de Aguiar, FA da Costa, AC da Rocha Costa",1,citantes,ms de aguiar fa da costa ac da rocha costa,False
GA Sousa,1,citantes,ga sousa,False
RR Bastos,1,citantes,rr bastos,False
"RKS Silva, MS de Aguiar, FA da Costa, GP Dimuro",1,citantes,rks silva ms de aguiar fa da costa gp dimuro,False
"RKS Silva, MS de Aguiar, ACR Costa, GP Dimuro",1,citantes,rks silva ms de aguiar acr costa gp dimuro,False
"IDOM de Aut, PADAM da Declividade",1,citantes,idom de aut padam da declividade,False
SM Ferreira,1,citantes,sm ferreira,False
"L Braga, C Almeida, C Bettini",1,citantes,l braga c almeida c bettini,False
"LPV Braga, CFP Almeida, C Bettini",1,citantes,lpv braga cfp almeida c bettini,False
Opdocg do,1,citantes,opdocg do,False
FV Gonçalves,1,citantes,fv goncalves,False
"MTM Carvalho, MA Casanova",1,citantes,mtm carvalho ma casanova,False
"MA Casanova, TAS Coelho",1,citantes,ma casanova tas coelho,False
"AL Furtado, MA Casanova, SDJ Barbosa",1,citantes,al furtado ma casanova sdj barbosa,False
F Gibotti,1,citantes,f gibotti,False
"MA Casanova, ETL Corseuil",1,citantes,ma casanova etl corseuil,False
"K Breitman, O Pastor, S Barbosa",1,citantes,k breitman o pastor s barbosa,False
CCTMC Ferreira,1,citantes,cctmc ferreira,False
"S Coetzee, V Rautenbach",1,citantes,s coetzee v rautenbach,False
백정호， 이홍로,1,citantes,백정호 이홍로,False
"ET Costeiros, SE Aracaju",1,citantes,et costeiros se aracaju,False
"M da Motta, L Hara, JP de Garrido, R Bruno",1,citantes,m da motta l hara jp de garrido r bruno,False
"LEO Lizardo, CA Davis Jr",1,citantes,leo lizardo ca davis jr,False
"R de Souza Couto, RS Brites, E de Souza Bias",1,citantes,r de souza couto rs brites e de souza bias,False
AF Bozio,1,citantes,af bozio,False
DSM Conceituais,1,citantes,dsm conceituais,False
A de Amorim Teixeira,1,citantes,a de amorim teixeira,False
"G Colonese, RS Manhães, SM González",1,citantes,g colonese rs manhaes sm gonzalez,False
"J da Silva, VC Times, R do Nascimento Fidalgo",1,citantes,j da silva vc times r do nascimento fidalgo,False
"RS Manhães, SM González, G Colonese",1,citantes,rs manhaes sm gonzalez g colonese,False
"ROL da Silva, RS Manhães",1,citantes,rol da silva rs manhaes,False
GG Sass,1,citantes,gg sass,False
"G Colonese, RS Manhães, SM González, AC Galante",1,citantes,g colonese rs manhaes sm gonzalez ac galante,False
Pósgemc da Computação,1,citantes,posgemc da computacao,False
"FDAF de Souza, RSM de Barros",1,citantes,fdaf de souza rsm de barros,False
"FF Nascimento, C de Souza Baptista, MC Sampaio",1,citantes,ff nascimento c de souza baptista mc sampaio,False
OF Fonseca,1,citantes,of fonseca,False
ME Espaciais,1,citantes,me espaciais,False
"Z Qian, M Chen, Z Sun, F Zhang, Q Xu, J Guo",1,citantes,z qian m chen z sun f zhang q xu j guo,False
"E Okwori, M Viklander, A Hedström",1,citantes,e okwori m viklander a hedstrom,False
"A Hamilton, H Wang, AM Tanyer",1,citantes,a hamilton h wang am tanyer,False
"L Díaz, C Granell, M Gould, J Huerta",1,citantes,l diaz c granell m gould j huerta,False
"JK Batcheller, F Reitsma",1,citantes,jk batcheller f reitsma,False
"RS Torres, CB Medeiros, AX Falcao",1,citantes,rs torres cb medeiros ax falcao,False
"S Sellami, T Dkaki, NE Zarour",1,citantes,s sellami t dkaki ne zarour,False
"L Diaz, C Granell, M Gould",1,citantes,l diaz c granell m gould,False
"AF Chacón Casas, KL Basto Velásquez",1,citantes,af chacon casas kl basto velasquez,False
苏红军， 盛业华， 温永宁， 陈旻,1,citantes,苏红军 盛业华 温永宁 陈旻,False
"H Su, Y Wen, M Chen, H Tao",1,citantes,h su y wen m chen h tao,False
"H Wang, A Hamilton, Y Song, J Tah",1,citantes,h wang a hamilton y song j tah,False
AA Montoya Gonzalez,1,citantes,aa montoya gonzalez,False
GA Thomas,1,citantes,ga thomas,False
JX He,1,citantes,jx he,False
"S Sellami, F Benchikha",1,citantes,s sellami f benchikha,False
"LMC Jurema, AAL Júnior, MC Vieira",1,citantes,lmc jurema aal junior mc vieira,False
S Emamgholian,1,citantes,s emamgholian,False
"H Tabyaoui, EL Hammichi, C Nakhcha",1,citantes,h tabyaoui el hammichi c nakhcha,False
G Brusa,1,citantes,g brusa,False
J Zhang,1,citantes,j zhang,False
"X Kang, W Zhang",1,citantes,x kang w zhang,False
"Y Xia, X Zhu",1,citantes,y xia x zhu,False
"Y Zhu, T Shen, S Zhao",1,citantes,y zhu t shen s zhao,False
"BP Okare, TD Aduloju, OO Ajayi, O Onunka, L Azah",1,citantes,bp okare td aduloju oo ajayi o onunka l azah,False
"RS Torres, CB Medeiros",1,citantes,rs torres cb medeiros,False
"L Dıaz, C Granell, M Gould, J Huerta",1,citantes,l dıaz c granell m gould j huerta,False
NT Cường,1,citantes,nt cuong,False
"R da Silva Lima, LA Borher, AC Silveira, JP Lima",1,citantes,r da silva lima la borher ac silveira jp lima,False
V de Medeiros Benedicto,1,citantes,v de medeiros benedicto,False
SM Ulbricht,1,citantes,sm ulbricht,False
"GK Michelon, CSR Martins, CL Bazzi, FJ Meller",1,citantes,gk michelon csr martins cl bazzi fj meller,False
JH de Castro,1,citantes,jh de castro,False
EC Lopes,1,citantes,ec lopes,False
"P Machado, ACC Bernardi, LIO Valencia",1,citantes,p machado acc bernardi lio valencia,False
CRB Silva,1,citantes,crb silva,False
Naddasu de Mapeamento,1,citantes,naddasu de mapeamento,False
"ACC Bernardi, P Machado, C Carmo",1,citantes,acc bernardi p machado c carmo,False
"V Werner, JF Schlosser, D Rozin, ED Pinheiro",1,citantes,v werner jf schlosser d rozin ed pinheiro,False
PFM Pinto,1,citantes,pfm pinto,False
"MF Goodchild, M Yuan, TJ Cova",1,citantes,mf goodchild m yuan tj cova,False
"FT Fonseca, MJ Egenhofer, P Agouris",1,citantes,ft fonseca mj egenhofer p agouris,False
"F Fonseca, M Egenhofer, C Davis",1,citantes,f fonseca m egenhofer c davis,False
V Voudouris,1,citantes,v voudouris,False
"JAS Ramos, C Esperança",1,citantes,jas ramos c esperanca,False
L Brůha,1,citantes,l bruha,False
"SH Kim, YJ Joo, SH Park",1,citantes,sh kim yj joo sh park,False
"JB Lee, HS Kwak",1,citantes,jb lee hs kwak,False
김수호， 주용진， 박수홍,1,citantes,김수호 주용진 박수홍,False
PNC Herrera,1,citantes,pnc herrera,False
"S Steiniger, E Bocher",1,citantes,s steiniger e bocher,False
"S Steiniger, GJ Hay",1,citantes,s steiniger gj hay,False
"N Gorelick, M Hancher, M Dixon, S Ilyushchenko",1,citantes,n gorelick m hancher m dixon s ilyushchenko,False
"T Orusa, D Cammareri, E Borgogno Mondino",1,citantes,t orusa d cammareri e borgogno mondino,False
"IA Shah, H Khan, Z Muhammad, R Ullah",1,citantes,ia shah h khan z muhammad r ullah,False
"G Camara, F Fonseca",1,citantes,g camara f fonseca,False
"WS Tassinari, DCP Pellegrini, PC Sabroza",1,citantes,ws tassinari dcp pellegrini pc sabroza,False
"MN Jahromi, MN Jahromi, B Zolghadr-asli",1,citantes,mn jahromi mn jahromi b zolghadrasli,False
"LMG Fonseca, LM Namikawa",1,citantes,lmg fonseca lm namikawa,False
"WS Tassinari, DCP Pellegrini, CBP Sá",1,citantes,ws tassinari dcp pellegrini cbp sa,False
"A Buccella, A Cechich, M Arias, M Pol'la",1,citantes,a buccella a cechich m arias m polla,False
"APD de Aguiar, G Câmara, AMV Monteiro",1,citantes,apd de aguiar g camara amv monteiro,False
"BMG Ribeiro, LMG Fonseca",1,citantes,bmg ribeiro lmg fonseca,False
"KR Ferreira, MA Casanova",1,citantes,kr ferreira ma casanova,False
"G Câmara, F Fonseca, AM Monteiro",1,citantes,g camara f fonseca am monteiro,False
"W da Costa, L Medeiros, S Sandri",1,citantes,w da costa l medeiros s sandri,False
B Howe,1,citantes,b howe,False
"WH Bonat, MF Paiva, RM Sliwiany",1,citantes,wh bonat mf paiva rm sliwiany,False
"EF Castejon, LMG Fonseca",1,citantes,ef castejon lmg fonseca,False
R Pournaghi,1,citantes,r pournaghi,False
"L Vinhas, GR de Queiroz, K Ferreira",1,citantes,l vinhas gr de queiroz k ferreira,False
BM Pedrosa,1,citantes,bm pedrosa,False
GM de Espindola,1,citantes,gm de espindola,False
"MP Guidini, CHC Ribeiro",1,citantes,mp guidini chc ribeiro,False
"G Câmara, L Vinhas, RCM Souza, J Paiva",1,citantes,g camara l vinhas rcm souza j paiva,False
"TFM Lima, TGS Carneiro, SD Faria",1,citantes,tfm lima tgs carneiro sd faria,False
"L Vinhas, RCM de Souza",1,citantes,l vinhas rcm de souza,False
"GB Sampaio, A Gazola",1,citantes,gb sampaio a gazola,False
"NAP Moreira, TS Körting, LV Dutra",1,citantes,nap moreira ts korting lv dutra,False
"A Tella, AO Tella",1,citantes,a tella ao tella,False
"TS Körting, LV Dutra, LMG Fonseca, GJ Erthal",1,citantes,ts korting lv dutra lmg fonseca gj erthal,False
CJA Pereira,1,citantes,cja pereira,False
"TS Korting, LMG Fonseca, LV Dutra",1,citantes,ts korting lmg fonseca lv dutra,False
冯敏， 郭建文， 盖迎春， 冉有华,1,citantes,冯敏 郭建文 盖迎春 冉有华,False
"W da Costa12, L Medeiros, S Sandri",1,citantes,w da costa12 l medeiros s sandri,False
"MG Metello, M de Sá Vera, M Lemos, LP Masiero",1,citantes,mg metello m de sa vera m lemos lp masiero,False
"PC Pereira, LT do Nascimento, PL de Souza",1,citantes,pc pereira lt do nascimento pl de souza,False
"GR Queiroz, L Vinhas, KR Ferreira",1,citantes,gr queiroz l vinhas kr ferreira,False
"WH Bonat, M de Fátima Paiva, RM Sliwiany",1,citantes,wh bonat m de fatima paiva rm sliwiany,False
"UM Freitas, VO Ribeiro, GR Queiroz",1,citantes,um freitas vo ribeiro gr queiroz,False
"R Lana, TGS Carneiro, NA Honório",1,citantes,r lana tgs carneiro na honorio,False
S Tingle,1,citantes,s tingle,False
"JSA Ferreira, APL Ferreira",1,citantes,jsa ferreira apl ferreira,False
"A Chiarelli, G Câmara, T Dias, L Vinhas",1,citantes,a chiarelli g camara t dias l vinhas,False
"FM Ribeiro, CD Rennó, S Rosim, J de Oliveira Ortiz",1,citantes,fm ribeiro cd renno s rosim j de oliveira ortiz,False
"CG Diniz, US Guimrães, LWR Sadeck, AR Gomes",1,citantes,cg diniz us guimraes lwr sadeck ar gomes,False
"TS Korting, LG Fonseca, LV Dutra",1,citantes,ts korting lg fonseca lv dutra,False
"LM Pereira, CD Rennó, LMG Fonseca",1,citantes,lm pereira cd renno lmg fonseca,False
"S Rosim, AMV Monteiro, CD Rennó, JRF Oliveira",1,citantes,s rosim amv monteiro cd renno jrf oliveira,False
"VV Bagli, LMG Fonseca, JC Mura",1,citantes,vv bagli lmg fonseca jc mura,False
"TG de Senna Carneiro, F Gibotti, GR Queiroz",1,citantes,tg de senna carneiro f gibotti gr queiroz,False
"D Palomo, G Câmara, RC Souza, O Oliveira",1,citantes,d palomo g camara rc souza o oliveira,False
"PR de Andrade Neto, ESA da Silva, TEB de Mello",1,citantes,pr de andrade neto esa da silva teb de mello,False
"HRA Freitas, S Rosim, JRF Oliveira",1,citantes,hra freitas s rosim jrf oliveira,False
"AJC Rodrigues, TGS Carneiro, PR de Andrade",1,citantes,ajc rodrigues tgs carneiro pr de andrade,False
Y Hamdani,1,citantes,y hamdani,False
A Serrano Juan,1,citantes,a serrano juan,False
"R Pournaghi, F Babalhavaeji",1,citantes,r pournaghi f babalhavaeji,False
L Namikawa,1,citantes,l namikawa,False
"V Dantas, MG Metello, M Lemos, MA Casanova",1,citantes,v dantas mg metello m lemos ma casanova,False
A Vinicius,1,citantes,a vinicius,False
"G Câmara, L Vinhas, RCM de Souza, JA Paiva",1,citantes,g camara l vinhas rcm de souza ja paiva,False
A Boubetra,1,citantes,a boubetra,False
"BM Pedrosa, G Câmara, AMV Monteiro",1,citantes,bm pedrosa g camara amv monteiro,False
"J Daltio, MVA Andrade, GR de Queiroz",1,citantes,j daltio mva andrade gr de queiroz,False
"M Vasconcelos, M Guidini",1,citantes,m vasconcelos m guidini,False
"DM Uba, LV Dutra",1,citantes,dm uba lv dutra,False
"ORF Oliveira, DM Palomo",1,citantes,orf oliveira dm palomo,False
BB Fortkamp,1,citantes,bb fortkamp,False
"LMG Fonseca, R Cartaxo, D Palomo, O Fradico",1,citantes,lmg fonseca r cartaxo d palomo o fradico,False
HJH Kux,1,citantes,hjh kux,False
"ELN da Costa Carneiro, L Namikawa, G Câmara",1,citantes,eln da costa carneiro l namikawa g camara,False
"W de Souza Tassinari, DCP Pellegrini, PC Sabroza",1,citantes,w de souza tassinari dcp pellegrini pc sabroza,False
G da Silva,1,citantes,g da silva,False
"AD Bastos, GN Hess, C Iochpe",1,citantes,ad bastos gn hess c iochpe,False
"A Gazola, GB Sampaio, J Lisboa Filho",1,citantes,a gazola gb sampaio j lisboa filho,False
"BM Pedrosa, G Câmara",1,citantes,bm pedrosa g camara,False
W de Souza Tassinari,1,citantes,w de souza tassinari,False
G Camara,1,citantes,g camara,False
M Villanova-oliver,1,citantes,m villanovaoliver,False
"RM Savelli, P Frederick, R de Beauclair Seixas",1,citantes,rm savelli p frederick r de beauclair seixas,False
TL Time,1,citantes,tl time,False
"TS Korting, LV Dutra, LMG Fonseca, FC Silva",1,citantes,ts korting lv dutra lmg fonseca fc silva,False
"TS Korting, FC Silva",1,citantes,ts korting fc silva,False
"PR de Andrade Neto, MA Carrero, TEB de Mello",1,citantes,pr de andrade neto ma carrero teb de mello,False
"SR Schirato, JA Ferrari, FW Cruz",1,citantes,sr schirato ja ferrari fw cruz,False
M Menezes,1,citantes,m menezes,False
AG Mantilla-dulcey,1,citantes,ag mantilladulcey,False
"LS Canaver, JA Ferrari",1,citantes,ls canaver ja ferrari,False
"D Pani, L Piccini",1,citantes,d pani l piccini,False
"LF Sayão, CH Marcondes",1,citantes,lf sayao ch marcondes,False
"JP Duarte, JN Beirão, N Montenegro, J Gil",1,citantes,jp duarte jn beirao n montenegro j gil,False
"N Montenegro, JP Duarte",1,citantes,n montenegro jp duarte,False
"G Câmara, AMV Monteiro, JS Medeiros",1,citantes,g camara amv monteiro js medeiros,False
"MA Casanova, DF Brauner, G Câmara",1,citantes,ma casanova df brauner g camara,False
LAF Martimiano,1,citantes,laf martimiano,False
KSC Branco,1,citantes,ksc branco,False
AMS Pereira,1,citantes,ams pereira,False
AJS Brandão,1,citantes,ajs brandao,False
RMP Vanni,1,citantes,rmp vanni,False
"V Vasconcelos, PM Júnior",1,citantes,v vasconcelos pm junior,False
EG Hernández,1,citantes,eg hernandez,False
LG Sousa,1,citantes,lg sousa,False
"R Silva, MG Ferreira, N Vijaykumar",1,citantes,r silva mg ferreira n vijaykumar,False
"M Onoda, NFF Ebecken",1,citantes,m onoda nff ebecken,False
"C Barbosa, J Cordeiro, S Amaral, U Freitas, G Câmara",1,citantes,c barbosa j cordeiro s amaral u freitas g camara,False
"F Farinelli, MB Almeida",1,citantes,f farinelli mb almeida,False
MEH Nascimento,1,citantes,meh nascimento,False
CASA do Nascimento,1,citantes,casa do nascimento,False
"RR Silva, MGV Ferreira, NL Vijaykumar",1,citantes,rr silva mgv ferreira nl vijaykumar,False
"GS Gonçalves, J Lisboa Filho, EO da Silva",1,citantes,gs goncalves j lisboa filho eo da silva,False
"LG de Sousa, JC Leite",1,citantes,lg de sousa jc leite,False
"LG de Sousa, JC Leite, CF de Souza, AF de Castro",1,citantes,lg de sousa jc leite cf de souza af de castro,False
AJ dos Santos Brandão,1,citantes,aj dos santos brandao,False
"C Gilberto, AMV Monteiro, JS de Medeiros",1,citantes,c gilberto amv monteiro js de medeiros,False
DFMG da Sé,1,citantes,dfmg da se,False
"Jardos Santos, M Borsato",1,citantes,jardos santos m borsato,False
"CJS Ribeiro–unirio, DV Pereira–unirio",1,citantes,cjs ribeirounirio dv pereiraunirio,False
TB Marino,1,citantes,tb marino,False
J Bringhenti,1,citantes,j bringhenti,False
PDEC Dotte,1,citantes,pdec dotte,False
"ES Lucas, RM Rubio",1,citantes,es lucas rm rubio,False
DRMJT Ruiz,1,citantes,drmjt ruiz,False
"IMC Aguiar, JBB Botelho, LE Guimarães, SMA Costa",1,citantes,imc aguiar jbb botelho le guimaraes sma costa,False
JCV Romero,1,citantes,jcv romero,False
"MR Fornari, C Iochpe",1,citantes,mr fornari c iochpe,False
"M Fornari, JLD Comba, C Iochpe",1,citantes,m fornari jld comba c iochpe,False
"JS Mota, G Câmara, LMG Fonseca",1,citantes,js mota g camara lmg fonseca,False
"EC Lopes, U Schiel",1,citantes,ec lopes u schiel,False
S Araújo,1,citantes,s araujo,False
"EC Lopes, U Schiel, GP dos Santos Jr",1,citantes,ec lopes u schiel gp dos santos jr,False
A Holt,1,citantes,a holt,False
"AJ Peron, AR Evangelista",1,citantes,aj peron ar evangelista,False
"MC Nascimento, RDD Riva, CS Chagas",1,citantes,mc nascimento rdd riva cs chagas,False
"TT Resende, AM Auad, MG Fonseca",1,citantes,tt resende am auad mg fonseca,False
"DMS Oliveira, EM Araújo, EF Frade",1,citantes,dms oliveira em araujo ef frade,False
FL Viecili,1,citantes,fl viecili,False
MG Diotto,1,citantes,mg diotto,False
"CKA de Oliveira, ÁN de Souza, SN de Souza",1,citantes,cka de oliveira an de souza sn de souza,False
"M de Moura Abdon, MS Oliveira",1,citantes,m de moura abdon ms oliveira,False
NVA Moura,1,citantes,nva moura,False
"DD de Pastagens, GR Baganha",1,citantes,dd de pastagens gr baganha,False
"C da Silva Chagas, CAO Vieira, EI Fernandes Filho",1,citantes,c da silva chagas cao vieira ei fernandes filho,False
A Pinheiro,1,citantes,a pinheiro,False
"NMP Praça, NS Nespoli, JL Machado, T Guimarães",1,citantes,nmp praca ns nespoli jl machado t guimaraes,False
WP Camargo,1,citantes,wp camargo,False
ETS Junior,1,citantes,ets junior,False
AS de Oliveira,1,citantes,as de oliveira,False
JB Mena,1,citantes,jb mena,False
"AP Dal Poz, P Agouris",1,citantes,ap dal poz p agouris,False
"CR Silva, JA Silva Centeno",1,citantes,cr silva ja silva centeno,False
GM Vale,1,citantes,gm vale,False
"DJ Santos, DR Santos",1,citantes,dj santos dr santos,False
DJ Santos,1,citantes,dj santos,False
CAC Simoni,1,citantes,cac simoni,False
CDOG Mapa,1,citantes,cdog mapa,False
"CS Sampaio, CG Duque",1,citantes,cs sampaio cg duque,False
FG Micali,1,citantes,fg micali,False
"E Brasileiro, DDOSS Adelino",1,citantes,e brasileiro ddoss adelino,False
"C da Silva Sampaio, CG Duque",1,citantes,c da silva sampaio cg duque,False
"MR Fornari, L Cláudia, C Iochpe",1,citantes,mr fornari l claudia c iochpe,False
ACP Macêdo,1,citantes,acp macedo,False
"A Khalili, S Auer",1,citantes,a khalili s auer,False
"G Camara, R Souza, B Pedrosa",1,citantes,g camara r souza b pedrosa,False
"P Hurst, P Clough",1,citantes,p hurst p clough,False
"D Kammerhofer, J Scholz",1,citantes,d kammerhofer j scholz,False
"G Bhatt, M Kumar, CJ Duffy",1,citantes,g bhatt m kumar cj duffy,False
A Khalili,1,citantes,a khalili,False
AJC Rosas,1,citantes,ajc rosas,False
PSR Nascimento,1,citantes,psr nascimento,False
G Moreau,1,citantes,g moreau,False
"M Sànchez-marrè, J Béjar, J Comas, A Rizzoli",1,citantes,m sanchezmarre j bejar j comas a rizzoli,False
"W Ciżmowski, M Moszyński",1,citantes,w cizmowski m moszynski,False
K Tiits,1,citantes,k tiits,False
B Yu,1,citantes,b yu,False
S Comé,1,citantes,s come,False
PMB Lourenço,1,citantes,pmb lourenco,False
"Z Yovcheva, D Buhalis, C Gatzidis",1,citantes,z yovcheva d buhalis c gatzidis,False
"B Hofmann, D Haustein, L Landeweerd",1,citantes,b hofmann d haustein l landeweerd,False
"A Mulloni, A Dünser, D Schmalstieg",1,citantes,a mulloni a dunser d schmalstieg,False
"P Bartie, W Mackaness, O Lemon, T Dalmas",1,citantes,p bartie w mackaness o lemon t dalmas,False
"T Dayan, M Ross",1,citantes,t dayan m ross,False
"P Fröhlich, A Oulasvirta, M Baldauf",1,citantes,p frohlich a oulasvirta m baldauf,False
"S Meek, G Priestnall, M Sharples, J Goulding",1,citantes,s meek g priestnall m sharples j goulding,False
T Fröhlich,1,citantes,t frohlich,False
"P Fröhlich, R Simon, L Baillie, J Roberts",1,citantes,p frohlich r simon l baillie j roberts,False
"P Fröhlich, R Simon, L Baillie, H Anegg",1,citantes,p frohlich r simon l baillie h anegg,False
"R Simon, P Fröhlich, T Grechenig",1,citantes,r simon p frohlich t grechenig,False
"YT Hsieh, A Jylhä, V Orso, S Andolina",1,citantes,yt hsieh a jylha v orso s andolina,False
"R Simon, P Fröhlich, G Obernberger",1,citantes,r simon p frohlich g obernberger,False
"ASMM Rahman, MA Hossain, AE Saddik",1,citantes,asmm rahman ma hossain ae saddik,False
"Z Lei, P Coulton",1,citantes,z lei p coulton,False
"P Froehlich, L Baillie, R Simon",1,citantes,p froehlich l baillie r simon,False
"J Lachner, H Hellwagner",1,citantes,j lachner h hellwagner,False
"R Jacob, P Mooney, A Winstanley",1,citantes,r jacob p mooney a winstanley,False
"P Froehlich, G Obernberger, R Simon",1,citantes,p froehlich g obernberger r simon,False
"B Aydin, J Gensel, P Genoud, S Calabretto",1,citantes,b aydin j gensel p genoud s calabretto,False
"D Miau, S Feiner",1,citantes,d miau s feiner,False
CE Frank,1,citantes,ce frank,False
"G Câmara, M Neves, AMV Monteiro",1,citantes,g camara m neves amv monteiro,False
"H Aguiar, MB Carmo, P Pombinho",1,citantes,h aguiar mb carmo p pombinho,False
"P Fröhlich, R Simon, C Kaufmann",1,citantes,p frohlich r simon c kaufmann,False
"P Fröhlich, M Baldauf, P Reichl",1,citantes,p frohlich m baldauf p reichl,False
RF Simon,1,citantes,rf simon,False
"S Maierhofer, R Simon, RF Tobler",1,citantes,s maierhofer r simon rf tobler,False
"A Rahman, M Momeni, C Braton",1,citantes,a rahman m momeni c braton,False
"M Baldauf, P Fröhlich, P Reichl",1,citantes,m baldauf p frohlich p reichl,False
"M Baldauf, P Fröhlich, P Musialski",1,citantes,m baldauf p frohlich p musialski,False
B Shalaik,1,citantes,b shalaik,False
"P Pombinho, MB Carmo, AP Afonso",1,citantes,p pombinho mb carmo ap afonso,False
P Coulton,1,citantes,p coulton,False
LL Amezquita Garcia,1,citantes,ll amezquita garcia,False
P Pombinho,1,citantes,p pombinho,False
"P Fröhlich, A Oulasvirta, M Baldauf, A Nurminen",1,citantes,p frohlich a oulasvirta m baldauf a nurminen,False
"AM Rahman, AE Saddik",1,citantes,am rahman ae saddik,False
D Miau,1,citantes,d miau,False
JMV Andrade,1,citantes,jmv andrade,False
S Robinson,1,citantes,s robinson,False
BD Bedwell,1,citantes,bd bedwell,False
"D Suwardhi, H Setan, AK Chong",1,citantes,d suwardhi h setan ak chong,False
A Mathew,1,citantes,a mathew,False
ASMM Rahman,1,citantes,asmm rahman,False
R Jacob,1,citantes,r jacob,False
É Linehan,1,citantes,e linehan,False
"طهانی ناصر, آل شیخ علی اصغر, فرنقی مهدی",1,citantes,طهانی ناصر ال شیخ علی اصغر فرنقی مهدی,False
G Obernberger,1,citantes,g obernberger,False
J Persson,1,citantes,j persson,False
MCC Baranauskas,1,citantes,mcc baranauskas,False
"G Câmara, H Onsrud, AM Monteiro",1,citantes,g camara h onsrud am monteiro,False
"AC Vianna, AC de Paiva, M Gattass",1,citantes,ac vianna ac de paiva m gattass,False
"V Petkevitch, P Apparicio",1,citantes,v petkevitch p apparicio,False
"J Lisboa Filho, C Iochpe",1,citantes,j lisboa filho c iochpe,False
"J Lisboa Filho, MA Pereira",1,citantes,j lisboa filho ma pereira,False
L Weitzel,1,citantes,l weitzel,False
"VS Celestino, RPSPM Julião",1,citantes,vs celestino rpspm juliao,False
"CE Hübner, FH Oliveira, MA Dal Santo",1,citantes,ce hubner fh oliveira ma dal santo,False
VO Fernandes,1,citantes,vo fernandes,False
"DMM Júnior, REN Loch",1,citantes,dmm junior ren loch,False
"V da Silva Celestino, RP Julião",1,citantes,v da silva celestino rp juliao,False
ACM Moura,1,citantes,acm moura,False
K de Araújo Pedrosa,1,citantes,k de araujo pedrosa,False
"DY de Souza Fernandes, AC Salgado",1,citantes,dy de souza fernandes ac salgado,False
