id_geoinfo,ordem,autor_original,autor_padronizado,instituicao_original,instituicao_padronizada
8JMKD2USPTW34P/4DKBAQH,1,"Adorno, Bruno Vargas",Bruno Vargas Adorno,National Institute for Space Research (INPE),INPE
8JMKD2USPTW34P/4DKBAQH,2,"Nesbitt, Lorien",Lorien Nesbitt,University of British Columbia,University of British Columbia
8JMKD2USPTW34P/4DKBAQH,3,"Amaral, Silvana",Silvana Amaral,National Institute for Space Research (INPE),INPE
8JMKD2USPTW34P/4DKBE9S,1,"Andrade, Pedro Ribeiro",Pedro Ribeiro Andrade,National Institute for Space Research (INPE),INPE
8JMKD2USPTW34P/4DKBE9S,2,"Rodrigues, Erick Teixeira",Erick Teixeira Rodrigues,National Institute for Space Research (INPE),INPE
8JMKD2USPTW34P/4DKBE9S,3,"Simoes, Rolf E. O.",Rolf E. O. Simoes,Open Geo Hub (OGH),Open Geo Hub (OGH)
8JMKD2USPTW34P/4DKBE9S,4,"Escada, Maria Isabel Sobral",Maria Isabel Sobral Escada,National Institute for Space Research (INPE),INPE
8JMKD2USPTW34P/4DKBSAB,1,"Chuizaca-Espinoza, Isabel Adriana",Isabel Adriana Chuizaca-Espinoza,National Institute for Space Research (INPE),INPE
8JMKD2USPTW34P/4DKBSAB,2,"Amaral, Silvana",Silvana Amaral,National Institute for Space Research (INPE),INPE
8JMKD2USPTW34P/4DKBDA8,1,"Costa, Gabriel F.",Gabriel F. Costa,Federal University of Ouro Preto (UFOP),Federal University of Ouro Preto (UFOP)
8JMKD2USPTW34P/4DKBDA8,2,"Santos, Leonardo Bacelar Lima",Leonardo Bacelar Lima Santos,National Center for Monitoring and Early Warning of Natural Disasters (CEMADEN),National Center for Monitoring and Early Warning of Natural Disasters (CEMADEN)
8JMKD2USPTW34P/4DKBDA8,3,"Freitas, Vander L. S.",Vander L. S. Freitas,Federal University of Ouro Preto (UFOP),Federal University of Ouro Preto (UFOP)
8JMKD2USPTW34P/4DKBEP8,1,"Cruz, Victor Augusto L.",Victor Augusto L. Cruz,Universidade Federal de Minas Gerais (UFMG),Universidade Federal de Minas Gerais (UFMG)
8JMKD2USPTW34P/4DKBEP8,2,"Smarzaro, Rodrigo",Rodrigo Smarzaro,Universidade Federal de Viçosa (UFV),Universidade Federal de Viçosa (UFV)
8JMKD2USPTW34P/4DKBEP8,3,"Davis Junior, Clodoveu A.",Clodoveu A. Davis Junior,Universidade Federal de Minas Gerais (UFMG),Universidade Federal de Minas Gerais (UFMG)
8JMKD2USPTW34P/4DKB7C8,1,"Fernandes, Anibal Evaristo",Anibal Evaristo Fernandes,Universidade Federal de Itajubß (UNIFEI),Universidade Federal de Itajubß (UNIFEI)
8JMKD2USPTW34P/4DKB7C8,2,"Souza, Ant¶nio Carlos Zambroni de",Ant¶nio Carlos Zambroni de Souza,Universidade Federal de Itajubß (UNIFEI),Universidade Federal de Itajubß (UNIFEI)
8JMKD2USPTW34P/4DKB7C8,3,"Felgueiras, Carlos Alberto",Carlos Alberto Felgueiras,Instituto Nacional de Pesquisas Espaciais (INPE),Instituto Nacional de Pesquisas Espaciais (INPE)
8JMKD2USPTW34P/4DKAUJL,1,"Leite, Cândida Caroline Souza de Santana",Cândida Caroline Souza de Santana Leite,National Institute for Space Research – (INPE),National Institute for Space Research – (INPE)
8JMKD2USPTW34P/4DKAUJL,2,"Júnior, Rogerio Costa de Oliveira",Rogerio Costa de Oliveira Júnior,National Institute for Space Research – (INPE),National Institute for Space Research – (INPE)
8JMKD2USPTW34P/4DKAUJL,3,"Anderson, Liana Oighenstein",Liana Oighenstein Anderson,Natural Disaster and Alert Monitoring Center – (CEMADEN),Natural Disaster and Alert Monitoring Center – (CEMADEN)
8JMKD2USPTW34P/4DKAUJL,4,"Santos, Leonardo Bacelar Lima",Leonardo Bacelar Lima Santos,Natural Disaster and Alert Monitoring Center – (CEMADEN),Natural Disaster and Alert Monitoring Center – (CEMADEN)
8JMKD2USPTW34P/4DJ8B35,1,"Lopes, Gesiel Rios",Gesiel Rios Lopes,Institute of Mathematical and Computer Sciences – University of Sao Paulo,Institute of Mathematical and Computer Sciences – University of Sao Paulo
8JMKD2USPTW34P/4DJ8B35,2,"Tokuda, Eric K.",Eric K. Tokuda,Institute of Mathematical and Computer Sciences – University of Sao Paulo,Institute of Mathematical and Computer Sciences – University of Sao Paulo
8JMKD2USPTW34P/4DJ8B35,3,"Silva, Roberto F. da",Roberto F. da Silva,Biosystems Engineering Department – University of Sao Paulo,Biosystems Engineering Department – University of Sao Paulo
8JMKD2USPTW34P/4DJ8B35,4,"Delbem, Alexandre C. B.",Alexandre C. B. Delbem,Institute of Mathematical and Computer Sciences – University of Sao Paulo,Institute of Mathematical and Computer Sciences – University of Sao Paulo
8JMKD2USPTW34P/4DJ8B35,5,"Sousa, Joelcio Braga de",Joelcio Braga de Sousa,Facid Wyden University Center,Facid Wyden University Center
8JMKD2USPTW34P/4DKB9J8,1,"Lucas, Luiz Gabriel Camilo",Luiz Gabriel Camilo Lucas,National Institute for Space Research (INPE),INPE
8JMKD2USPTW34P/4DKB9J8,2,"Körting, Thales Sehn",Thales Sehn Körting,National Institute for Space Research (INPE),INPE
8JMKD2USPTW34P/4DKB9J8,3,"Namikawa, Laercio",Laercio Namikawa,National Institute for Space Research (INPE),INPE
8JMKD2USPTW34P/4DK3B2S,1,"Machado, Suzane Regina de Amorim Biscaia",Suzane Regina de Amorim Biscaia Machado,Universidade Federal de Santa Catarina (UFSC),Universidade Federal de Santa Catarina (UFSC)
8JMKD2USPTW34P/4DK3B2S,2,"Machado, Vanessa Lago",Vanessa Lago Machado,Instituto Federal Sul-Rio-Grandense (IFSUL),Instituto Federal Sul-Rio-Grandense (IFSUL)
8JMKD2USPTW34P/4DK3B2S,3,"Duarte, Mariana Machado Garcez",Mariana Machado Garcez Duarte,Universite libre de Bruxelles (ULB),Universite libre de Bruxelles (ULB)
8JMKD2USPTW34P/4DK3B2S,4,"Portela, Tarlis Tortelli",Tarlis Tortelli Portela,Instituto Federal do Parana (IFPR),Instituto Federal do Parana (IFPR)
8JMKD2USPTW34P/4DK3B2S,5,"Mello, Ronaldo dos Santos",Ronaldo dos Santos Mello,Universidade Federal de Santa Catarina (UFSC),Universidade Federal de Santa Catarina (UFSC)
8JMKD2USPTW34P/4DK3C4P,1,"Maia, Aluizio Brito",Aluizio Brito Maia,Instituto Nacional de Pesquisas Espaciais (INPE),Instituto Nacional de Pesquisas Espaciais (INPE)
8JMKD2USPTW34P/4DK3C4P,2,"Silva, Evandro Jose da",Evandro Jose da Silva,Aeronautics Institute of Technology (ITA),Aeronautics Institute of Technology (ITA)
8JMKD2USPTW34P/4DK3C4P,3,"Rocha, Ezequiel Silva",Ezequiel Silva Rocha,National Institute for Space Research (INPE),INPE
8JMKD2USPTW34P/4DK3C4P,4,"Almeida, Claudia Maria de",Claudia Maria de Almeida,Instituto Nacional de Pesquisas Espaciais (INPE),Instituto Nacional de Pesquisas Espaciais (INPE)
8JMKD2USPTW34P/4DK3C4P,5,"Renno, Camilo Daleles",Camilo Daleles Renno,Instituto Nacional de Pesquisas Espaciais (INPE),Instituto Nacional de Pesquisas Espaciais (INPE)
8JMKD2USPTW34P/4DKBDK5,1,"Margotte, Henrique",Henrique Margotte,Universidade Federal do Paraná (UFPR),Universidade Federal do Paraná (UFPR)
8JMKD2USPTW34P/4DKBDK5,2,"Pozo, Aurora",Aurora Pozo,Universidade Federal do Paraná (UFPR),Universidade Federal do Paraná (UFPR)
8JMKD2USPTW34P/4DKBDK5,3,"Hara, Carmem",Carmem Hara,Universidade Federal do Paraná (UFPR),Universidade Federal do Paraná (UFPR)
8JMKD2USPTW34P/4DKB58E,1,"Matos, Diego Henrique M.",Diego Henrique M. Matos,Universidade Federal de Minas Gerais (UFMG),Universidade Federal de Minas Gerais (UFMG)
8JMKD2USPTW34P/4DKB58E,2,"Davis Junior, Clodoveu A.",Clodoveu A. Davis Junior,Universidade Federal de Minas Gerais (UFMG),Universidade Federal de Minas Gerais (UFMG)
8JMKD2USPTW34P/4DK6MPL,1,"Melo, Daniel Wander Ferreira",Daniel Wander Ferreira Melo,National Institute for Space Research (INPE),INPE
8JMKD2USPTW34P/4DK6MPL,2,"Candeias, Ana Lucia Bezerra",Ana Lucia Bezerra Candeias,Federal University of Pernambuco (UFPE),Federal University of Pernambuco (UFPE)
8JMKD2USPTW34P/4DK6MPL,3,"Santos, Rafael Duarte Coelho dos",Rafael Duarte Coelho dos Santos,National Institute for Space Research (INPE),INPE
8JMKD2USPTW34P/4DKBRF5,1,"Mendonþa, Tiffany Laura Januci Teles de",Tiffany Laura Januci Teles de Mendonþa,Instituto Nacional de Pesquisas Espaciais (INPE),Instituto Nacional de Pesquisas Espaciais (INPE)
8JMKD2USPTW34P/4DKBRF5,2,"Nascimento Filho, Ocione Dias do",Ocione Dias do Nascimento Filho,Instituto Nacional de Pesquisas Espaciais (INPE),Instituto Nacional de Pesquisas Espaciais (INPE)
8JMKD2USPTW34P/4DKBRF5,3,"Namikawa, LaÚrcio Massaru",LaÚrcio Massaru Namikawa,Instituto Nacional de Pesquisas Espaciais (INPE),Instituto Nacional de Pesquisas Espaciais (INPE)
8JMKD2USPTW34P/4DKBRQ2,1,"Miranda, Bruno Guerreiro",Bruno Guerreiro Miranda,Instituto Nacional de Pesquisas Espaciais (INPE),Instituto Nacional de Pesquisas Espaciais (INPE)
8JMKD2USPTW34P/4DKBRQ2,2,"Gama, Fabio Furlan",Fabio Furlan Gama,Instituto Nacional de Pesquisas Espaciais (INPE),Instituto Nacional de Pesquisas Espaciais (INPE)
8JMKD2USPTW34P/4DKBB8L,1,"Mota, Victor Ferreira Almeida",Victor Ferreira Almeida Mota,Universidade Federal de Sao Joăo Del-Rei (UFSJ),Universidade Federal de Sao Joăo Del-Rei (UFSJ)
8JMKD2USPTW34P/4DKBB8L,2,"Castro, Gustavo Jose da Silva",Gustavo Jose da Silva Castro,Universidade Federal de Sao Joăo Del-Rei (UFSJ),Universidade Federal de Sao Joăo Del-Rei (UFSJ)
8JMKD2USPTW34P/4DKBB8L,3,"Pereira, Marconi Arruda",Marconi Arruda Pereira,Universidade Federal de Sao Joăo Del-Rei (UFSJ),Universidade Federal de Sao Joăo Del-Rei (UFSJ)
8JMKD2USPTW34P/4DKBB8L,4,"Xavier, Carolina Ribeiro",Carolina Ribeiro Xavier,Universidade Federal de Sao Joăo Del-Rei (UFSJ),Universidade Federal de Sao Joăo Del-Rei (UFSJ)
8JMKD2USPTW34P/4DK6TML,1,"Oliveira, Edgar",Edgar Oliveira,Instituto Federal do Ceara (IFCE),Instituto Federal do Ceara (IFCE)
8JMKD2USPTW34P/4DK6TML,2,"Celes, Clayson",Clayson Celes,Universidade Federal do Espíırito Santo (UFES),Universidade Federal do Espíırito Santo (UFES)
8JMKD2USPTW34P/4DK6TML,3,"Oliveira, Carina T.",Carina T. Oliveira,Instituto Federal do Ceara (IFCE),Instituto Federal do Ceara (IFCE)
8JMKD2USPTW34P/4DK6TML,4,"Braga, Reinaldo",Reinaldo Braga,Instituto Federal do Ceara (IFCE),Instituto Federal do Ceara (IFCE)
8JMKD2USPTW34P/4DK6UEL,1,"Oliveira, André Estevam Costa",André Estevam Costa Oliveira,Instituto Nacional de Pesquisas Espaciais (INPE),Instituto Nacional de Pesquisas Espaciais (INPE)
8JMKD2USPTW34P/4DK6UEL,2,"Santiago Junior, Valdivino Alexandre de",Valdivino Alexandre de Santiago Junior,Instituto Nacional de Pesquisas Espaciais (INPE),Instituto Nacional de Pesquisas Espaciais (INPE)
8JMKD2USPTW34P/4DK6L68,1,"Perciani, Bruno Zomignani",Bruno Zomignani Perciani,Laboratório de Gestăo de Riscos (LABGRIs),Laboratório de Gestăo de Riscos (LABGRIs)
8JMKD2USPTW34P/4DK6L68,2,"Nascimento, Victor Fernandez",Victor Fernandez Nascimento,Laboratório de Gestăo de Riscos (LABGRIs),Laboratório de Gestăo de Riscos (LABGRIs)
8JMKD2USPTW34P/4DK6L68,3,"Vasconcelos, Vitor Vieira",Vitor Vieira Vasconcelos,Laboratório de Gestăo de Riscos (LABGRIs),Laboratório de Gestăo de Riscos (LABGRIs)
8JMKD2USPTW34P/4DK6L68,4,"Werneck, Márcio de Souza",Márcio de Souza Werneck,Universidade Federal do ABC (UFABC),Universidade Federal do ABC (UFABC)
8JMKD2USPTW34P/4DKB9T5,1,"Pujatt, Mario A. S.",Mario A. S. Pujatt,Universidade Federal de Sao JoŃo del Rei (UFSJ),Universidade Federal de Sao JoŃo del Rei (UFSJ)
8JMKD2USPTW34P/4DKB9T5,2,"Pereira, Marconi de A.",Marconi de A. Pereira,Universidade Federal de Sao JoŃo del Rei (UFSJ),Universidade Federal de Sao JoŃo del Rei (UFSJ)
8JMKD2USPTW34P/4DK73E2,1,"Reis, Mariane Souza",Mariane Souza Reis,National Institute for Space Research (INPE),INPE
8JMKD2USPTW34P/4DK73E2,2,"Doblas, Juan",Juan Doblas,Global Earth Observation (GlobEO),Global Earth Observation (GlobEO)
8JMKD2USPTW34P/4DK73E2,3,"Gusmăo, Luiz Henrique",Luiz Henrique Gusmăo,National Institute for Space Research (INPE),INPE
8JMKD2USPTW34P/4DK73E2,4,"Moraes, Dayane Rafaela V. de",Dayane Rafaela V. de Moraes,National Institute for Space Research (INPE),INPE
8JMKD2USPTW34P/4DK73E2,5,"Messias, Cassiano Gustavo",Cassiano Gustavo Messias,National Institute for Space Research (INPE),INPE
8JMKD2USPTW34P/4DK73E2,6,"Sant’Anna, Sidnei Joao S.",Sidnei Joao S. Sant’Anna,National Institute for Space Research (INPE),INPE
8JMKD2USPTW34P/4DK73E2,7,"Mermoz, Stephane",Stephane Mermoz,Global Earth Observation (GlobEO),Global Earth Observation (GlobEO)
8JMKD2USPTW34P/4DK73E2,8,"Almeida, Claudio Aparecido de",Claudio Aparecido de Almeida,National Institute for Space Research (INPE),INPE
8JMKD2USPTW34P/4DKBAFL,1,"Reis, Mariane Souza",Mariane Souza Reis,National Institute for Space Research (INPE),INPE
8JMKD2USPTW34P/4DKBAFL,2,"Rodrigues, Erick Teixeira",Erick Teixeira Rodrigues,National Institute for Space Research (INPE),INPE
8JMKD2USPTW34P/4DKBAFL,3,"Gomes, Emeli",Emeli Gomes,Federal University of Santa Catarina (UFSC),Federal University of Santa Catarina (UFSC)
8JMKD2USPTW34P/4DKBAFL,4,"Mantovani-Silva, Eduarda",Eduarda Mantovani-Silva,Federal University of Santa Catarina (UFSC),Federal University of Santa Catarina (UFSC)
8JMKD2USPTW34P/4DKBAFL,5,"Giles, André",André Giles,Federal University of Santa Catarina (UFSC),Federal University of Santa Catarina (UFSC)
8JMKD2USPTW34P/4DKBAFL,6,"Réquillart, Josephine",Josephine Réquillart,Federal University of Santa Catarina (UFSC),Federal University of Santa Catarina (UFSC)
8JMKD2USPTW34P/4DKBAFL,7,"Escada, Maria Isabel Sobral",Maria Isabel Sobral Escada,National Institute for Space Research (INPE),INPE
8JMKD2USPTW34P/4DKBAFL,8,"Jakovac, Catarina",Catarina Jakovac,Federal University of Santa Catarina (UFSC),Federal University of Santa Catarina (UFSC)
8JMKD2USPTW34P/4DK7KKP,1,"Santos, Júlio César Pimenta dos",Júlio César Pimenta dos Santos,National Institute for Space Research (INPE),INPE
8JMKD2USPTW34P/4DK7KKP,2,"Rech, Bruno",Bruno Rech,National Institute for Space Research (INPE),INPE
8JMKD2USPTW34P/4DK7KKP,3,"Maciel, Daniel Andrade",Daniel Andrade Maciel,National Institute for Space Research (INPE),INPE
8JMKD2USPTW34P/4DK7KKP,4,"Barbosa, Claudio Clemente Faria",Claudio Clemente Faria Barbosa,National Institute for Space Research (INPE),INPE
8JMKD2USPTW34P/4DK7KKP,5,"Ciotti, Áurea M.",Áurea M. Ciotti,University of Săo Paulo (USP),University of Săo Paulo (USP)
8JMKD2USPTW34P/4DK7KKP,6,"Martins, Vitor S.",Vitor S. Martins,Mississippi State University (MSU),Mississippi State University (MSU)
8JMKD2USPTW34P/4DK7KKP,7,"Paulino, Rejane",Rejane Paulino,Mississippi State University (MSU),Mississippi State University (MSU)
8JMKD2USPTW34P/4DK7KKP,8,"Novo, Evlyn Marcia Leao De Moraes",Evlyn Marcia Leao De Moraes Novo,National Institute for Space Research (INPE),INPE
8JMKD2USPTW34P/4DKB8P2,1,"Schumacher, Van·cia",Van·cia Schumacher,National Institute for Space Research (INPE),INPE
8JMKD2USPTW34P/4DKB8P2,2,"Martins, Elisa",Elisa Martins,National Institute for Space Research (INPE),INPE
8JMKD2USPTW34P/4DKB8P2,3,"Galende, Fßbricio",Fßbricio Galende,National Institute for Space Research (INPE),INPE
8JMKD2USPTW34P/4DKB8P2,4,"Morelli, Fabiano",Fabiano Morelli,National Institute for Space Research (INPE),INPE
8JMKD2USPTW34P/4DKB8P2,5,"Garrot, Italo",Italo Garrot,National Institute for Space Research (INPE),INPE
8JMKD2USPTW34P/4DK6PE5,1,"Sepetauskas, Catia S. N.",Catia S. N. Sepetauskas,National Institute for Space Research (INPE),INPE
8JMKD2USPTW34P/4DK6PE5,2,"Soares, Giovanni Guarnieri",Giovanni Guarnieri Soares,National Institute for Space Research (INPE),INPE
8JMKD2USPTW34P/4DK6PE5,3,"Simoyama, Felipe O.",Felipe O. Simoyama,University of Sao Paulo (USP),University of Sao Paulo (USP)
8JMKD2USPTW34P/4DK6PE5,4,"Oyarzabal, Ricardo S.",Ricardo S. Oyarzabal,Center for Monitoring and Early Warning of Natural Disasters (CEMADEN),Center for Monitoring and Early Warning of Natural Disasters (CEMADEN)
8JMKD2USPTW34P/4DK6PE5,5,"Freitas, Vander L. S.",Vander L. S. Freitas,Federal University of Ouro Preto (UFOP),Federal University of Ouro Preto (UFOP)
8JMKD2USPTW34P/4DK6PE5,6,"Cardoso, Hugo S. P.",Hugo S. P. Cardoso,State University of Bahia (UNEB),State University of Bahia (UNEB)
8JMKD2USPTW34P/4DK6PE5,7,"N. Filho, AloĒsio S.",AloĒsio S. N. Filho,Faculdades Senai Cimatec (SENAI),Faculdades Senai Cimatec (SENAI)
8JMKD2USPTW34P/4DK6PE5,8,"Santos, Leonardo B. L.",Leonardo B. L. Santos,Center for Monitoring and Early Warning of Natural Disasters (CEMADEN),Center for Monitoring and Early Warning of Natural Disasters (CEMADEN)
8JMKD2USPTW34P/4DKB2JB,1,"Seregati, Yuri",Yuri Seregati,Universidade Estadual de Campinas (UNICAMP),Universidade Estadual de Campinas (UNICAMP)
8JMKD2USPTW34P/4DKB2JB,2,"Neme, Ana C. D.",Ana C. D. Neme,Universidade Estadual de Campinas (UNICAMP),Universidade Estadual de Campinas (UNICAMP)
8JMKD2USPTW34P/4DKB2JB,3,"Souza, Marlon F. de",Marlon F. de Souza,Universidade Estadual de Campinas (UNICAMP),Universidade Estadual de Campinas (UNICAMP)
8JMKD2USPTW34P/4DKB2JB,4,"Lamparelli, Rubens A. C.",Rubens A. C. Lamparelli,Universidade Estadual de Campinas (UNICAMP),Universidade Estadual de Campinas (UNICAMP)
8JMKD2USPTW34P/4DK6SD5,1,"Silva, Israel Nunes da",Israel Nunes da Silva,Instituto Tecnologico da Aeronáutica (ITA),Instituto Tecnologico da Aeronáutica (ITA)
8JMKD2USPTW34P/4DK6SD5,2,"Shiguemori, Elcio Hideichi",Elcio Hideichi Shiguemori,Instituto de Estudos Avançados (IEAv),Instituto de Estudos Avançados (IEAv)
8JMKD2USPTW34P/4DK6SD5,3,"Dietzsch, Gabriel",Gabriel Dietzsch,Instituto de Estudos Avançados (IEAv),Instituto de Estudos Avançados (IEAv)
8JMKD2USPTW34P/4DKBQSH,1,"Silva, Caroline da",Caroline da Silva,Instituto Nacional de Pesquisas Espaciais (INPE),Instituto Nacional de Pesquisas Espaciais (INPE)
8JMKD2USPTW34P/4DKBQSH,2,"Totti, Camila",Camila Totti,Instituto Nacional de Pesquisas Espaciais (INPE),Instituto Nacional de Pesquisas Espaciais (INPE)
8JMKD2USPTW34P/4DKBQSH,3,"Silva, Baggio Luiz de Castro",Baggio Luiz de Castro Silva,Instituto Nacional de Pesquisas Espaciais (INPE),Instituto Nacional de Pesquisas Espaciais (INPE)
8JMKD2USPTW34P/4DKBQSH,4,"Fonseca, Leila Maria Garcia",Leila Maria Garcia Fonseca,Instituto Nacional de Pesquisas Espaciais (INPE),Instituto Nacional de Pesquisas Espaciais (INPE)
8JMKD2USPTW34P/4DKBQSH,5,"Escada, Maria Isabel Sobral",Maria Isabel Sobral Escada,Instituto Nacional de Pesquisas Espaciais (INPE),Instituto Nacional de Pesquisas Espaciais (INPE)
8JMKD2USPTW34P/4DK7FJS,1,"Almeida, Gabriel C.",Gabriel C. Almeida,Universidade Federal de Sao Joăo del-Rei (UFSJ),Universidade Federal de Sao Joăo del-Rei (UFSJ)
8JMKD2USPTW34P/4DK7FJS,2,"Marcatti, Gustavo E.",Gustavo E. Marcatti,Universidade Federal de Sao Joăo del-Rei (UFSJ),Universidade Federal de Sao Joăo del-Rei (UFSJ)
8JMKD2USPTW34P/4DK7FJS,3,"Pereira, Marconi de A.",Marconi de A. Pereira,Universidade Federal de Sao Joăo del-Rei (UFSJ),Universidade Federal de Sao Joăo del-Rei (UFSJ)
8JMKD2USPTW34P/4DK7M82,1,"Antonio, Nathan Damas",Nathan Damas Antonio,Universidade Federal do Paraná (UFPR),Universidade Federal do Paraná (UFPR)
8JMKD2USPTW34P/4DK7M82,2,"Camboim, Silvana P.",Silvana P. Camboim,Universidade Federal do Paraná (UFPR),Universidade Federal do Paraná (UFPR)
8JMKD2USPTW34P/4DKB89L,1,"Guimarăes, Vinícius Lima",Vinícius Lima Guimarăes,Instituto Nacional de Pesquisas Espaciais (INPE),Instituto Nacional de Pesquisas Espaciais (INPE)
8JMKD2USPTW34P/4DKB89L,2,"Sant’Anna, Sidnei Joao Siqueira",Sidnei Joao Siqueira Sant’Anna,Instituto Nacional de Pesquisas Espaciais (INPE),Instituto Nacional de Pesquisas Espaciais (INPE)
8JMKD2USPTW34P/4DKB89L,3,"Mura, José Claudio",José Claudio Mura,Instituto Nacional de Pesquisas Espaciais (INPE),Instituto Nacional de Pesquisas Espaciais (INPE)
8JMKD2USPTW34P/4DKB89L,4,"Cortivo, Fábio Dall",Fábio Dall Cortivo,Instituto Nacional de Pesquisas Espaciais (INPE),Instituto Nacional de Pesquisas Espaciais (INPE)
8JMKD2USPTW34P/4DKB89L,5,"Kampel, Milton",Milton Kampel,Instituto Nacional de Pesquisas Espaciais (INPE),Instituto Nacional de Pesquisas Espaciais (INPE)
8JMKD2USPTW34P/4DK7GBS,1,"Oliveira Junior, Rogério Costa de",Rogério Costa de Oliveira Junior,Instituto Nacional de Pesquisas Espaciais (INPE),Instituto Nacional de Pesquisas Espaciais (INPE)
8JMKD2USPTW34P/4DK7GBS,2,"Duque, Johan S.",Johan S. Duque,Universidad Tecnologica del Uruguay (UTEC),Universidad Tecnologica del Uruguay (UTEC)
8JMKD2USPTW34P/4DK7GBS,3,"Negri, Rogério Galante",Rogério Galante Negri,Universidade Estadual Paulista (Unesp),Universidade Estadual Paulista (Unesp)
8JMKD2USPTW34P/4DK7GBS,4,"Santos, Leonardo Bacelar Lima",Leonardo Bacelar Lima Santos,Instituto Nacional de Pesquisas Espaciais (INPE),Instituto Nacional de Pesquisas Espaciais (INPE)
8JMKD2USPTW34P/4DKB5Q2,1,"Pereira, Maria E. D.",Maria E. D. Pereira,Federal University of Sao Joăo Del-Rei (UFSJ),Federal University of Sao Joăo Del-Rei (UFSJ)
8JMKD2USPTW34P/4DKB5Q2,2,"Andrade, Karen V.",Karen V. Andrade,Federal University of Sao Joăo Del-Rei (UFSJ),Federal University of Sao Joăo Del-Rei (UFSJ)
8JMKD2USPTW34P/4DKB5Q2,3,"Dutra, Shayene Bernardo",Shayene Bernardo Dutra,University of Sao Paulo (USP),University of Sao Paulo (USP)
8JMKD2USPTW34P/4DKB5Q2,4,"Pereira, Gabriel",Gabriel Pereira,Federal University of Sao Joăo Del-Rei (UFSJ),Federal University of Sao Joăo Del-Rei (UFSJ)
8JMKD2USPTW34P/4DKB5Q2,5,"Pires, Luciana B. M.",Luciana B. M. Pires,World Environmental Conservancy (WEC),World Environmental Conservancy (WEC)
8JMKD2USPTW34P/4DKB6PL,1,"Salles, Daniel B.",Daniel B. Salles,Universidade Federal de Ouro Preto (UFOP),Universidade Federal de Ouro Preto (UFOP)
8JMKD2USPTW34P/4DKB6PL,2,"Liuth, Thiago A.",Thiago A. Liuth,Universidade Federal de Ouro Preto (UFOP),Universidade Federal de Ouro Preto (UFOP)
8JMKD2USPTW34P/4DKB6PL,3,"Kinukawa, Karina M.",Karina M. Kinukawa,Universidade Federal de Ouro Preto (UFOP),Universidade Federal de Ouro Preto (UFOP)
8JMKD2USPTW34P/4DKB6PL,4,"Soares, Ana Luiza Almeida",Ana Luiza Almeida Soares,Universidade Federal de Ouro Preto (UFOP),Universidade Federal de Ouro Preto (UFOP)
8JMKD2USPTW34P/4DKB6PL,5,"Silva, Rodrigo Cesar P.",Rodrigo Cesar P. Silva,Universidade Federal de Ouro Preto (UFOP),Universidade Federal de Ouro Preto (UFOP)
8JMKD2USPTW34P/4DKB6PL,6,"Carneiro, Tiago S.",Tiago S. Carneiro,Universidade Federal de Ouro Preto (UFOP),Universidade Federal de Ouro Preto (UFOP)
8JMKD2USPTW34P/4DK7J92,1,"Santos, Júlio César Pimenta dos",Júlio César Pimenta dos Santos,Instituto Nacional de Pesquisas Espaciais (INPE),Instituto Nacional de Pesquisas Espaciais (INPE)
8JMKD2USPTW34P/4DK7J92,2,"Bacellar, Pedro Ferrini Manhăes",Pedro Ferrini Manhăes Bacellar,Instituto Nacional de Pesquisas Espaciais (INPE),Instituto Nacional de Pesquisas Espaciais (INPE)
8JMKD2USPTW34P/4DK7J92,3,"Maciel, Daniel Andrade",Daniel Andrade Maciel,Instituto Nacional de Pesquisas Espaciais (INPE),Instituto Nacional de Pesquisas Espaciais (INPE)
8JMKD2USPTW34P/4DK7J92,4,"Martins, Vitor S.",Vitor S. Martins,Mississippi State University (MSU),Mississippi State University (MSU)
8JMKD2USPTW34P/4DK7J92,5,"Barbosa, Cláudio Clemente Faria",Cláudio Clemente Faria Barbosa,Instituto Nacional de Pesquisas Espaciais (INPE),Instituto Nacional de Pesquisas Espaciais (INPE)
8JMKD2USPTW34P/4DK7J92,6,"Novo, Evlyn Marcia Leao De Moraes",Evlyn Marcia Leao De Moraes Novo,Instituto Nacional de Pesquisas Espaciais (INPE),Instituto Nacional de Pesquisas Espaciais (INPE)
8JMKD2USPTW34P/4DK6SUL,1,"Saraiva, Joao Pedro Melani",Joao Pedro Melani Saraiva,Instituto de Ciencia e Tecnologia UNESP,Instituto de Ciencia e Tecnologia UNESP
8JMKD2USPTW34P/4DK6SUL,2,"Pinheiro, Aluísio de Souza",Aluísio de Souza Pinheiro,"Instituto de Matematica, Estatística e Computaçăo Científica UNICAMP","Instituto de Matematica, Estatística e Computaçăo Científica UNICAMP"
8JMKD2USPTW34P/4DK6SUL,3,"Negri, Rogerio Galante",Rogerio Galante Negri,Instituto de Ciencia e Tecnologia UNESP,Instituto de Ciencia e Tecnologia UNESP
8JMKD2USPTW34P/4DK6KB2,1,"Silva, Jefferson V. da F. e",Jefferson V. da F. e Silva,Universidade Federal de Sao Joăo del-Rei (UFSJ),Universidade Federal de Sao Joăo del-Rei (UFSJ)
8JMKD2USPTW34P/4DK6KB2,2,"Pereira, Marconi de A.",Marconi de A. Pereira,Universidade Federal de Sao Joăo del-Rei (UFSJ),Universidade Federal de Sao Joăo del-Rei (UFSJ)
8JMKD2USPTW34P/4DK6KB2,3,"Sansăo, Joao P. H.",Joao P. H. Sansăo,Universidade Federal de Sao Joăo del-Rei (UFSJ),Universidade Federal de Sao Joăo del-Rei (UFSJ)
8JMKD2USPTW34P/4DK6KB2,4,"Leles, Michel C. R.",Michel C. R. Leles,Universidade Federal de Sao Joăo del-Rei (UFSJ),Universidade Federal de Sao Joăo del-Rei (UFSJ)
8JMKD2USPTW34P/4DK6R92,1,"Soares, Giovanni Guarnieri",Giovanni Guarnieri Soares,National Institute for Space Research (INPE),INPE
8JMKD2USPTW34P/4DK6R92,2,"Carvalho, Luiz M.",Luiz M. Carvalho,Getulio Vargas Foundation (FGV),Getulio Vargas Foundation (FGV)
8JMKD2USPTW34P/4DK6R92,3,"Santos, Leonardo B. L.",Leonardo B. L. Santos,National Center for Monitoring and Early Warning of Natural Disasters (Cemaden),National Center for Monitoring and Early Warning of Natural Disasters (Cemaden)
8JMKD2USPTW34P/4DKBC3S,1,"Totti, Camila",Camila Totti,Instituto Nacional de Pesquisas Espaciais (INPE),Instituto Nacional de Pesquisas Espaciais (INPE)
8JMKD2USPTW34P/4DKBC3S,2,"Guimaraes, Vinícius Lima",Vinícius Lima Guimaraes,Instituto Nacional de Pesquisas Espaciais (INPE),Instituto Nacional de Pesquisas Espaciais (INPE)
8JMKD2USPTW34P/4DKBC3S,3,"Monteiro, Antonio Miguel Vieira",Antonio Miguel Vieira Monteiro,Instituto Nacional de Pesquisas Espaciais (INPE),Instituto Nacional de Pesquisas Espaciais (INPE)
8JMKD2USPTW34P/4DKBC3S,4,"Escada, Maria Isabel Sobral",Maria Isabel Sobral Escada,Instituto Nacional de Pesquisas Espaciais (INPE),Instituto Nacional de Pesquisas Espaciais (INPE)
8JMKD2USPTW34P/4DKBC3S,5,"Sant’Anna, Sidnei Joao Siqueira",Sidnei Joao Siqueira Sant’Anna,Instituto Nacional de Pesquisas Espaciais (INPE),Instituto Nacional de Pesquisas Espaciais (INPE)
8JMKD3MGPDW34P/4ADCB2S,1,"Andrade, Pedro Ribeiro de",Pedro Ribeiro de Andrade,Instituto Nacional de Pesquisas Espaciais (INPE),Instituto Nacional de Pesquisas Espaciais (INPE)
8JMKD3MGPDW34P/4ADCB2S,2,"Soterroni, Aline C.",Aline C. Soterroni,University of Oxford,University of Oxford
8JMKD3MGPDW34P/4ADCB2S,3,"Arcoverde, Gustavo Felipe Balué",Gustavo Felipe Balué Arcoverde,Instituto Nacional de Pesquisas Espaciais (INPE),Instituto Nacional de Pesquisas Espaciais (INPE)
8JMKD3MGPDW34P/4ADCB2S,4,"Escada, Maria Isabel Sobral",Maria Isabel Sobral Escada,Instituto Nacional de Pesquisas Espaciais (INPE),Instituto Nacional de Pesquisas Espaciais (INPE)
8JMKD3MGPDW34P/4ADBM45,1,"Andrade, Bárbara Coelho de",Bárbara Coelho de Andrade,Embrapa Solos,Embrapa Solos
8JMKD3MGPDW34P/4ADBM45,2,"Vasques, Gustavo Mattos",Gustavo Mattos Vasques,Embrapa Solos,Embrapa Solos
8JMKD3MGPDW34P/4ADBM45,3,"Pedreira, Joăo Pedro das Neves Cardoso",Joăo Pedro das Neves Cardoso Pedreira,Embrapa Solos,Embrapa Solos
8JMKD3MGPDW34P/4ADBM45,4,"Roque, Lygia Crespo dos Santos",Lygia Crespo dos Santos Roque,Embrapa Solos,Embrapa Solos
8JMKD3MGPDW34P/4ADBM45,5,"Dart, Ricardo de Oliveira",Ricardo de Oliveira Dart,Embrapa Solos,Embrapa Solos
8JMKD3MGPDW34P/4ADBM45,6,"Balieiro, Fabiano de Carvalho",Fabiano de Carvalho Balieiro,Embrapa Solos,Embrapa Solos
8JMKD3MGPDW34P/4ADBM45,7,"Magalhăes, Monise Aguillar Faria",Monise Aguillar Faria Magalhăes,Secretaria de Estado do Ambiente e Sustentabilidade do Rio de Janeiro,Secretaria de Estado do Ambiente e Sustentabilidade do Rio de Janeiro
8JMKD3MGPDW34P/4ADBJBP,1,"Bartolomei, Bianca da Rocha",Bianca da Rocha Bartolomei,Universidade Federal de Itajubá (UNIFEI),Universidade Federal de Itajubá (UNIFEI)
8JMKD3MGPDW34P/4ADBJBP,2,"Paula, Melise Maria Veiga de",Melise Maria Veiga de Paula,Universidade Federal de Itajubá (UNIFEI),Universidade Federal de Itajubá (UNIFEI)
8JMKD3MGPDW34P/4ADBJBP,3,"Souza, Vanessa Cristina Oliveira de",Vanessa Cristina Oliveira de Souza,Universidade Federal de Itajubá (UNIFEI),Universidade Federal de Itajubá (UNIFEI)
8JMKD3MGPDW34P/4ADCA38,1,"Braga, Daniel",Daniel Braga,Universidade Federal de Santa Catarina (UFSC),Universidade Federal de Santa Catarina (UFSC)
8JMKD3MGPDW34P/4ADCA38,2,"Aragăo, Luiz Eduardo Oliveira e Cruz de",Luiz Eduardo Oliveira e Cruz de Aragăo,Instituto Nacional de Pesquisas Espaciais (INPE),Instituto Nacional de Pesquisas Espaciais (INPE)
8JMKD3MGPDW34P/4ADCA38,3,"Anderson, Liana O.",Liana O. Anderson,Centro Nacional de Monitoramento e Alertas de Desastres Naturais (CEMADEN),Centro Nacional de Monitoramento e Alertas de Desastres Naturais (CEMADEN)
8JMKD3MGPDW34P/4ADCA38,4,"Dutra, Débora J.",Débora J. Dutra,Centro Nacional de Monitoramento e Alertas de Desastres Naturais (CEMADEN),Centro Nacional de Monitoramento e Alertas de Desastres Naturais (CEMADEN)
8JMKD3MGPDW34P/4ADCA38,5,"Cabral, Beatriz Figueiredo",Beatriz Figueiredo Cabral,Centro Nacional de Monitoramento e Alertas de Desastres Naturais (CEMADEN),Centro Nacional de Monitoramento e Alertas de Desastres Naturais (CEMADEN)
8JMKD3MGPDW34P/4ADCA38,6,"Dalagnol, Ricardo",Ricardo Dalagnol,University of California,University of California
8JMKD3MGPDW34P/4ADBL6L,1,"Camargo, Barbara Celi Braga",Barbara Celi Braga Camargo,Instituto Nacional de Pesquisas Espaciais (INPE),Instituto Nacional de Pesquisas Espaciais (INPE)
8JMKD3MGPDW34P/4ADBL6L,2,"Oliveira, Lucas Martins",Lucas Martins Oliveira,Instituto Nacional de Pesquisas Espaciais (INPE),Instituto Nacional de Pesquisas Espaciais (INPE)
8JMKD3MGPDW34P/4ADBL6L,3,"Vinhas, Lubia",Lubia Vinhas,Instituto Nacional de Pesquisas Espaciais (INPE),Instituto Nacional de Pesquisas Espaciais (INPE)
8JMKD3MGPDW34P/4ADBL6L,4,"Queiroz, Gilberto Ribeiro de",Gilberto Ribeiro de Queiroz,Instituto Nacional de Pesquisas Espaciais (INPE),Instituto Nacional de Pesquisas Espaciais (INPE)
8JMKD3MGPDW34P/4ADBL6L,5,"Barbosa, Eduardo Batista de Moares",Eduardo Batista de Moares Barbosa,Instituto Nacional de Pesquisas Espaciais (INPE),Instituto Nacional de Pesquisas Espaciais (INPE)
8JMKD3MGPDW34P/4ADBKJ5,1,"Dalcin, Guilherme K.",Guilherme K. Dalcin,Universidade Federal do Rio Grande do Sul (UFRGS),Universidade Federal do Rio Grande do Sul (UFRGS)
8JMKD3MGPDW34P/4ADBKJ5,2,"Krafta, Romulo",Romulo Krafta,Universidade Federal do Rio Grande do Sul (UFRGS),Universidade Federal do Rio Grande do Sul (UFRGS)
8JMKD3MGPDW34P/4ADBLDB,1,"Domingos, Breno Izidoro",Breno Izidoro Domingos,Instituto Nacional de Pesquisas Espaciais (INPE),Instituto Nacional de Pesquisas Espaciais (INPE)
8JMKD3MGPDW34P/4ADBLDB,2,"Silva, Darlan Teles da",Darlan Teles da Silva,Instituto Nacional de Pesquisas Espaciais (INPE),Instituto Nacional de Pesquisas Espaciais (INPE)
8JMKD3MGPDW34P/4ADBLDB,3,"Correia, Guilherme Gomes",Guilherme Gomes Correia,Instituto Nacional de Pesquisas Espaciais (INPE),Instituto Nacional de Pesquisas Espaciais (INPE)
8JMKD3MGPDW34P/4ADBLDB,4,"Pinho, Ignácio Martins",Ignácio Martins Pinho,Instituto Nacional de Pesquisas Espaciais (INPE),Instituto Nacional de Pesquisas Espaciais (INPE)
8JMKD3MGPDW34P/4ADBLDB,5,"Pereira, Vinicius Belquiman",Vinicius Belquiman Pereira,Instituto Nacional de Pesquisas Espaciais (INPE),Instituto Nacional de Pesquisas Espaciais (INPE)
8JMKD3MGPDW34P/4ADBJ55,1,"Garcia, André Dalla Bernardina",André Dalla Bernardina Garcia,Instituto Nacional de Pesquisas Espaciais (INPE),Instituto Nacional de Pesquisas Espaciais (INPE)
8JMKD3MGPDW34P/4ADBJ55,2,"Chaves, Michel Eustáquio Dantas",Michel Eustáquio Dantas Chaves,Instituto Nacional de Pesquisas Espaciais (INPE),Instituto Nacional de Pesquisas Espaciais (INPE)
8JMKD3MGPDW34P/4ADBJ55,3,"Silva, Darlan Teles da",Darlan Teles da Silva,Instituto Nacional de Pesquisas Espaciais (INPE),Instituto Nacional de Pesquisas Espaciais (INPE)
8JMKD3MGPDW34P/4ADBJ55,4,"Prudente, Victor Hugo R.",Victor Hugo R. Prudente,University of Michigan (UofM),University of Michigan (UofM)
8JMKD3MGPDW34P/4ADBJ55,5,"Sanches, Ieda Del'Arco",Ieda Del'Arco Sanches,Instituto Nacional de Pesquisas Espaciais (INPE),Instituto Nacional de Pesquisas Espaciais (INPE)
8JMKD3MGPDW34P/4ADCAP8,1,"Haji, Shahida",Shahida Haji,University of Punjab,University of Punjab
8JMKD3MGPDW34P/4ADCAP8,2,"Ahmad, Junaid",Junaid Ahmad,University of Texas at Arlington,University of Texas at Arlington
8JMKD3MGPDW34P/4ADCAP8,3,"Pervaiz, Fahad",Fahad Pervaiz,University of Texas at Arlington,University of Texas at Arlington
8JMKD3MGPDW34P/4ADCAP8,4,"Darafshani, Mahsa Samadi",Mahsa Samadi Darafshani,University of Texas at Arlington,University of Texas at Arlington
8JMKD3MGPDW34P/4ADCAP8,5,"Mowla, Qazi Ashique E.",Qazi Ashique E. Mowla,University of Texas at Arlington,University of Texas at Arlington
8JMKD3MGPDW34P/4ADC7Q8,1,"Juneja, Rohit",Rohit Juneja,Universidade Federal do ABC (UFABC),Universidade Federal do ABC (UFABC)
8JMKD3MGPDW34P/4ADC7Q8,2,"Feitosa, Flávia da Fonseca",Flávia da Fonseca Feitosa,Universidade Federal do ABC (UFABC),Universidade Federal do ABC (UFABC)
8JMKD3MGPDW34P/4ADBJJE,1,"Machado, Vanessa Lago",Vanessa Lago Machado,Universidade Federal de Santa Catarina (UFSC),Universidade Federal de Santa Catarina (UFSC)
8JMKD3MGPDW34P/4ADBJJE,2,"Portela, Tarlis Tortelli",Tarlis Tortelli Portela,Instituto Federal do Paraná (IFPR),Instituto Federal do Paraná (IFPR)
8JMKD3MGPDW34P/4ADBJJE,3,"Machado, Arthur de Lara",Arthur de Lara Machado,Universidade Federal de Santa Catarina (UFSC),Universidade Federal de Santa Catarina (UFSC)
8JMKD3MGPDW34P/4ADBJJE,4,"Schreiner, Geomar André",Geomar André Schreiner,Universidade Federal da Fronteira Sul (UFFS),Universidade Federal da Fronteira Sul (UFFS)
8JMKD3MGPDW34P/4ADBJJE,5,"Mello, Ronaldo dos Santos",Ronaldo dos Santos Mello,Universidade Federal de Santa Catarina (UFSC),Universidade Federal de Santa Catarina (UFSC)
8JMKD3MGPDW34P/4ADBJR5,1,"Machado, Vanessa Lago",Vanessa Lago Machado,Universidade Federal de Santa Catarina (UFSC),Universidade Federal de Santa Catarina (UFSC)
8JMKD3MGPDW34P/4ADBJR5,2,"Portela, Tarlis Tortelli",Tarlis Tortelli Portela,Instituto Federal do Paraná (IFPR),Instituto Federal do Paraná (IFPR)
8JMKD3MGPDW34P/4ADBJR5,3,"Renso, Chiara",Chiara Renso,Consiglio Nazionale delle Ricerche (CNR),Consiglio Nazionale delle Ricerche (CNR)
8JMKD3MGPDW34P/4ADBJR5,4,"Mello, Ronaldo dos Santos",Ronaldo dos Santos Mello,Universidade Federal de Santa Catarina (UFSC),Universidade Federal de Santa Catarina (UFSC)
8JMKD3MGPDW34P/4ADBNKB,1,"Maciel, Adeline Marinho",Adeline Marinho Maciel,Instituto Nacional de Pesquisas Espaciais (INPE),Instituto Nacional de Pesquisas Espaciais (INPE)
8JMKD3MGPDW34P/4ADBNKB,2,"Rodrigues, Marcos Lima",Marcos Lima Rodrigues,Instituto Nacional de Pesquisas Espaciais (INPE),Instituto Nacional de Pesquisas Espaciais (INPE)
8JMKD3MGPDW34P/4ADBNKB,3,"Nunes, Yuri Domaradzki Moreira",Yuri Domaradzki Moreira Nunes,Instituto Nacional de Pesquisas Espaciais (INPE),Instituto Nacional de Pesquisas Espaciais (INPE)
8JMKD3MGPDW34P/4ADBNKB,4,"Luz, Luana B. da",Luana B. da Luz,Instituto Nacional de Pesquisas Espaciais (INPE),Instituto Nacional de Pesquisas Espaciais (INPE)
8JMKD3MGPDW34P/4ADBNKB,5,"Dal'Asta, Ana Paula",Ana Paula Dal'Asta,Instituto Nacional de Pesquisas Espaciais (INPE),Instituto Nacional de Pesquisas Espaciais (INPE)
8JMKD3MGPDW34P/4ADBNKB,6,"Queiroz, Gilberto Ribeiro de",Gilberto Ribeiro de Queiroz,Instituto Nacional de Pesquisas Espaciais (INPE),Instituto Nacional de Pesquisas Espaciais (INPE)
8JMKD3MGPDW34P/4ADBNKB,7,"Ferreira, Karine Reis",Karine Reis Ferreira,Instituto Nacional de Pesquisas Espaciais (INPE),Instituto Nacional de Pesquisas Espaciais (INPE)
8JMKD3MGPDW34P/4ADBNKB,8,"Sant'Anna, Sidnei Joăo Siqueira",Sidnei Joăo Siqueira Sant'Anna,Instituto Nacional de Pesquisas Espaciais (INPE),Instituto Nacional de Pesquisas Espaciais (INPE)
8JMKD3MGPDW34P/4ADBNKB,9,"Escada, Maria Isabel Sobral",Maria Isabel Sobral Escada,Instituto Nacional de Pesquisas Espaciais (INPE),Instituto Nacional de Pesquisas Espaciais (INPE)
8JMKD3MGPDW34P/4ADBNKB,10,"Vitor, Ana Claudia Rorato",Ana Claudia Rorato Vitor,Instituto Nacional de Pesquisas Espaciais (INPE),Instituto Nacional de Pesquisas Espaciais (INPE)
8JMKD3MGPDW34P/4ADBNKB,11,"Barcellos, Christovam",Christovam Barcellos,Fundaçăo Oswaldo Cruz (FIOCRUZ),Fundaçăo Oswaldo Cruz (FIOCRUZ)
8JMKD3MGPDW34P/4ADBNKB,12,"Codeço, Cláudia T.",Cláudia T. Codeço,Fundaçăo Oswaldo Cruz (FIOCRUZ),Fundaçăo Oswaldo Cruz (FIOCRUZ)
8JMKD3MGPDW34P/4ADBNKB,13,"Xavier, Diego R.",Diego R. Xavier,Fundaçăo Oswaldo Cruz (FIOCRUZ),Fundaçăo Oswaldo Cruz (FIOCRUZ)
8JMKD3MGPDW34P/4ADBNKB,14,"Matos, Vanderlei P. de",Vanderlei P. de Matos,Fundaçăo Oswaldo Cruz (FIOCRUZ),Fundaçăo Oswaldo Cruz (FIOCRUZ)
8JMKD3MGPDW34P/4ADBNKB,15,"Saldanha, Raphael de F.",Raphael de F. Saldanha,Fundaçăo Oswaldo Cruz (FIOCRUZ),Fundaçăo Oswaldo Cruz (FIOCRUZ)
8JMKD3MGPDW34P/4ADBNKB,16,"Anjos, Abner Ernani dos",Abner Ernani dos Anjos,Instituto Nacional de Pesquisas Espaciais (INPE),Instituto Nacional de Pesquisas Espaciais (INPE)
8JMKD3MGPDW34P/4ADBNKB,17,"Zioti, Fabiana",Fabiana Zioti,Instituto Nacional de Pesquisas Espaciais (INPE),Instituto Nacional de Pesquisas Espaciais (INPE)
8JMKD3MGPDW34P/4ADBNKB,18,"Sansigolo, Gabriel",Gabriel Sansigolo,Instituto Nacional de Pesquisas Espaciais (INPE),Instituto Nacional de Pesquisas Espaciais (INPE)
8JMKD3MGPDW34P/4ADBNKB,19,"Costa, Raphael Willian da",Raphael Willian da Costa,Instituto Nacional de Pesquisas Espaciais (INPE),Instituto Nacional de Pesquisas Espaciais (INPE)
8JMKD3MGPDW34P/4ADBNKB,20,"Marujo, Rennan de Freitas Bezerra",Rennan de Freitas Bezerra Marujo,Instituto Nacional de Pesquisas Espaciais (INPE),Instituto Nacional de Pesquisas Espaciais (INPE)
8JMKD3MGPDW34P/4ADBNKB,21,"Vinhas, Lubia",Lubia Vinhas,Instituto Nacional de Pesquisas Espaciais (INPE),Instituto Nacional de Pesquisas Espaciais (INPE)
8JMKD3MGPDW34P/4ADBNKB,22,"Lowe, Rachel",Rachel Lowe,Barcelona Supercomputing Center (BSC),Barcelona Supercomputing Center (BSC)
8JMKD3MGPDW34P/4ADBNKB,23,"Monteiro, Antônio Miguel Vieira",Antônio Miguel Vieira Monteiro,Instituto Nacional de Pesquisas Espaciais (INPE),Instituto Nacional de Pesquisas Espaciais (INPE)
8JMKD3MGPDW34P/4ADBP7S,1,"Marques, Sabrina Guilherme",Sabrina Guilherme Marques,Instituto Nacional de Pesquisas Espaciais (INPE),Instituto Nacional de Pesquisas Espaciais (INPE)
8JMKD3MGPDW34P/4ADBP7S,2,"Andrade, Pedro Ribeiro de",Pedro Ribeiro de Andrade,Instituto Nacional de Pesquisas Espaciais (INPE),Instituto Nacional de Pesquisas Espaciais (INPE)
8JMKD3MGPDW34P/4ADBP7S,3,"Soterroni, Aline C.",Aline C. Soterroni,University of Oxford,University of Oxford
8JMKD3MGPDW34P/4ADBQ9P,1,"Messias, Cassiano Gustavo",Cassiano Gustavo Messias,Instituto Nacional de Pesquisas Espaciais (INPE),Instituto Nacional de Pesquisas Espaciais (INPE)
8JMKD3MGPDW34P/4ADBQ9P,2,"Pinto, Joăo Felipe Sobrinho Kneipp Cerqueira",Joăo Felipe Sobrinho Kneipp Cerqueira Pinto,Instituto Nacional de Pesquisas Espaciais (INPE),Instituto Nacional de Pesquisas Espaciais (INPE)
8JMKD3MGPDW34P/4ADBQ9P,3,"Camilotti, Vagner Luis",Vagner Luis Camilotti,Instituto Nacional de Pesquisas Espaciais (INPE),Instituto Nacional de Pesquisas Espaciais (INPE)
8JMKD3MGPDW34P/4ADBQ9P,4,"Quadros, Camila Barata",Camila Barata Quadros,Instituto Nacional de Pesquisas Espaciais (INPE),Instituto Nacional de Pesquisas Espaciais (INPE)
8JMKD3MGPDW34P/4ADBQ9P,5,"Moreira, Noeli Aline Particcelli",Noeli Aline Particcelli Moreira,Instituto Nacional de Pesquisas Espaciais (INPE),Instituto Nacional de Pesquisas Espaciais (INPE)
8JMKD3MGPDW34P/4ADBQ9P,6,"Gusmăo, Luiz Henrique Almeida",Luiz Henrique Almeida Gusmăo,Instituto Nacional de Pesquisas Espaciais (INPE),Instituto Nacional de Pesquisas Espaciais (INPE)
8JMKD3MGPDW34P/4ADBQ9P,7,"Thiago, Thiago C. de",Thiago C. de Thiago,Instituto Nacional de Pesquisas Espaciais (INPE),Instituto Nacional de Pesquisas Espaciais (INPE)
8JMKD3MGPDW34P/4ADBQ9P,8,"Barradas, Delmina Carla Matos",Delmina Carla Matos Barradas,Instituto Nacional de Pesquisas Espaciais (INPE),Instituto Nacional de Pesquisas Espaciais (INPE)
8JMKD3MGPDW34P/4ADBQ9P,9,"Soler, Luciana de Souza",Luciana de Souza Soler,Instituto Nacional de Pesquisas Espaciais (INPE),Instituto Nacional de Pesquisas Espaciais (INPE)
8JMKD3MGPDW34P/4ADBQ9P,10,"Maurano, Luis Eduardo Pinheiro",Luis Eduardo Pinheiro Maurano,Instituto Nacional de Pesquisas Espaciais (INPE),Instituto Nacional de Pesquisas Espaciais (INPE)
8JMKD3MGPDW34P/4ADBQ9P,11,"Adami, Marcos",Marcos Adami,Instituto Nacional de Pesquisas Espaciais (INPE),Instituto Nacional de Pesquisas Espaciais (INPE)
8JMKD3MGPDW34P/4ADBQ9P,12,"Xaud, Haron A. M.",Haron A. M. Xaud,Embrapa Roraima,Embrapa Roraima
8JMKD3MGPDW34P/4ADBQ9P,13,"Xaud, Maristela R. Xaud",Maristela R. Xaud Xaud,Embrapa Roraima,Embrapa Roraima
8JMKD3MGPDW34P/4ADBQ9P,14,"Carvalho, André Fernando Araújo de",André Fernando Araújo de Carvalho,Instituto Nacional de Pesquisas Espaciais (INPE),Instituto Nacional de Pesquisas Espaciais (INPE)
8JMKD3MGPDW34P/4ADBQ9P,15,"Alves, Fábio C.",Fábio C. Alves,Universidade Federal do Oeste da Bahia (UFOBA),Universidade Federal do Oeste da Bahia (UFOBA)
8JMKD3MGPDW34P/4ADBQ9P,16,"Pinheiro, Fábio da Conceiçăo",Fábio da Conceiçăo Pinheiro,Instituto Nacional de Pesquisas Espaciais (INPE),Instituto Nacional de Pesquisas Espaciais (INPE)
8JMKD3MGPDW34P/4ADBQ9P,17,"Renó, Vivian Fróes",Vivian Fróes Renó,Instituto Nacional de Pesquisas Espaciais (INPE),Instituto Nacional de Pesquisas Espaciais (INPE)
8JMKD3MGPDW34P/4ADBQ9P,18,"Lima, Deborah Lopes Correia",Deborah Lopes Correia Lima,Instituto Nacional de Pesquisas Espaciais (INPE),Instituto Nacional de Pesquisas Espaciais (INPE)
8JMKD3MGPDW34P/4ADBQ9P,19,"Moraes, Douglas Rafael Vidal de",Douglas Rafael Vidal de Moraes,Instituto Nacional de Pesquisas Espaciais (INPE),Instituto Nacional de Pesquisas Espaciais (INPE)
8JMKD3MGPDW34P/4ADBQ9P,20,"Belluzzo, Amanda Pinoti",Amanda Pinoti Belluzzo,Instituto Nacional de Pesquisas Espaciais (INPE),Instituto Nacional de Pesquisas Espaciais (INPE)
8JMKD3MGPDW34P/4ADBQ9P,21,"Souza, Jefferson Jesus de",Jefferson Jesus de Souza,Instituto Nacional de Pesquisas Espaciais (INPE),Instituto Nacional de Pesquisas Espaciais (INPE)
8JMKD3MGPDW34P/4ADBQ9P,22,"Barros, Lucélia Souza de",Lucélia Souza de Barros,Instituto Nacional de Pesquisas Espaciais (INPE),Instituto Nacional de Pesquisas Espaciais (INPE)
8JMKD3MGPDW34P/4ADBQ9P,23,"Chrispim, Eduardo Henrique S.",Eduardo Henrique S. Chrispim,Instituto Nacional de Pesquisas Espaciais (INPE),Instituto Nacional de Pesquisas Espaciais (INPE)
8JMKD3MGPDW34P/4ADBQ9P,24,"Silva, Diego M.",Diego M. Silva,Instituto Nacional de Pesquisas Espaciais (INPE),Instituto Nacional de Pesquisas Espaciais (INPE)
8JMKD3MGPDW34P/4ADBQ9P,25,"Cunha, Igor P.",Igor P. Cunha,Instituto Nacional de Pesquisas Espaciais (INPE),Instituto Nacional de Pesquisas Espaciais (INPE)
8JMKD3MGPDW34P/4ADBQ9P,26,"Matos, Marlon Henrique Hetzel",Marlon Henrique Hetzel Matos,Instituto Nacional de Pesquisas Espaciais (INPE),Instituto Nacional de Pesquisas Espaciais (INPE)
8JMKD3MGPDW34P/4ADBQ9P,27,"Alves, Gabriel M. R.",Gabriel M. R. Alves,Instituto Nacional de Pesquisas Espaciais (INPE),Instituto Nacional de Pesquisas Espaciais (INPE)
8JMKD3MGPDW34P/4ADBQ9P,28,"Teixeira, Raíssa Caroline dos Santos",Raíssa Caroline dos Santos Teixeira,Instituto Nacional de Pesquisas Espaciais (INPE),Instituto Nacional de Pesquisas Espaciais (INPE)
8JMKD3MGPDW34P/4ADBQ9P,29,"Rodrigues Neto, Manoel Ribeiro",Manoel Ribeiro Rodrigues Neto,Instituto Nacional de Pesquisas Espaciais (INPE),Instituto Nacional de Pesquisas Espaciais (INPE)
8JMKD3MGPDW34P/4ADBQ9P,30,"Moraes, Dayane Rafaela Vidal de",Dayane Rafaela Vidal de Moraes,Instituto Nacional de Pesquisas Espaciais (INPE),Instituto Nacional de Pesquisas Espaciais (INPE)
8JMKD3MGPDW34P/4ADBQ9P,31,"Almeida, Rodrigo de",Rodrigo de Almeida,Instituto Nacional de Pesquisas Espaciais (INPE),Instituto Nacional de Pesquisas Espaciais (INPE)
8JMKD3MGPDW34P/4ADBQ9P,32,"Bastos, Eduardo Felipe Marcelino",Eduardo Felipe Marcelino Bastos,Instituto Nacional de Pesquisas Espaciais (INPE),Instituto Nacional de Pesquisas Espaciais (INPE)
8JMKD3MGPDW34P/4ADBQ9P,33,"Andrade, Ana Carolina S. de",Ana Carolina S. de Andrade,Instituto Nacional de Pesquisas Espaciais (INPE),Instituto Nacional de Pesquisas Espaciais (INPE)
8JMKD3MGPDW34P/4ADBQ9P,34,"Perez, Letícia P.",Letícia P. Perez,Instituto Nacional de Pesquisas Espaciais (INPE),Instituto Nacional de Pesquisas Espaciais (INPE)
8JMKD3MGPDW34P/4ADBQ9P,35,"Reis, Mariane Souza",Mariane Souza Reis,Instituto Nacional de Pesquisas Espaciais (INPE),Instituto Nacional de Pesquisas Espaciais (INPE)
8JMKD3MGPDW34P/4ADBQ9P,36,"Salgado, Gustavo P. L.",Gustavo P. L. Salgado,Instituto Nacional de Pesquisas Espaciais (INPE),Instituto Nacional de Pesquisas Espaciais (INPE)
8JMKD3MGPDW34P/4ADBQ9P,37,"Cunha, Miguel Alexandre da",Miguel Alexandre da Cunha,Instituto Nacional de Pesquisas Espaciais (INPE),Instituto Nacional de Pesquisas Espaciais (INPE)
8JMKD3MGPDW34P/4ADBQ9P,38,"Almeida, Cláudio Aparecido de",Cláudio Aparecido de Almeida,Instituto Nacional de Pesquisas Espaciais (INPE),Instituto Nacional de Pesquisas Espaciais (INPE)
8JMKD3MGPDW34P/4ADBK2H,1,"Minervino, Carlos V. A.",Carlos V. A. Minervino,Universidade Federal de Campina Grande (UFCG),Universidade Federal de Campina Grande (UFCG)
8JMKD3MGPDW34P/4ADBK2H,2,"Campelo, Cláudio E. C.",Cláudio E. C. Campelo,Universidade Federal de Campina Grande (UFCG),Universidade Federal de Campina Grande (UFCG)
8JMKD3MGPDW34P/4ADBK2H,3,"Oliveira, Maxwell Guimarăes de",Maxwell Guimarăes de Oliveira,Universidade Federal de Campina Grande (UFCG),Universidade Federal de Campina Grande (UFCG)
8JMKD3MGPDW34P/4ADBK2H,4,"Silva, Salatiel D.",Salatiel D. Silva,Universidade Federal de Campina Grande (UFCG),Universidade Federal de Campina Grande (UFCG)
8JMKD3MGPDW34P/4ADBR52,1,"Miranda, Bruno Guerreiro",Bruno Guerreiro Miranda,Instituto Nacional de Pesquisas Espaciais (INPE),Instituto Nacional de Pesquisas Espaciais (INPE)
8JMKD3MGPDW34P/4ADBR52,2,"Passos, Felipe de O.",Felipe de O. Passos,Instituto Nacional de Pesquisas Espaciais (INPE),Instituto Nacional de Pesquisas Espaciais (INPE)
8JMKD3MGPDW34P/4ADBR52,3,"Dietzsch, Gabriel",Gabriel Dietzsch,Instituto Nacional de Pesquisas Espaciais (INPE),Instituto Nacional de Pesquisas Espaciais (INPE)
8JMKD3MGPDW34P/4ADBR52,4,"Nascimento Filho, Ocione Dias do",Ocione Dias do Nascimento Filho,Instituto Nacional de Pesquisas Espaciais (INPE),Instituto Nacional de Pesquisas Espaciais (INPE)
8JMKD3MGPDW34P/4ADBR52,5,"Mendonças, Tiffany Laura Januci Telles",Tiffany Laura Januci Telles Mendonças,Instituto Nacional de Pesquisas Espaciais (INPE),Instituto Nacional de Pesquisas Espaciais (INPE)
8JMKD3MGPDW34P/4ADBR52,6,"Körting, Thales Sehn",Thales Sehn Körting,Instituto Nacional de Pesquisas Espaciais (INPE),Instituto Nacional de Pesquisas Espaciais (INPE)
8JMKD3MGPDW34P/4ADBR52,7,"Namikawa, Laércio Massaru",Laércio Massaru Namikawa,Instituto Nacional de Pesquisas Espaciais (INPE),Instituto Nacional de Pesquisas Espaciais (INPE)
8JMKD3MGPDW34P/4ADBR52,8,"Gherardi, Douglas Francisco Marcolino",Douglas Francisco Marcolino Gherardi,Instituto Nacional de Pesquisas Espaciais (INPE),Instituto Nacional de Pesquisas Espaciais (INPE)
8JMKD3MGPDW34P/4ADBR52,9,"Pezzi, Luciano Ponzi",Luciano Ponzi Pezzi,Instituto Nacional de Pesquisas Espaciais (INPE),Instituto Nacional de Pesquisas Espaciais (INPE)
8JMKD3MGPDW34P/4ADBR52,10,"Queiroz, Gilberto Ribeiro de",Gilberto Ribeiro de Queiroz,Instituto Nacional de Pesquisas Espaciais (INPE),Instituto Nacional de Pesquisas Espaciais (INPE)
8JMKD3MGPDW34P/4ADBMKL,1,"Molinez, Raquel Zozimo",Raquel Zozimo Molinez,Instituto Nacional de Pesquisas Espaciais (INPE),Instituto Nacional de Pesquisas Espaciais (INPE)
8JMKD3MGPDW34P/4ADBMKL,2,"Turibio, Andrea F.",Andrea F. Turibio,Instituto Nacional de Pesquisas Espaciais (INPE),Instituto Nacional de Pesquisas Espaciais (INPE)
8JMKD3MGPDW34P/4ADBMKL,3,"Carmo, Rodrigo S. do",Rodrigo S. do Carmo,Instituto Nacional de Pesquisas Espaciais (INPE),Instituto Nacional de Pesquisas Espaciais (INPE)
8JMKD3MGPDW34P/4ADBMKL,4,"Cursino, Mariana M. S.",Mariana M. S. Cursino,Instituto Nacional de Pesquisas Espaciais (INPE),Instituto Nacional de Pesquisas Espaciais (INPE)
8JMKD3MGPDW34P/4ADBMKL,5,"Soler, Luciana de Souza",Luciana de Souza Soler,Instituto Nacional de Pesquisas Espaciais (INPE),Instituto Nacional de Pesquisas Espaciais (INPE)
8JMKD3MGPDW34P/4ADBMKL,6,"Amaral, Silvana",Silvana Amaral,Instituto Nacional de Pesquisas Espaciais (INPE),Instituto Nacional de Pesquisas Espaciais (INPE)
8JMKD3MGPDW34P/4ADCBJE,1,"Passos, Felipe O.",Felipe O. Passos,Instituto Nacional de Pesquisas Espaciais (INPE),Instituto Nacional de Pesquisas Espaciais (INPE)
8JMKD3MGPDW34P/4ADCBJE,2,"Adorno, Bruno Vargas",Bruno Vargas Adorno,Instituto Nacional de Pesquisas Espaciais (INPE),Instituto Nacional de Pesquisas Espaciais (INPE)
8JMKD3MGPDW34P/4ADCBJE,3,"Carmo, Rodrigo S. do",Rodrigo S. do Carmo,Instituto Nacional de Pesquisas Espaciais (INPE),Instituto Nacional de Pesquisas Espaciais (INPE)
8JMKD3MGPDW34P/4ADCBJE,4,"Mourăo, Carla",Carla Mourăo,Instituto Nacional de Pesquisas Espaciais (INPE),Instituto Nacional de Pesquisas Espaciais (INPE)
8JMKD3MGPDW34P/4ADCBJE,5,"Amaral, Silvana",Silvana Amaral,,
8JMKD3MGPDW34P/4ADC83S,1,"Petrone, Felipe Gomes",Felipe Gomes Petrone,Instituto Nacional de Pesquisas Espaciais (INPE),Instituto Nacional de Pesquisas Espaciais (INPE)
8JMKD3MGPDW34P/4ADC83S,2,"Silva, Darlan Teles da",Darlan Teles da Silva,Instituto Nacional de Pesquisas Espaciais (INPE),Instituto Nacional de Pesquisas Espaciais (INPE)
8JMKD3MGPDW34P/4ADC83S,3,"Maia, Aluizio Brito",Aluizio Brito Maia,Instituto Nacional de Pesquisas Espaciais (INPE),Instituto Nacional de Pesquisas Espaciais (INPE)
8JMKD3MGPDW34P/4ADC83S,4,"Sanches, Ieda Del'Arco",Ieda Del'Arco Sanches,Instituto Nacional de Pesquisas Espaciais (INPE),Instituto Nacional de Pesquisas Espaciais (INPE)
8JMKD3MGPDW34P/4ADC83S,5,"Chaves, Michel Eustáquio Dantas",Michel Eustáquio Dantas Chaves,Instituto Nacional de Pesquisas Espaciais (INPE),Instituto Nacional de Pesquisas Espaciais (INPE)
8JMKD3MGPDW34P/4ADC83S,6,"Adami, Marcos",Marcos Adami,Instituto Nacional de Pesquisas Espaciais (INPE),Instituto Nacional de Pesquisas Espaciais (INPE)
8JMKD3MGPDW34P/4ADC83S,7,"Fonseca, Leila Maria Garcia",Leila Maria Garcia Fonseca,Instituto Nacional de Pesquisas Espaciais (INPE),Instituto Nacional de Pesquisas Espaciais (INPE)
8JMKD3MGPDW34P/4ADC982,1,"Ribeiro, Victória R. S.",Victória R. S. Ribeiro,Centro Gestor e Operacional do Sistema de Proteçăo da Amazônia (CENSIPAM),Centro Gestor e Operacional do Sistema de Proteçăo da Amazônia (CENSIPAM)
8JMKD3MGPDW34P/4ADC982,2,"Antunes, Eduardo H.",Eduardo H. Antunes,Centro Gestor e Operacional do Sistema de Proteçăo da Amazônia (CENSIPAM),Centro Gestor e Operacional do Sistema de Proteçăo da Amazônia (CENSIPAM)
8JMKD3MGPDW34P/4ADC982,3,"Silva, Cleyson G. G. da",Cleyson G. G. da Silva,Centro Gestor e Operacional do Sistema de Proteçăo da Amazônia (CENSIPAM),Centro Gestor e Operacional do Sistema de Proteçăo da Amazônia (CENSIPAM)
8JMKD3MGPDW34P/4ADC982,4,"Alves, Pedro P. L.",Pedro P. L. Alves,Centro Gestor e Operacional do Sistema de Proteçăo da Amazônia (CENSIPAM),Centro Gestor e Operacional do Sistema de Proteçăo da Amazônia (CENSIPAM)
8JMKD3MGPDW34P/4ADC982,5,"Rodrigues, Maria E.",Maria E. Rodrigues,Centro Gestor e Operacional do Sistema de Proteçăo da Amazônia (CENSIPAM),Centro Gestor e Operacional do Sistema de Proteçăo da Amazônia (CENSIPAM)
8JMKD3MGPDW34P/4ADC982,6,"Bernini, Henrique",Henrique Bernini,Centro Gestor e Operacional do Sistema de Proteçăo da Amazônia (CENSIPAM),Centro Gestor e Operacional do Sistema de Proteçăo da Amazônia (CENSIPAM)
8JMKD3MGPDW34P/4ADC982,7,"Silvestre, Ariomar S.",Ariomar S. Silvestre,Centro Gestor e Operacional do Sistema de Proteçăo da Amazônia (CENSIPAM),Centro Gestor e Operacional do Sistema de Proteçăo da Amazônia (CENSIPAM)
8JMKD3MGPDW34P/4ADC982,8,"Leal, José B.",José B. Leal,Centro Gestor e Operacional do Sistema de Proteçăo da Amazônia (CENSIPAM),Centro Gestor e Operacional do Sistema de Proteçăo da Amazônia (CENSIPAM)
8JMKD3MGPDW34P/4ADC982,9,"Oliveira, Elisama S. P.",Elisama S. P. Oliveira,Centro Gestor e Operacional do Sistema de Proteçăo da Amazônia (CENSIPAM),Centro Gestor e Operacional do Sistema de Proteçăo da Amazônia (CENSIPAM)
8JMKD3MGPDW34P/4ADC982,10,"Santos, Deydila Michele Bomfim dos",Deydila Michele Bomfim dos Santos,Centro Gestor e Operacional do Sistema de Proteçăo da Amazônia (CENSIPAM),Centro Gestor e Operacional do Sistema de Proteçăo da Amazônia (CENSIPAM)
8JMKD3MGPDW34P/4ADC982,11,"Nienow, Samuel",Samuel Nienow,Instituto Chico Mendes de Conservaçăo da Biodiversidade (ICMBio),Instituto Chico Mendes de Conservaçăo da Biodiversidade (ICMBio)
8JMKD3MGPDW34P/4ADC982,12,"Cambraia, Bruno C.",Bruno C. Cambraia,Instituto Chico Mendes de Conservaçăo da Biodiversidade (ICMBio),Instituto Chico Mendes de Conservaçăo da Biodiversidade (ICMBio)
8JMKD3MGPDW34P/4ADBNU8,1,"Santana, Ingrid L.",Ingrid L. Santana,Universidade Federal de Minas Gerais (UFMG),Universidade Federal de Minas Gerais (UFMG)
8JMKD3MGPDW34P/4ADBNU8,2,"Davis Junior, Clodoveu A.",Clodoveu A. Davis Junior,Universidade Federal de Minas Gerais (UFMG),Universidade Federal de Minas Gerais (UFMG)
8JMKD3MGPDW34P/4ADC9GS,1,"Santos, Ramon Batista dos",Ramon Batista dos Santos,Instituto Nacional de Pesquisas Espaciais (INPE),Instituto Nacional de Pesquisas Espaciais (INPE)
8JMKD3MGPDW34P/4ADC9GS,2,"Pires, Joăo Saldanha",Joăo Saldanha Pires,Instituto Nacional de Pesquisas Espaciais (INPE),Instituto Nacional de Pesquisas Espaciais (INPE)
8JMKD3MGPDW34P/4ADC9GS,3,"Gherardi, Douglas Francisco Marcolino",Douglas Francisco Marcolino Gherardi,Instituto Nacional de Pesquisas Espaciais (INPE),Instituto Nacional de Pesquisas Espaciais (INPE)
8JMKD3MGPDW34P/4ADC9GS,4,"Valeriano, Márcio de Morisson",Márcio de Morisson Valeriano,Instituto Nacional de Pesquisas Espaciais (INPE),Instituto Nacional de Pesquisas Espaciais (INPE)
8JMKD3MGPDW34P/4ADBLN8,1,"Silva, Yan Breno Azeredo Gomes da",Yan Breno Azeredo Gomes da Silva,Instituto Nacional de Pesquisas Espaciais (INPE),Instituto Nacional de Pesquisas Espaciais (INPE)
8JMKD3MGPDW34P/4ADBLN8,2,"Santos, Monique Calderaro Rocha",Monique Calderaro Rocha Santos,Instituto Nacional de Pesquisas Espaciais (INPE),Instituto Nacional de Pesquisas Espaciais (INPE)
8JMKD3MGPDW34P/4ADBLN8,3,"Galvăo, Lęnio Soares",Lęnio Soares Galvăo,Instituto Nacional de Pesquisas Espaciais (INPE),Instituto Nacional de Pesquisas Espaciais (INPE)
8JMKD3MGPDW34P/4ADBLN8,4,"Oliveira, Lucas B.",Lucas B. Oliveira,Universidade Federal Fluminense (UFF),Universidade Federal Fluminense (UFF)
8JMKD3MGPDW34P/4ADC8AH,1,"Silva, Matheus Ferreira da",Matheus Ferreira da Silva,Universidade Estadual Paulista (UNESP),Universidade Estadual Paulista (UNESP)
8JMKD3MGPDW34P/4ADC8AH,2,"Santos, Renato Cesar dos",Renato Cesar dos Santos,Universidade Estadual Paulista (UNESP),Universidade Estadual Paulista (UNESP)
8JMKD3MGPDW34P/4ADC8AH,3,"Tommaselli, Antonio M. G.",Antonio M. G. Tommaselli,Universidade Estadual Paulista (UNESP),Universidade Estadual Paulista (UNESP)
8JMKD3MGPDW34P/4ADC8AH,4,"Galo, Maurício",Maurício Galo,Universidade Estadual Paulista (UNESP),Universidade Estadual Paulista (UNESP)
8JMKD3MGPDW34P/4ADC7KP,1,"Soares, Fabiana da Silva",Fabiana da Silva Soares,Embrapa Territorial,Embrapa Territorial
8JMKD3MGPDW34P/4ADC7KP,2,"Sacramento, Bruna Henrique",Bruna Henrique Sacramento,Embrapa Territorial,Embrapa Territorial
8JMKD3MGPDW34P/4ADC7KP,3,"Valente, Roberta Averna",Roberta Averna Valente,Universidade Federal de Săo Carlos (UFSCar),Universidade Federal de Săo Carlos (UFSCar)
8JMKD3MGPDW34P/4ADC7KP,4,"Silveira, Hilton Luís",Hilton Luís Silveira,Embrapa Territorial,Embrapa Territorial
8JMKD3MGPDW34P/4ADCB9H,1,"Sousa, Diego de",Diego de Sousa,Escola Nacional de Cięncias Estatísticas (ENCE),Escola Nacional de Cięncias Estatísticas (ENCE)
8JMKD3MGPDW34P/4ADCB9H,2,"Musa, Daniela Leal",Daniela Leal Musa,Universidade Federal de Săo Paulo (UNIFESP),Universidade Federal de Săo Paulo (UNIFESP)
8JMKD3MGPDW34P/4ADCB9H,3,"Vijaykumar, Nandamudi Lankalapalli",Nandamudi Lankalapalli Vijaykumar,Instituto Nacional de Pesquisas Espaciais (INPE),Instituto Nacional de Pesquisas Espaciais (INPE)
8JMKD3MGPDW34P/4ADCB9H,4,"Mariano, Rodrigo M.",Rodrigo M. Mariano,Framework Digital,Framework Digital
8JMKD3MGPDW34P/4ADCB9H,5,"Rebelo, Luciana",Luciana Rebelo,Instituto Federal de Săo Paulo (IFSP),Instituto Federal de Săo Paulo (IFSP)
8JMKD3MGPDW34P/4ADCB9H,6,"Silva, Raphael Augusto O.",Raphael Augusto O. Silva,Universidade Virtual de Săo Paulo (UNIVESP),Universidade Virtual de Săo Paulo (UNIVESP)
8JMKD3MGPDW34P/4ADCB9H,7,"Nascimento, Luanna",Luanna Nascimento,Universidade Federal de Săo Paulo (UNIFESP),Universidade Federal de Săo Paulo (UNIFESP)
8JMKD3MGPDW34P/4ADCB9H,8,"Ferla, Luís Antonio Coelho",Luís Antonio Coelho Ferla,Universidade Federal de Săo Paulo (UNIFESP),Universidade Federal de Săo Paulo (UNIFESP)
8JMKD3MGPDW34P/4ADCB9H,9,"Fook, Karla Donato",Karla Donato Fook,Instituto Tecnológico de Aeronáutica (ITA),Instituto Tecnológico de Aeronáutica (ITA)
8JMKD3MGPDW34P/4ADC8F2,1,"Vieira, VinĒcius da Fonseca",VinĒcius da Fonseca Vieira,Universidade Federal de SŃo JoŃo del-Rei (UFSJ),Universidade Federal de SŃo JoŃo del-Rei (UFSJ)
8JMKD3MGPDW34P/4ADC8F2,2,"Alencar, Ricardo",Ricardo Alencar,Universidade Federal do Rio de Janeiro (UFRJ),Universidade Federal do Rio de Janeiro (UFRJ)
8JMKD3MGPDW34P/4ADC8F2,3,"Evsukoff, Alexandre G.",Alexandre G. Evsukoff,Universidade Federal do Rio de Janeiro (UFRJ),Universidade Federal do Rio de Janeiro (UFRJ)
8JMKD3MGPDW34P/4ADC8F2,4,"Samaniego, Horacio",Horacio Samaniego,Universidad Austral de Chile,Universidad Austral de Chile
8JMKD3MGPDW34P/4ADCD6L,1,"Al FAhad, Abdulla",Abdulla Al FAhad,Universidade Federal do ABC (UFABC),Universidade Federal do ABC (UFABC)
8JMKD3MGPDW34P/4ADCD6L,2,"Feitosa, Flávia da Fonseca",Flávia da Fonseca Feitosa,Universidade Federal do ABC (UFABC),Universidade Federal do ABC (UFABC)
8JMKD3MGPDW34P/4ADCD6L,3,"Magalhăes, Roberta Perez",Roberta Perez Magalhăes,Universidade Federal do ABC (UFABC),Universidade Federal do ABC (UFABC)
8JMKD3MGPDW34P/4ADCBR5,1,"Andrade, Bárbara Coelho de",Bárbara Coelho de Andrade,Embrapa Solos,Embrapa Solos
8JMKD3MGPDW34P/4ADCBR5,2,"Pedreira, Joăo Pedro das Neves Cardoso",Joăo Pedro das Neves Cardoso Pedreira,Embrapa Solos,Embrapa Solos
8JMKD3MGPDW34P/4ADCBR5,3,"Roque, Lygia Crespo dos Santos",Lygia Crespo dos Santos Roque,Embrapa Solos,Embrapa Solos
8JMKD3MGPDW34P/4ADCBR5,4,"Vasques, Gustavo Mattos",Gustavo Mattos Vasques,Embrapa Solos,Embrapa Solos
8JMKD3MGPDW34P/4ADCBR5,5,"Dart, Ricardo de Oliveira",Ricardo de Oliveira Dart,Embrapa Solos,Embrapa Solos
8JMKD3MGPDW34P/4ADCBR5,6,"Balieiro, Fabiano de Carvalho",Fabiano de Carvalho Balieiro,Embrapa Solos,Embrapa Solos
8JMKD3MGPDW34P/4ADCBR5,7,"Silveira Filho, Telmo Borges",Telmo Borges Silveira Filho,Secretaria de Estado do Ambiente e Sustentabilidade do Rio de Janeiro,Secretaria de Estado do Ambiente e Sustentabilidade do Rio de Janeiro
8JMKD3MGPDW34P/4ADCPRH,1,"Castejon, Emiliano Ferreira",Emiliano Ferreira Castejon,Instituto Nacional de Pesquisas Espaciais (INPE),Instituto Nacional de Pesquisas Espaciais (INPE)
8JMKD3MGPDW34P/4ADCPRH,2,"Vinhas, Lubia",Lubia Vinhas,Instituto Nacional de Pesquisas Espaciais (INPE),Instituto Nacional de Pesquisas Espaciais (INPE)
8JMKD3MGPDW34P/4ADCPRH,3,"Barbosa, Anderson Rodolfo",Anderson Rodolfo Barbosa,Instituto Nacional de Pesquisas Espaciais (INPE),Instituto Nacional de Pesquisas Espaciais (INPE)
8JMKD3MGPDW34P/4ADCPRH,4,"Queiroz, Gilberto Ribeiro de",Gilberto Ribeiro de Queiroz,Instituto Nacional de Pesquisas Espaciais (INPE),Instituto Nacional de Pesquisas Espaciais (INPE)
8JMKD3MGPDW34P/4ADCPRH,5,"Gomes, Diego da Silva",Diego da Silva Gomes,Instituto Nacional de Pesquisas Espaciais (INPE),Instituto Nacional de Pesquisas Espaciais (INPE)
8JMKD3MGPDW34P/4ADCPRH,6,"Costa, Raphael Willian da",Raphael Willian da Costa,Instituto Nacional de Pesquisas Espaciais (INPE),Instituto Nacional de Pesquisas Espaciais (INPE)
8JMKD3MGPDW34P/4ADCPRH,7,"Arcanjo, Jeferson de Souza",Jeferson de Souza Arcanjo,Instituto Nacional de Pesquisas Espaciais (INPE),Instituto Nacional de Pesquisas Espaciais (INPE)
8JMKD3MGPDW34P/4ADCPRH,8,"Queiroz, Wildson",Wildson Queiroz,Instituto Nacional de Pesquisas Espaciais (INPE),Instituto Nacional de Pesquisas Espaciais (INPE)
8JMKD3MGPDW34P/4ADCPRH,9,"Sousa, Ricardo Cartaxo Modesto de",Ricardo Cartaxo Modesto de Sousa,Instituto Nacional de Pesquisas Espaciais (INPE),Instituto Nacional de Pesquisas Espaciais (INPE)
8JMKD3MGPDW34P/4ADCPRH,10,"D'Alge, Julio Cesar Lima",Julio Cesar Lima D'Alge,Instituto Nacional de Pesquisas Espaciais (INPE),Instituto Nacional de Pesquisas Espaciais (INPE)
8JMKD3MGPDW34P/4ADCPRH,11,"Bacellar, José Teixeira da Matta",José Teixeira da Matta Bacellar,Instituto Nacional de Pesquisas Espaciais (INPE),Instituto Nacional de Pesquisas Espaciais (INPE)
8JMKD3MGPDW34P/4ADCNK8,1,"Costa, Cesar Augusto de Moraes",Cesar Augusto de Moraes Costa,Instituto Nacional de Pesquisas Espaciais (INPE),Instituto Nacional de Pesquisas Espaciais (INPE)
8JMKD3MGPDW34P/4ADCNK8,2,"Martins, Bárbara Marie Van Sebroeck Lutiis Silveira",Bárbara Marie Van Sebroeck Lutiis Silveira Martins,Instituto Nacional de Pesquisas Espaciais (INPE),Instituto Nacional de Pesquisas Espaciais (INPE)
8JMKD3MGPDW34P/4ADCNK8,3,"Santos, Júlio César Pimenta dos",Júlio César Pimenta dos Santos,Instituto Nacional de Pesquisas Espaciais (INPE),Instituto Nacional de Pesquisas Espaciais (INPE)
8JMKD3MGPDW34P/4ADCNK8,4,"Bacellar, Pedro Ferrini Manhăes",Pedro Ferrini Manhăes Bacellar,Instituto Nacional de Pesquisas Espaciais (INPE),Instituto Nacional de Pesquisas Espaciais (INPE)
8JMKD3MGPDW34P/4ADCNK8,5,"Igawa, Tassio Koiti",Tassio Koiti Igawa,Instituto Nacional de Pesquisas Espaciais (INPE),Instituto Nacional de Pesquisas Espaciais (INPE)
8JMKD3MGPDW34P/4ADCNK8,6,"Morelli, Fabiano",Fabiano Morelli,Instituto Nacional de Pesquisas Espaciais (INPE),Instituto Nacional de Pesquisas Espaciais (INPE)
8JMKD3MGPDW34P/4ADCNK8,7,"Queiroz, Gilberto Ribeiro de",Gilberto Ribeiro de Queiroz,Instituto Nacional de Pesquisas Espaciais (INPE),Instituto Nacional de Pesquisas Espaciais (INPE)
8JMKD3MGPDW34P/4ADCNK8,8,"Körting, Thales Sehn",Thales Sehn Körting,Instituto Nacional de Pesquisas Espaciais (INPE),Instituto Nacional de Pesquisas Espaciais (INPE)
8JMKD3MGPDW34P/4ADCP7P,1,"Dalcin, Guilherme K.",Guilherme K. Dalcin,,
8JMKD3MGPDW34P/4ADCP7P,2,"Maffini, Ana Luisa",Ana Luisa Maffini,,
8JMKD3MGPDW34P/4ADCP7P,3,"Gonçalves, Gustavo Maciel",Gustavo Maciel Gonçalves,,
8JMKD3MGPDW34P/4ADCP7P,4,"Maraschin, Clarice",Clarice Maraschin,,
8JMKD3MGPDW34P/4ADCP7P,5,"Krafta, Romulo",Romulo Krafta,,
8JMKD3MGPDW34P/4ADCD28,1,"Duarte, Fernando Henrique Oliveira",Fernando Henrique Oliveira Duarte,Universidade Federal de Ouro Preto (UFOP),Universidade Federal de Ouro Preto (UFOP)
8JMKD3MGPDW34P/4ADCD28,2,"Moreira, Gladston J. P.",Gladston J. P. Moreira,Universidade Federal de Ouro Preto (UFOP),Universidade Federal de Ouro Preto (UFOP)
8JMKD3MGPDW34P/4ADCD28,3,"Luz, Eduardo J. S.",Eduardo J. S. Luz,Universidade Federal de Ouro Preto (UFOP),Universidade Federal de Ouro Preto (UFOP)
8JMKD3MGPDW34P/4ADCD28,4,"Santos, Leonardo B. L.",Leonardo B. L. Santos,Centro Nacional de Monitoramento e Alertas de Desastres Naturais (CEMADEN),Centro Nacional de Monitoramento e Alertas de Desastres Naturais (CEMADEN)
8JMKD3MGPDW34P/4ADCD28,5,"Freitas, Vander L. S.",Vander L. S. Freitas,Universidade Federal de Ouro Preto (UFOP),Universidade Federal de Ouro Preto (UFOP)
8JMKD3MGPDW34P/4ADCC72,1,"Dutra, Debora J.",Debora J. Dutra,Centro Nacional de Monitoramento e Alertas de Desastres Naturais (CEMADEN),Centro Nacional de Monitoramento e Alertas de Desastres Naturais (CEMADEN)
8JMKD3MGPDW34P/4ADCC72,2,"Ferreira, Igor Josķ Malfetoni",Igor Josķ Malfetoni Ferreira,Instituto Nacional de Pesquisas Espaciais (INPE),Instituto Nacional de Pesquisas Espaciais (INPE)
8JMKD3MGPDW34P/4ADCC72,3,"Cabral, Beatriz F.",Beatriz F. Cabral,Centro Nacional de Monitoramento e Alertas de Desastres Naturais (CEMADEN),Centro Nacional de Monitoramento e Alertas de Desastres Naturais (CEMADEN)
8JMKD3MGPDW34P/4ADCC72,4,"Yanai, Aurora M.",Aurora M. Yanai,Instituto Nacional de Pesquisa da Amaz¶nia (INPA),Instituto Nacional de Pesquisa da Amaz¶nia (INPA)
8JMKD3MGPDW34P/4ADCC72,5,"Fearnside, Philip M.",Philip M. Fearnside,Instituto Nacional de Pesquisa da Amaz¶nia (INPA),Instituto Nacional de Pesquisa da Amaz¶nia (INPA)
8JMKD3MGPDW34P/4ADCC72,6,"Grańa, Paulo M. L. de A.",Paulo M. L. de A. Grańa,Instituto Nacional de Pesquisa da Amaz¶nia (INPA),Instituto Nacional de Pesquisa da Amaz¶nia (INPA)
8JMKD3MGPDW34P/4ADCC72,7,"Dalagnol, Ricardo",Ricardo Dalagnol,NASA Jet Propulsion Laboratory (JPL),NASA Jet Propulsion Laboratory (JPL)
8JMKD3MGPDW34P/4ADCC72,8,"Braga, Daniel Alvez",Daniel Alvez Braga,Universidade Federal de Santa Catarina (UFSC),Universidade Federal de Santa Catarina (UFSC)
8JMKD3MGPDW34P/4ADCC72,9,"AragŃo, Luiz Eduardo Oliveira e Cruz de",Luiz Eduardo Oliveira e Cruz de AragŃo,Instituto Nacional de Pesquisas Espaciais (INPE),Instituto Nacional de Pesquisas Espaciais (INPE)
8JMKD3MGPDW34P/4ADCC72,10,"Almeida, Clßudia Maria de",Clßudia Maria de Almeida,Instituto Nacional de Pesquisas Espaciais (INPE),Instituto Nacional de Pesquisas Espaciais (INPE)
8JMKD3MGPDW34P/4ADCC72,11,"Anderson, Liana O.",Liana O. Anderson,Centro Nacional de Monitoramento e Alertas de Desastres Naturais (CEMADEN),Centro Nacional de Monitoramento e Alertas de Desastres Naturais (CEMADEN)
8JMKD3MGPDW34P/4ADCCQP,1,"Fernandes, Anibal E.",Anibal E. Fernandes,FATEC Cruzeiro,FATEC Cruzeiro
8JMKD3MGPDW34P/4ADCCQP,2,"Felgueiras, Carlos Alberto",Carlos Alberto Felgueiras,Instituto Nacional de Pesquisas Espaciais (INPE),Instituto Nacional de Pesquisas Espaciais (INPE)
8JMKD3MGPDW34P/4ADCN3L,1,"Fernandes Filho, Alexandre Santos",Alexandre Santos Fernandes Filho,Instituto Nacional de Pesquisas Espaciais (INPE),Instituto Nacional de Pesquisas Espaciais (INPE)
8JMKD3MGPDW34P/4ADCN3L,2,"Fonseca, Leila Maria Garcia",Leila Maria Garcia Fonseca,Instituto Nacional de Pesquisas Espaciais (INPE),Instituto Nacional de Pesquisas Espaciais (INPE)
8JMKD3MGPDW34P/4ADCN3L,3,"Bendini, Hugo do Nascimento",Hugo do Nascimento Bendini,Instituto Nacional de Pesquisas Espaciais (INPE),Instituto Nacional de Pesquisas Espaciais (INPE)
8JMKD3MGPDW34P/4ADCP3B,1,"Ipia Sanchez, Alber Hamersson",Alber Hamersson Ipia Sanchez,Instituto Nacional de Pesquisas Espaciais (INPE),Instituto Nacional de Pesquisas Espaciais (INPE)
8JMKD3MGPDW34P/4ADCP3B,2,"Mataveli, Guilherme Augusto Verola",Guilherme Augusto Verola Mataveli,Instituto Nacional de Pesquisas Espaciais (INPE),Instituto Nacional de Pesquisas Espaciais (INPE)
8JMKD3MGPDW34P/4ADCP3B,3,"Oliveira, Gabriel de",Gabriel de Oliveira,University of South Alabama,University of South Alabama
8JMKD3MGPDW34P/4ADCP3B,4,"Chaves, Michel Eustßquio Dantas",Michel Eustßquio Dantas Chaves,Instituto Nacional de Pesquisas Espaciais (INPE),Instituto Nacional de Pesquisas Espaciais (INPE)
8JMKD3MGPDW34P/4ADCP3B,5,"Dalagnol, Ricardo",Ricardo Dalagnol,University of California,University of California
8JMKD3MGPDW34P/4ADCP3B,6,"Wagner, Fabien H.",Fabien H. Wagner,University of California,University of California
8JMKD3MGPDW34P/4ADCP3B,7,"Silva J·nior, Celso Henrique Leite",Celso Henrique Leite Silva J·nior,Universidade do Estado do MaranhŃo (UEMA),Universidade do Estado do MaranhŃo (UEMA)
8JMKD3MGPDW34P/4ADCP3B,8,"AragŃo, Luiz Eduardo Oliveira e Cruz de",Luiz Eduardo Oliveira e Cruz de AragŃo,Instituto Nacional de Pesquisas Espaciais (INPE),Instituto Nacional de Pesquisas Espaciais (INPE)
8JMKD3MGPDW34P/4ADD338,1,"Kanzato, Luisa Akemi B.",Luisa Akemi B. Kanzato,Universidade Federal do ABC (UFABC),Universidade Federal do ABC (UFABC)
8JMKD3MGPDW34P/4ADD338,2,"Santos, Bruno Dias dos",Bruno Dias dos Santos,McMaster University,McMaster University
8JMKD3MGPDW34P/4ADD338,3,"Pinho, Carolina Moutinho Duque de",Carolina Moutinho Duque de Pinho,Universidade Federal do ABC (UFABC),Universidade Federal do ABC (UFABC)
8JMKD3MGPDW34P/4ADCCFS,1,"Luz, Levi B.",Levi B. Luz,Universidade Federal Fluminense (UFF),Universidade Federal Fluminense (UFF)
8JMKD3MGPDW34P/4ADCCFS,2,"Vasques, Gustavo Mattos",Gustavo Mattos Vasques,Embrapa Solos,Embrapa Solos
8JMKD3MGPDW34P/4ADCCFS,3,"Araújo, Tatiane M.",Tatiane M. Araújo,Universidade Federal do Rio de Janeiro (UFRJ),Universidade Federal do Rio de Janeiro (UFRJ)
8JMKD3MGPDW34P/4ADCCFS,4,"Bento, Grazielly C.",Grazielly C. Bento,Universidade Federal do Rio de Janeiro (UFRJ),Universidade Federal do Rio de Janeiro (UFRJ)
8JMKD3MGPDW34P/4ADCCFS,5,"Melo, Julia R. C.",Julia R. C. Melo,Universidade Federal do Rio de Janeiro (UFRJ),Universidade Federal do Rio de Janeiro (UFRJ)
8JMKD3MGPDW34P/4ADCCFS,6,"Bhering, Silvio B.",Silvio B. Bhering,Embrapa Solos,Embrapa Solos
8JMKD3MGPDW34P/4ADCRLE,1,"Martins, Bárbara Marie Van Sebroeck Lutiis Silveira",Bárbara Marie Van Sebroeck Lutiis Silveira Martins,Instituto Nacional de Pesquisas Espaciais (INPE),Instituto Nacional de Pesquisas Espaciais (INPE)
8JMKD3MGPDW34P/4ADCRLE,2,"Salgado, Gustavo Piva Lopes",Gustavo Piva Lopes Salgado,Instituto Nacional de Pesquisas Espaciais (INPE),Instituto Nacional de Pesquisas Espaciais (INPE)
8JMKD3MGPDW34P/4ADD282,1,"Martins, Adinan Marzulo Maia",Adinan Marzulo Maia Martins,Embrapa Solos,Embrapa Solos
8JMKD3MGPDW34P/4ADD282,2,"Vasques, Gustavo Mattos",Gustavo Mattos Vasques,Embrapa Solos,Embrapa Solos
8JMKD3MGPDW34P/4ADD282,3,"Dart, Ricardo de Oliveira",Ricardo de Oliveira Dart,Embrapa Solos,Embrapa Solos
8JMKD3MGPDW34P/4ADD282,4,"Carvalho Júnior, Waldir",Waldir Carvalho Júnior,Embrapa Solos,Embrapa Solos
8JMKD3MGPDW34P/4ADD282,5,"Bhering, Silvio Barge",Silvio Barge Bhering,Embrapa Solos,Embrapa Solos
8JMKD3MGPDW34P/4ADD282,6,"Chargas, César da Silva",César da Silva Chargas,Embrapa Solos,Embrapa Solos
8JMKD3MGPDW34P/4ADD282,7,"Rendeiro, Nilson Pereira",Nilson Pereira Rendeiro,Embrapa Solos,Embrapa Solos
8JMKD3MGPDW34P/4ADD282,8,"Calderano Filho, Braz",Braz Calderano Filho,Embrapa Solos,Embrapa Solos
8JMKD3MGPDW34P/4ADCR2L,1,"Milare, Gisele",Gisele Milare,Instituto Nacional de Pesquisas Espaciais (INPE),Instituto Nacional de Pesquisas Espaciais (INPE)
8JMKD3MGPDW34P/4ADCR2L,2,"Giarolla, Angélica",Angélica Giarolla,Instituto Nacional de Pesquisas Espaciais (INPE),Instituto Nacional de Pesquisas Espaciais (INPE)
8JMKD3MGPDW34P/4ADCR2L,3,"Escada, Maria Isabel Sobral",Maria Isabel Sobral Escada,Instituto Nacional de Pesquisas Espaciais (INPE),Instituto Nacional de Pesquisas Espaciais (INPE)
8JMKD3MGPDW34P/4ADCDHP,1,"Moreira, Rodrigo Nehara",Rodrigo Nehara Moreira,Universidade Federal do ABC (UFABC),Universidade Federal do ABC (UFABC)
8JMKD3MGPDW34P/4ADCDHP,2,"Vasconcelos, Vitor Vieira",Vitor Vieira Vasconcelos,Universidade Federal do ABC (UFABC),Universidade Federal do ABC (UFABC)
8JMKD3MGPDW34P/4ADCDHP,3,"Fushita, Angela Terumi",Angela Terumi Fushita,Universidade Federal do ABC (UFABC),Universidade Federal do ABC (UFABC)
8JMKD3MGPDW34P/4ADCTSE,1,"Mota, Victor Ferreira Almeida",Victor Ferreira Almeida Mota,Universidade Federal de Săo Joăo del-Rei (UFSJ),Universidade Federal de Săo Joăo del-Rei (UFSJ)
8JMKD3MGPDW34P/4ADCTSE,2,"Pereira, Marconi Arruda",Marconi Arruda Pereira,Universidade Federal de Săo Joăo del-Rei (UFSJ),Universidade Federal de Săo Joăo del-Rei (UFSJ)
8JMKD3MGPDW34P/4ADCTSE,3,"Xavier, Carolina Ribeiro",Carolina Ribeiro Xavier,Universidade Federal de Săo Joăo del-Rei (UFSJ),Universidade Federal de Săo Joăo del-Rei (UFSJ)
8JMKD3MGPDW34P/4ADCQBS,1,"Nascimento, Aline Andrade do",Aline Andrade do Nascimento,Instituto Nacional de Pesquisas Espaciais (INPE),Instituto Nacional de Pesquisas Espaciais (INPE)
8JMKD3MGPDW34P/4ADCQBS,2,"Bauer, Lucas de Oliveira",Lucas de Oliveira Bauer,Instituto Nacional de Pesquisas Espaciais (INPE),Instituto Nacional de Pesquisas Espaciais (INPE)
8JMKD3MGPDW34P/4ADCQBS,3,"Calheiros, Alan James Peixoto",Alan James Peixoto Calheiros,Instituto Nacional de Pesquisas Espaciais (INPE),Instituto Nacional de Pesquisas Espaciais (INPE)
8JMKD3MGPDW34P/4ADCQBS,4,"Rizzo, Luciana V.",Luciana V. Rizzo,Universidade de Săo Paulo (USP),Universidade de Săo Paulo (USP)
8JMKD3MGPDW34P/4ADCUCP,1,"Oliveira, Carlos E. S.",Carlos E. S. Oliveira,Universidade Federal de Ouro Preto (UFOP),Universidade Federal de Ouro Preto (UFOP)
8JMKD3MGPDW34P/4ADCUCP,2,"Duarte, Fernando H. O.",Fernando H. O. Duarte,Universidade Federal de Ouro Preto (UFOP),Universidade Federal de Ouro Preto (UFOP)
8JMKD3MGPDW34P/4ADCUCP,3,"Santos, Leonardo B. L.",Leonardo B. L. Santos,Universidade Federal de Ouro Preto (UFOP),Universidade Federal de Ouro Preto (UFOP)
8JMKD3MGPDW34P/4ADCUCP,4,"Freitas, Vander L. S.",Vander L. S. Freitas,Universidade Federal de Ouro Preto (UFOP),Universidade Federal de Ouro Preto (UFOP)
8JMKD3MGPDW34P/4ADCT8L,1,"Oliveira, Brenddon E. A.",Brenddon E. A. Oliveira,Universidade Federal Fluminense (UFF),Universidade Federal Fluminense (UFF)
8JMKD3MGPDW34P/4ADCT8L,2,"Soares, Giovanni Guarnieri",Giovanni Guarnieri Soares,Instituto Nacional de Pesquisas Espaciais (INPE),Instituto Nacional de Pesquisas Espaciais (INPE)
8JMKD3MGPDW34P/4ADCT8L,3,"Santos, Leonardo B. L.",Leonardo B. L. Santos,Centro Nacional de Monitoramento e Alertas de Desastres Naturais (CEMADEN),Centro Nacional de Monitoramento e Alertas de Desastres Naturais (CEMADEN)
8JMKD3MGPDW34P/4ADCT8L,4,"Monteiro, Antônio Miguel Vieira",Antônio Miguel Vieira Monteiro,Instituto Nacional de Pesquisas Espaciais (INPE),Instituto Nacional de Pesquisas Espaciais (INPE)
8JMKD3MGPDW34P/4ADCTKP,1,"Paula, Leonardo Henrique Duarte de",Leonardo Henrique Duarte de Paula,Universidade Federal de Săo Joăo del-Rei (UFSJ),Universidade Federal de Săo Joăo del-Rei (UFSJ)
8JMKD3MGPDW34P/4ADCTKP,2,"Pereira, Marconi A.",Marconi A. Pereira,Universidade Federal de Săo Joăo del-Rei (UFSJ),Universidade Federal de Săo Joăo del-Rei (UFSJ)
8JMKD3MGPDW34P/4ADCTKP,3,"Teixeira, Emmanuel K. C.",Emmanuel K. C. Teixeira,Universidade Federal de Viçosa (UFV),Universidade Federal de Viçosa (UFV)
8JMKD3MGPDW34P/4ADCTKP,4,"Velastegui-Montoya, André",André Velastegui-Montoya,ESPOL Polytechnic University,ESPOL Polytechnic University
8JMKD3MGPDW34P/4ADCPC8,1,"Pena, Thiago J. B.",Thiago J. B. Pena,Universidade de SŃo Paulo (USP),Universidade de SŃo Paulo (USP)
8JMKD3MGPDW34P/4ADCPC8,2,"Souza, Higor A. de",Higor A. de Souza,Universidade Estadual Paulista (UNESP),Universidade Estadual Paulista (UNESP)
8JMKD3MGPDW34P/4ADCPC8,3,"Lemos, LetĒcia L.",LetĒcia L. Lemos,Universidade de SŃo Paulo (USP),Universidade de SŃo Paulo (USP)
8JMKD3MGPDW34P/4ADCPC8,4,"Kon, Fabio",Fabio Kon,Universidade de SŃo Paulo (USP),Universidade de SŃo Paulo (USP)
8JMKD3MGPDW34P/4ADCR75,1,"Pereira, Ester C.",Ester C. Pereira,Universidade de Săo Paulo (USP),Universidade de Săo Paulo (USP)
8JMKD3MGPDW34P/4ADCR75,2,"Luciano, Ana Cláudia S.",Ana Cláudia S. Luciano,Universidade de Săo Paulo (USP),Universidade de Săo Paulo (USP)
8JMKD3MGPDW34P/4ADCR75,3,"Silva, Carlos A. A. C.",Carlos A. A. C. Silva,Universidade de Săo Paulo (USP),Universidade de Săo Paulo (USP)
8JMKD3MGPDW34P/4ADCR75,4,"Pilau, Felipe G.",Felipe G. Pilau,Universidade de Săo Paulo (USP),Universidade de Săo Paulo (USP)
8JMKD3MGPDW34P/4ADCR75,5,"Salgado, Gabriela C.",Gabriela C. Salgado,Espectro LTDA,Espectro LTDA
8JMKD3MGPDW34P/4ADCR75,6,"Junqueira, Cynthia C. M.",Cynthia C. M. Junqueira,Espectro LTDA,Espectro LTDA
8JMKD3MGPDW34P/4ADCR75,7,"Chinatto, Adilson W.",Adilson W. Chinatto,Espectro LTDA,Espectro LTDA
8JMKD3MGPDW34P/4ADCPEE,1,"Picoli, Michelle C. A.",Michelle C. A. Picoli,WeForest,WeForest
8JMKD3MGPDW34P/4ADCPEE,2,"Helsen, Kenny",Kenny Helsen,WeForest,WeForest
8JMKD3MGPDW34P/4ADCPEE,3,"Mulenga, Haggai",Haggai Mulenga,WeForest,WeForest
8JMKD3MGPDW34P/4ADCMS8,1,"Rech, Bruno",Bruno Rech,Universidade Federal de Santa Catarina (UFSC),Universidade Federal de Santa Catarina (UFSC)
8JMKD3MGPDW34P/4ADCMS8,2,"Moreira, Rodrigo Nehara",Rodrigo Nehara Moreira,Universidade Federal do ABC (UFABC),Universidade Federal do ABC (UFABC)
8JMKD3MGPDW34P/4ADCMS8,3,"Silva, Bernardo Barbosa da",Bernardo Barbosa da Silva,Universidade Federal de Campina Grande (UFCG),Universidade Federal de Campina Grande (UFCG)
8JMKD3MGPDW34P/4ADCMMP,1,"Rech, Bruno",Bruno Rech,Universidade Federal de Santa Catarina (UFSC),Universidade Federal de Santa Catarina (UFSC)
8JMKD3MGPDW34P/4ADCMMP,2,"Uda, PatrĒcia Kazue",PatrĒcia Kazue Uda,Universidade Federal de Santa Catarina (UFSC),Universidade Federal de Santa Catarina (UFSC)
8JMKD3MGPDW34P/4ADCMMP,3,"Silva, Bernardo Barbosa da",Bernardo Barbosa da Silva,Universidade Federal de Campina Grande (UFCG),Universidade Federal de Campina Grande (UFCG)
8JMKD3MGPDW34P/4ADCSQH,1,"Rocha, Brenda Oliveira",Brenda Oliveira Rocha,Instituto Nacional de Pesquisas Espaciais (INPE),Instituto Nacional de Pesquisas Espaciais (INPE)
8JMKD3MGPDW34P/4ADCSQH,2,"Alves, Larissa Mioni Vieira",Larissa Mioni Vieira Alves,Universidade Estadual Paulista (UNESP),Universidade Estadual Paulista (UNESP)
8JMKD3MGPDW34P/4ADCSQH,3,"Oliveira, Alisson Cleiton de",Alisson Cleiton de Oliveira,Instituto Nacional de Pesquisas Espaciais (INPE),Instituto Nacional de Pesquisas Espaciais (INPE)
8JMKD3MGPDW34P/4ADCSQH,4,"Costa, Cesar Augusto de Moraes",Cesar Augusto de Moraes Costa,Instituto Nacional de Pesquisas Espaciais (INPE),Instituto Nacional de Pesquisas Espaciais (INPE)
8JMKD3MGPDW34P/4ADCSQH,5,"Körting, Thales Sehn",Thales Sehn Körting,Instituto Nacional de Pesquisas Espaciais (INPE),Instituto Nacional de Pesquisas Espaciais (INPE)
8JMKD3MGPDW34P/4ADCSB8,1,"Rocha, Brenda Oliveira",Brenda Oliveira Rocha,Instituto Nacional de Pesquisas Espaciais (INPE),Instituto Nacional de Pesquisas Espaciais (INPE)
8JMKD3MGPDW34P/4ADCSB8,2,"Vinhas, Lubia",Lubia Vinhas,Instituto Nacional de Pesquisas Espaciais (INPE),Instituto Nacional de Pesquisas Espaciais (INPE)
8JMKD3MGPDW34P/4ADCSB8,3,"Ferreira, Karine Reis",Karine Reis Ferreira,Instituto Nacional de Pesquisas Espaciais (INPE),Instituto Nacional de Pesquisas Espaciais (INPE)
8JMKD3MGPDW34P/4ADCSB8,4,"Queiroz, Gilberto Ribeiro de",Gilberto Ribeiro de Queiroz,Instituto Nacional de Pesquisas Espaciais (INPE),Instituto Nacional de Pesquisas Espaciais (INPE)
8JMKD3MGPDW34P/4ADCSB8,5,"Körting, Thales Sehn",Thales Sehn Körting,Instituto Nacional de Pesquisas Espaciais (INPE),Instituto Nacional de Pesquisas Espaciais (INPE)
8JMKD3MGPDW34P/4ADCSB8,6,"Camarinha, Pedro Ivo",Pedro Ivo Camarinha,Centro Nacional de Monitoramento e Alertas de Desastres Naturais (CEMADEN),Centro Nacional de Monitoramento e Alertas de Desastres Naturais (CEMADEN)
8JMKD3MGPDW34P/4ADCNAB,1,"Rodrigues, Érick Teixeira",Érick Teixeira Rodrigues,Instituto Nacional de Pesquisas Espaciais (INPE),Instituto Nacional de Pesquisas Espaciais (INPE)
8JMKD3MGPDW34P/4ADCNAB,2,"Monteiro, Antônio Miguel Vieira",Antônio Miguel Vieira Monteiro,Instituto Nacional de Pesquisas Espaciais (INPE),Instituto Nacional de Pesquisas Espaciais (INPE)
8JMKD3MGPDW34P/4ADCNAB,3,"Escada, Maria Isabel Sobral",Maria Isabel Sobral Escada,Instituto Nacional de Pesquisas Espaciais (INPE),Instituto Nacional de Pesquisas Espaciais (INPE)
8JMKD3MGPDW34P/4ADCQLP,1,"Sanchez Ipia, Alber Hamersson",Alber Hamersson Sanchez Ipia,Instituto Nacional de Pesquisas Espaciais (INPE),Instituto Nacional de Pesquisas Espaciais (INPE)
8JMKD3MGPDW34P/4ADCQLP,2,"Picoli, Michelle C. A.",Michelle C. A. Picoli,WeForest,WeForest
8JMKD3MGPDW34P/4ADCQLP,3,"Simőes, Rolf Ezequiel de Oliveira",Rolf Ezequiel de Oliveira Simőes,OpenGeoHub,OpenGeoHub
8JMKD3MGPDW34P/4ADCT22,1,"Santos, Pedro Henrique",Pedro Henrique Santos,Instituto Nacional de Pesquisas Espaciais (INPE),Instituto Nacional de Pesquisas Espaciais (INPE)
8JMKD3MGPDW34P/4ADCT22,2,"Araújo, Rodolfo Antonio da Silva",Rodolfo Antonio da Silva Araújo,Instituto Nacional de Pesquisas Espaciais (INPE),Instituto Nacional de Pesquisas Espaciais (INPE)
8JMKD3MGPDW34P/4ADCCLB,1,"Satolo, Luiz Fernando",Luiz Fernando Satolo,Instituto Nacional de Pesquisas Espaciais (INPE),Instituto Nacional de Pesquisas Espaciais (INPE)
8JMKD3MGPDW34P/4ADCCLB,2,"Vinhas, Lubia",Lubia Vinhas,Instituto Nacional de Pesquisas Espaciais (INPE),Instituto Nacional de Pesquisas Espaciais (INPE)
8JMKD3MGPDW34P/4ADCCLB,3,"Arcanjo, Jeferson de Souza",Jeferson de Souza Arcanjo,Instituto Nacional de Pesquisas Espaciais (INPE),Instituto Nacional de Pesquisas Espaciais (INPE)
8JMKD3MGPDW34P/4ADCCLB,4,"Kulikova, Tatiana",Tatiana Kulikova,Instituto Nacional de Pesquisas Espaciais (INPE),Instituto Nacional de Pesquisas Espaciais (INPE)
8JMKD3MGPDW34P/4ADCCLB,5,"Oliveira, Reuel Junqueira de",Reuel Junqueira de Oliveira,Instituto Nacional de Pesquisas Espaciais (INPE),Instituto Nacional de Pesquisas Espaciais (INPE)
8JMKD3MGPDW34P/4ADCMKH,1,"Souza, Fabíola A.",Fabíola A. Souza,Universidade Federal da Bahia (UFBA),Universidade Federal da Bahia (UFBA)
8JMKD3MGPDW34P/4ADCMKH,2,"Camboim, Silvana P.",Silvana P. Camboim,Universidade Federal do Paraná (UFPR),Universidade Federal do Paraná (UFPR)
8JMKD3MGPDW34P/487M5S5,1,"Batista, Bruno G.",Bruno G. Batista,Universidade Federal de Itajubá (UNIFEI),Universidade Federal de Itajubá (UNIFEI)
8JMKD3MGPDW34P/487M5S5,2,"Souza, Vanessa C. O.",Vanessa C. O. Souza,Universidade Federal de Itajubá (UNIFEI),Universidade Federal de Itajubá (UNIFEI)
8JMKD3MGPDW34P/487M5S5,3,"Paula, Melise M. V.",Melise M. V. Paula,Universidade Federal de Itajubá (UNIFEI),Universidade Federal de Itajubá (UNIFEI)
8JMKD3MGPDW34P/487M5S5,4,"Frinhani, Rafael M. D.",Rafael M. D. Frinhani,Universidade Federal de Itajubá (UNIFEI),Universidade Federal de Itajubá (UNIFEI)
8JMKD3MGPDW34P/487M5S5,5,"Bartolomei, Bianca R.",Bianca R. Bartolomei,Universidade Federal de Itajubá (UNIFEI),Universidade Federal de Itajubá (UNIFEI)
8JMKD3MGPDW34P/487M5S5,6,"Lmaounier, Lucas",Lucas Lmaounier,Universidade Federal de Itajubá (UNIFEI),Universidade Federal de Itajubá (UNIFEI)
8JMKD3MGPDW34P/487M5S5,7,"Almeida, Roberto A.",Roberto A. Almeida,Universidade Federal de Itajubá (UNIFEI),Universidade Federal de Itajubá (UNIFEI)
8JMKD3MGPDW34P/487M565,1,"Bomfim, LetĒcia da Silva",LetĒcia da Silva Bomfim,Universidade Estadual de Campinas (UNICAMP),Universidade Estadual de Campinas (UNICAMP)
8JMKD3MGPDW34P/487M565,2,"Avansi, Guilherme Daniel",Guilherme Daniel Avansi,SOLPE - Oil Reservoir Solutions,SOLPE - Oil Reservoir Solutions
8JMKD3MGPDW34P/487M565,3,"Vidal, Alexandre Campane",Alexandre Campane Vidal,Universidade Estadual de Campinas (UNICAMP),Universidade Estadual de Campinas (UNICAMP)
8JMKD3MGPDW34P/487M565,4,"Pedrini, Helio",Helio Pedrini,Universidade Estadual de Campinas (UNICAMP),Universidade Estadual de Campinas (UNICAMP)
8JMKD3MGPDW34P/487M6EL,1,"Brasco, Mayra Abboudi",Mayra Abboudi Brasco,Embrapa Territorial,Embrapa Territorial
8JMKD3MGPDW34P/487M6EL,2,"Carvalho, Carlos Alberto de",Carlos Alberto de Carvalho,Embrapa Territorial,Embrapa Territorial
8JMKD3MGPDW34P/487M2DP,1,"Cunha, Luis Felipe Bortolatto da",Luis Felipe Bortolatto da Cunha,Universidade Federal do ABC (UFABC),Universidade Federal do ABC (UFABC)
8JMKD3MGPDW34P/487M2DP,2,"Feitosa, Flßvia da Fonseca",Flßvia da Fonseca Feitosa,Universidade Federal do ABC (UFABC),Universidade Federal do ABC (UFABC)
8JMKD3MGPDW34P/487M2DP,3,"Paez, Antonio",Antonio Paez,McMaster University Hamilton,McMaster University Hamilton
8JMKD3MGPDW34P/487M2DP,4,"Pinho, Carolina Moutinho Duque de",Carolina Moutinho Duque de Pinho,Universidade Federal do ABC (UFABC),Universidade Federal do ABC (UFABC)
8JMKD3MGPDW34P/487MDPE,1,"Escobar Silva, Elton Vicente",Elton Vicente Escobar Silva,Instituto Nacional de Pesquisas Espaciais (INPE),Instituto Nacional de Pesquisas Espaciais (INPE)
8JMKD3MGPDW34P/487MDPE,2,"Souza, Anielli Rosane de",Anielli Rosane de Souza,Instituto Nacional de Pesquisas Espaciais (INPE),Instituto Nacional de Pesquisas Espaciais (INPE)
8JMKD3MGPDW34P/487MDPE,3,"Barbosa, Maria Lucia Ferreira",Maria Lucia Ferreira Barbosa,Instituto Nacional de Pesquisas Espaciais (INPE),Instituto Nacional de Pesquisas Espaciais (INPE)
8JMKD3MGPDW34P/487MDPE,4,"Almeida, ClÃudia Maria de",ClÃudia Maria de Almeida,Instituto Nacional de Pesquisas Espaciais (INPE),Instituto Nacional de Pesquisas Espaciais (INPE)
8JMKD3MGPDW34P/487MDPE,5,"Anderson, Liana Oighenstein",Liana Oighenstein Anderson,Centro Nacional de Monitoramento e Alerta de Desastres Naturais (CEMADEN),Centro Nacional de Monitoramento e Alerta de Desastres Naturais (CEMADEN)
8JMKD3MGPDW34P/487MDPE,6,"Queiroz, Gilberto Ribeiro de",Gilberto Ribeiro de Queiroz,Instituto Nacional de Pesquisas Espaciais (INPE),Instituto Nacional de Pesquisas Espaciais (INPE)
8JMKD3MGPDW34P/487MDPE,7,"K—rting, Thales Sehn",Thales Sehn K—rting,Instituto Nacional de Pesquisas Espaciais (INPE),Instituto Nacional de Pesquisas Espaciais (INPE)
8JMKD3MGPDW34P/487M29B,1,"Feller, Flaris Roland",Flaris Roland Feller,Universidade Federal de Santa Catarina (UFSC),Universidade Federal de Santa Catarina (UFSC)
8JMKD3MGPDW34P/487M29B,2,"Mello, Ronaldo dos Santos",Ronaldo dos Santos Mello,Universidade Federal de Santa Catarina (UFSC),Universidade Federal de Santa Catarina (UFSC)
8JMKD3MGPDW34P/487M63H,1,"Flores J·nior, Rogķrio",Rogķrio Flores J·nior,Instituto Nacional de Pesquisas Espaciais (INPE),Instituto Nacional de Pesquisas Espaciais (INPE)
8JMKD3MGPDW34P/487M63H,2,"Gomes, Vitor Conrado Faria",Vitor Conrado Faria Gomes,Instituto de Estudos Avanńados (IEAv),Instituto de Estudos Avanńados (IEAv)
8JMKD3MGPDW34P/487M63H,3,"Ferreira, Karine Reis",Karine Reis Ferreira,Instituto Nacional de Pesquisas Espaciais (INPE),Instituto Nacional de Pesquisas Espaciais (INPE)
8JMKD3MGPDW34P/487M63H,4,"Queiroz, Gilberto Ribeiro de",Gilberto Ribeiro de Queiroz,Instituto Nacional de Pesquisas Espaciais (INPE),Instituto Nacional de Pesquisas Espaciais (INPE)
8JMKD3MGPDW34P/487M63H,5,"Bonnet, Marie-Paule",Marie-Paule Bonnet,Institut de Recherche pour le Dķveloppement (IRD),Institut de Recherche pour le Dķveloppement (IRD)
8JMKD3MGPDW34P/487M2QS,1,"Gino, Vinķcius L. S.",Vinķcius L. S. Gino,Universidade Estadual Paulista (UNESP),Universidade Estadual Paulista (UNESP)
8JMKD3MGPDW34P/487M2QS,2,"Negri, Rogério",Rogério Negri,Universidade Estadual Paulista (UNESP),Universidade Estadual Paulista (UNESP)
8JMKD3MGPDW34P/487M2QS,3,"Souza, Felipe N.",Felipe N. Souza,Universidade Estadual Paulista (UNESP),Universidade Estadual Paulista (UNESP)
8JMKD3MGPDW34P/487M2G2,1,"Gomes, Sabrina O.",Sabrina O. Gomes,Universidade Federal de Pernambuco (UFPE),Universidade Federal de Pernambuco (UFPE)
8JMKD3MGPDW34P/487M2G2,2,"Candeias, Ana L.",Ana L. Candeias,Universidade Federal de Pernambuco (UFPE),Universidade Federal de Pernambuco (UFPE)
8JMKD3MGPDW34P/487M5KE,1,"Graziotto, Maria Paula Prado Lebrăo",Maria Paula Prado Lebrăo Graziotto,Instituto Nacional de Pesquisas Espaciais (INPE),Instituto Nacional de Pesquisas Espaciais (INPE)
8JMKD3MGPDW34P/487M5KE,2,"Namikawa, Laércio Massaru",Laércio Massaru Namikawa,Instituto Nacional de Pesquisas Espaciais (INPE),Instituto Nacional de Pesquisas Espaciais (INPE)
8JMKD3MGPDW34P/487M6K5,1,"Matos, Diego Henrique M.",Diego Henrique M. Matos,Universidade Federal de Minas Gerais (UFMG),Universidade Federal de Minas Gerais (UFMG)
8JMKD3MGPDW34P/487M6K5,2,"Sánchez Ipia, Alber Hamersson",Alber Hamersson Sánchez Ipia,Instituto Nacional de Pesquisas Espaciais (INPE),Instituto Nacional de Pesquisas Espaciais (INPE)
8JMKD3MGPDW34P/487M6K5,3,"Carneiro, Tiago G. S.",Tiago G. S. Carneiro,Universidade Federal de Ouro Preto (UFOP),Universidade Federal de Ouro Preto (UFOP)
8JMKD3MGPDW34P/487M24S,1,"Oliveira, Sávio S. Teles de",Sávio S. Teles de Oliveira,Universidade Federal de Goiás (UFG),Universidade Federal de Goiás (UFG)
8JMKD3MGPDW34P/487M24S,2,"Rodrigues, Vagner J. do Sacramento",Vagner J. do Sacramento Rodrigues,Universidade Federal de Goiás (UFG),Universidade Federal de Goiás (UFG)
8JMKD3MGPDW34P/487M24S,3,"Martins, Wellington S.",Wellington S. Martins,Universidade Federal de Goiás (UFG),Universidade Federal de Goiás (UFG)
8JMKD3MGPDW34P/487M24S,4,"Soares, Anderson da Silva",Anderson da Silva Soares,Universidade Federal de Goiás (UFG),Universidade Federal de Goiás (UFG)
8JMKD3MGPDW34P/487M2LE,1,"Pujatti, Mario Arthur Sclafani",Mario Arthur Sclafani Pujatti,Universidade Federal de Săo Joăo del Rei (UFSJ),Universidade Federal de Săo Joăo del Rei (UFSJ)
8JMKD3MGPDW34P/487M2LE,2,"Pereira, Marconi de Arruda",Marconi de Arruda Pereira,Universidade Federal de Săo Joăo del Rei (UFSJ),Universidade Federal de Săo Joăo del Rei (UFSJ)
8JMKD3MGPDW34P/487M2LE,3,"Silvestre, Leonardo José",Leonardo José Silvestre,Universidade Federal do Espírito Santo (UFES),Universidade Federal do Espírito Santo (UFES)
8JMKD3MGPDW34P/487M682,1,"Ramalho, Fernanda de Oliveira",Fernanda de Oliveira Ramalho,Universidade Federal de Minas Gerais (UFMG),Universidade Federal de Minas Gerais (UFMG)
8JMKD3MGPDW34P/487M682,2,"Davis Junior, Clodoveu A.",Clodoveu A. Davis Junior,Universidade Federal de Minas Gerais (UFMG),Universidade Federal de Minas Gerais (UFMG)
8JMKD3MGPDW34P/487LUJH,1,"Silva, Salatiel Dantas",Salatiel Dantas Silva,Universidade Federal de Campina Grande (UFCG),Universidade Federal de Campina Grande (UFCG)
8JMKD3MGPDW34P/487LUJH,2,"Campelo, Claudio E. C.",Claudio E. C. Campelo,Universidade Federal de Campina Grande (UFCG),Universidade Federal de Campina Grande (UFCG)
8JMKD3MGPDW34P/487LUJH,3,"Oliveira, Maxwell GuimarŃes de",Maxwell GuimarŃes de Oliveira,Universidade Federal de Campina Grande (UFCG),Universidade Federal de Campina Grande (UFCG)
8JMKD3MGPDW34P/487LUR8,1,"Silva, Marcos A. S. da",Marcos A. S. da Silva,Empresa Brasileira de Pesquisa Agropecuária (EMBRAPA),Empresa Brasileira de Pesquisa Agropecuária (EMBRAPA)
8JMKD3MGPDW34P/487LUR8,2,"Matos, Leonardo N.",Leonardo N. Matos,Universidade Federal de Sergipe (UFS),Universidade Federal de Sergipe (UFS)
8JMKD3MGPDW34P/487LUR8,3,"Santos, Flávio E. de O.",Flávio E. de O. Santos,Universidade Federal de Sergipe (UFS),Universidade Federal de Sergipe (UFS)
8JMKD3MGPDW34P/487LUR8,4,"Dompieri, Márcia H. G.",Márcia H. G. Dompieri,Embrapa Territorial,Embrapa Territorial
8JMKD3MGPDW34P/487LUR8,5,"Moura, Flávio R. de",Flávio R. de Moura,Universidade Federal de Sergipe (UFS),Universidade Federal de Sergipe (UFS)
8JMKD3MGPDW34P/487M8E2,1,"Anjos, Abner Ernâni dos",Abner Ernâni dos Anjos,Instituto Nacional de Pesquisas Espaciais (INPE),Instituto Nacional de Pesquisas Espaciais (INPE)
8JMKD3MGPDW34P/487M8E2,2,"Ferreira, Karine Reis",Karine Reis Ferreira,Instituto Nacional de Pesquisas Espaciais (INPE),Instituto Nacional de Pesquisas Espaciais (INPE)
8JMKD3MGPDW34P/487M8E2,3,"Queiroz, Gilberto Ribeiro de",Gilberto Ribeiro de Queiroz,Instituto Nacional de Pesquisas Espaciais (INPE),Instituto Nacional de Pesquisas Espaciais (INPE)
8JMKD3MGPDW34P/487M8E2,4,"Zioti, Fabiana",Fabiana Zioti,Instituto Nacional de Pesquisas Espaciais (INPE),Instituto Nacional de Pesquisas Espaciais (INPE)
8JMKD3MGPDW34P/487M8E2,5,"Sansigolo, Gabriel",Gabriel Sansigolo,Instituto Nacional de Pesquisas Espaciais (INPE),Instituto Nacional de Pesquisas Espaciais (INPE)
8JMKD3MGPDW34P/487MBQ5,1,"Barbosa, Ivanildo",Ivanildo Barbosa,Instituto Militar de Engenharia (IME),Instituto Militar de Engenharia (IME)
8JMKD3MGPDW34P/487MBQ5,2,"Oliveira, Raquel Aparecida Abrahăo Costa e",Raquel Aparecida Abrahăo Costa e Oliveira,Instituto Militar de Engenharia (IME),Instituto Militar de Engenharia (IME)
8JMKD3MGPDW34P/487MGBB,1,"Barreto, Thiago Luiz Morais",Thiago Luiz Morais Barreto,Instituto Nacional de Pesquisas Espaciais (INPE),Instituto Nacional de Pesquisas Espaciais (INPE)
8JMKD3MGPDW34P/487MGBB,2,"Rosim, Sérgio",Sérgio Rosim,Instituto Nacional de Pesquisas Espaciais (INPE),Instituto Nacional de Pesquisas Espaciais (INPE)
8JMKD3MGPDW34P/487M6RP,1,"Braga, Daniel",Daniel Braga,Universidade Federal de Juiz de Fora (UFJF),Universidade Federal de Juiz de Fora (UFJF)
8JMKD3MGPDW34P/487M6RP,2,"Silva, Ricardo Dalagnol da",Ricardo Dalagnol da Silva,Instituto Nacional de Pesquisas Espaciais (INPE),Instituto Nacional de Pesquisas Espaciais (INPE)
8JMKD3MGPDW34P/487M6RP,3,"Ribeiro, Celso Bandeira M.",Celso Bandeira M. Ribeiro,Universidade Federal de Juiz de Fora (UFJF),Universidade Federal de Juiz de Fora (UFJF)
8JMKD3MGPDW34P/487M6RP,4,"Anderson, Liana O.",Liana O. Anderson,Centro Nacional de Monitoramento e Alerta de Desastres Naturais (CEMADEN),Centro Nacional de Monitoramento e Alerta de Desastres Naturais (CEMADEN)
8JMKD3MGPDW34P/487M6RP,5,"Aragăo, Luiz Eduardo Oliveira e Cruz de",Luiz Eduardo Oliveira e Cruz de Aragăo,Instituto Nacional de Pesquisas Espaciais (INPE),Instituto Nacional de Pesquisas Espaciais (INPE)
8JMKD3MGPDW34P/487MDA5,1,"Brumatti, Carlos Henrique Tavares",Carlos Henrique Tavares Brumatti,Universidade Federal de Viçosa (UFV),Universidade Federal de Viçosa (UFV)
8JMKD3MGPDW34P/487MDA5,2,"Schaefer, Mariana Albuquerque Reynaud",Mariana Albuquerque Reynaud Schaefer,Universidade Federal de Viçosa (UFV),Universidade Federal de Viçosa (UFV)
8JMKD3MGPDW34P/487MDA5,3,"Lisboa Filho, Jugurta",Jugurta Lisboa Filho,Universidade Federal de Viçosa (UFV),Universidade Federal de Viçosa (UFV)
8JMKD3MGPDW34P/487MDA5,4,"Reis, Julio C. S.",Julio C. S. Reis,Universidade Federal de Viçosa (UFV),Universidade Federal de Viçosa (UFV)
8JMKD3MGPDW34P/487ME5B,1,"Cabral, Letícia da S.",Letícia da S. Cabral,Universidade Estadual Paulista (UNESP),Universidade Estadual Paulista (UNESP)
8JMKD3MGPDW34P/487ME5B,2,"Santos, Leonardo Bacelar Lima",Leonardo Bacelar Lima Santos,Universidade Federal de Săo Paulo (UNIFESP),Universidade Federal de Săo Paulo (UNIFESP)
8JMKD3MGPDW34P/487ME5B,3,"Monteiro, Antônio Miguel Vieira",Antônio Miguel Vieira Monteiro,Instituto Nacional de Pesquisas Espaciais (INPE),Instituto Nacional de Pesquisas Espaciais (INPE)
8JMKD3MGPDW34P/487M855,1,"Carneiro, Ana Carolina C.",Ana Carolina C. Carneiro,Universidade Federal do ABC (UFABC),Universidade Federal do ABC (UFABC)
8JMKD3MGPDW34P/487M855,2,"Feitosa, Flávia da Fonseca",Flávia da Fonseca Feitosa,Universidade Federal do ABC (UFABC),Universidade Federal do ABC (UFABC)
8JMKD3MGPDW34P/487M855,3,"Cunha, Luis Felipe B. da",Luis Felipe B. da Cunha,Universidade Federal do ABC (UFABC),Universidade Federal do ABC (UFABC)
8JMKD3MGPDW34P/487MDEH,1,"Caseri, Angélica N.",Angélica N. Caseri,Universidade de Săo Paulo (USP),Universidade de Săo Paulo (USP)
8JMKD3MGPDW34P/487MDEH,2,"Rodrigues, Francisco Aparecido",Francisco Aparecido Rodrigues,Universidade de Săo Paulo (USP),Universidade de Săo Paulo (USP)
8JMKD3MGPDW34P/487MC62,1,"Catrinque, Mateus R. S.",Mateus R. S. Catrinque,Universidade Federal de Minas Gerais (UFMG),Universidade Federal de Minas Gerais (UFMG)
8JMKD3MGPDW34P/487MC62,2,"Davis Junior, Clodoveu A.",Clodoveu A. Davis Junior,Universidade Federal de Minas Gerais (UFMG),Universidade Federal de Minas Gerais (UFMG)
8JMKD3MGPDW34P/487ME35,1,"Cunha, Marconi Martins",Marconi Martins Cunha,Universidade Federal de Viçosa (UFV),Universidade Federal de Viçosa (UFV)
8JMKD3MGPDW34P/487ME35,2,"Barbosa, Ligia da Silva",Ligia da Silva Barbosa,Universidade Federal de Viçosa (UFV),Universidade Federal de Viçosa (UFV)
8JMKD3MGPDW34P/487ME35,3,"Miranda Júnior, Isaac Antunes",Isaac Antunes Miranda Júnior,Universidade Federal de Viçosa (UFV),Universidade Federal de Viçosa (UFV)
8JMKD3MGPDW34P/487ME35,4,"Santos, Afonso de Paula dos",Afonso de Paula dos Santos,Universidade Federal de Viçosa (UFV),Universidade Federal de Viçosa (UFV)
8JMKD3MGPDW34P/487MF9E,1,"Dolif Neto, Giovanni",Giovanni Dolif Neto,Centro Nacional de Monitoramento e Alerta de Desastres Naturais (CEMADEN),Centro Nacional de Monitoramento e Alerta de Desastres Naturais (CEMADEN)
8JMKD3MGPDW34P/487MF9E,2,"Vale, Eliana",Eliana Vale,Centro Nacional de Monitoramento e Alerta de Desastres Naturais (CEMADEN),Centro Nacional de Monitoramento e Alerta de Desastres Naturais (CEMADEN)
8JMKD3MGPDW34P/487MF9E,3,"Muller, Arthur",Arthur Muller,,
8JMKD3MGPDW34P/487MBAP,1,"Felgueiras, Carlos Alberto",Carlos Alberto Felgueiras,Instituto Nacional de Pesquisas Espaciais (INPE),Instituto Nacional de Pesquisas Espaciais (INPE)
8JMKD3MGPDW34P/487MBAP,2,"Santos, Cláudia Cristina dos",Cláudia Cristina dos Santos,Instituto Nacional de Pesquisas Espaciais (INPE),Instituto Nacional de Pesquisas Espaciais (INPE)
8JMKD3MGPDW34P/487MBAP,3,"Namikawa, Laércio Massaru",Laércio Massaru Namikawa,Instituto Nacional de Pesquisas Espaciais (INPE),Instituto Nacional de Pesquisas Espaciais (INPE)
8JMKD3MGPDW34P/487MBAP,4,"Albuquerque, Paulo Cesar Gurgel de",Paulo Cesar Gurgel de Albuquerque,Instituto Nacional de Pesquisas Espaciais (INPE),Instituto Nacional de Pesquisas Espaciais (INPE)
8JMKD3MGPDW34P/487MBAP,5,"Rosim, Sérgio",Sérgio Rosim,Instituto Nacional de Pesquisas Espaciais (INPE),Instituto Nacional de Pesquisas Espaciais (INPE)
8JMKD3MGPDW34P/487MBAP,6,"Sant'Anna, Sidnei Joăo Siqueira",Sidnei Joăo Siqueira Sant'Anna,Instituto Nacional de Pesquisas Espaciais (INPE),Instituto Nacional de Pesquisas Espaciais (INPE)
8JMKD3MGPDW34P/487MCH5,1,"Freitas, Vander L. S.",Vander L. S. Freitas,Universidade Federal de Ouro Preto (UFOP),Universidade Federal de Ouro Preto (UFOP)
8JMKD3MGPDW34P/487MCH5,2,"Santos, Leonardo Bacelar Lima",Leonardo Bacelar Lima Santos,Instituto Nacional de Pesquisas Espaciais (INPE),Instituto Nacional de Pesquisas Espaciais (INPE)
8JMKD3MGPDW34P/487MCH5,3,"Tang, Ming",Ming Tang,East China Normal University,East China Normal University
8JMKD3MGPDW34P/487MCH5,4,"Zou, Yong",Yong Zou,East China Normal University,East China Normal University
8JMKD3MGPDW34P/487MCH5,5,"Macau, Elbert Einstein Nehrer",Elbert Einstein Nehrer Macau,Universidade Federal de Săo Paulo (UNIFESP),Universidade Federal de Săo Paulo (UNIFESP)
8JMKD3MGPDW34P/487METH,1,"Hossaki, Vitor Y.",Vitor Y. Hossaki,Universidade Estadual Paulista (UNESP),Universidade Estadual Paulista (UNESP)
8JMKD3MGPDW34P/487METH,2,"Negri, Rogério G.",Rogério G. Negri,Universidade Estadual Paulista (UNESP),Universidade Estadual Paulista (UNESP)
8JMKD3MGPDW34P/487METH,3,"Santos, Leonardo B. L.",Leonardo B. L. Santos,Centro Nacional de Monitoramento e Alerta de Desastres Naturais (CEMADEN),Centro Nacional de Monitoramento e Alerta de Desastres Naturais (CEMADEN)
8JMKD3MGPDW34P/487METH,4,"Tomás, Lívia",Lívia Tomás,Centro Nacional de Monitoramento e Alerta de Desastres Naturais (CEMADEN),Centro Nacional de Monitoramento e Alerta de Desastres Naturais (CEMADEN)
8JMKD3MGPDW34P/487METH,5,"Feitosa, Jeferson",Jeferson Feitosa,Universidade Estadual Paulista (UNESP),Universidade Estadual Paulista (UNESP)
8JMKD3MGPDW34P/487MF52,1,"Jorge, Aurelienne Aparecida Souza",Aurelienne Aparecida Souza Jorge,Instituto Nacional de Pesquisas Espaciais (INPE),Instituto Nacional de Pesquisas Espaciais (INPE)
8JMKD3MGPDW34P/487MF52,2,"Quiles, Marcos",Marcos Quiles,Universidade Federal de Săo Paulo (UNIFESP),Universidade Federal de Săo Paulo (UNIFESP)
8JMKD3MGPDW34P/487MF52,3,"Costa, Izabelly Carvalho da",Izabelly Carvalho da Costa,Instituto Nacional de Pesquisas Espaciais (INPE),Instituto Nacional de Pesquisas Espaciais (INPE)
8JMKD3MGPDW34P/487MF52,4,"Santos, Leonardo B. L.",Leonardo B. L. Santos,Centro Nacional de Monitoramento e Alerta de Desastres Naturais (CEMADEN),Centro Nacional de Monitoramento e Alerta de Desastres Naturais (CEMADEN)
8JMKD3MGPDW34P/487MELS,1,"Leite, Cândida Caroline Souza de Santana",Cândida Caroline Souza de Santana Leite,Instituto Nacional de Pesquisas Espaciais (INPE),Instituto Nacional de Pesquisas Espaciais (INPE)
8JMKD3MGPDW34P/487MELS,2,"Anderson, Liana Oighenstein",Liana Oighenstein Anderson,Centro Nacional de Monitoramento e Alerta de Desastres Naturais (CEMADEN),Centro Nacional de Monitoramento e Alerta de Desastres Naturais (CEMADEN)
8JMKD3MGPDW34P/487MELS,3,"Freitas, Ana Larissa Ribeiro de",Ana Larissa Ribeiro de Freitas,Centro Nacional de Monitoramento e Alerta de Desastres Naturais (CEMADEN),Centro Nacional de Monitoramento e Alerta de Desastres Naturais (CEMADEN)
8JMKD3MGPDW34P/487MELS,4,"Broggio, Igor Santiago",Igor Santiago Broggio,Universidade Estadual do Norte Fluminense Darcy Ribeiro (UENF),Universidade Estadual do Norte Fluminense Darcy Ribeiro (UENF)
8JMKD3MGPDW34P/487MCAE,1,"Leăo, Paulo Henrique A.",Paulo Henrique A. Leăo,Centro Nacional de Monitoramento e Alerta de Desastres Naturais (CEMADEN),Centro Nacional de Monitoramento e Alerta de Desastres Naturais (CEMADEN)
8JMKD3MGPDW34P/487MCAE,2,"Anderson, Liana Oighenstein",Liana Oighenstein Anderson,Centro Nacional de Monitoramento e Alerta de Desastres Naturais (CEMADEN),Centro Nacional de Monitoramento e Alerta de Desastres Naturais (CEMADEN)
8JMKD3MGPDW34P/487MCAE,3,"Freitas, Ana Larissa R. de",Ana Larissa R. de Freitas,Centro Nacional de Monitoramento e Alerta de Desastres Naturais (CEMADEN),Centro Nacional de Monitoramento e Alerta de Desastres Naturais (CEMADEN)
8JMKD3MGPDW34P/487MCAE,4,"Reis, Joăo Bosco Coura dos",Joăo Bosco Coura dos Reis,Centro Nacional de Monitoramento e Alerta de Desastres Naturais (CEMADEN),Centro Nacional de Monitoramento e Alerta de Desastres Naturais (CEMADEN)
8JMKD3MGPDW34P/487MCAE,5,"Alvarado, Swanni T.",Swanni T. Alvarado,Universidad del Rosario - Bogotá,Universidad del Rosario - Bogotá
8JMKD3MGPDW34P/487MCAE,6,"Silva Júnior, Celso Henrique Leite",Celso Henrique Leite Silva Júnior,University of California,University of California
8JMKD3MGPDW34P/487MCAE,7,"Ferraz, Tiago Massi",Tiago Massi Ferraz,Universidade Estadual do Maranhăo (UEMA),Universidade Estadual do Maranhăo (UEMA)
8JMKD3MGPDW34P/487M7C5,1,"Magalhăes, Roberta P. de",Roberta P. de Magalhăes,Universidade Federal do ABC (UFABC),Universidade Federal do ABC (UFABC)
8JMKD3MGPDW34P/487M7C5,2,"Feitosa, Flávia da Fonseca",Flávia da Fonseca Feitosa,Universidade Federal do ABC (UFABC),Universidade Federal do ABC (UFABC)
8JMKD3MGPDW34P/487M7C5,3,"Tomasiello, Diego B.",Diego B. Tomasiello,Universidade Federal do ABC (UFABC),Universidade Federal do ABC (UFABC)
8JMKD3MGPDW34P/487M7M2,1,"Mataveli, Guilherme Augusto Verola",Guilherme Augusto Verola Mataveli,Instituto Nacional de Pesquisas Espaciais (INPE),Instituto Nacional de Pesquisas Espaciais (INPE)
8JMKD3MGPDW34P/487M7M2,2,"Sánchez Ipia, Alber Hamersson",Alber Hamersson Sánchez Ipia,Instituto Nacional de Pesquisas Espaciais (INPE),Instituto Nacional de Pesquisas Espaciais (INPE)
8JMKD3MGPDW34P/487M7M2,3,"Chaves, Michel Eustáquio Dantas",Michel Eustáquio Dantas Chaves,Instituto Nacional de Pesquisas Espaciais (INPE),Instituto Nacional de Pesquisas Espaciais (INPE)
8JMKD3MGPDW34P/487M7M2,4,"Guerrero, Joăo",Joăo Guerrero,Empresa Brasileira de Pesquisa Agropecuária (EMBRAPA),Empresa Brasileira de Pesquisa Agropecuária (EMBRAPA)
8JMKD3MGPDW34P/487MFR2,1,"Mendes, Jeferson F.",Jeferson F. Mendes,Universidade Estadual Paulista (UNESP),Universidade Estadual Paulista (UNESP)
8JMKD3MGPDW34P/487MFR2,2,"Negri, Rogério G.",Rogério G. Negri,Universidade Estadual Paulista (UNESP),Universidade Estadual Paulista (UNESP)
8JMKD3MGPDW34P/487MFR2,3,"Santos, Leonardo B. L.",Leonardo B. L. Santos,Centro Nacional de Monitoramento e Alerta de Desastres Naturais (CEMADEN),Centro Nacional de Monitoramento e Alerta de Desastres Naturais (CEMADEN)
8JMKD3MGPDW34P/487MGFP,1,"Miranda Júnior, Isaac Antunes",Isaac Antunes Miranda Júnior,Universidade Federal de Viçosa (UFV),Universidade Federal de Viçosa (UFV)
8JMKD3MGPDW34P/487MGFP,2,"Santos, Afonso de Paula dos",Afonso de Paula dos Santos,Universidade Federal de Viçosa (UFV),Universidade Federal de Viçosa (UFV)
8JMKD3MGPDW34P/487MGFP,3,"Cunha, Marconi Martins",Marconi Martins Cunha,Universidade Federal de Viçosa (UFV),Universidade Federal de Viçosa (UFV)
8JMKD3MGPDW34P/487MGFP,4,"Barbosa, Lígia da Silva",Lígia da Silva Barbosa,Universidade Federal de Viçosa (UFV),Universidade Federal de Viçosa (UFV)
8JMKD3MGPDW34P/487MFJB,1,"Olivos, Lina M. Osório",Lina M. Osório Olivos,Universidade de Săo Paulo (USP),Universidade de Săo Paulo (USP)
8JMKD3MGPDW34P/487MFJB,2,"Mello Junior, Arisvaldo Vieira",Arisvaldo Vieira Mello Junior,Universidade de Săo Paulo (USP),Universidade de Săo Paulo (USP)
8JMKD3MGPDW34P/487MFJB,3,"Marcellini, Silvana Susko",Silvana Susko Marcellini,4 Universidade de Săo Paulo (USP),4 Universidade de Săo Paulo (USP)
8JMKD3MGPDW34P/487MFJB,4,"Hossoda, Dário Hachisu",Dário Hachisu Hossoda,,
8JMKD3MGPDW34P/487MFJB,5,"Chagas, Rogério Moreira",Rogério Moreira Chagas,Universidade de Săo Paulo (USP),Universidade de Săo Paulo (USP)
8JMKD3MGPDW34P/487MFJB,6,"Soares, Gabriel A. dos Santos",Gabriel A. dos Santos Soares,Universidade de Săo Paulo (USP),Universidade de Săo Paulo (USP)
8JMKD3MGPDW34P/487MFJB,7,"Jacobsem, Flávia Ribeiro dos",Flávia Ribeiro dos Jacobsem,Universidade de Săo Paulo (USP),Universidade de Săo Paulo (USP)
8JMKD3MGPDW34P/487MFJB,8,"Schardong, André",André Schardong,Universidade de Săo Paulo (USP),Universidade de Săo Paulo (USP)
8JMKD3MGPDW34P/487MGQL,1,"Passarini, Pablo de O.",Pablo de O. Passarini,Universidade Federal de SŃo JoŃo del Rei (UFSJ),Universidade Federal de SŃo JoŃo del Rei (UFSJ)
8JMKD3MGPDW34P/487MGQL,2,"Coelho, Filipe J. S.",Filipe J. S. Coelho,Universidade Federal de SŃo JoŃo del Rei (UFSJ),Universidade Federal de SŃo JoŃo del Rei (UFSJ)
8JMKD3MGPDW34P/487MGQL,3,"Pereira, Marconi A.",Marconi A. Pereira,Universidade Federal de SŃo JoŃo del Rei (UFSJ),Universidade Federal de SŃo JoŃo del Rei (UFSJ)
8JMKD3MGPDW34P/487MGQL,4,"Silva, NatŃ G.",NatŃ G. Silva,Universidade Federal de SŃo JoŃo del Rei (UFSJ),Universidade Federal de SŃo JoŃo del Rei (UFSJ)
8JMKD3MGPDW34P/487MGQL,5,"Silva, Telles T. da",Telles T. da Silva,Universidade Federal de SŃo JoŃo del Rei (UFSJ),Universidade Federal de SŃo JoŃo del Rei (UFSJ)
8JMKD3MGPDW34P/487MEGE,1,"Pinto, Webert S.",Webert S. Pinto,Universidade Federal de Săo Joăo del Rei (UFSJ),Universidade Federal de Săo Joăo del Rei (UFSJ)
8JMKD3MGPDW34P/487MEGE,2,"Pereira, Marconi de Arruda",Marconi de Arruda Pereira,Universidade Federal de Săo Joăo del Rei (UFSJ),Universidade Federal de Săo Joăo del Rei (UFSJ)
8JMKD3MGPDW34P/487MEGE,3,"Almeida Júnior, José R.",José R. Almeida Júnior,Universidade Federal de Săo Joăo del Rei (UFSJ),Universidade Federal de Săo Joăo del Rei (UFSJ)
8JMKD3MGPDW34P/487MEGE,4,"Santos, Filipe",Filipe Santos,Universidade Federal de Săo Joăo del Rei (UFSJ),Universidade Federal de Săo Joăo del Rei (UFSJ)
8JMKD3MGPDW34P/487MEGE,5,"Marcatti, Gustavo E.",Gustavo E. Marcatti,Universidade Federal de Săo Joăo del Rei (UFSJ),Universidade Federal de Săo Joăo del Rei (UFSJ)
8JMKD3MGPDW34P/487MEGE,6,"Silva, Pedro A. A.",Pedro A. A. Silva,Universidade Federal de Săo Joăo del Rei (UFSJ),Universidade Federal de Săo Joăo del Rei (UFSJ)
8JMKD3MGPDW34P/487MEGE,7,"Hirsch, André",André Hirsch,Universidade Federal de Săo Joăo del Rei (UFSJ),Universidade Federal de Săo Joăo del Rei (UFSJ)
8JMKD3MGPDW34P/487MEGE,8,"Santos, Andréa C. R.",Andréa C. R. Santos,Universidade Federal de Săo Joăo del Rei (UFSJ),Universidade Federal de Săo Joăo del Rei (UFSJ)
8JMKD3MGPDW34P/487MEGE,9,"Gomes, Ivair",Ivair Gomes,Universidade Federal de Săo Joăo del Rei (UFSJ),Universidade Federal de Săo Joăo del Rei (UFSJ)
8JMKD3MGPDW34P/487MEGE,10,"Pimenta, Fernando M.",Fernando M. Pimenta,Universidade Federal de Săo Joăo del Rei (UFSJ),Universidade Federal de Săo Joăo del Rei (UFSJ)
8JMKD3MGPDW34P/487MEGE,11,"Ataíde, Glauciana M.",Glauciana M. Ataíde,Universidade Federal de Săo Joăo del Rei (UFSJ),Universidade Federal de Săo Joăo del Rei (UFSJ)
8JMKD3MGPDW34P/487MEGE,12,"Pereira, Gabriel",Gabriel Pereira,Universidade Federal de Săo Joăo del Rei (UFSJ),Universidade Federal de Săo Joăo del Rei (UFSJ)
8JMKD3MGPDW34P/487MEGE,13,"Castro, Renato V. O.",Renato V. O. Castro,Universidade Federal de Săo Joăo del Rei (UFSJ),Universidade Federal de Săo Joăo del Rei (UFSJ)
8JMKD3MGPDW34P/487MEGE,14,"Ferreira, Marcela C.",Marcela C. Ferreira,Universidade Federal de Săo Joăo del Rei (UFSJ),Universidade Federal de Săo Joăo del Rei (UFSJ)
8JMKD3MGPDW34P/487MEGE,15,"Prado, Leonardo B.",Leonardo B. Prado,Universidade Federal de Săo Joăo del Rei (UFSJ),Universidade Federal de Săo Joăo del Rei (UFSJ)
8JMKD3MGPDW34P/487MEGE,16,"Teixeira, Fernando A.",Fernando A. Teixeira,Universidade Federal de Săo Joăo del Rei (UFSJ),Universidade Federal de Săo Joăo del Rei (UFSJ)
8JMKD3MGPDW34P/487MEGE,17,"Pinheiro, Daniel C.",Daniel C. Pinheiro,Universidade Federal de Săo Joăo del Rei (UFSJ),Universidade Federal de Săo Joăo del Rei (UFSJ)
8JMKD3MGPDW34P/487MCU8,1,"Prado, Leonardo B.",Leonardo B. Prado,Universidade Federal de SŃo JoŃo del Rei (UFSJ),Universidade Federal de SŃo JoŃo del Rei (UFSJ)
8JMKD3MGPDW34P/487MCU8,2,"Marcatti, Gustavo E.",Gustavo E. Marcatti,Universidade Federal de SŃo JoŃo del Rei (UFSJ),Universidade Federal de SŃo JoŃo del Rei (UFSJ)
8JMKD3MGPDW34P/487MCU8,3,"Pereira, Marconi A.",Marconi A. Pereira,Universidade Federal de SŃo JoŃo del Rei (UFSJ),Universidade Federal de SŃo JoŃo del Rei (UFSJ)
8JMKD3MGPDW34P/487MCU8,4,"Almeida Junior, Josķ R.",Josķ R. Almeida Junior,Universidade Federal de SŃo JoŃo del Rei (UFSJ),Universidade Federal de SŃo JoŃo del Rei (UFSJ)
8JMKD3MGPDW34P/487MCU8,5,"Santos, Filipe",Filipe Santos,Universidade Federal de SŃo JoŃo del Rei (UFSJ),Universidade Federal de SŃo JoŃo del Rei (UFSJ)
8JMKD3MGPDW34P/487MCU8,6,"Silva, Pedro A. A.",Pedro A. A. Silva,Universidade Federal de SŃo JoŃo del Rei (UFSJ),Universidade Federal de SŃo JoŃo del Rei (UFSJ)
8JMKD3MGPDW34P/487MCU8,7,"Hirsch, Andrķ",Andrķ Hirsch,Universidade Federal de SŃo JoŃo del Rei (UFSJ),Universidade Federal de SŃo JoŃo del Rei (UFSJ)
8JMKD3MGPDW34P/487MCU8,8,"Pinheiro, Daniel C.",Daniel C. Pinheiro,Universidade Federal de SŃo JoŃo del Rei (UFSJ),Universidade Federal de SŃo JoŃo del Rei (UFSJ)
8JMKD3MGPDW34P/487MCU8,9,"Santos, Andrķa C. R. dos",Andrķa C. R. dos Santos,Universidade Federal de SŃo JoŃo del Rei (UFSJ),Universidade Federal de SŃo JoŃo del Rei (UFSJ)
8JMKD3MGPDW34P/487MCU8,10,"Pimenta, Fernando M.",Fernando M. Pimenta,Universidade Federal de SŃo JoŃo del Rei (UFSJ),Universidade Federal de SŃo JoŃo del Rei (UFSJ)
8JMKD3MGPDW34P/487MCU8,11,"AtaĒde, Glauciana M.",Glauciana M. AtaĒde,Universidade Federal de SŃo JoŃo del Rei (UFSJ),Universidade Federal de SŃo JoŃo del Rei (UFSJ)
8JMKD3MGPDW34P/487MCU8,12,"Castro, Renato V. O.",Renato V. O. Castro,Universidade Federal de SŃo JoŃo del Rei (UFSJ),Universidade Federal de SŃo JoŃo del Rei (UFSJ)
8JMKD3MGPDW34P/487MCU8,13,"Ferreira, Marcela C.",Marcela C. Ferreira,Universidade Federal de SŃo JoŃo del Rei (UFSJ),Universidade Federal de SŃo JoŃo del Rei (UFSJ)
8JMKD3MGPDW34P/487MCU8,14,"Pinto, Webert S.",Webert S. Pinto,Universidade Federal de SŃo JoŃo del Rei (UFSJ),Universidade Federal de SŃo JoŃo del Rei (UFSJ)
8JMKD3MGPDW34P/487MCU8,15,"Teixeira, Fernando A.",Fernando A. Teixeira,Universidade Federal de SŃo JoŃo del Rei (UFSJ),Universidade Federal de SŃo JoŃo del Rei (UFSJ)
8JMKD3MGPDW34P/487MCU8,16,"Pereira, Gabriel",Gabriel Pereira,Universidade Federal de SŃo JoŃo del Rei (UFSJ),Universidade Federal de SŃo JoŃo del Rei (UFSJ)
8JMKD3MGPDW34P/487M7GH,1,"Soares, Jaqueline A. J. P.",Jaqueline A. J. P. Soares,Centro Nacional de Monitoramento e Alerta de Desastres Naturais (CEMADEN),Centro Nacional de Monitoramento e Alerta de Desastres Naturais (CEMADEN)
8JMKD3MGPDW34P/487M7GH,2,"Diniz, Michael M.",Michael M. Diniz,Instituto Federal de Săo Paulo (IFSP),Instituto Federal de Săo Paulo (IFSP)
8JMKD3MGPDW34P/487M7GH,3,"Santos, Leonardo Bacelar Lima",Leonardo Bacelar Lima Santos,Instituto Nacional de Pesquisas Espaciais (INPE),Instituto Nacional de Pesquisas Espaciais (INPE)
8JMKD3MGPDW34P/487MA8S,1,"Souza, Felipe N.",Felipe N. Souza,Universidade Estadual Paulista (UNESP),Universidade Estadual Paulista (UNESP)
8JMKD3MGPDW34P/487MA8S,2,"Negri, Rogério G.",Rogério G. Negri,Universidade Estadual Paulista (UNESP),Universidade Estadual Paulista (UNESP)
8JMKD3MGPDW34P/487MA8S,3,"Gino, Vinícius L. S.",Vinícius L. S. Gino,Universidade Estadual Paulista (UNESP),Universidade Estadual Paulista (UNESP)
8JMKD3MGPDW34P/487MA8S,4,"Simőes, José V. O.",José V. O. Simőes,Universidade Estadual Paulista (UNESP),Universidade Estadual Paulista (UNESP)
8JMKD3MGPDW34P/487MFLH,1,"Tomás, Livia Rodrigues",Livia Rodrigues Tomás,Centro Nacional de Monitoramento e Alerta de Desastres Naturais (CEMADEN),Centro Nacional de Monitoramento e Alerta de Desastres Naturais (CEMADEN)
8JMKD3MGPDW34P/487MFLH,2,"Santos, Leonardo Bacelar Lima",Leonardo Bacelar Lima Santos,Centro Nacional de Monitoramento e Alerta de Desastres Naturais (CEMADEN),Centro Nacional de Monitoramento e Alerta de Desastres Naturais (CEMADEN)
8JMKD3MGPDW34P/487MFNP,1,"Tomás, Livia Rodrigues",Livia Rodrigues Tomás,Centro Nacional de Monitoramento e Alerta de Desastres Naturais (CEMADEN),Centro Nacional de Monitoramento e Alerta de Desastres Naturais (CEMADEN)
8JMKD3MGPDW34P/487MFNP,2,"Santos, Leonardo Bacelar Lima",Leonardo Bacelar Lima Santos,Centro Nacional de Monitoramento e Alerta de Desastres Naturais (CEMADEN),Centro Nacional de Monitoramento e Alerta de Desastres Naturais (CEMADEN)
8JMKD3MGPDW34P/487M9FS,1,"Velestegui-Montoya, Andres",Andres Velestegui-Montoya,ESPOL Polytechnic University - Guayaquil,ESPOL Polytechnic University - Guayaquil
8JMKD3MGPDW34P/487M9FS,2,"Marquez, Juliana O.",Juliana O. Marquez,Universidade Federal de Săo Paulo (UNIFESP),Universidade Federal de Săo Paulo (UNIFESP)
8JMKD3MGPDW34P/487M9FS,3,"Guerrero Cabrera, Geancarlo",Geancarlo Guerrero Cabrera,ESPOL Polytechnic University - Guayaquil,ESPOL Polytechnic University - Guayaquil
8JMKD3MGPDW34P/487M9FS,4,"Jaramillo Lindao, Yadira",Yadira Jaramillo Lindao,ESPOL Polytechnic University - Guayaquil,ESPOL Polytechnic University - Guayaquil
8JMKD3MGPDW34P/487M9FS,5,"Mora Araus, Malcon",Malcon Mora Araus,ESPOL Polytechnic University - Guayaquil,ESPOL Polytechnic University - Guayaquil
8JMKD3MGPDW34P/487MDGP,1,"Xaud, Felipe Abrahim Ramalho",Felipe Abrahim Ramalho Xaud,Universidade Estadual de Roraima (UERR),Universidade Estadual de Roraima (UERR)
8JMKD3MGPDW34P/487MDGP,2,"Pereira, Francisco Carlos de Lima",Francisco Carlos de Lima Pereira,Universidade Estadual de Roraima (UERR),Universidade Estadual de Roraima (UERR)
8JMKD3MGPDW34P/487MDGP,3,"Lima, Clenya Rejane Barros de",Clenya Rejane Barros de Lima,Universidade Estadual de Roraima (UERR),Universidade Estadual de Roraima (UERR)
8JMKD3MGPDW34P/487MDGP,4,"Silva, Wender Antônio da",Wender Antônio da Silva,Universidade Estadual de Roraima (UERR),Universidade Estadual de Roraima (UERR)
8JMKD3MGPDW34P/487MDGP,5,"Xaud, Haron Abrahim Magalhăes",Haron Abrahim Magalhăes Xaud,Empresa Brasileira de Pesquisa Agropecuária (Embrapa Roraima),Empresa Brasileira de Pesquisa Agropecuária (Embrapa Roraima)
8JMKD3MGPDW34P/487MH25,1,"Zipf, Alexander",Alexander Zipf,Heidelberg University,Heidelberg University
8JMKD3MGPDW34P/487MH25,2,"Butzer, Amandus",Amandus Butzer,Heidelberg Institute for Geoinformation Technology,Heidelberg Institute for Geoinformation Technology
8JMKD3MGPDW34P/487MH25,3,"Reinmuth, Marcel",Marcel Reinmuth,Heidelberg Institute for Geoinformation Technology,Heidelberg Institute for Geoinformation Technology
8JMKD3MGPDW34P/487MH25,4,"Auer, Michael",Michael Auer,Heidelberg Institute for Geoinformation Technology,Heidelberg Institute for Geoinformation Technology
8JMKD3MGPDW34P/487MH25,5,"Herfort, Benajamin",Benajamin Herfort,Heidelberg Institute for Geoinformation Technology,Heidelberg Institute for Geoinformation Technology
8JMKD3MGPDW34P/487MH25,6,"Rousell, Adam",Adam Rousell,Heidelberg Institute for Geoinformation Technology,Heidelberg Institute for Geoinformation Technology
8JMKD3MGPDW34P/487MH25,7,"Lautenbach, Sven",Sven Lautenbach,Heidelberg University,Heidelberg University
8JMKD3MGPDW34P/487MH25,8,"Gumbrich, Stefan",Stefan Gumbrich,Heidelberg Institute for Geoinformation Technology,Heidelberg Institute for Geoinformation Technology
8JMKD3MGPDW34P/45U7MDE,1,"Abubakar, Bello Abubakar",Bello Abubakar Abubakar,Nigerian Defence Academy,Nigerian Defence Academy
8JMKD3MGPDW34P/45U7MDE,2,"Abubakar, Sani Abubakar",Sani Abubakar Abubakar,Kaduna Polytechnic,Kaduna Polytechnic
8JMKD3MGPDW34P/45U7M92,1,"Almeida, Damiăo Ribeiro de",Damiăo Ribeiro de Almeida,Universidade Federal de Campina Grande (UFCG),Universidade Federal de Campina Grande (UFCG)
8JMKD3MGPDW34P/45U7M92,2,"Oliveira, Aillkeen Bezerra de",Aillkeen Bezerra de Oliveira,Universidade Federal de Campina Grande (UFCG),Universidade Federal de Campina Grande (UFCG)
8JMKD3MGPDW34P/45U7M92,3,"Vasconcelos, Samuel Pereira de",Samuel Pereira de Vasconcelos,Universidade Federal de Campina Grande (UFCG),Universidade Federal de Campina Grande (UFCG)
8JMKD3MGPDW34P/45U7M92,4,"Andrade, Fábio Gomes de",Fábio Gomes de Andrade,Instituto Federal da Paraíba (IFPB),Instituto Federal da Paraíba (IFPB)
8JMKD3MGPDW34P/45U7M92,5,"Baptista, Cláudio de Souza",Cláudio de Souza Baptista,Universidade Federal de Campina Grande (UFCG),Universidade Federal de Campina Grande (UFCG)
8JMKD3MGPDW34P/45U7M2B,1,"Ara·jo, Juliana de Abreu",Juliana de Abreu Ara·jo,Instituto Nacional de Pesquisas Espaciais (INPE),Instituto Nacional de Pesquisas Espaciais (INPE)
8JMKD3MGPDW34P/45U7M2B,2,"Freire, Allan Henrique Lima",Allan Henrique Lima Freire,Instituto Nacional de Pesquisas Espaciais (INPE),Instituto Nacional de Pesquisas Espaciais (INPE)
8JMKD3MGPDW34P/45U7M2B,3,"Silva, Ricardo Dal'Agnol da",Ricardo Dal'Agnol da Silva,Instituto Nacional de Pesquisas Espaciais (INPE),Instituto Nacional de Pesquisas Espaciais (INPE)
8JMKD3MGPDW34P/45U7M2B,4,"GalvŃo, LĻnio Soares",LĻnio Soares GalvŃo,Instituto Nacional de Pesquisas Espaciais (INPE),Instituto Nacional de Pesquisas Espaciais (INPE)
8JMKD3MGPDW34P/45U7LQS,1,"Coelho, Filipe Junio S.",Filipe Junio S. Coelho,Universidade Federal de Săo Joăo Del Rei (UFSJ),Universidade Federal de Săo Joăo Del Rei (UFSJ)
8JMKD3MGPDW34P/45U7LQS,2,"Pereira, Marconi de Arruda",Marconi de Arruda Pereira,Universidade Federal de Săo Joăo Del Rei (UFSJ),Universidade Federal de Săo Joăo Del Rei (UFSJ)
8JMKD3MGPDW34P/45U7LQS,3,"Davis Júnior, Clodoveu Augusto",Clodoveu Augusto Davis Júnior,Universidade Federal de Minas Gerais (UFMG),Universidade Federal de Minas Gerais (UFMG)
8JMKD3MGPDW34P/45U7LQS,4,"Silva, Nată G.",Nată G. Silva,Universidade Federal de Săo Joăo Del Rei (UFSJ),Universidade Federal de Săo Joăo Del Rei (UFSJ)
8JMKD3MGPDW34P/45U7LQS,5,"Silva, Telles T. da",Telles T. da Silva,Universidade Federal de Săo Joăo Del Rei (UFSJ),Universidade Federal de Săo Joăo Del Rei (UFSJ)
8JMKD3MGPDW34P/45U7L9B,1,"Ferreira, Igor José Malfetoni",Igor José Malfetoni Ferreira,Instituto Nacional de Pesquisas Espaciais (INPE),Instituto Nacional de Pesquisas Espaciais (INPE)
8JMKD3MGPDW34P/45U7L9B,2,"Cantador, Debora Cristina",Debora Cristina Cantador,Instituto Nacional de Pesquisas Espaciais (INPE),Instituto Nacional de Pesquisas Espaciais (INPE)
8JMKD3MGPDW34P/45U7L9B,3,"Aragăo, Luiz Eduardo Oliveira e Cruz de",Luiz Eduardo Oliveira e Cruz de Aragăo,Instituto Nacional de Pesquisas Espaciais (INPE),Instituto Nacional de Pesquisas Espaciais (INPE)
8JMKD3MGPDW34P/45U7L9B,4,"Nagy, Laszlo K.",Laszlo K. Nagy,Universidade Estadual de Campinas (UNICAMP),Universidade Estadual de Campinas (UNICAMP)
8JMKD3MGPDW34P/45U7L2L,1,"França, Leandro L. S.",Leandro L. S. França,,
8JMKD3MGPDW34P/45U7L2L,2,"Pinheiro, Julierne",Julierne Pinheiro,,
8JMKD3MGPDW34P/45U7L2L,3,"Passos, Joel B.",Joel B. Passos,,
8JMKD3MGPDW34P/45U7L2L,4,"Portugal, José Luiz",José Luiz Portugal,,
8JMKD3MGPDW34P/45U7KGB,1,"Gino, VinĒcius L. S.",VinĒcius L. S. Gino,Universidade Estadual Paulista (UNESP),Universidade Estadual Paulista (UNESP)
8JMKD3MGPDW34P/45U7KGB,2,"Negri, Rogķrio G.",Rogķrio G. Negri,Universidade Estadual Paulista (UNESP),Universidade Estadual Paulista (UNESP)
8JMKD3MGPDW34P/45U7KGB,3,"Souza, Felipe N.",Felipe N. Souza,Universidade Estadual Paulista (UNESP),Universidade Estadual Paulista (UNESP)
8JMKD3MGPDW34P/45U7KBS,1,"Gonçalves, Heron Carlos",Heron Carlos Gonçalves,Universidade Tecnológica Federal do Paraná (UTFPR),Universidade Tecnológica Federal do Paraná (UTFPR)
8JMKD3MGPDW34P/45U7KBS,2,"Carniel, Anderson Chaves",Anderson Chaves Carniel,Universidade Federal de Săo Carlos (UFSCar),Universidade Federal de Săo Carlos (UFSCar)
8JMKD3MGPDW34P/45U7K7E,1,"Guarenghi, Marjorie M.",Marjorie M. Guarenghi,Universidade Estadual de Campinas (UNICAMP),Universidade Estadual de Campinas (UNICAMP)
8JMKD3MGPDW34P/45U7K7E,2,"Santos, Joăo Luís",Joăo Luís Santos,GeoMeridium,GeoMeridium
8JMKD3MGPDW34P/45U7K7E,3,"Walter, Arnaldo",Arnaldo Walter,Universidade Estadual de Campinas (UNICAMP),Universidade Estadual de Campinas (UNICAMP)
8JMKD3MGPDW34P/45U7K7E,4,"Rocha, Jansle V.",Jansle V. Rocha,Universidade Estadual de Campinas (UNICAMP),Universidade Estadual de Campinas (UNICAMP)
8JMKD3MGPDW34P/45U7K7E,5,"Seabra, Joaquim E. A.",Joaquim E. A. Seabra,Universidade Estadual de Campinas (UNICAMP),Universidade Estadual de Campinas (UNICAMP)
8JMKD3MGPDW34P/45U7K7E,6,"Vieira, Nathália D. B.",Nathália D. B. Vieira,Universidade Estadual de Campinas (UNICAMP),Universidade Estadual de Campinas (UNICAMP)
8JMKD3MGPDW34P/45U7K7E,7,"Damame, Desirče",Desirče Damame,Universidade Estadual de Campinas (UNICAMP),Universidade Estadual de Campinas (UNICAMP)
8JMKD3MGPDW34P/45U7JRH,1,"Guimarăes, Pedro Vitor Duarte",Pedro Vitor Duarte Guimarăes,Universidade Federal de Săo Joăo Del Rei (UFSJ),Universidade Federal de Săo Joăo Del Rei (UFSJ)
8JMKD3MGPDW34P/45U7JRH,2,"Pereira, Marconi de Arruda",Marconi de Arruda Pereira,Universidade Federal de Săo Joăo Del Rei (UFSJ),Universidade Federal de Săo Joăo Del Rei (UFSJ)
8JMKD3MGPDW34P/45U7JRH,3,"Teixeira, Emmanuel Kennedy da Costa",Emmanuel Kennedy da Costa Teixeira,Universidade Federal de Săo Joăo Del Rei (UFSJ),Universidade Federal de Săo Joăo Del Rei (UFSJ)
8JMKD3MGPDW34P/45U7JRH,4,"Davis Júnior, Clodoveu Augusto",Clodoveu Augusto Davis Júnior,Universidade Federal de Minas Gerais (UFMG),Universidade Federal de Minas Gerais (UFMG)
8JMKD3MGPDW34P/45U7JRH,5,"Pujatti, Mario Arthur Sclafani",Mario Arthur Sclafani Pujatti,Universidade Federal de Minas Gerais (UFMG),Universidade Federal de Minas Gerais (UFMG)
8JMKD3MGPDW34P/45U7H3L,1,"Miranda, Mateus de Souza",Mateus de Souza Miranda,Instituto Nacional de Pesquisas Espaciais (INPE),Instituto Nacional de Pesquisas Espaciais (INPE)
8JMKD3MGPDW34P/45U7H3L,2,"Maximiano, Renato de Sousa",Renato de Sousa Maximiano,Instituto Nacional de Pesquisas Espaciais (INPE),Instituto Nacional de Pesquisas Espaciais (INPE)
8JMKD3MGPDW34P/45U7H3L,3,"Santiago Jºnior, Valdivino Alexandre de",Valdivino Alexandre de Santiago Jºnior,Instituto Nacional de Pesquisas Espaciais (INPE),Instituto Nacional de Pesquisas Espaciais (INPE)
8JMKD3MGPDW34P/45U7H3L,4,"K—rting, Thales Sehn",Thales Sehn K—rting,Instituto Nacional de Pesquisas Espaciais (INPE),Instituto Nacional de Pesquisas Espaciais (INPE)
8JMKD3MGPDW34P/45U7H3L,5,"Fonseca, Leila Maria Garcia",Leila Maria Garcia Fonseca,Instituto Nacional de Pesquisas Espaciais (INPE),Instituto Nacional de Pesquisas Espaciais (INPE)
8JMKD3MGPDW34P/45U7JC8,1,"Pacheco, Téhrrie Caroline Konig Ferraz",Téhrrie Caroline Konig Ferraz Pacheco,Instituto Nacional de Pesquisas Espaciais (INPE),Instituto Nacional de Pesquisas Espaciais (INPE)
8JMKD3MGPDW34P/45U7JC8,2,"Kux, Hermann Johann Heinrich",Hermann Johann Heinrich Kux,Instituto Nacional de Pesquisas Espaciais (INPE),Instituto Nacional de Pesquisas Espaciais (INPE)
8JMKD3MGPDW34P/45U7JC8,3,"Corsi, Alessandra C.",Alessandra C. Corsi,Instituto de Pesquisas Tecnológicas (IPT),Instituto de Pesquisas Tecnológicas (IPT)
8JMKD3MGPDW34P/45U7GS8,1,"Pinheiro, Karine",Karine Pinheiro,Universidade Federal de Viçosa (UFV),Universidade Federal de Viçosa (UFV)
8JMKD3MGPDW34P/45U7GS8,2,"Lana, Gabriela Gouveia",Gabriela Gouveia Lana,Universidade Federal de Viçosa (UFV),Universidade Federal de Viçosa (UFV)
8JMKD3MGPDW34P/45U7GS8,3,"Andrade, Laura",Laura Andrade,Universidade Federal de Viçosa (UFV),Universidade Federal de Viçosa (UFV)
8JMKD3MGPDW34P/45U7GS8,4,"Ferreira, Ítalo Oliveira",Ítalo Oliveira Ferreira,Universidade Federal de Viçosa (UFV),Universidade Federal de Viçosa (UFV)
8JMKD3MGPDW34P/45U7GAL,1,"Schumacher, Vanúcia",Vanúcia Schumacher,Instituto Nacional de Pesquisas Espaciais (INPE),Instituto Nacional de Pesquisas Espaciais (INPE)
8JMKD3MGPDW34P/45U7GAL,2,"Barros, Marco Aurélio",Marco Aurélio Barros,Instituto Nacional de Pesquisas Espaciais (INPE),Instituto Nacional de Pesquisas Espaciais (INPE)
8JMKD3MGPDW34P/45U7FN5,1,"Silva, Marcos A. S. da",Marcos A. S. da Silva,Embrapa Tabuleiros Costeiros,Embrapa Tabuleiros Costeiros
8JMKD3MGPDW34P/45U7FN5,2,"Matos, Leonardo N.",Leonardo N. Matos,Universidade Federal de Sergipe (UFS),Universidade Federal de Sergipe (UFS)
8JMKD3MGPDW34P/45U7FN5,3,"Santos, Flßvio Emanuel de O.",Flßvio Emanuel de O. Santos,Universidade Federal de Sergipe (UFS),Universidade Federal de Sergipe (UFS)
8JMKD3MGPDW34P/45U7FN5,4,"Moura, Fßbio R. de",Fßbio R. de Moura,Universidade Federal de Sergipe (UFS),Universidade Federal de Sergipe (UFS)
8JMKD3MGPDW34P/45U7FN5,5,"Dompieri, Mßcia H. G.",Mßcia H. G. Dompieri,Embrapa Territorial,Embrapa Territorial
8JMKD3MGPDW34P/45U7G68,1,"Simőes, Philipe Souza",Philipe Souza Simőes,Instituto Nacional de Pesquisas Espaciais (INPE),Instituto Nacional de Pesquisas Espaciais (INPE)
8JMKD3MGPDW34P/45U7G68,2,"Sousa Júnior, Marionei Fomaca de",Marionei Fomaca de Sousa Júnior,Instituto Nacional de Pesquisas Espaciais (INPE),Instituto Nacional de Pesquisas Espaciais (INPE)
8JMKD3MGPDW34P/45U7G68,3,"Hoffmann, Tânia Beatriz",Tânia Beatriz Hoffmann,Instituto Nacional de Pesquisas Espaciais (INPE),Instituto Nacional de Pesquisas Espaciais (INPE)
8JMKD3MGPDW34P/45U7G68,4,"Fonseca, Leila Maria Garcia",Leila Maria Garcia Fonseca,Instituto Nacional de Pesquisas Espaciais (INPE),Instituto Nacional de Pesquisas Espaciais (INPE)
8JMKD3MGPDW34P/45U7G68,5,"Sant'Anna, Sidnei Joăo Siqueira",Sidnei Joăo Siqueira Sant'Anna,Instituto Nacional de Pesquisas Espaciais (INPE),Instituto Nacional de Pesquisas Espaciais (INPE)
8JMKD3MGPDW34P/45U7G68,6,"Shimabukuro, Yosio Edemir",Yosio Edemir Shimabukuro,Instituto Nacional de Pesquisas Espaciais (INPE),Instituto Nacional de Pesquisas Espaciais (INPE)
8JMKD3MGPDW34P/45U7G68,7,"Bendini, Hugo do Nascimento",Hugo do Nascimento Bendini,Instituto Nacional de Pesquisas Espaciais (INPE),Instituto Nacional de Pesquisas Espaciais (INPE)
8JMKD3MGPDW34P/45U7CLS,1,"Souza, Felipe N.",Felipe N. Souza,Universidade Estadual Paulista (UNESP),Universidade Estadual Paulista (UNESP)
8JMKD3MGPDW34P/45U7CLS,2,"Negri, Rogério G.",Rogério G. Negri,Universidade Estadual Paulista (UNESP),Universidade Estadual Paulista (UNESP)
8JMKD3MGPDW34P/45U7CLS,3,"Gino, Vinķcius L. S.",Vinķcius L. S. Gino,Universidade Estadual Paulista (UNESP),Universidade Estadual Paulista (UNESP)
8JMKD3MGPDW34P/45U7CLS,4,"Maselli, Luccas Z.",Luccas Z. Maselli,Universidade Estadual Paulista (UNESP),Universidade Estadual Paulista (UNESP)
8JMKD3MGPDW34P/45U7C7H,1,"Vestena, Kauę de Moraes",Kauę de Moraes Vestena,Universidade Federal do Paraná (UFPR),Universidade Federal do Paraná (UFPR)
8JMKD3MGPDW34P/45U7C7H,2,"Antonio, Nathan Damas",Nathan Damas Antonio,Universidade Federal do Paraná (UFPR),Universidade Federal do Paraná (UFPR)
8JMKD3MGPDW34P/45U7C7H,3,"Padilha, Gabriela",Gabriela Padilha,Universidade Federal do Paraná (UFPR),Universidade Federal do Paraná (UFPR)
8JMKD3MGPDW34P/45U7C7H,4,"Molina, Cyntia Virolli Cid",Cyntia Virolli Cid Molina,Universidade de Săo Paulo (USP),Universidade de Săo Paulo (USP)
8JMKD3MGPDW34P/45U7C7H,5,"Teixeira, Ariely Mayara de Albuquerque",Ariely Mayara de Albuquerque Teixeira,Universidade Federal de Pernambuco (UFPE),Universidade Federal de Pernambuco (UFPE)
8JMKD3MGPDW34P/45U7C7H,6,"Camboim, Silvana Phillippi",Silvana Phillippi Camboim,Universidade Federal do Paraná (UFPR),Universidade Federal do Paraná (UFPR)
8JMKD3MGPDW34P/45U7LJ8,1,"Côrtes, Julia Corręa",Julia Corręa Côrtes,Universidade Estadual de Campinas (UNICAMP),Universidade Estadual de Campinas (UNICAMP)
8JMKD3MGPDW34P/45U7LJ8,2,"Alves, José Diego Gobbo",José Diego Gobbo Alves,Universidade Estadual de Campinas (UNICAMP),Universidade Estadual de Campinas (UNICAMP)
8JMKD3MGPDW34P/45U7LJ8,3,"D'Antona, Álvaro de Oliveira",Álvaro de Oliveira D'Antona,Universidade Estadual de Campinas (UNICAMP),Universidade Estadual de Campinas (UNICAMP)
8JMKD3MGPDW34P/45U7LDP,1,"Ermgassen, Erasumus zu",Erasumus zu Ermgassen,UCLouvain,UCLouvain
8JMKD3MGPDW34P/45U7LDP,2,"Ribeiro, Vivian",Vivian Ribeiro,Stockholm Environment Institute,Stockholm Environment Institute
8JMKD3MGPDW34P/45U7LDP,3,"Meyfroidt, Patrick",Patrick Meyfroidt,UCLouvain,UCLouvain
8JMKD3MGPDW34P/45U7KLP,1,"Giehl, Samoel",Samoel Giehl,Universidade Federal do Paraná (UFPR),Universidade Federal do Paraná (UFPR)
8JMKD3MGPDW34P/45U7KLP,2,"Dalazoana, Regiane",Regiane Dalazoana,Universidade Federal do Paraná (UFPR),Universidade Federal do Paraná (UFPR)
8JMKD3MGPDW34P/45U7KLP,3,"Santana, Túlio Alves",Túlio Alves Santana,Instituto Federal de Mato Grosso (IFMT),Instituto Federal de Mato Grosso (IFMT)
8JMKD3MGPDW34P/45U7JJS,1,"Jacon, Aline Daniele",Aline Daniele Jacon,Instituto Nacional de Pesquisas Espaciais (INPE),Instituto Nacional de Pesquisas Espaciais (INPE)
8JMKD3MGPDW34P/45U7JJS,2,"Escada, Maria Isabel Sobral",Maria Isabel Sobral Escada,Instituto Nacional de Pesquisas Espaciais (INPE),Instituto Nacional de Pesquisas Espaciais (INPE)
8JMKD3MGPDW34P/45U7JJS,3,"Silva, Ricardo Dal'Agnol da",Ricardo Dal'Agnol da Silva,Instituto Nacional de Pesquisas Espaciais (INPE),Instituto Nacional de Pesquisas Espaciais (INPE)
8JMKD3MGPDW34P/45U7JJS,4,"Galvăo, Lęnio Soares",Lęnio Soares Galvăo,Instituto Nacional de Pesquisas Espaciais (INPE),Instituto Nacional de Pesquisas Espaciais (INPE)
8JMKD3MGPDW34P/45U7J5H,1,"Krauss, Peter",Peter Krauss,Instituto de Tecnologias Geo-Sociais AddressForAll,Instituto de Tecnologias Geo-Sociais AddressForAll
8JMKD3MGPDW34P/45U7J5H,2,"Cunha, Luis Felipe Bortolatto da",Luis Felipe Bortolatto da Cunha,Universidade Federal do ABC (UFABC),Universidade Federal do ABC (UFABC)
8JMKD3MGPDW34P/45U7J5H,3,"Jean, Thierry",Thierry Jean,Instituto de Tecnologias Geo-Sociais AddressForAll,Instituto de Tecnologias Geo-Sociais AddressForAll
8JMKD3MGPDW34P/45U7HU5,1,"Lima, Thainara Munhoz Alexandre de",Thainara Munhoz Alexandre de Lima,Instituto Nacional de Pesquisas Espaciais (INPE),Instituto Nacional de Pesquisas Espaciais (INPE)
8JMKD3MGPDW34P/45U7HU5,2,"Carvalho, Romulo Marques",Romulo Marques Carvalho,Instituto Nacional de Pesquisas Espaciais (INPE),Instituto Nacional de Pesquisas Espaciais (INPE)
8JMKD3MGPDW34P/45U7HU5,3,"Sutil, Ueslei Adriano",Ueslei Adriano Sutil,Instituto Nacional de Pesquisas Espaciais (INPE),Instituto Nacional de Pesquisas Espaciais (INPE)
8JMKD3MGPDW34P/45U7HU5,4,"Almeida, Cláudia Maria de",Cláudia Maria de Almeida,Instituto Nacional de Pesquisas Espaciais (INPE),Instituto Nacional de Pesquisas Espaciais (INPE)
8JMKD3MGPDW34P/45U7HU5,5,"Barbosa, Cláudio Clemente Faria",Cláudio Clemente Faria Barbosa,Instituto Nacional de Pesquisas Espaciais (INPE),Instituto Nacional de Pesquisas Espaciais (INPE)
8JMKD3MGPDW34P/45U7HU5,6,"Körting, Thales Sehn",Thales Sehn Körting,Instituto Nacional de Pesquisas Espaciais (INPE),Instituto Nacional de Pesquisas Espaciais (INPE)
8JMKD3MGPDW34P/45U7HU5,7,"Queiroz, Gilberto Ribeiro de",Gilberto Ribeiro de Queiroz,Instituto Nacional de Pesquisas Espaciais (INPE),Instituto Nacional de Pesquisas Espaciais (INPE)
8JMKD3MGPDW34P/45U7HK8,1,"Martins, Guilherme",Guilherme Martins,Instituto Nacional de Pesquisas Espaciais (INPE),Instituto Nacional de Pesquisas Espaciais (INPE)
8JMKD3MGPDW34P/45U7HK8,2,"Morelli, Fabiano",Fabiano Morelli,Instituto Nacional de Pesquisas Espaciais (INPE),Instituto Nacional de Pesquisas Espaciais (INPE)
8JMKD3MGPDW34P/45U7HK8,3,"Macul, Mateus de Souza",Mateus de Souza Macul,Instituto Nacional de Pesquisas Espaciais (INPE),Instituto Nacional de Pesquisas Espaciais (INPE)
8JMKD3MGPDW34P/45U7HK8,4,"Cunha, Paulo W. Pinto da",Paulo W. Pinto da Cunha,Instituto Nacional de Pesquisas Espaciais (INPE),Instituto Nacional de Pesquisas Espaciais (INPE)
8JMKD3MGPDW34P/45U7HAB,1,"Medeiros, Thais de",Thais de Medeiros,Instituto Nacional de Pesquisas Espaciais (INPE),Instituto Nacional de Pesquisas Espaciais (INPE)
8JMKD3MGPDW34P/45U7HAB,2,"Santos, Bruno dos",Bruno dos Santos,Instituto Nacional de Pesquisas Espaciais (INPE),Instituto Nacional de Pesquisas Espaciais (INPE)
8JMKD3MGPDW34P/45U7HAB,3,"Oliveira, Gilberto Eidi Teramoto",Gilberto Eidi Teramoto Oliveira,Instituto Nacional de Pesquisas Espaciais (INPE),Instituto Nacional de Pesquisas Espaciais (INPE)
8JMKD3MGPDW34P/45U7HAB,4,"Körting, Thales Sehn",Thales Sehn Körting,Instituto Nacional de Pesquisas Espaciais (INPE),Instituto Nacional de Pesquisas Espaciais (INPE)
8JMKD3MGPDW34P/45U7HAB,5,"Queiroz, Gilberto Ribeiro de",Gilberto Ribeiro de Queiroz,Instituto Nacional de Pesquisas Espaciais (INPE),Instituto Nacional de Pesquisas Espaciais (INPE)
8JMKD3MGPDW34P/45U7GMP,1,"Santana, Ingrid L.",Ingrid L. Santana,Universidade Federal de Minas Gerais (UFMG),Universidade Federal de Minas Gerais (UFMG)
8JMKD3MGPDW34P/45U7GMP,2,"Pinheiro, Michele Brito",Michele Brito Pinheiro,Universidade Federal de Minas Gerais (UFMG),Universidade Federal de Minas Gerais (UFMG)
8JMKD3MGPDW34P/45U7GMP,3,"Nicolau, Luci A.",Luci A. Nicolau,Universidade Federal de Minas Gerais (UFMG),Universidade Federal de Minas Gerais (UFMG)
8JMKD3MGPDW34P/45U7GMP,4,"Davis Júnior, Clodoveu A.",Clodoveu A. Davis Júnior,Universidade Federal de Minas Gerais (UFMG),Universidade Federal de Minas Gerais (UFMG)
8JMKD3MGPDW34P/45U7CTH,1,"Silva, Gabriel Lucas Xavier da",Gabriel Lucas Xavier da Silva,Instituto Nacional de Pesquisas Espaciais (INPE),Instituto Nacional de Pesquisas Espaciais (INPE)
8JMKD3MGPDW34P/45U7CTH,2,"Gomes, Lorena de Moura Joia",Lorena de Moura Joia Gomes,Instituto Nacional de Pesquisas Espaciais (INPE),Instituto Nacional de Pesquisas Espaciais (INPE)
8JMKD3MGPDW34P/45U7CTH,3,"Kampel, Milton",Milton Kampel,Instituto Nacional de Pesquisas Espaciais (INPE),Instituto Nacional de Pesquisas Espaciais (INPE)
8JMKD3MGPDW34P/45U7CTH,4,"Gherardi, Douglas Francisco Marcolino",Douglas Francisco Marcolino Gherardi,Instituto Nacional de Pesquisas Espaciais (INPE),Instituto Nacional de Pesquisas Espaciais (INPE)
8JMKD3MGPDW34P/45U7CE8,1,"Suraci, Stefano S.",Stefano S. Suraci,Instituto Militar de Engenharia (IME),Instituto Militar de Engenharia (IME)
8JMKD3MGPDW34P/45U7CE8,2,"Goldschmidt, Ronaldo R.",Ronaldo R. Goldschmidt,Instituto Militar de Engenharia (IME),Instituto Militar de Engenharia (IME)
8JMKD3MGPDW34P/45U7CE8,3,"Oliveira, Leonardo C.",Leonardo C. Oliveira,Instituto Militar de Engenharia (IME),Instituto Militar de Engenharia (IME)
8JMKD3MGPDW34P/45U7CE8,4,"Klein, Ivandro",Ivandro Klein,Universidade Federal do Paraná (UFPR),Universidade Federal do Paraná (UFPR)
8JMKD3MGPDW34P/43PLBM8,1,"Alves, Vinícius H. A.",Vinícius H. A. Alves,Universidade Federal de Sao Joao del-Rei (UFJR),Universidade Federal de Sao Joao del-Rei (UFJR)
8JMKD3MGPDW34P/43PLBM8,2,"Pereira, Marconi A.",Marconi A. Pereira,Universidade Federal de Sao Joao del-Rei (UFJR),Universidade Federal de Sao Joao del-Rei (UFJR)
8JMKD3MGPDW34P/43PL7FS,1,"Barros, Thierry Silva",Thierry Silva Barros,Universidade Federal de Campina Grande (UFCG),Universidade Federal de Campina Grande (UFCG)
8JMKD3MGPDW34P/43PL7FS,2,"Campelo, Claudio E. C.",Claudio E. C. Campelo,Universidade Federal de Campina Grande (UFCG),Universidade Federal de Campina Grande (UFCG)
8JMKD3MGPDW34P/43PL72H,1,"Bragion, Gabriel Da Rocha",Gabriel Da Rocha Bragion,Instituto Nacional de Pesquisas Espaciais (INPE),Instituto Nacional de Pesquisas Espaciais (INPE)
8JMKD3MGPDW34P/43PL72H,2,"Gonçalves, Gabriel C.",Gabriel C. Gonçalves,Instituto Nacional de Pesquisas Espaciais (INPE),Instituto Nacional de Pesquisas Espaciais (INPE)
8JMKD3MGPDW34P/43PL72H,3,"Dal'Asta, Ana Paula",Ana Paula Dal'Asta,Instituto Nacional de Pesquisas Espaciais (INPE),Instituto Nacional de Pesquisas Espaciais (INPE)
8JMKD3MGPDW34P/43PL72H,4,"Santos, Carolina De Faria",Carolina De Faria Santos,Instituto Nacional de Pesquisas Espaciais (INPE),Instituto Nacional de Pesquisas Espaciais (INPE)
8JMKD3MGPDW34P/43PL72H,5,"Oliveira, Lucas Maia De",Lucas Maia De Oliveira,Instituto Nacional de Pesquisas Espaciais (INPE),Instituto Nacional de Pesquisas Espaciais (INPE)
8JMKD3MGPDW34P/43PL72H,6,"Monteiro, Antônio Miguel Vieira",Antônio Miguel Vieira Monteiro,Instituto Nacional de Pesquisas Espaciais (INPE),Instituto Nacional de Pesquisas Espaciais (INPE)
8JMKD3MGPDW34P/43PL72H,7,"Amaral, Silvana",Silvana Amaral,Instituto Nacional de Pesquisas Espaciais (INPE),Instituto Nacional de Pesquisas Espaciais (INPE)
8JMKD3MGPDW34P/43PLDDS,1,"Cardim, Luiz H. A.",Luiz H. A. Cardim,Universidade Tecnológica Federal do Paraná (UTFPR),Universidade Tecnológica Federal do Paraná (UTFPR)
8JMKD3MGPDW34P/43PLDDS,2,"Kozievitch, Nádia P.",Nádia P. Kozievitch,Universidade Tecnológica Federal do Paraná (UTFPR),Universidade Tecnológica Federal do Paraná (UTFPR)
8JMKD3MGPDW34P/43PLC5B,1,"Freitas, Lucas",Lucas Freitas,Universidade Federal de Campina Grande (UFCG),Universidade Federal de Campina Grande (UFCG)
8JMKD3MGPDW34P/43PLC5B,2,"Campelo, Claudio E. C.",Claudio E. C. Campelo,Universidade Federal de Campina Grande (UFCG),Universidade Federal de Campina Grande (UFCG)
8JMKD3MGPDW34P/43PLCC2,1,"Gromboni, Joăo F.",Joăo F. Gromboni,Department of Research and development– IDGeo – Agricultural intelligence,Department of Research and development– IDGeo – Agricultural intelligence
8JMKD3MGPDW34P/43PLCC2,2,"Pereira, Luíz H.",Luíz H. Pereira,Department of Research and development– IDGeo – Agricultural intelligence,Department of Research and development– IDGeo – Agricultural intelligence
8JMKD3MGPDW34P/43PLCC2,3,"Pulido, Javier",Javier Pulido,Department of Research and development– IDGeo – Agricultural intelligence,Department of Research and development– IDGeo – Agricultural intelligence
8JMKD3MGPDW34P/43PLCC2,4,"Toro, Ana P. S. G. D.",Ana P. S. G. D. Toro,Department of Research and development– IDGeo – Agricultural intelligence,Department of Research and development– IDGeo – Agricultural intelligence
8JMKD3MGPDW34P/43PLCC2,5,"Ferreira, Mateus V.",Mateus V. Ferreira,Department of Research and development– IDGeo – Agricultural intelligence,Department of Research and development– IDGeo – Agricultural intelligence
8JMKD3MGPDW34P/43PLD9E,1,"Maia, Pedro Henrique Costa",Pedro Henrique Costa Maia,Universidade Federal de Campina Grande (UFCG),Universidade Federal de Campina Grande (UFCG)
8JMKD3MGPDW34P/43PLD9E,2,"Campelo, Claudio E. C.",Claudio E. C. Campelo,Universidade Federal de Campina Grande (UFCG),Universidade Federal de Campina Grande (UFCG)
8JMKD3MGPDW34P/43PL798,1,"Medeiros, Gabriel F. B. de",Gabriel F. B. de Medeiros,Universidade de Brasília (UnB),Universidade de Brasília (UnB)
8JMKD3MGPDW34P/43PL798,2,"Degrossi, Lívia C.",Lívia C. Degrossi,Fundaçăo Getúlio Vargas (FGV),Fundaçăo Getúlio Vargas (FGV)
8JMKD3MGPDW34P/43PL798,3,"Holanda, Maristela",Maristela Holanda,Universidade de Brasília (UnB),Universidade de Brasília (UnB)
8JMKD3MGPDW34P/43PLBA5,1,"Nascimento, Helisson Luiz do",Helisson Luiz do Nascimento,Universidade Federal de Campina Grande (UFCG),Universidade Federal de Campina Grande (UFCG)
8JMKD3MGPDW34P/43PLBA5,2,"Baptista, Clįudio de Souza",Clįudio de Souza Baptista,Universidade Federal de Campina Grande (UFCG),Universidade Federal de Campina Grande (UFCG)
8JMKD3MGPDW34P/43PLBA5,3,"Andrade, Fabio Gomes de",Fabio Gomes de Andrade,Instituto Federal de Ciencia de Tecnologia da Paraķba (IFPB),Instituto Federal de Ciencia de Tecnologia da Paraķba (IFPB)
8JMKD3MGPDW34P/43PLBA5,4,"Santos, Leanderson Coelho dos",Leanderson Coelho dos Santos,Instituto Federal de Ciencia de Tecnologia da Paraķba (IFPB),Instituto Federal de Ciencia de Tecnologia da Paraķba (IFPB)
8JMKD3MGPDW34P/43PLBGP,1,"Paiva, Roberto U.",Roberto U. Paiva,Universidade Federal de Goiás (UFG),Universidade Federal de Goiás (UFG)
8JMKD3MGPDW34P/43PLBGP,2,"Oliveira, Savio S. T.",Savio S. T. Oliveira,Universidade Federal de Goiás (UFG),Universidade Federal de Goiás (UFG)
8JMKD3MGPDW34P/43PLBGP,3,"Pascoal, Luiz M. L.",Luiz M. L. Pascoal,Universidade Federal de Goiás (UFG),Universidade Federal de Goiás (UFG)
8JMKD3MGPDW34P/43PLBGP,4,"Parente, Leandro L.",Leandro L. Parente,Universidade Federal de Goiás (UFG),Universidade Federal de Goiás (UFG)
8JMKD3MGPDW34P/43PLBGP,5,"Martins, Wellington S.",Wellington S. Martins,Universidade Federal de Goiás (UFG),Universidade Federal de Goiás (UFG)
8JMKD3MGPDW34P/43PLCP5,1,"Rodrigues, Marcos Lima",Marcos Lima Rodrigues,Instituto Nacional de Pesquisas Espaciais (INPE),Instituto Nacional de Pesquisas Espaciais (INPE)
8JMKD3MGPDW34P/43PLCP5,2,"Körting, Thales Sehn",Thales Sehn Körting,Instituto Nacional de Pesquisas Espaciais (INPE),Instituto Nacional de Pesquisas Espaciais (INPE)
8JMKD3MGPDW34P/43PLCP5,3,"Queiroz, Gilberto Ribeiro de",Gilberto Ribeiro de Queiroz,Instituto Nacional de Pesquisas Espaciais (INPE),Instituto Nacional de Pesquisas Espaciais (INPE)
8JMKD3MGPDW34P/43PLD2P,1,"Santos, Joăo Paulo Clarindo dos",Joăo Paulo Clarindo dos Santos,Universidade de Săo Paulo (USP),Universidade de Săo Paulo (USP)
8JMKD3MGPDW34P/43PLD2P,2,"Castro, Joăo Pedro de Carvalho",Joăo Pedro de Carvalho Castro,Universidade de Săo Paulo (USP),Universidade de Săo Paulo (USP)
8JMKD3MGPDW34P/43PLD2P,3,"Ciferri, Cristina Dutra de Aguiar",Cristina Dutra de Aguiar Ciferri,Universidade de Săo Paulo (USP),Universidade de Săo Paulo (USP)
8JMKD3MGPDW34P/43PR9PH,1,"Silva, Gabriel Máximo da",Gabriel Máximo da Silva,Instituto Nacional de Pesquisas Espaciais (INPE),Instituto Nacional de Pesquisas Espaciais (INPE)
8JMKD3MGPDW34P/43PR9PH,2,"Adorno, Bruno Vargas",Bruno Vargas Adorno,Instituto Nacional de Pesquisas Espaciais (INPE),Instituto Nacional de Pesquisas Espaciais (INPE)
8JMKD3MGPDW34P/43PR9PH,3,"Queiroz, Gilberto Ribeiro",Gilberto Ribeiro Queiroz,Instituto Nacional de Pesquisas Espaciais (INPE),Instituto Nacional de Pesquisas Espaciais (INPE)
8JMKD3MGPDW34P/43PR9PH,4,"Körting, Thales Sehn",Thales Sehn Körting,Instituto Nacional de Pesquisas Espaciais (INPE),Instituto Nacional de Pesquisas Espaciais (INPE)
8JMKD3MGPDW34P/43PR9PH,5,"Morelli, Fabiano",Fabiano Morelli,Instituto Nacional de Pesquisas Espaciais (INPE),Instituto Nacional de Pesquisas Espaciais (INPE)
8JMKD3MGPDW34P/43PR9PH,6,"Amaral, Silvana",Silvana Amaral,Instituto Nacional de Pesquisas Espaciais (INPE),Instituto Nacional de Pesquisas Espaciais (INPE)
8JMKD3MGPDW34P/43PR9PH,7,"Shimabukuro, Yosio Edemir",Yosio Edemir Shimabukuro,Instituto Nacional de Pesquisas Espaciais (INPE),Instituto Nacional de Pesquisas Espaciais (INPE)
8JMKD3MGPDW34P/43PLBTS,1,"Vidal-Filho, Jarbas Nunes",Jarbas Nunes Vidal-Filho,Universidade Federal de Pernambuco (UFPE),Universidade Federal de Pernambuco (UFPE)
8JMKD3MGPDW34P/43PLBTS,2,"Times, Valéria Cesário",Valéria Cesário Times,Instituto Federal do Ceará (IFCE),Instituto Federal do Ceará (IFCE)
8JMKD3MGPDW34P/43PLBTS,3,"Lisboa-Filho, Jugurta",Jugurta Lisboa-Filho,Universidade Federal de Viçosa (UFV),Universidade Federal de Viçosa (UFV)
8JMKD3MGPDW34P/43PQPPE,1,"Carlos, Felipe Menino",Felipe Menino Carlos,Instituto Nacional de Pesquisas Espaciais (INPE),Instituto Nacional de Pesquisas Espaciais (INPE)
8JMKD3MGPDW34P/43PQPPE,2,"Gomes, Vitor C. F.",Vitor C. F. Gomes,Instituto de Estudos Avançados (IEAv),Instituto de Estudos Avançados (IEAv)
8JMKD3MGPDW34P/43PQPPE,3,"Queiroz, Gilberto Ribeiro de",Gilberto Ribeiro de Queiroz,Instituto Nacional de Pesquisas Espaciais (INPE),Instituto Nacional de Pesquisas Espaciais (INPE)
8JMKD3MGPDW34P/43PQPPE,4,"Ferreira, Karine Reis",Karine Reis Ferreira,Instituto Nacional de Pesquisas Espaciais (INPE),Instituto Nacional de Pesquisas Espaciais (INPE)
8JMKD3MGPDW34P/43PQPPE,5,"Santos, Rafael Duarte Coelho dos",Rafael Duarte Coelho dos Santos,Instituto Nacional de Pesquisas Espaciais (INPE),Instituto Nacional de Pesquisas Espaciais (INPE)
8JMKD3MGPDW34P/43PQUCS,1,"Cruz Júnior, José Ivan S. da",José Ivan S. da Cruz Júnior,Universidade Federal de Campina Grande (UFCG),Universidade Federal de Campina Grande (UFCG)
8JMKD3MGPDW34P/43PQUCS,2,"Campelo, Claudio E. C.",Claudio E. C. Campelo,Universidade Federal de Campina Grande (UFCG),Universidade Federal de Campina Grande (UFCG)
8JMKD3MGPDW34P/43PQPTS,1,"Cunha, Luis Felipe Bortolatto da",Luis Felipe Bortolatto da Cunha,Universidade Federal do ABC (UFABC),Universidade Federal do ABC (UFABC)
8JMKD3MGPDW34P/43PQPTS,2,"Pinho, Carolina Moutinho Duque de",Carolina Moutinho Duque de Pinho,Universidade Federal do ABC (UFABC),Universidade Federal do ABC (UFABC)
8JMKD3MGPDW34P/43PQPTS,3,"Feitosa, Flavia da Fonseca",Flavia da Fonseca Feitosa,Universidade Federal do ABC (UFABC),Universidade Federal do ABC (UFABC)
8JMKD3MGPDW34P/43PQSSS,1,"Dallaqua, Fernanda B. J. R.",Fernanda B. J. R. Dallaqua,Universidade Federal de São Paulo (UNIFESP),Universidade Federal de São Paulo (UNIFESP)
8JMKD3MGPDW34P/43PQSSS,2,"Fazenda, Ávaro L.",Ávaro L. Fazenda,Universidade Federal de São Paulo (UNIFESP),Universidade Federal de São Paulo (UNIFESP)
8JMKD3MGPDW34P/43PQSSS,3,"Faria, Fabio A.",Fabio A. Faria,,
8JMKD3MGPDW34P/43PQQTH,1,"Daltio, Jaudete",Jaudete Daltio,Empresa Brasileira de Pesquisa Agropecuaria (Embrapa),Empresa Brasileira de Pesquisa Agropecuaria (Embrapa)
8JMKD3MGPDW34P/43PQQTH,2,"Balan, Mário",Mário Balan,Empresa Brasileira de Pesquisa Agropecuaria (Embrapa),Empresa Brasileira de Pesquisa Agropecuaria (Embrapa)
8JMKD3MGPDW34P/43PQQTH,3,"Fonseca, Marcelo Fernando",Marcelo Fernando Fonseca,Empresa Brasileira de Pesquisa Agropecuaria (Embrapa),Empresa Brasileira de Pesquisa Agropecuaria (Embrapa)
8JMKD3MGPDW34P/43PQTUP,1,"Dorigueto, Lucas F",Lucas F Dorigueto,Universidade Federal de Vińosa (UFV),Universidade Federal de Vińosa (UFV)
8JMKD3MGPDW34P/43PQTUP,2,"Brumatti, Carlos H T",Carlos H T Brumatti,Universidade Federal de Vińosa (UFV),Universidade Federal de Vińosa (UFV)
8JMKD3MGPDW34P/43PQTUP,3,"Lisboa-Filho, Jugurta",Jugurta Lisboa-Filho,Universidade Federal de Vińosa (UFV),Universidade Federal de Vińosa (UFV)
8JMKD3MGPDW34P/43PR2H2,1,"Eiras, Denis Magalhăes de Almeida",Denis Magalhăes de Almeida Eiras,Instituto Nacional de Pesquisas Espaciais (INPE),Instituto Nacional de Pesquisas Espaciais (INPE)
8JMKD3MGPDW34P/43PR2H2,2,"Pletsch, Mikhaela Aloisia Jessie Santos",Mikhaela Aloisia Jessie Santos Pletsch,Instituto Nacional de Pesquisas Espaciais (INPE),Instituto Nacional de Pesquisas Espaciais (INPE)
8JMKD3MGPDW34P/43PR2H2,3,"Rodrigues, Marcos Lima",Marcos Lima Rodrigues,Instituto Nacional de Pesquisas Espaciais (INPE),Instituto Nacional de Pesquisas Espaciais (INPE)
8JMKD3MGPDW34P/43PR2H2,4,"Ferreira, Karine Reis",Karine Reis Ferreira,Instituto Nacional de Pesquisas Espaciais (INPE),Instituto Nacional de Pesquisas Espaciais (INPE)
8JMKD3MGPDW34P/43PR2H2,5,"Körting, Thales Sehn",Thales Sehn Körting,Instituto Nacional de Pesquisas Espaciais (INPE),Instituto Nacional de Pesquisas Espaciais (INPE)
8JMKD3MGPDW34P/43PR25S,1,"Elleres, Frederyco Augusto Pereira",Frederyco Augusto Pereira Elleres,Universidade Federal Rural da Amazônia (UFRA),Universidade Federal Rural da Amazônia (UFRA)
8JMKD3MGPDW34P/43PR25S,2,"Caldeira, Carlos Rodrigo Tanajura",Carlos Rodrigo Tanajura Caldeira,Universidade Federal Rural da Amazônia (UFRA),Universidade Federal Rural da Amazônia (UFRA)
8JMKD3MGPDW34P/43PR25S,3,"Caldeira, Mayara Ortega",Mayara Ortega Caldeira,Universidade Federal Rural da Amazônia (UFRA),Universidade Federal Rural da Amazônia (UFRA)
8JMKD3MGPDW34P/43PR25S,4,"Graça, Alan José Salomăo",Alan José Salomăo Graça,Universidade do Estado do Rio de Janeiro (UERJ),Universidade do Estado do Rio de Janeiro (UERJ)
8JMKD3MGPDW34P/43PQUMP,1,"Gomes, Lorena de Moura Joia",Lorena de Moura Joia Gomes,Instituto Nacional de Pesquisas Espaciais (INPE),Instituto Nacional de Pesquisas Espaciais (INPE)
8JMKD3MGPDW34P/43PQUMP,2,"Ruiz, Isadora Haddad",Isadora Haddad Ruiz,Instituto Nacional de Pesquisas Espaciais (INPE),Instituto Nacional de Pesquisas Espaciais (INPE)
8JMKD3MGPDW34P/43PQUMP,3,"Queiroz, Gilberto Ribeiro de",Gilberto Ribeiro de Queiroz,Instituto Nacional de Pesquisas Espaciais (INPE),Instituto Nacional de Pesquisas Espaciais (INPE)
8JMKD3MGPDW34P/43PQUMP,4,"Korting, Thales Sehn",Thales Sehn Korting,Instituto Nacional de Pesquisas Espaciais (INPE),Instituto Nacional de Pesquisas Espaciais (INPE)
8JMKD3MGPDW34P/43PQUMP,5,"Gherardi, Douglas Francisco Marcolino",Douglas Francisco Marcolino Gherardi,Instituto Nacional de Pesquisas Espaciais (INPE),Instituto Nacional de Pesquisas Espaciais (INPE)
8JMKD3MGPDW34P/43PQUMP,6,"Galvăo, Lęnio Soares",Lęnio Soares Galvăo,Instituto Nacional de Pesquisas Espaciais (INPE),Instituto Nacional de Pesquisas Espaciais (INPE)
8JMKD3MGPDW34P/43PQU8E,1,"Jorge, Aurelienne Aparecida Souza",Aurelienne Aparecida Souza Jorge,Instituto Nacional de Pesquisas Espaciais (INPE),Instituto Nacional de Pesquisas Espaciais (INPE)
8JMKD3MGPDW34P/43PQU8E,2,"Costa, Izabelly Carvalho da",Izabelly Carvalho da Costa,Instituto Nacional de Pesquisas Espaciais (INPE),Instituto Nacional de Pesquisas Espaciais (INPE)
8JMKD3MGPDW34P/43PQU8E,3,"Santos, Leonardo B. L.",Leonardo B. L. Santos,Centro Nacional de Monitoramento e Alertas de Desastres Naturais (CEMADEN),Centro Nacional de Monitoramento e Alertas de Desastres Naturais (CEMADEN)
8JMKD3MGPDW34P/43PQTB2,1,"Leal Neto, Helvecio Bezerra",Helvecio Bezerra Leal Neto,Instituto Nacional de Pesquisas Espaciais (INPE),Instituto Nacional de Pesquisas Espaciais (INPE)
8JMKD3MGPDW34P/43PQTB2,2,"Almeida, Adriano Pereira",Adriano Pereira Almeida,Instituto Nacional de Pesquisas Espaciais (INPE),Instituto Nacional de Pesquisas Espaciais (INPE)
8JMKD3MGPDW34P/43PQTB2,3,"Calheiros, Alan James Peixoto",Alan James Peixoto Calheiros,Instituto Nacional de Pesquisas Espaciais (INPE),Instituto Nacional de Pesquisas Espaciais (INPE)
8JMKD3MGPDW34P/43PR3A2,1,"Lucena, Felipe Rafael de Sá Menezes",Felipe Rafael de Sá Menezes Lucena,Instituto Nacional de Pesquisas Espaciais (INPE),Instituto Nacional de Pesquisas Espaciais (INPE)
8JMKD3MGPDW34P/43PR3A2,2,"Escobar-Silva, Elton Vicente",Elton Vicente Escobar-Silva,Instituto Nacional de Pesquisas Espaciais (INPE),Instituto Nacional de Pesquisas Espaciais (INPE)
8JMKD3MGPDW34P/43PR3A2,3,"Marujo, Rennan de Freitas Bezerra",Rennan de Freitas Bezerra Marujo,Instituto Nacional de Pesquisas Espaciais (INPE),Instituto Nacional de Pesquisas Espaciais (INPE)
8JMKD3MGPDW34P/43PR3A2,4,"Zaglia, Matheus Cavassan",Matheus Cavassan Zaglia,Instituto Nacional de Pesquisas Espaciais (INPE),Instituto Nacional de Pesquisas Espaciais (INPE)
8JMKD3MGPDW34P/43PR3A2,5,"Vinhas, Lubia",Lubia Vinhas,Instituto Nacional de Pesquisas Espaciais (INPE),Instituto Nacional de Pesquisas Espaciais (INPE)
8JMKD3MGPDW34P/43PR3A2,6,"Ferreira, Karine Reis",Karine Reis Ferreira,Instituto Nacional de Pesquisas Espaciais (INPE),Instituto Nacional de Pesquisas Espaciais (INPE)
8JMKD3MGPDW34P/43PR3A2,7,"Queiroz, Gilberto Ribeiro de",Gilberto Ribeiro de Queiroz,Instituto Nacional de Pesquisas Espaciais (INPE),Instituto Nacional de Pesquisas Espaciais (INPE)
8JMKD3MGPDW34P/43PR2U5,1,"Oliveira, Joel P. de",Joel P. de Oliveira,Centro Gestor e Operacional do Sistema de Proteçăo da Amazônia (CENSIPAM),Centro Gestor e Operacional do Sistema de Proteçăo da Amazônia (CENSIPAM)
8JMKD3MGPDW34P/43PR2U5,2,"Costa, Marly G. F.",Marly G. F. Costa,Universidade Federal do Amazonas (UFAM),Universidade Federal do Amazonas (UFAM)
8JMKD3MGPDW34P/43PR2U5,3,"Costa Filho, Cícero F. F.",Cícero F. F. Costa Filho,Universidade Federal do Amazonas (UFAM),Universidade Federal do Amazonas (UFAM)
8JMKD3MGPDW34P/43PQPCB,1,"Oliveira, Matheus A. de",Matheus A. de Oliveira,Universidade Federal de Viçosa (UFV),Universidade Federal de Viçosa (UFV)
8JMKD3MGPDW34P/43PQPCB,2,"Menezes, Marcelo de M.",Marcelo de M. Menezes,Universidade Federal de Viçosa (UFV),Universidade Federal de Viçosa (UFV)
8JMKD3MGPDW34P/43PQPCB,3,"Magalhăes, Salles V. G. de",Salles V. G. de Magalhăes,Universidade Federal de Viçosa (UFV),Universidade Federal de Viçosa (UFV)
8JMKD3MGPDW34P/43PQPCB,4,"Coelho, Bruno F.",Bruno F. Coelho,Universidade Federal de Viçosa (UFV),Universidade Federal de Viçosa (UFV)
8JMKD3MGPDW34P/43PQRLH,1,"Oliveira, Catrine dos Santos",Catrine dos Santos Oliveira,Universidade Federal de Săo Joăo Del Rei (UFSJ),Universidade Federal de Săo Joăo Del Rei (UFSJ)
8JMKD3MGPDW34P/43PQRLH,2,"Perreira, Marconi de Arruda",Marconi de Arruda Perreira,Universidade Federal de Săo Joăo Del Rei (UFSJ),Universidade Federal de Săo Joăo Del Rei (UFSJ)
8JMKD3MGPDW34P/43PQSDH,1,"Ribeiro, Renata Maciel",Renata Maciel Ribeiro,Instituto Nacional de Pesquisas Espaciais (INPE),Instituto Nacional de Pesquisas Espaciais (INPE)
8JMKD3MGPDW34P/43PQSDH,2,"Queiroz, Leonardo R.",Leonardo R. Queiroz,Instituto Nacional de Pesquisas Espaciais (INPE),Instituto Nacional de Pesquisas Espaciais (INPE)
8JMKD3MGPDW34P/43PQSDH,3,"Ribeiro, Luigi M.",Luigi M. Ribeiro,Universidade Estadual do Rio de Janeiro (UERJ),Universidade Estadual do Rio de Janeiro (UERJ)
8JMKD3MGPDW34P/43PQSDH,4,"Andrade, Pedro Ribeiro de",Pedro Ribeiro de Andrade,Instituto Nacional de Pesquisas Espaciais (INPE),Instituto Nacional de Pesquisas Espaciais (INPE)
8JMKD3MGPDW34P/43PQSDH,5,"Amaral, Silvana",Silvana Amaral,Instituto Nacional de Pesquisas Espaciais (INPE),Instituto Nacional de Pesquisas Espaciais (INPE)
8JMKD3MGPDW34P/43PQQ9P,1,"Ruiz, Isadora Haddad",Isadora Haddad Ruiz,Instituto Nacional de Pesquisas Espaciais (INPE),Instituto Nacional de Pesquisas Espaciais (INPE)
8JMKD3MGPDW34P/43PQQ9P,2,"Simőes, Philipe S.",Philipe S. Simőes,Instituto Nacional de Pesquisas Espaciais (INPE),Instituto Nacional de Pesquisas Espaciais (INPE)
8JMKD3MGPDW34P/43PQQ9P,3,"Silva, Gabriel M. da",Gabriel M. da Silva,Instituto Nacional de Pesquisas Espaciais (INPE),Instituto Nacional de Pesquisas Espaciais (INPE)
8JMKD3MGPDW34P/43PQQ9P,4,"Dutra, Andeise Cerqueira",Andeise Cerqueira Dutra,Instituto Nacional de Pesquisas Espaciais (INPE),Instituto Nacional de Pesquisas Espaciais (INPE)
8JMKD3MGPDW34P/43PQQ9P,5,"Shimabukuro, Yosio Edemir",Yosio Edemir Shimabukuro,Instituto Nacional de Pesquisas Espaciais (INPE),Instituto Nacional de Pesquisas Espaciais (INPE)
8JMKD3MGPDW34P/43PQQ9P,6,"Fonseca, Leila Maria Garcia",Leila Maria Garcia Fonseca,Instituto Nacional de Pesquisas Espaciais (INPE),Instituto Nacional de Pesquisas Espaciais (INPE)
8JMKD3MGPDW34P/43PQQ9P,7,"Galvăo, Lęnio Soares",Lęnio Soares Galvăo,Instituto Nacional de Pesquisas Espaciais (INPE),Instituto Nacional de Pesquisas Espaciais (INPE)
8JMKD3MGPDW34P/43PQRDS,1,"Souza, Fernando X. De",Fernando X. De Souza,Universidade Tecnologica Federal do Paraná (UTFPR),Universidade Tecnologica Federal do Paraná (UTFPR)
8JMKD3MGPDW34P/43PQRDS,2,"Bauer, Paulo R.",Paulo R. Bauer,Universidade Tecnologica Federal do Paraná (UTFPR),Universidade Tecnologica Federal do Paraná (UTFPR)
8JMKD3MGPDW34P/43PQRDS,3,"Fonseca, Keiko",Keiko Fonseca,Universidade Tecnologica Federal do Paraná (UTFPR),Universidade Tecnologica Federal do Paraná (UTFPR)
8JMKD3MGPDW34P/43PQRDS,4,"Gadda, Tatiana",Tatiana Gadda,Universidade Tecnologica Federal do Paraná (UTFPR),Universidade Tecnologica Federal do Paraná (UTFPR)
8JMKD3MGPDW34P/43PQRDS,5,"Berardi, Rita",Rita Berardi,Universidade Tecnologica Federal do Paraná (UTFPR),Universidade Tecnologica Federal do Paraná (UTFPR)
8JMKD3MGPDW34P/43PQRDS,6,"Kozievitch, Nádia P.",Nádia P. Kozievitch,Universidade Tecnologica Federal do Paraná (UTFPR),Universidade Tecnologica Federal do Paraná (UTFPR)
8JMKD3MGPDW34P/43PQTN5,1,"Terra, Talita Nogueira",Talita Nogueira Terra,Deutsche Gesellschaft für Internationale Zusammenarbeit (GIZ),Deutsche Gesellschaft für Internationale Zusammenarbeit (GIZ)
8JMKD3MGPDW34P/43PQTN5,2,"Luciano, Ana Cláudia dos Santos",Ana Cláudia dos Santos Luciano,Deutsche Gesellschaft für Internationale Zusammenarbeit (GIZ),Deutsche Gesellschaft für Internationale Zusammenarbeit (GIZ)
8JMKD3MGPDW34P/43PQTN5,3,"Esquerdo, Júlio César Dalla Mora",Júlio César Dalla Mora Esquerdo,Empresa Brasileira de Pesquisa Agropecuaria (Embrapa),Empresa Brasileira de Pesquisa Agropecuaria (Embrapa)
8JMKD3MGPDW34P/43PQTN5,4,"Coutinho, Alexandre Camargo",Alexandre Camargo Coutinho,Empresa Brasileira de Pesquisa Agrecuária (EMBRAPA),Empresa Brasileira de Pesquisa Agrecuária (EMBRAPA)
8JMKD3MGPDW34P/43PQTN5,5,"Antunes, Joăo Francisco Gonçalves",Joăo Francisco Gonçalves Antunes,Empresa Brasileira de Pesquisa Agropecuária (EMBRAPA),Empresa Brasileira de Pesquisa Agropecuária (EMBRAPA)
8JMKD3MGPDW34P/43PQTN5,6,"Santos, Joăo Luís dos",Joăo Luís dos Santos,Deutsche Gesellschaft für Internationale Zusammenarbeit (GIZ),Deutsche Gesellschaft für Internationale Zusammenarbeit (GIZ)
8JMKD3MGPDW34P/43PQTN5,7,"Bertolo, Lídia Sanches",Lídia Sanches Bertolo,Deutsche Gesellschaft für Internationale Zusammenarbeit (GIZ),Deutsche Gesellschaft für Internationale Zusammenarbeit (GIZ)
8JMKD3MGPDW34P/43PQQLS,1,"Uehara, Tatiana Dias Tardelli",Tatiana Dias Tardelli Uehara,Instituto Nacional de Pesquisas Espaciais (INPE),Instituto Nacional de Pesquisas Espaciais (INPE)
8JMKD3MGPDW34P/43PQQLS,2,"Camargo, Eduardo Celso Gerbi",Eduardo Celso Gerbi Camargo,Instituto Nacional de Pesquisas Espaciais (INPE),Instituto Nacional de Pesquisas Espaciais (INPE)
8JMKD3MGPDW34P/43PQQLS,3,"Sothe, Camile",Camile Sothe,McMaster University Hamilton,McMaster University Hamilton
8JMKD3MGPDW34P/43PQQLS,4,"Körting, Thales Sehn",Thales Sehn Körting,Instituto Nacional de Pesquisas Espaciais (INPE),Instituto Nacional de Pesquisas Espaciais (INPE)
8JMKD3MGPDW34P/43PR49L,1,"Dorigueto, Lucas F.",Lucas F. Dorigueto,Universidade Federal de Viçosa (UFV),Universidade Federal de Viçosa (UFV)
8JMKD3MGPDW34P/43PR49L,2,"Brumatti, Carlos H. T.",Carlos H. T. Brumatti,Universidade Federal de Viçosa (UFV),Universidade Federal de Viçosa (UFV)
8JMKD3MGPDW34P/43PR49L,3,"Figueiredo, Erick L.",Erick L. Figueiredo,Universidade Federal de Viçosa (UFV),Universidade Federal de Viçosa (UFV)
8JMKD3MGPDW34P/43PR49L,4,"Lisboa-Filho, Jugurta",Jugurta Lisboa-Filho,Universidade Federal de Viçosa (UFV),Universidade Federal de Viçosa (UFV)
8JMKD3MGPDW34P/43PR3JS,1,"Silvano, Tiago P.",Tiago P. Silvano,Instituto Militar de Engenharia (IME),Instituto Militar de Engenharia (IME)
8JMKD3MGPDW34P/43PR3JS,2,"Correa, Bryan M.",Bryan M. Correa,Instituto Militar de Engenharia (IME),Instituto Militar de Engenharia (IME)
8JMKD3MGPDW34P/43PR3JS,3,"Borba, Philipe",Philipe Borba,Universidade de Brasília (UnB),Universidade de Brasília (UnB)
8JMKD3MGPDW34P/43PR3JS,4,"Barbosa, Ivanildo",Ivanildo Barbosa,Instituto Militar de Engenharia (IME),Instituto Militar de Engenharia (IME)
8JMKD3MGPDW34R/3UFECJL,1,"Adeu, Rodrigo S. S.",Rodrigo S. S. Adeu,Embraer,Embraer
8JMKD3MGPDW34R/3UFECJL,2,"Ferreira, Karine Reis",Karine Reis Ferreira,Instituto Nacional de Pesquisas Espaciais (INPE),Instituto Nacional de Pesquisas Espaciais (INPE)
8JMKD3MGPDW34R/3UFECJL,3,"Andrade, Pedro Ribeiro de",Pedro Ribeiro de Andrade,Instituto Nacional de Pesquisas Espaciais (INPE),Instituto Nacional de Pesquisas Espaciais (INPE)
8JMKD3MGPDW34R/3UFECJL,4,"Santos, Lorena",Lorena Santos,Instituto Nacional de Pesquisas Espaciais (INPE),Instituto Nacional de Pesquisas Espaciais (INPE)
8JMKD3MGPDW34R/3UFEAPP,1,"Alcântara, Erick de Barros",Erick de Barros Alcântara,Universidade Federal de Săo Joăo Del Rei (UFSJ),Universidade Federal de Săo Joăo Del Rei (UFSJ)
8JMKD3MGPDW34R/3UFEAPP,2,"Pereira, Marconi de Arruda",Marconi de Arruda Pereira,Universidade Federal de Săo Joăo Del Rei (UFSJ),Universidade Federal de Săo Joăo Del Rei (UFSJ)
8JMKD3MGPDW34R/3UFEFKS,1,"Balan, Mário",Mário Balan,Empresa Brasileira de Pesquisa Agropecuária (EMBRAPA),Empresa Brasileira de Pesquisa Agropecuária (EMBRAPA)
8JMKD3MGPDW34R/3UFEFKS,2,"Daltio, Jaudete",Jaudete Daltio,Empresa Brasileira de Pesquisa Agropecuária (EMBRAPA),Empresa Brasileira de Pesquisa Agropecuária (EMBRAPA)
8JMKD3MGPDW34R/3UFHNPS,1,"Balan, Mário",Mário Balan,Empresa Brasileira de Pesquisa Agropecuária (EMBRAPA),Empresa Brasileira de Pesquisa Agropecuária (EMBRAPA)
8JMKD3MGPDW34R/3UFHNPS,2,"Daltio, Jaudete",Jaudete Daltio,3 Empresa Brasileira de Pesquisa Agropecuária (EMBRAPA),3 Empresa Brasileira de Pesquisa Agropecuária (EMBRAPA)
8JMKD3MGPDW34R/3UFHNPS,3,"Lucena, Cícero Cartaxo",Cícero Cartaxo Lucena,,
8JMKD3MGPDW34R/3UFE9UH,1,"Ber Kapel, Silvia Goldman",Silvia Goldman Ber Kapel,Universidade de Săo Paulo (USP),Universidade de Săo Paulo (USP)
8JMKD3MGPDW34R/3UFE9UH,2,"Almeida Júnior, Jorge Rady de",Jorge Rady de Almeida Júnior,Universidade de Săo Paulo (USP),Universidade de Săo Paulo (USP)
8JMKD3MGPDW34R/3UFEBTS,1,"Bezerra, Diego Xavier",Diego Xavier Bezerra,Instituto Nacional de Pesquisas Espaciais (INPE),Instituto Nacional de Pesquisas Espaciais (INPE)
8JMKD3MGPDW34R/3UFEBTS,2,"Nagel, Gustavo Willy",Gustavo Willy Nagel,Instituto Nacional de Pesquisas Espaciais (INPE),Instituto Nacional de Pesquisas Espaciais (INPE)
8JMKD3MGPDW34R/3UFEBTS,3,"Teixeira, Raíssa Caroline dos Santos",Raíssa Caroline dos Santos Teixeira,Instituto Nacional de Pesquisas Espaciais (INPE),Instituto Nacional de Pesquisas Espaciais (INPE)
8JMKD3MGPDW34R/3UFEBTS,4,"Coelho, Stella Correia Cesar",Stella Correia Cesar Coelho,Instituto Nacional de Pesquisas Espaciais (INPE),Instituto Nacional de Pesquisas Espaciais (INPE)
8JMKD3MGPDW34R/3UFEB3E,1,"Carvalho, Victor Alvarenga",Victor Alvarenga Carvalho,Universidade Federal de Viçosa (UFV),Universidade Federal de Viçosa (UFV)
8JMKD3MGPDW34R/3UFEB3E,2,"Correa, Sabrina Paes Leme Passos",Sabrina Paes Leme Passos Correa,Instituto Nacional de Pesquisas Espaciais (INPE),Instituto Nacional de Pesquisas Espaciais (INPE)
8JMKD3MGPDW34R/3UFEB3E,3,"Santos, Afonso de Paula dos",Afonso de Paula dos Santos,Universidade Federal de Viçosa (UFV),Universidade Federal de Viçosa (UFV)
8JMKD3MGPDW34R/3UFDDJE,1,"Ceccon, Vinícius",Vinícius Ceccon,Universidade Tecnológica Federal do Paraná (UTFPR),Universidade Tecnológica Federal do Paraná (UTFPR)
8JMKD3MGPDW34R/3UFDDJE,2,"Faria, Pedro Vinicius Yamamoto Agner de",Pedro Vinicius Yamamoto Agner de Faria,Universidade Tecnológica Federal do Paraná (UTFPR),Universidade Tecnológica Federal do Paraná (UTFPR)
8JMKD3MGPDW34R/3UFDDJE,3,"Batistella, Danielli",Danielli Batistella,Universidade Federal do Paraná (UFPR),Universidade Federal do Paraná (UFPR)
8JMKD3MGPDW34R/3UFDDJE,4,"Lima, Vanderlei Aparecido de",Vanderlei Aparecido de Lima,Universidade Federal do Paraná (UFPR),Universidade Federal do Paraná (UFPR)
8JMKD3MGPDW34R/3UFEA88,1,"Coimbra, Gabriel T. P.",Gabriel T. P. Coimbra,Universidade Federal de Viçosa (UFV),Universidade Federal de Viçosa (UFV)
8JMKD3MGPDW34R/3UFEA88,2,"Capanema, Cláudio Gustavo S.",Cláudio Gustavo S. Capanema,Universidade Federal de Viçosa (UFV),Universidade Federal de Viçosa (UFV)
8JMKD3MGPDW34R/3UFEA88,3,"Silva, Fabrício A.",Fabrício A. Silva,Universidade Federal de Viçosa (UFV),Universidade Federal de Viçosa (UFV)
8JMKD3MGPDW34R/3UFEA88,4,"Silva, Thais R. M. Braga",Thais R. M. Braga Silva,Universidade Federal de Viçosa (UFV),Universidade Federal de Viçosa (UFV)
8JMKD3MGPDW34R/3UFEGCS,1,"Conceiçăo, Katyanne Viana da",Katyanne Viana da Conceiçăo,Instituto Nacional de Pesquisas Espaciais (INPE),Instituto Nacional de Pesquisas Espaciais (INPE)
8JMKD3MGPDW34R/3UFEGCS,2,"Chaves, Michel Eustáquio Dantas",Michel Eustáquio Dantas Chaves,Instituto Nacional de Pesquisas Espaciais (INPE),Instituto Nacional de Pesquisas Espaciais (INPE)
8JMKD3MGPDW34R/3UFEAMH,1,"Duft, Daniel G.",Daniel G. Duft,Universidade de Săo Paulo (USP),Universidade de Săo Paulo (USP)
8JMKD3MGPDW34R/3UFEAMH,2,"Luciano, Ana C. S.",Ana C. S. Luciano,Universidade Estadual de Campinas (UNICAMP),Universidade Estadual de Campinas (UNICAMP)
8JMKD3MGPDW34R/3UFEAMH,3,"Fiorio, Peterson R.",Peterson R. Fiorio,Universidade de Săo Paulo (USP),Universidade de Săo Paulo (USP)
8JMKD3MGPDW34R/3UFDET2,1,"Dutra, Andeise Cerqueira",Andeise Cerqueira Dutra,Instituto Nacional de Pesquisas Espaciais (INPE),Instituto Nacional de Pesquisas Espaciais (INPE)
8JMKD3MGPDW34R/3UFDET2,2,"Arai, Egidio",Egidio Arai,Instituto Nacional de Pesquisas Espaciais (INPE),Instituto Nacional de Pesquisas Espaciais (INPE)
8JMKD3MGPDW34R/3UFDET2,3,"Shimabukuro, Yosio Edemir",Yosio Edemir Shimabukuro,Instituto Nacional de Pesquisas Espaciais (INPE),Instituto Nacional de Pesquisas Espaciais (INPE)
8JMKD3MGPDW34R/3UFDD9H,1,"Felgueiras, Carlos Alberto",Carlos Alberto Felgueiras,Instituto Nacional de Pesquisas Espaciais (INPE),Instituto Nacional de Pesquisas Espaciais (INPE)
8JMKD3MGPDW34R/3UFDD9H,2,"Ortiz, Jussara de Oliveira",Jussara de Oliveira Ortiz,Instituto Nacional de Pesquisas Espaciais (INPE),Instituto Nacional de Pesquisas Espaciais (INPE)
8JMKD3MGPDW34R/3UFDD9H,3,"Camargo, Eduardo Celso Gerbi",Eduardo Celso Gerbi Camargo,Instituto Nacional de Pesquisas Espaciais (INPE),Instituto Nacional de Pesquisas Espaciais (INPE)
8JMKD3MGPDW34R/3UFHP5P,1,"Fernandez, Mariela A.",Mariela A. Fernandez,Centro de Estudos da Metrópole,Centro de Estudos da Metrópole
8JMKD3MGPDW34R/3UFHP5P,2,"Barbosa, Rogerio J.",Rogerio J. Barbosa,Centro de Estudos da Metrópole,Centro de Estudos da Metrópole
8JMKD3MGPDW34R/3UFHN65,1,"Gontijo, Ewerton",Ewerton Gontijo,Tetra Tech Brasil,Tetra Tech Brasil
8JMKD3MGPDW34R/3UFHN65,2,"Rocha, Glaucio",Glaucio Rocha,3 Tetra Tech Brasil,3 Tetra Tech Brasil
8JMKD3MGPDW34R/3UFHN65,3,"Santana, Leonardo",Leonardo Santana,,
8JMKD3MGPDW34R/3UFHN65,4,"Branco, Felipe",Felipe Branco,Tetra Tech Brasil,Tetra Tech Brasil
8JMKD3MGPDW34R/3UFHN65,5,"Oliveira, Natalia",Natalia Oliveira,Tetra Tech Brasil,Tetra Tech Brasil
8JMKD3MGPDW34R/3UFEBM8,1,"Loti, Layane B. S.",Layane B. S. Loti,Universidade Federal de Viçosa (UFV),Universidade Federal de Viçosa (UFV)
8JMKD3MGPDW34R/3UFEBM8,2,"Medeiros, Nilcilene G.",Nilcilene G. Medeiros,Universidade Federal de Viçosa (UFV),Universidade Federal de Viçosa (UFV)
8JMKD3MGPDW34R/3UFEBM8,3,"Santos, Afonso de Paula dos",Afonso de Paula dos Santos,Universidade Federal de Viçosa (UFV),Universidade Federal de Viçosa (UFV)
8JMKD3MGPDW34R/3UFEBM8,4,"Lisboa-Filho, Jugurta",Jugurta Lisboa-Filho,Universidade Federal de Viçosa (UFV),Universidade Federal de Viçosa (UFV)
8JMKD3MGPDW34R/3UFDE98,1,"Martins, Felipe Ferraz",Felipe Ferraz Martins,Pontifícia Universidade Católica do Rio de Janeiro (PUC-Rio),Pontifícia Universidade Católica do Rio de Janeiro (PUC-Rio)
8JMKD3MGPDW34R/3UFDE98,2,"Zaglia, Matheus Cavassan",Matheus Cavassan Zaglia,Instituto Nacional de Pesquisas Espaciais (INPE),Instituto Nacional de Pesquisas Espaciais (INPE)
8JMKD3MGPDW34R/3UFEGQ2,1,"Matosak, Bruno Menini",Bruno Menini Matosak,Instituto Nacional de Pesquisas Espaciais (INPE),Instituto Nacional de Pesquisas Espaciais (INPE)
8JMKD3MGPDW34R/3UFEGQ2,2,"Rodrigues, Marcos Antônio de Almeida",Marcos Antônio de Almeida Rodrigues,Instituto Nacional de Pesquisas Espaciais (INPE),Instituto Nacional de Pesquisas Espaciais (INPE)
8JMKD3MGPDW34R/3UFEGQ2,3,"Uehara, Tatiana Dias Tardelli",Tatiana Dias Tardelli Uehara,Instituto Nacional de Pesquisas Espaciais (INPE),Instituto Nacional de Pesquisas Espaciais (INPE)
8JMKD3MGPDW34R/3UFEGQ2,4,"Körting, Thales Sehn",Thales Sehn Körting,Instituto Nacional de Pesquisas Espaciais (INPE),Instituto Nacional de Pesquisas Espaciais (INPE)
8JMKD3MGPDW34R/3UFEGQ2,5,"Fonseca, Leila Maria Garcia",Leila Maria Garcia Fonseca,Instituto Nacional de Pesquisas Espaciais (INPE),Instituto Nacional de Pesquisas Espaciais (INPE)
8JMKD3MGPDW34R/3UFHQTL,1,"Menezes, Marcelo de M.",Marcelo de M. Menezes,Universidade Federal de Viçosa (UFV),Universidade Federal de Viçosa (UFV)
8JMKD3MGPDW34R/3UFHQTL,2,"Magalhăes, Salles V. G. de",Salles V. G. de Magalhăes,Universidade Federal de Viçosa (UFV),Universidade Federal de Viçosa (UFV)
8JMKD3MGPDW34R/3UFHQTL,3,"Chichorro, Rodrigo E. de O. B.",Rodrigo E. de O. B. Chichorro,Universidade Federal de Viçosa (UFV),Universidade Federal de Viçosa (UFV)
8JMKD3MGPDW34R/3UFHQTL,4,"Oliveira, Matheus A. de",Matheus A. de Oliveira,Universidade Federal de Viçosa (UFV),Universidade Federal de Viçosa (UFV)
8JMKD3MGPDW34R/3UFHQTL,5,"Andrade, Marcus V. A.",Marcus V. A. Andrade,Universidade Federal de Viçosa (UFV),Universidade Federal de Viçosa (UFV)
8JMKD3MGPDW34R/3UFDFL2,1,"Monteiro, Cristiano Martins",Cristiano Martins Monteiro,Universidade Federal de Minas Gerais (UFMG),Universidade Federal de Minas Gerais (UFMG)
8JMKD3MGPDW34R/3UFDFL2,2,"Mateus, Geraldo Robson",Geraldo Robson Mateus,Universidade Federal de Minas Gerais (UFMG),Universidade Federal de Minas Gerais (UFMG)
8JMKD3MGPDW34R/3UFDFL2,3,"Davis Junior, Clodoveu Augusto",Clodoveu Augusto Davis Junior,Universidade Federal de Minas Gerais (UFMG),Universidade Federal de Minas Gerais (UFMG)
8JMKD3MGPDW34R/3UFEC9P,1,"Moreira, Noeli Aline Particcelli",Noeli Aline Particcelli Moreira,Instituto Nacional de Pesquisas Espaciais (INPE),Instituto Nacional de Pesquisas Espaciais (INPE)
8JMKD3MGPDW34R/3UFEC9P,2,"Körting, Thales Sehn",Thales Sehn Körting,Instituto Nacional de Pesquisas Espaciais (INPE),Instituto Nacional de Pesquisas Espaciais (INPE)
8JMKD3MGPDW34R/3UFEC9P,3,"Dutra, Luciano Vieira",Luciano Vieira Dutra,Instituto Nacional de Pesquisas Espaciais (INPE),Instituto Nacional de Pesquisas Espaciais (INPE)
8JMKD3MGPDW34R/3UFEC9P,4,"Castejon, Emiliano Ferreira",Emiliano Ferreira Castejon,Instituto Nacional de Pesquisas Espaciais (INPE),Instituto Nacional de Pesquisas Espaciais (INPE)
8JMKD3MGPDW34R/3UFEC9P,5,"Arai, Egidio",Egidio Arai,Instituto Nacional de Pesquisas Espaciais (INPE),Instituto Nacional de Pesquisas Espaciais (INPE)
8JMKD3MGPDW34R/3UFEAES,1,"Nagel, Gustavo Willy",Gustavo Willy Nagel,Instituto Nacional de Pesquisas Espaciais (INPE),Instituto Nacional de Pesquisas Espaciais (INPE)
8JMKD3MGPDW34R/3UFEAES,2,"Teixeira, Raíssa Caroline dos Santos",Raíssa Caroline dos Santos Teixeira,Instituto Nacional de Pesquisas Espaciais (INPE),Instituto Nacional de Pesquisas Espaciais (INPE)
8JMKD3MGPDW34R/3UFEAES,3,"Coelho, Stella Correia Cesar",Stella Correia Cesar Coelho,Instituto Nacional de Pesquisas Espaciais (INPE),Instituto Nacional de Pesquisas Espaciais (INPE)
8JMKD3MGPDW34R/3UFEB7S,1,"Nicolau, Luci A.",Luci A. Nicolau,Universidade Federal de Minas Gerais (UFMG),Universidade Federal de Minas Gerais (UFMG)
8JMKD3MGPDW34R/3UFEB7S,2,"Davis Jr., Clodoveu A.",Clodoveu A. Davis Jr.,Universidade Federal de Minas Gerais (UFMG),Universidade Federal de Minas Gerais (UFMG)
8JMKD3MGPDW34R/3UFDF6L,1,"Oliveira, Gabriela Carvalho de",Gabriela Carvalho de Oliveira,Instituto Nacional de Pesquisas Espaciais (INPE),Instituto Nacional de Pesquisas Espaciais (INPE)
8JMKD3MGPDW34R/3UFDF6L,2,"Anazawa, Tathiane Mayumi",Tathiane Mayumi Anazawa,Instituto Nacional de Pesquisas Espaciais (INPE),Instituto Nacional de Pesquisas Espaciais (INPE)
8JMKD3MGPDW34R/3UFDF6L,3,"Monteiro, Antônio Miguel Vieira",Antônio Miguel Vieira Monteiro,Instituto Nacional de Pesquisas Espaciais (INPE),Instituto Nacional de Pesquisas Espaciais (INPE)
8JMKD3MGPDW34R/3UFDG6B,1,"Oliveira, Sávio S. T. de",Sávio S. T. de Oliveira,Universidade Federal de Goiás (UFG),Universidade Federal de Goiás (UFG)
8JMKD3MGPDW34R/3UFDG6B,2,"Cardoso, Marcelo de C.",Marcelo de C. Cardoso,Universidade Federal de Goiás (UFG),Universidade Federal de Goiás (UFG)
8JMKD3MGPDW34R/3UFDG6B,3,"Bueno, Elivelton",Elivelton Bueno,Universidade Federal de Goiás (UFG),Universidade Federal de Goiás (UFG)
8JMKD3MGPDW34R/3UFDG6B,4,"Rodrigues, Vagner J. S.",Vagner J. S. Rodrigues,Universidade Federal de Goiás (UFG),Universidade Federal de Goiás (UFG)
8JMKD3MGPDW34R/3UFDG6B,5,"Martins, Wellington S.",Wellington S. Martins,Universidade Federal de Goiás (UFG),Universidade Federal de Goiás (UFG)
8JMKD3MGPDW34R/3UFDC38,1,"Pacheco, Gabriel de O. C.",Gabriel de O. C. Pacheco,Universidade Federal de Minas Gerais (UFMG),Universidade Federal de Minas Gerais (UFMG)
8JMKD3MGPDW34R/3UFDC38,2,"Davis Jr., Clodoveu A.",Clodoveu A. Davis Jr.,Universidade Federal de Minas Gerais (UFMG),Universidade Federal de Minas Gerais (UFMG)
8JMKD3MGPDW34R/3UFDELB,1,"Pletsch, Mikhaela Aloísia Jéssie Santos",Mikhaela Aloísia Jéssie Santos Pletsch,Instituto Nacional de Pesquisas Espaciais (INPE),Instituto Nacional de Pesquisas Espaciais (INPE)
8JMKD3MGPDW34R/3UFDELB,2,"Körting, Thales Sehn",Thales Sehn Körting,Instituto Nacional de Pesquisas Espaciais (INPE),Instituto Nacional de Pesquisas Espaciais (INPE)
8JMKD3MGPDW34R/3UFDELB,3,"Morita, Felipe Carraro",Felipe Carraro Morita,4 Instituto Nacional de Pesquisas Espaciais (INPE),4 Instituto Nacional de Pesquisas Espaciais (INPE)
8JMKD3MGPDW34R/3UFDELB,4,"Morelli, Fabiano",Fabiano Morelli,,
8JMKD3MGPDW34R/3UFDELB,5,"Bittencourt, Olga Oliveira",Olga Oliveira Bittencourt,Instituto Nacional de Pesquisas Espaciais (INPE),Instituto Nacional de Pesquisas Espaciais (INPE)
8JMKD3MGPDW34R/3UFDELB,6,"Victorino, Paulo Sérgio da Silva",Paulo Sérgio da Silva Victorino,Instituto Nacional de Pesquisas Espaciais (INPE),Instituto Nacional de Pesquisas Espaciais (INPE)
8JMKD3MGPDW34R/3UFDFDB,1,"Portela, Tarlis T.",Tarlis T. Portela,Universidade Federal de Santa Catarina (UFSC),Universidade Federal de Santa Catarina (UFSC)
8JMKD3MGPDW34R/3UFDFDB,2,"Vicenzi, Francisco",Francisco Vicenzi,Universidade Federal de Santa Catarina (UFSC),Universidade Federal de Santa Catarina (UFSC)
8JMKD3MGPDW34R/3UFDFDB,3,"Bogorny, Vania",Vania Bogorny,Universidade Federal de Santa Catarina (UFSC),Universidade Federal de Santa Catarina (UFSC)
8JMKD3MGPDW34R/3UFDE4P,1,"Sanchez, Alber",Alber Sanchez,Instituto Nacional de Pesquisas Espaciais (INPE),Instituto Nacional de Pesquisas Espaciais (INPE)
8JMKD3MGPDW34R/3UFDE4P,2,"Picoli, Michelle",Michelle Picoli,Instituto Nacional de Pesquisas Espaciais (INPE),Instituto Nacional de Pesquisas Espaciais (INPE)
8JMKD3MGPDW34R/3UFDE4P,3,"Andrade, Pedro Ribeiro de",Pedro Ribeiro de Andrade,Instituto Nacional de Pesquisas Espaciais (INPE),Instituto Nacional de Pesquisas Espaciais (INPE)
8JMKD3MGPDW34R/3UFDE4P,4,"Simőes, Rolf",Rolf Simőes,Instituto Nacional de Pesquisas Espaciais (INPE),Instituto Nacional de Pesquisas Espaciais (INPE)
8JMKD3MGPDW34R/3UFDE4P,5,"Santos, Lorena",Lorena Santos,Instituto Nacional de Pesquisas Espaciais (INPE),Instituto Nacional de Pesquisas Espaciais (INPE)
8JMKD3MGPDW34R/3UFDE4P,6,"Chaves, Michel",Michel Chaves,Instituto Nacional de Pesquisas Espaciais (INPE),Instituto Nacional de Pesquisas Espaciais (INPE)
8JMKD3MGPDW34R/3UFDE4P,7,"Begotti, Rodrigo",Rodrigo Begotti,8 Instituto Nacional de Pesquisas Espaciais (INPE),8 Instituto Nacional de Pesquisas Espaciais (INPE)
8JMKD3MGPDW34R/3UFDE4P,8,"Camara, Gilberto",Gilberto Camara,,
8JMKD3MGPDW34R/3UFEDJB,1,"Sansigolo, Gabriel",Gabriel Sansigolo,Instituto Nacional de Pesquisas Espaciais (INPE),Instituto Nacional de Pesquisas Espaciais (INPE)
8JMKD3MGPDW34R/3UFEDJB,2,"Queiroz, Gilberto Ribeiro de",Gilberto Ribeiro de Queiroz,Instituto Nacional de Pesquisas Espaciais (INPE),Instituto Nacional de Pesquisas Espaciais (INPE)
8JMKD3MGPDW34R/3UFEDJB,3,"Ferreira, Karine Reis",Karine Reis Ferreira,Instituto Nacional de Pesquisas Espaciais (INPE),Instituto Nacional de Pesquisas Espaciais (INPE)
8JMKD3MGPDW34R/3UFE9F8,1,"Santos, Pedro Henrique",Pedro Henrique Santos,Universidade de Săo Paulo (USP),Universidade de Săo Paulo (USP)
8JMKD3MGPDW34R/3UFE9F8,2,"Gimenez, Leandro Maria",Leandro Maria Gimenez,Universidade de Săo Paulo (USP),Universidade de Săo Paulo (USP)
8JMKD3MGPDW34R/3UFE9F8,3,"Maldaner, Leonardo Felipe",Leonardo Felipe Maldaner,Universidade de Săo Paulo (USP),Universidade de Săo Paulo (USP)
8JMKD3MGPDW34R/3UFE9F8,4,"Duarte, Cássio da Costa",Cássio da Costa Duarte,Universidade de Săo Paulo (USP),Universidade de Săo Paulo (USP)
8JMKD3MGPDW34R/3UFEEQL,1,"Santos, Murilo Cunha dos",Murilo Cunha dos Santos,Universidade Federal de Goiás (UFG),Universidade Federal de Goiás (UFG)
8JMKD3MGPDW34R/3UFEEQL,2,"Oliveira, Thiago Borges de",Thiago Borges de Oliveira,Universidade Federal de Goiás (UFG),Universidade Federal de Goiás (UFG)
8JMKD3MGPDW34R/3UFEG68,1,"Silva, Roberto F.",Roberto F. Silva,Universidade de Săo Paulo (USP),Universidade de Săo Paulo (USP)
8JMKD3MGPDW34R/3UFEG68,2,"Sousa, Alex da S.",Alex da S. Sousa,Universidade de Săo Paulo (USP),Universidade de Săo Paulo (USP)
8JMKD3MGPDW34R/3UFEG68,3,"Xavier, Fernando",Fernando Xavier,Universidade de Săo Paulo (USP),Universidade de Săo Paulo (USP)
8JMKD3MGPDW34R/3UFEG68,4,"Galvani, Emerson",Emerson Galvani,Universidade de Săo Paulo (USP),Universidade de Săo Paulo (USP)
8JMKD3MGPDW34R/3UFEG68,5,"Mostaço, Gustavo M.",Gustavo M. Mostaço,Universidade de Săo Paulo (USP),Universidade de Săo Paulo (USP)
8JMKD3MGPDW34R/3UFEG68,6,"Saraiva, Antonio M.",Antonio M. Saraiva,Universidade de Săo Paulo (USP),Universidade de Săo Paulo (USP)
8JMKD3MGPDW34R/3UFEG68,7,"Cugnasca, Carlos E.",Carlos E. Cugnasca,Universidade de Săo Paulo (USP),Universidade de Săo Paulo (USP)
8JMKD3MGPDW34R/3UFEG68,8,"Ross, Jurandyr L. S.",Jurandyr L. S. Ross,Universidade de Săo Paulo (USP),Universidade de Săo Paulo (USP)
8JMKD3MGPDW34R/3UFHMQ8,1,"Souza, Felipe Carvalho de",Felipe Carvalho de Souza,Instituto Nacional de Pesquisas Espaciais (INPE),Instituto Nacional de Pesquisas Espaciais (INPE)
8JMKD3MGPDW34R/3UFHMQ8,2,"Santos, Rafael Duarte Coelho dos",Rafael Duarte Coelho dos Santos,Instituto Nacional de Pesquisas Espaciais (INPE),Instituto Nacional de Pesquisas Espaciais (INPE)
8JMKD3MGPDW34R/3UFHMQ8,3,"Ferreira, Karine Reis",Karine Reis Ferreira,Instituto Nacional de Pesquisas Espaciais (INPE),Instituto Nacional de Pesquisas Espaciais (INPE)
8JMKD3MGPDW34R/3UFHNH8,1,"Sperandio, Vinícius G.",Vinícius G. Sperandio,Universidade Federal de Viçosa (UFV),Universidade Federal de Viçosa (UFV)
8JMKD3MGPDW34R/3UFHNH8,2,"Tavares, Carlos Henrique",Carlos Henrique Tavares,Universidade Federal de Viçosa (UFV),Universidade Federal de Viçosa (UFV)
8JMKD3MGPDW34R/3UFHNH8,3,"Lisboa-Filho, Jugurta",Jugurta Lisboa-Filho,Universidade Federal de Viçosa (UFV),Universidade Federal de Viçosa (UFV)
8JMKD3MGPDW34R/3UFEBCB,1,"Teixeira, Patrícia dos Santos",Patrícia dos Santos Teixeira,Universidade Federal de Viçosa (UFV),Universidade Federal de Viçosa (UFV)
8JMKD3MGPDW34R/3UFEBCB,2,"Santos, Afonso de Paula dos",Afonso de Paula dos Santos,Universidade Federal de Viçosa (UFV),Universidade Federal de Viçosa (UFV)
8JMKD3MGPDW34R/3UFEE95,1,"Tomasiello, Diego B.",Diego B. Tomasiello,Universidade de Săo Paulo (USP),Universidade de Săo Paulo (USP)
8JMKD3MGPDW34R/3UFEE95,2,"Giannotti, Mariana",Mariana Giannotti,Universidade de Săo Paulo (USP),Universidade de Săo Paulo (USP)
8JMKD3MGPDW34R/3UFEE95,3,"Feitosa, Flávia F.",Flávia F. Feitosa,Universidade Federal do ABC (UFABC),Universidade Federal do ABC (UFABC)
8JMKD3MGPDW34R/3UFEF4B,1,"Tonon, Guilherme Silva",Guilherme Silva Tonon,Universidade Federal de Goiás (UFG),Universidade Federal de Goiás (UFG)
8JMKD3MGPDW34R/3UFEF4B,2,"Oliveira, Thiago Borges de",Thiago Borges de Oliveira,Universidade Federal de Goiás (UFG),Universidade Federal de Goiás (UFG)
8JMKD3MGPDW34R/3UFDD2S,1,"Trindade, Nielson S.",Nielson S. Trindade,Universidade Salvador (Unifacs),Universidade Salvador (Unifacs)
8JMKD3MGPDW34R/3UFDD2S,2,"Kronbauer, Artur H.",Artur H. Kronbauer,Universidade Salvador (UNIFACS),Universidade Salvador (UNIFACS)
8JMKD3MGPDW34R/3UFDD2S,3,"Aragăo, Helder G.",Helder G. Aragăo,Universidade Salvador (UNIFACS),Universidade Salvador (UNIFACS)
8JMKD3MGPDW34R/3UFDD2S,4,"Campos, Jorge",Jorge Campos,Universidade Salvador (UNIFACS),Universidade Salvador (UNIFACS)
8JMKD3MGPDW34R/3UFE9MS,1,"Uehara, Tatiana Dias Tardelli",Tatiana Dias Tardelli Uehara,Instituto Nacional de Pesquisas Espaciais (INPE),Instituto Nacional de Pesquisas Espaciais (INPE)
8JMKD3MGPDW34R/3UFE9MS,2,"Correa, Sabrina Paes Leme Passos",Sabrina Paes Leme Passos Correa,Instituto Nacional de Pesquisas Espaciais (INPE),Instituto Nacional de Pesquisas Espaciais (INPE)
8JMKD3MGPDW34R/3UFE9MS,3,"Quevedo, Renata Pacheco",Renata Pacheco Quevedo,Instituto Nacional de Pesquisas Espaciais (INPE),Instituto Nacional de Pesquisas Espaciais (INPE)
8JMKD3MGPDW34R/3UFE9MS,4,"Körting, Thales Sehn",Thales Sehn Körting,Instituto Nacional de Pesquisas Espaciais (INPE),Instituto Nacional de Pesquisas Espaciais (INPE)
8JMKD3MGPDW34R/3UFE9MS,5,"Dutra, Luciano Vieira",Luciano Vieira Dutra,Instituto Nacional de Pesquisas Espaciais (INPE),Instituto Nacional de Pesquisas Espaciais (INPE)
8JMKD3MGPDW34R/3UFE9MS,6,"Rennó, Camilo Daleles",Camilo Daleles Rennó,Instituto Nacional de Pesquisas Espaciais (INPE),Instituto Nacional de Pesquisas Espaciais (INPE)
8JMKD3MGPDW34R/3UFEFD8,1,"Zaglia, Matheus C.",Matheus C. Zaglia,2 Instituto Nacional de Pesquisas Espaciais (INPE),2 Instituto Nacional de Pesquisas Espaciais (INPE)
8JMKD3MGPDW34R/3UFEFD8,2,"Vinhas, Lubia",Lubia Vinhas,,
8JMKD3MGPDW34R/3UFEFD8,3,"Queiroz, Gilberto Ribeiro",Gilberto Ribeiro Queiroz,Instituto Nacional de Pesquisas Espaciais (INPE),Instituto Nacional de Pesquisas Espaciais (INPE)
8JMKD3MGPDW34R/3UFEFD8,4,"Simoes, Rolf Ezequiel de Oliveira",Rolf Ezequiel de Oliveira Simoes,Instituto Nacional de Pesquisas Espaciais (INPE),Instituto Nacional de Pesquisas Espaciais (INPE)
8JMKD3MGPDW34R/3UFEE2E,1,"Zioti, Fabiana",Fabiana Zioti,Instituto Nacional de Pesquisas Espaciais (INPE),Instituto Nacional de Pesquisas Espaciais (INPE)
8JMKD3MGPDW34R/3UFEE2E,2,"Queiroz, Gilberto Ribeiro de",Gilberto Ribeiro de Queiroz,Instituto Nacional de Pesquisas Espaciais (INPE),Instituto Nacional de Pesquisas Espaciais (INPE)
8JMKD3MGPDW34R/3UFEE2E,3,"Ferreira, Karine Reis",Karine Reis Ferreira,Instituto Nacional de Pesquisas Espaciais (INPE),Instituto Nacional de Pesquisas Espaciais (INPE)
8JMKD3MGPDW34P/3SEUN7L,1,"Alic, Andy S",Andy S Alic,Universitat Politecnica de Valencia,Universitat Politecnica de Valencia
8JMKD3MGPDW34P/3SEUN7L,2,"Almeida, Jussara",Jussara Almeida,Universidade Federal de Minas Gerais (UFMG),Universidade Federal de Minas Gerais (UFMG)
8JMKD3MGPDW34P/3SEUN7L,3,"Meira Junior, Wagner",Wagner Meira Junior,Universidade Federal de Minas Gerais (UFMG),Universidade Federal de Minas Gerais (UFMG)
8JMKD3MGPDW34P/3SEUN7L,4,"Guedes, Dorgival",Dorgival Guedes,Universidade Federal de Minas Gerais (UFMG),Universidade Federal de Minas Gerais (UFMG)
8JMKD3MGPDW34P/3SEUN7L,5,"Santos, Walter dos",Walter dos Santos,Universidade Federal de Minas Gerais (UFMG),Universidade Federal de Minas Gerais (UFMG)
8JMKD3MGPDW34P/3SEUN7L,6,"Blanquer, Ignacio",Ignacio Blanquer,Universitat Politecnica de Valencia,Universitat Politecnica de Valencia
8JMKD3MGPDW34P/3SEUN7L,7,"Fiore, Sandro",Sandro Fiore,Fondazione Centro Euro-Mediterraneo sui Cambiamenti Climatici (CMCC),Fondazione Centro Euro-Mediterraneo sui Cambiamenti Climatici (CMCC)
8JMKD3MGPDW34P/3SEUN7L,8,"Kozievitch, Nadia",Nadia Kozievitch,Universidade Tecnológica Federal do Paraná (UTFPR),Universidade Tecnológica Federal do Paraná (UTFPR)
8JMKD3MGPDW34P/3SEUN7L,9,"Andrade, Nazareno",Nazareno Andrade,Universidade Federal de Campina Grande (UFCG),Universidade Federal de Campina Grande (UFCG)
8JMKD3MGPDW34P/3SEUN7L,10,"Braz, Tarciso",Tarciso Braz,Universidade Federal de Campina Grande (UFCG),Universidade Federal de Campina Grande (UFCG)
8JMKD3MGPDW34P/3SEUN7L,11,"Brito, Andrey",Andrey Brito,Universidade Federal de Campina Grande (UFCG),Universidade Federal de Campina Grande (UFCG)
8JMKD3MGPDW34P/3SEUN7L,12,"Pires, Carlos Eduardo",Carlos Eduardo Pires,Universidade Federal de Campina Grande (UFCG),Universidade Federal de Campina Grande (UFCG)
8JMKD3MGPDW34P/3SEUN7L,13,"Antunes, Nuno",Nuno Antunes,Universidade de Coimbra,Universidade de Coimbra
8JMKD3MGPDW34P/3SEUN7L,14,"Vieira, Marco",Marco Vieira,Universidade de Coimbra,Universidade de Coimbra
8JMKD3MGPDW34P/3SEUN7L,15,"Silva, Paulo",Paulo Silva,Universidade de Coimbra,Universidade de Coimbra
8JMKD3MGPDW34P/3SEUN7L,16,"Ardagna, Danilo",Danilo Ardagna,Politecnico di Milano,Politecnico di Milano
8JMKD3MGPDW34P/3SEUN7L,17,"Fonseca, Keiko",Keiko Fonseca,Universidade Tecnológica Federal do Paraná (UTFPR),Universidade Tecnológica Federal do Paraná (UTFPR)
8JMKD3MGPDW34P/3SEUN7L,18,"Lezzi, Daniele",Daniele Lezzi,Barcelona Supercomputing Center (BSC),Barcelona Supercomputing Center (BSC)
8JMKD3MGPDW34P/3SEUN7L,19,"Elia, Donatello",Donatello Elia,Fondazione Centro Euro-Mediterraneo sui Cambiamenti Climatici (CMCC),Fondazione Centro Euro-Mediterraneo sui Cambiamenti Climatici (CMCC)
8JMKD3MGPDW34P/3SEUN7L,20,"Moraes, Regina",Regina Moraes,Universidade Estadual de Campinas (UNICAMP),Universidade Estadual de Campinas (UNICAMP)
8JMKD3MGPDW34P/3SEUN7L,21,"Basso, Tania",Tania Basso,Universidade Estadual de Campinas (UNICAMP),Universidade Estadual de Campinas (UNICAMP)
8JMKD3MGPDW34P/3SEUN7L,22,"Cavassin, Wilian H.",Wilian H. Cavassin,Universidade Tecnologica Federal do Paraná (UTFPR),Universidade Tecnologica Federal do Paraná (UTFPR)
8JMKD3MGPDW34P/3SEURDB,1,"Andrade, Sidgley C. de",Sidgley C. de Andrade,Universidade Tecnologia Federal do Paraná (UTFPR),Universidade Tecnologia Federal do Paraná (UTFPR)
8JMKD3MGPDW34P/3SEURDB,2,"Degrossi, Livia Castro",Livia Castro Degrossi,Universidade de Săo Paulo (USP),Universidade de Săo Paulo (USP)
8JMKD3MGPDW34P/3SEURDB,3,"Restrepo-Estrada, Camilo",Camilo Restrepo-Estrada,University of Antioquia,University of Antioquia
8JMKD3MGPDW34P/3SEURDB,4,"Delbem, Alexandre C. B.",Alexandre C. B. Delbem,Universidade de Săo Paulo (USP),Universidade de Săo Paulo (USP)
8JMKD3MGPDW34P/3SEURDB,5,"Albuquerque, Joăo Porto de",Joăo Porto de Albuquerque,University of Warwick,University of Warwick
8JMKD3MGPDW34P/3SEUQ98,1,"Carniel, Anderson Chaves",Anderson Chaves Carniel,Universidade de SŃo Paulo (USP),Universidade de SŃo Paulo (USP)
8JMKD3MGPDW34P/3SEUQ98,2,"Roumelis, George",George Roumelis,University of Thessaly,University of Thessaly
8JMKD3MGPDW34P/3SEUQ98,3,"Ciferri, Ricardo Rodrigues",Ricardo Rodrigues Ciferri,Universidade Federal de SŃo Carlos (UFSCar),Universidade Federal de SŃo Carlos (UFSCar)
8JMKD3MGPDW34P/3SEUQ98,4,"Vassilakopoulos, Michael",Michael Vassilakopoulos,University of Thessaly,University of Thessaly
8JMKD3MGPDW34P/3SEUQ98,5,"Corral, Antonio",Antonio Corral,University of Almeria,University of Almeria
8JMKD3MGPDW34P/3SEUQ98,6,"Ciferri, Cristina Dutra de Aguiar",Cristina Dutra de Aguiar Ciferri,Universidade de SŃo Paulo (USP),Universidade de SŃo Paulo (USP)
8JMKD3MGPDW34P/3SEUQFS,1,"Castro, Joăo Pedro de Carvalho",Joăo Pedro de Carvalho Castro,Universidade de Săo Paulo (USP),Universidade de Săo Paulo (USP)
8JMKD3MGPDW34P/3SEUQFS,2,"Carniel, Anderson Chaves",Anderson Chaves Carniel,Universidade de Săo Paulo (USP),Universidade de Săo Paulo (USP)
8JMKD3MGPDW34P/3SEUQFS,3,"Ciferri, Cristina Dutra de Aguiar",Cristina Dutra de Aguiar Ciferri,Universidade de Săo Paulo (USP),Universidade de Săo Paulo (USP)
8JMKD3MGPDW34P/3SG4ELB,1,"Castro, Mairon Q.",Mairon Q. Castro,Universidade Federal de Minas Gerais (UFMG),Universidade Federal de Minas Gerais (UFMG)
8JMKD3MGPDW34P/3SG4ELB,2,"Davis-Jr, Clodoveu A.",Clodoveu A. Davis-Jr,Universidade Federal de Minas Gerais (UFMG),Universidade Federal de Minas Gerais (UFMG)
8JMKD3MGPDW34P/3SG4FHP,1,"Cavalcante, Juliana L. S. B.",Juliana L. S. B. Cavalcante,Universidade Tecnológica Federal do Paraná (UTFPR),Universidade Tecnológica Federal do Paraná (UTFPR)
8JMKD3MGPDW34P/3SG4FHP,2,"S. Neto, Mozart",Mozart S. Neto,Universidade Tecnológica Federal do Paraná (UTFPR),Universidade Tecnológica Federal do Paraná (UTFPR)
8JMKD3MGPDW34P/3SG4FHP,3,"Kozievitch, Nadia P.",Nadia P. Kozievitch,Universidade Tecnológica Federal do Paraná (UTFPR),Universidade Tecnológica Federal do Paraná (UTFPR)
8JMKD3MGPDW34P/3SG4DG8,1,"Gonçalves, Gabriel Crivellaro",Gabriel Crivellaro Gonçalves,Instituto Nacional de Pesquisas Espaciais (INPE),Instituto Nacional de Pesquisas Espaciais (INPE)
8JMKD3MGPDW34P/3SG4DG8,2,"Souza, Lucas Augusto de",Lucas Augusto de Souza,Instituto Nacional de Pesquisas Espaciais (INPE),Instituto Nacional de Pesquisas Espaciais (INPE)
8JMKD3MGPDW34P/3SG4DG8,3,"Escada, Maria Isabel Sobral",Maria Isabel Sobral Escada,Instituto Nacional de Pesquisas Espaciais (INPE),Instituto Nacional de Pesquisas Espaciais (INPE)
8JMKD3MGPDW34P/3SG4DG8,4,"Amaral, Silvana",Silvana Amaral,Instituto Nacional de Pesquisas Espaciais (INPE),Instituto Nacional de Pesquisas Espaciais (INPE)
8JMKD3MGPDW34P/3SEUR4E,1,"Mariano, Rodrigo Monteiro",Rodrigo Monteiro Mariano,Instituto Nacional de Pesquisas Espaciais (INPE),Instituto Nacional de Pesquisas Espaciais (INPE)
8JMKD3MGPDW34P/3SEUR4E,2,"Gomes, Karine Reis Ferreira",Karine Reis Ferreira Gomes,Instituto Nacional de Pesquisas Espaciais (INPE),Instituto Nacional de Pesquisas Espaciais (INPE)
8JMKD3MGPDW34P/3SEUR4E,3,"Ferla, Luis A. C.",Luis A. C. Ferla,Universidade Federal de Săo Paulo,Universidade Federal de Săo Paulo
8JMKD3MGPDW34P/3SEUQQP,1,"Medeiros, Iara dos S.",Iara dos S. Medeiros,Universidade Federal da Paraíba (UFPB),Universidade Federal da Paraíba (UFPB)
8JMKD3MGPDW34P/3SEUQQP,2,"Assis, Hugo Y. E. G. de",Hugo Y. E. G. de Assis,Universidade Federal da Paraíba (UFPB),Universidade Federal da Paraíba (UFPB)
8JMKD3MGPDW34P/3SEUQQP,3,"Dantas, Mayara de S.",Mayara de S. Dantas,Universidade Federal da Paraíba (UFPB),Universidade Federal da Paraíba (UFPB)
8JMKD3MGPDW34P/3SEUQQP,4,"Clemente, Tiago S.",Tiago S. Clemente,Universidade Federal da Paraíba (UFPB),Universidade Federal da Paraíba (UFPB)
8JMKD3MGPDW34P/3SEUQQP,5,"Almeida, Nadjacleia V.",Nadjacleia V. Almeida,Universidade Federal da Paraíba (UFPB),Universidade Federal da Paraíba (UFPB)
8JMKD3MGPDW34P/3SG4E4P,1,"Moreira, Noeli Aline Particcelli",Noeli Aline Particcelli Moreira,Instituto Nacional de Pesquisas Espaciais (INPE),Instituto Nacional de Pesquisas Espaciais (INPE)
8JMKD3MGPDW34P/3SG4E4P,2,"Körting, Thales Sehn",Thales Sehn Körting,Instituto Nacional de Pesquisas Espaciais (INPE),Instituto Nacional de Pesquisas Espaciais (INPE)
8JMKD3MGPDW34P/3SG4E4P,3,"Dutra, Luciano Vieira",Luciano Vieira Dutra,Instituto Nacional de Pesquisas Espaciais (INPE),Instituto Nacional de Pesquisas Espaciais (INPE)
8JMKD3MGPDW34P/3SG4E4P,4,"Castejon, Emiliano Ferreira",Emiliano Ferreira Castejon,Instituto Nacional de Pesquisas Espaciais (INPE),Instituto Nacional de Pesquisas Espaciais (INPE)
8JMKD3MGPDW34P/3SG4E4P,5,"Arai, Egidio",Egidio Arai,Instituto Nacional de Pesquisas Espaciais (INPE),Instituto Nacional de Pesquisas Espaciais (INPE)
8JMKD3MGPDW34P/3SG4D9H,1,"Moroz, Cassiano Bastos",Cassiano Bastos Moroz,Universidade Federal do Paraná (UFPR),Universidade Federal do Paraná (UFPR)
8JMKD3MGPDW34P/3SG4D9H,2,"Bastos, Jorge Tiago",Jorge Tiago Bastos,Universidade Federal do Paraná (UFPR),Universidade Federal do Paraná (UFPR)
8JMKD3MGPDW34P/3SEUPLL,1,"Oliveira, Savio S. T. de",Savio S. T. de Oliveira,Universidade Federal de Goiás (UFG),Universidade Federal de Goiás (UFG)
8JMKD3MGPDW34P/3SEUPLL,2,"Pascoal, Luiz M. L.",Luiz M. L. Pascoal,Universidade Federal de Goiás (UFG),Universidade Federal de Goiás (UFG)
8JMKD3MGPDW34P/3SEUPLL,3,"Ferreira, Laerte",Laerte Ferreira,Universidade Federal de Goiás (UFG),Universidade Federal de Goiás (UFG)
8JMKD3MGPDW34P/3SEUPLL,4,"Cardoso, Marcelo de C.",Marcelo de C. Cardoso,Universidade Federal de Goiás (UFG),Universidade Federal de Goiás (UFG)
8JMKD3MGPDW34P/3SEUPLL,5,"Bueno, Elivelton",Elivelton Bueno,Universidade Federal de Goiás (UFG),Universidade Federal de Goiás (UFG)
8JMKD3MGPDW34P/3SEUPLL,6,"Rodrigues, Vagner J. S.",Vagner J. S. Rodrigues,Universidade Federal de Goiás (UFG),Universidade Federal de Goiás (UFG)
8JMKD3MGPDW34P/3SEUPLL,7,"Martins, Wellington S.",Wellington S. Martins,Universidade Federal de Goiás (UFG),Universidade Federal de Goiás (UFG)
8JMKD3MGPDW34P/3SG4CTL,1,Queiroz​,Queiroz​,Instituto Nacional do Semiárido (INSA),Instituto Nacional do Semiárido (INSA)
8JMKD3MGPDW34P/3SG4CTL,2,", Heithor Alexandre de Araujo",Heithor Alexandre de Araujo ,Instituto Nacional do Semiárido (INSA),Instituto Nacional do Semiárido (INSA)
8JMKD3MGPDW34P/3SG4CTL,3,​,​,Instituto Nacional do Semiárido (INSA),Instituto Nacional do Semiárido (INSA)
8JMKD3MGPDW34P/3SG4CTL,4,Dantas​,Dantas​,Universidade Federal de Campina Grande (UFCG),Universidade Federal de Campina Grande (UFCG)
8JMKD3MGPDW34P/3SG4CTL,5,", Bruno Cardoso",Bruno Cardoso ,Instituto Nacional do Semiárido (INSA),Instituto Nacional do Semiárido (INSA)
8JMKD3MGPDW34P/3SG4CTL,6,​,​,Universidade Federal de Campina Grande (UFCG),Universidade Federal de Campina Grande (UFCG)
8JMKD3MGPDW34P/3SG4CTL,7,Silva-Neto​,Silva-Neto​,Universidade Federal de Campina Grande (UFCG),Universidade Federal de Campina Grande (UFCG)
8JMKD3MGPDW34P/3SG4CTL,8,", Ciicero Fidelis da",Ciicero Fidelis da ,Instituto Nacional do Semiárido (INSA),Instituto Nacional do Semiárido (INSA)
8JMKD3MGPDW34P/3SG4CTL,9,​,​,,
8JMKD3MGPDW34P/3SG4CTL,10,"Pereira, Thiago Emmanuel",Thiago Emmanuel Pereira,,
8JMKD3MGPDW34P/3SG4CTL,11,Lima​,Lima​,,
8JMKD3MGPDW34P/3SG4CTL,12,", Ricardo da Cunha Correia",Ricardo da Cunha Correia ,,
8JMKD3MGPDW34P/3SEUPTB,1,"Pontes, Stefano W. P.",Stefano W. P. Pontes,Universidade Federal do Maranhăo (UFMA),Universidade Federal do Maranhăo (UFMA)
8JMKD3MGPDW34P/3SEUPTB,2,"Borchartt, Tiago B.",Tiago B. Borchartt,Universidade Federal do Maranhăo (UFMA),Universidade Federal do Maranhăo (UFMA)
8JMKD3MGPDW34P/3SEUPTB,3,"Costa-Junior, Livio M.",Livio M. Costa-Junior,Universidade Federal do Maranhăo (UFMA),Universidade Federal do Maranhăo (UFMA)
8JMKD3MGPDW34P/3SEUNGH,1,"Ribeiro, Leandro S.",Leandro S. Ribeiro,Universidade de Brasília (UnB),Universidade de Brasília (UnB)
8JMKD3MGPDW34P/3SEUNGH,2,"Faleiros, Thiago P.",Thiago P. Faleiros,Universidade de Brasília (UnB),Universidade de Brasília (UnB)
8JMKD3MGPDW34P/3SEUNGH,3,"Holanda, Maristela",Maristela Holanda,Universidade de Brasília (UnB),Universidade de Brasília (UnB)
8JMKD3MGPDW34P/3SG4EDL,1,"Silva, Josemar Pereira da",Josemar Pereira da Silva,Universidade Federal do Paranß (UFPR),Universidade Federal do Paranß (UFPR)
8JMKD3MGPDW34P/3SG4EDL,2,"Guarneri, Henrique",Henrique Guarneri,Universidade Federal do Paranß (UFPR),Universidade Federal do Paranß (UFPR)
8JMKD3MGPDW34P/3SG4EDL,3,"Arenas, Flavia Cristina",Flavia Cristina Arenas,Universidade Federal do Paranß (UFPR),Universidade Federal do Paranß (UFPR)
8JMKD3MGPDW34P/3SG4EDL,4,"Paula, Eduardo Vedor de",Eduardo Vedor de Paula,Universidade Federal do Paranß (UFPR),Universidade Federal do Paranß (UFPR)
8JMKD3MGPDW34P/3SG4EDL,5,"Camboim, Silvana Phillipi",Silvana Phillipi Camboim,Universidade Federal do Paranß (UFPR),Universidade Federal do Paranß (UFPR)
8JMKD3MGPDW34P/3SEUP9H,1,"Siqueira, Flavia",Flavia Siqueira,Universidade Federal do Paraná (UFPR),Universidade Federal do Paraná (UFPR)
8JMKD3MGPDW34P/3SEUP9H,2,"Camara, Gabriele Silveira",Gabriele Silveira Camara,Universidade Federal do Paraná (UFPR),Universidade Federal do Paraná (UFPR)
8JMKD3MGPDW34P/3SEUP9H,3,"Camboim, Silvana Philippi",Silvana Philippi Camboim,Universidade Federal do Paraná (UFPR),Universidade Federal do Paraná (UFPR)
8JMKD3MGPDW34P/3SG4DR5,1,"Souza, Raissa P. P. M.",Raissa P. P. M. Souza,Universidade Federal de Viçosa (UFV),Universidade Federal de Viçosa (UFV)
8JMKD3MGPDW34P/3SG4DR5,2,"Silva, Fabricio A.",Fabricio A. Silva,Universidade Federal de Viçosa (UFV),Universidade Federal de Viçosa (UFV)
8JMKD3MGPDW34P/3SG4DR5,3,"Silva, Thais Regina M. B.",Thais Regina M. B. Silva,Universidade Federal de Viçosa (UFV),Universidade Federal de Viçosa (UFV)
8JMKD3MGPDW34P/3SEUP2S,1,"Sperandio, Vinicius Garcia",Vinicius Garcia Sperandio,Universidade Federal de Viçosa (UFV),Universidade Federal de Viçosa (UFV)
8JMKD3MGPDW34P/3SEUP2S,2,"Dias, Vitor Eduardo Concesso",Vitor Eduardo Concesso Dias,Universidade Federal de Viçosa (UFV),Universidade Federal de Viçosa (UFV)
8JMKD3MGPDW34P/3SEUP2S,3,"Stempliuc, Sergio Murilo",Sergio Murilo Stempliuc,Faculdade Governador Ozanam Coelho (FAGOC),Faculdade Governador Ozanam Coelho (FAGOC)
8JMKD3MGPDW34P/3SEUP2S,4,"Lisboa-Filho, Jugurta",Jugurta Lisboa-Filho,Universidade Federal de Viçosa (UFV),Universidade Federal de Viçosa (UFV)
8JMKD3MGPDW34P/3SG4ET2,1,"Sá, Jose A. S.",Jose A. S. Sá,Universidade do Estado do Pará (UEA),Universidade do Estado do Pará (UEA)
8JMKD3MGPDW34P/3SG4ET2,2,"Gama, Fabio F",Fabio F Gama,Instituto Nacional de Pesquisas Espaciais (INPE),Instituto Nacional de Pesquisas Espaciais (INPE)
8JMKD3MGPDW34P/3SG4ET2,3,"Queiroz, Giberto Ribeiro",Giberto Ribeiro Queiroz,Instituto Nacional de Pesquisas Espaciais (INPE),Instituto Nacional de Pesquisas Espaciais (INPE)
8JMKD3MGPDW34P/3SG4ET2,4,"Vinhas, Lúbia",Lúbia Vinhas,Instituto Nacional de Pesquisas Espaciais (INPE),Instituto Nacional de Pesquisas Espaciais (INPE)
8JMKD3MGPDW34P/3SG4ET2,5,"Rocha, Brigida R. P.",Brigida R. P. Rocha,CENSIPAM,CENSIPAM
8JMKD3MGPDW34P/3Q5DUJH,1,"Almeida, Pedro Henrique Soares de",Pedro Henrique Soares de Almeida,Universidade Estadual de Ponta Grossa (UEPG),Universidade Estadual de Ponta Grossa (UEPG)
8JMKD3MGPDW34P/3Q5DUJH,2,"Rosa, Joel Zubek da",Joel Zubek da Rosa,Universidade Estadual de Ponta Grossa (UEPG),Universidade Estadual de Ponta Grossa (UEPG)
8JMKD3MGPDW34P/3Q5DUJH,3,"Ribeiro, Selma Regina Aranha",Selma Regina Aranha Ribeiro,Universidade Estadual de Ponta Grossa (UEPG),Universidade Estadual de Ponta Grossa (UEPG)
8JMKD3MGPDW34P/3Q5DUJH,4,"Senger, Luciano Jose",Luciano Jose Senger,Universidade Estadual de Ponta Grossa (UEPG),Universidade Estadual de Ponta Grossa (UEPG)
8JMKD3MGPDW34P/3Q5DPJ2,1,"Amancio, Andre Fonseca",Andre Fonseca Amancio,Universidade Federal de Ouro Preto (UFOP),Universidade Federal de Ouro Preto (UFOP)
8JMKD3MGPDW34P/3Q5DPJ2,2,"Carneiro, Tiago Garcia de Senna",Tiago Garcia de Senna Carneiro,Universidade Federal de Ouro Preto (UFOP),Universidade Federal de Ouro Preto (UFOP)
8JMKD3MGPDW34P/3Q5DSEP,1,"Andrade, Ronaldo Nelis de",Ronaldo Nelis de Andrade,Instituto Nacional de Pesquisas Espaciais (INPE),Instituto Nacional de Pesquisas Espaciais (INPE)
8JMKD3MGPDW34P/3Q5DSEP,2,"Bittencourt, Olga",Olga Bittencourt,Instituto Nacional de Pesquisas Espaciais (INPE),Instituto Nacional de Pesquisas Espaciais (INPE)
8JMKD3MGPDW34P/3Q5DSEP,3,"Morelli, Fabiano",Fabiano Morelli,Instituto Nacional de Pesquisas Espaciais (INPE),Instituto Nacional de Pesquisas Espaciais (INPE)
8JMKD3MGPDW34P/3Q5DSEP,4,"Santos, Rafael",Rafael Santos,Instituto Nacional de Pesquisas Espaciais (INPE),Instituto Nacional de Pesquisas Espaciais (INPE)
8JMKD3MGPDW34P/3Q5DTTP,1,"Bachiega Junior, Joăo",Joăo Bachiega Junior,Universidade de Brasília (UnB),Universidade de Brasília (UnB)
8JMKD3MGPDW34P/3Q5DTTP,2,"Reis, Marco Sousa",Marco Sousa Reis,Universidade de Brasília (UnB),Universidade de Brasília (UnB)
8JMKD3MGPDW34P/3Q5DTTP,3,"Holanda, Maristela",Maristela Holanda,Universidade de Brasília (UnB),Universidade de Brasília (UnB)
8JMKD3MGPDW34P/3Q5DTTP,4,"Araujo, Aleteia P. F.",Aleteia P. F. Araujo,Universidade de Brasília (UnB),Universidade de Brasília (UnB)
8JMKD3MGPDW34P/3Q5DSU5,1,"Barczyszyn, Guilherme L.",Guilherme L. Barczyszyn,Universidade Tecnológica Federal do Paraná (UTFPR),Universidade Tecnológica Federal do Paraná (UTFPR)
8JMKD3MGPDW34P/3Q5DSU5,2,"Kozievitch, Nadia P.",Nadia P. Kozievitch,Universidade Tecnológica Federal do Paraná (UTFPR),Universidade Tecnológica Federal do Paraná (UTFPR)
8JMKD3MGPDW34P/3Q5DSU5,3,"Minetto, Rodrigo",Rodrigo Minetto,Universidade Tecnológica Federal do Paraná (UTFPR),Universidade Tecnológica Federal do Paraná (UTFPR)
8JMKD3MGPDW34P/3Q5DSU5,4,"Silva, Ricardo D. da",Ricardo D. da Silva,Universidade Tecnológica Federal do Paraná (UTFPR),Universidade Tecnológica Federal do Paraná (UTFPR)
8JMKD3MGPDW34P/3Q5DSU5,5,"Santi, Juliana de",Juliana de Santi,Universidade Tecnológica Federal do Paraná (UTFPR),Universidade Tecnológica Federal do Paraná (UTFPR)
8JMKD3MGPDW34P/3Q5DQ6H,1,"Bayma, Lucas O.",Lucas O. Bayma,Universidade Federal de Săo Joăo Del Rei (UFSJ),Universidade Federal de Săo Joăo Del Rei (UFSJ)
8JMKD3MGPDW34P/3Q5DQ6H,2,"Pereira, Marconi A.",Marconi A. Pereira,Universidade Federal de Săo Joăo Del Rei (UFSJ),Universidade Federal de Săo Joăo Del Rei (UFSJ)
8JMKD3MGPDW34P/3Q5DN2P,1,"Cabette, Ricardo Ramos",Ricardo Ramos Cabette,Universidade Federal de Săo Joăo Del Rei (UFSJ),Universidade Federal de Săo Joăo Del Rei (UFSJ)
8JMKD3MGPDW34P/3Q5DN2P,2,"Pereira, Marconi Arruda",Marconi Arruda Pereira,Universidade Federal de Săo Joăo Del Rei (UFSJ),Universidade Federal de Săo Joăo Del Rei (UFSJ)
8JMKD3MGPDW34P/3Q5DN2P,3,"Oliveira, Tales Moreira",Tales Moreira Oliveira,Universidade Federal de Săo Joăo Del Rei (UFSJ),Universidade Federal de Săo Joăo Del Rei (UFSJ)
8JMKD3MGPDW34P/3Q5DN2P,4,"Pitanga, Heraldo Nunes",Heraldo Nunes Pitanga,Universidade Federal de Viçosa (UFV),Universidade Federal de Viçosa (UFV)
8JMKD3MGPDW34P/3Q5DKPP,1,"Costa, Wanderson S.",Wanderson S. Costa,Instituto Nacional de Pesquisas Espaciais (INPE),Instituto Nacional de Pesquisas Espaciais (INPE)
8JMKD3MGPDW34P/3Q5DKPP,2,"Fonseca, Leila M. G.",Leila M. G. Fonseca,Instituto Nacional de Pesquisas Espaciais (INPE),Instituto Nacional de Pesquisas Espaciais (INPE)
8JMKD3MGPDW34P/3Q5DKPP,3,"Korting, Thales S.",Thales S. Korting,Instituto Nacional de Pesquisas Espaciais (INPE),Instituto Nacional de Pesquisas Espaciais (INPE)
8JMKD3MGPDW34P/3Q5DKPP,4,"Simőes, Margareth G.",Margareth G. Simőes,Empresa Brasileira de Pesquisa Agropecuária (EMBRAPA),Empresa Brasileira de Pesquisa Agropecuária (EMBRAPA)
8JMKD3MGPDW34P/3Q5DKPP,5,"Bendini, Hugo N.",Hugo N. Bendini,Instituto Nacional de Pesquisas Espaciais (INPE),Instituto Nacional de Pesquisas Espaciais (INPE)
8JMKD3MGPDW34P/3Q5DKPP,6,"Souza, Ricardo Cartaxo M.",Ricardo Cartaxo M. Souza,Instituto Nacional de Pesquisas Espaciais (INPE),Instituto Nacional de Pesquisas Espaciais (INPE)
8JMKD3MGPDW34P/3Q5DU58,1,"Cruz, Igor G. M.",Igor G. M. Cruz,Universidade Federal de Campina Grande (UFCG),Universidade Federal de Campina Grande (UFCG)
8JMKD3MGPDW34P/3Q5DU58,2,"Campelo, Claudio E. C.",Claudio E. C. Campelo,Universidade Federal de Campina Grande (UFCG),Universidade Federal de Campina Grande (UFCG)
8JMKD3MGPDW34P/3Q5DU58,3,"Baptista, Claudio de S.",Claudio de S. Baptista,Universidade Federal de Campina Grande (UFCG),Universidade Federal de Campina Grande (UFCG)
8JMKD3MGPDW34P/3Q5DM7H,1,"Felgueiras, Carlos Alberto",Carlos Alberto Felgueiras,Instituto Nacional de Pesquisas Espaciais (INPE),Instituto Nacional de Pesquisas Espaciais (INPE)
8JMKD3MGPDW34P/3Q5DM7H,2,"Ortiz, Jussara de Oliveira",Jussara de Oliveira Ortiz,Instituto Nacional de Pesquisas Espaciais (INPE),Instituto Nacional de Pesquisas Espaciais (INPE)
8JMKD3MGPDW34P/3Q5DM7H,3,"Camargo, Eduardo Celso Gerbi",Eduardo Celso Gerbi Camargo,Instituto Nacional de Pesquisas Espaciais (INPE),Instituto Nacional de Pesquisas Espaciais (INPE)
8JMKD3MGPDW34P/3Q5DM7H,4,"Namikawa, Laércio Massaru",Laércio Massaru Namikawa,Instituto Nacional de Pesquisas Espaciais (INPE),Instituto Nacional de Pesquisas Espaciais (INPE)
8JMKD3MGPDW34P/3Q5DM7H,5,"Korting, Thales Sehn",Thales Sehn Korting,Instituto Nacional de Pesquisas Espaciais (INPE),Instituto Nacional de Pesquisas Espaciais (INPE)
8JMKD3MGPDW34P/3Q5DRKH,1,"Ferreira, Karine R.",Karine R. Ferreira,Instituto Nacional de Pesquisas Espaciais (INPE),Instituto Nacional de Pesquisas Espaciais (INPE)
8JMKD3MGPDW34P/3Q5DRKH,2,"Ferla, Luis",Luis Ferla,Universidade Federal de Săo Paulo (UNIFESP),Universidade Federal de Săo Paulo (UNIFESP)
8JMKD3MGPDW34P/3Q5DRKH,3,"Santos, Suzane G.",Suzane G. Santos,UFPB,UFPB
8JMKD3MGPDW34P/3Q5DRKH,4,"Queiroz, Gilberto R.",Gilberto R. Queiroz,Instituto Nacional de Pesquisas Espaciais (INPE),Instituto Nacional de Pesquisas Espaciais (INPE)
8JMKD3MGPDW34P/3Q5DRKH,5,"Vijaykumar, Nandamudi L.",Nandamudi L. Vijaykumar,Instituto Nacional de Pesquisas Espaciais (INPE),Instituto Nacional de Pesquisas Espaciais (INPE)
8JMKD3MGPDW34P/3Q5DRKH,6,"Noronha, Carlos A.",Carlos A. Noronha,Instituto Nacional de Pesquisas Espaciais (INPE),Instituto Nacional de Pesquisas Espaciais (INPE)
8JMKD3MGPDW34P/3Q5DRKH,7,"Mariano, Rodrigo M.",Rodrigo M. Mariano,Instituto Nacional de Pesquisas Espaciais (INPE),Instituto Nacional de Pesquisas Espaciais (INPE)
8JMKD3MGPDW34P/3Q5DRKH,8,"Wassef, Yasmin",Yasmin Wassef,Instituto Nacional de Pesquisas Espaciais (INPE),Instituto Nacional de Pesquisas Espaciais (INPE)
8JMKD3MGPDW34P/3Q5DRKH,9,"Taveira, Denis",Denis Taveira,Instituto Nacional de Pesquisas Espaciais (INPE),Instituto Nacional de Pesquisas Espaciais (INPE)
8JMKD3MGPDW34P/3Q5DRKH,10,"Dardi, Ivan B.",Ivan B. Dardi,Instituto Nacional de Pesquisas Espaciais (INPE),Instituto Nacional de Pesquisas Espaciais (INPE)
8JMKD3MGPDW34P/3Q5DRKH,11,"Sansigolo, Gabriel",Gabriel Sansigolo,Instituto Nacional de Pesquisas Espaciais (INPE),Instituto Nacional de Pesquisas Espaciais (INPE)
8JMKD3MGPDW34P/3Q5DRKH,12,"Guarnieri, Orlando",Orlando Guarnieri,Universidade Federal de Săo Paulo (UNIFESP),Universidade Federal de Săo Paulo (UNIFESP)
8JMKD3MGPDW34P/3Q5DRKH,13,"Musa, Daniela L.",Daniela L. Musa,Universidade Federal de Săo Paulo (UNIFESP),Universidade Federal de Săo Paulo (UNIFESP)
8JMKD3MGPDW34P/3Q5DRKH,14,"Rogers, Thomas",Thomas Rogers,Emory University,Emory University
8JMKD3MGPDW34P/3Q5DRKH,15,"Lesser, Jeffrey",Jeffrey Lesser,Emory University,Emory University
8JMKD3MGPDW34P/3Q5DRKH,16,"Page, Michael",Michael Page,Emory University,Emory University
8JMKD3MGPDW34P/3Q5DRKH,17,"Britt, Andrew G.",Andrew G. Britt,Emory University,Emory University
8JMKD3MGPDW34P/3Q5DRKH,18,"Atique, Fernando",Fernando Atique,Universidade Federal de Săo Paulo (UNIFESP),Universidade Federal de Săo Paulo (UNIFESP)
8JMKD3MGPDW34P/3Q5DRKH,19,"Santos, Janaina Y.",Janaina Y. Santos,Arquivo do Estado de Sao Paulo,Arquivo do Estado de Sao Paulo
8JMKD3MGPDW34P/3Q5DRKH,20,"Morais, Diego S.",Diego S. Morais,Arquivo do Estado de Sao Paulo,Arquivo do Estado de Sao Paulo
8JMKD3MGPDW34P/3Q5DRKH,21,"Miyasaka, Cristiane R.",Cristiane R. Miyasaka,Universidade Federal de Săo Paulo (UNIFESP),Universidade Federal de Săo Paulo (UNIFESP)
8JMKD3MGPDW34P/3Q5DRKH,22,"Almeida, Cintia R. de",Cintia R. de Almeida,Universidade Federal de Săo Paulo (UNIFESP),Universidade Federal de Săo Paulo (UNIFESP)
8JMKD3MGPDW34P/3Q5DRKH,23,"Nascimento, Luanna G. M. do",Luanna G. M. do Nascimento,Universidade Federal de Săo Paulo (UNIFESP),Universidade Federal de Săo Paulo (UNIFESP)
8JMKD3MGPDW34P/3Q5DRKH,24,"Diniz, Jaine A.",Jaine A. Diniz,Universidade Federal de Săo Paulo (UNIFESP),Universidade Federal de Săo Paulo (UNIFESP)
8JMKD3MGPDW34P/3Q5DRKH,25,"Santos, Monaliza C. dos",Monaliza C. dos Santos,Universidade Federal de Săo Paulo (UNIFESP),Universidade Federal de Săo Paulo (UNIFESP)
8JMKD3MGPDW34P/3QCRA6L,1,"Gomes, Vitor",Vitor Gomes,Instituto de Estudos Avançados (IEAv),Instituto de Estudos Avançados (IEAv)
8JMKD3MGPDW34P/3QCRA6L,2,"Queiroz, Gilberto Ribeiro de",Gilberto Ribeiro de Queiroz,Instituto Nacional de Pesquisas Espaciais (INPE),Instituto Nacional de Pesquisas Espaciais (INPE)
8JMKD3MGPDW34P/3QCRA6L,3,"Ferreira, Karine",Karine Ferreira,Instituto Nacional de Pesquisas Espaciais (INPE),Instituto Nacional de Pesquisas Espaciais (INPE)
8JMKD3MGPDW34P/3QCRA6L,4,"Sato, Luciane Yumie",Luciane Yumie Sato,Instituto Nacional de Pesquisas Espaciais (INPE),Instituto Nacional de Pesquisas Espaciais (INPE)
8JMKD3MGPDW34P/3QCRA6L,5,"Santos, Rafael",Rafael Santos,Instituto Nacional de Pesquisas Espaciais (INPE),Instituto Nacional de Pesquisas Espaciais (INPE)
8JMKD3MGPDW34P/3QCRA6L,6,"Morelli, Fabiano",Fabiano Morelli,Instituto Nacional de Pesquisas Espaciais (INPE),Instituto Nacional de Pesquisas Espaciais (INPE)
8JMKD3MGPDW34P/3Q5DUE5,1,"Jorge, Aurelienne A. S.",Aurelienne A. S. Jorge,Instituto Nacional de Pesquisas Espaciais (INPE),Instituto Nacional de Pesquisas Espaciais (INPE)
8JMKD3MGPDW34P/3Q5DUE5,2,"Rossato, Marcio",Marcio Rossato,Via Vale Sistemas,Via Vale Sistemas
8JMKD3MGPDW34P/3Q5DUE5,3,"Bacelar, Roberta B.",Roberta B. Bacelar,Faculdade Anhanguera,Faculdade Anhanguera
8JMKD3MGPDW34P/3Q5DUE5,4,"Santos, Leonardo B. L.",Leonardo B. L. Santos,Centro Nacional de Monitoramento e Alerta de Desastre Naturais (CEMADEN),Centro Nacional de Monitoramento e Alerta de Desastre Naturais (CEMADEN)
8JMKD3MGPDW34P/3Q5DPDH,1,"Lima, Alan M. de",Alan M. de Lima,Universidade Salvador (UNIFACS),Universidade Salvador (UNIFACS)
8JMKD3MGPDW34P/3Q5DPDH,2,"Campos, Jorge",Jorge Campos,Universidade do Estado da Bahia (UNEB),Universidade do Estado da Bahia (UNEB)
8JMKD3MGPDW34P/3Q5DTGL,1,"Lima, Edson B. de",Edson B. de Lima,Universidade Federal de Minas Gerais (UFMG),Universidade Federal de Minas Gerais (UFMG)
8JMKD3MGPDW34P/3Q5DTGL,2,"Davis Júnior, Clodoveu Augusto",Clodoveu Augusto Davis Júnior,Universidade Federal de Minas Gerais (UFMG),Universidade Federal de Minas Gerais (UFMG)
8JMKD3MGPDW34P/3Q5DQ25,1,"Marujo, Rennan F. B.",Rennan F. B. Marujo,Instituto Nacional de Pesquisas Espaciais (INPE),Instituto Nacional de Pesquisas Espaciais (INPE)
8JMKD3MGPDW34P/3Q5DQ25,2,"Fonseca, Leila Maria Garcia",Leila Maria Garcia Fonseca,Instituto Nacional de Pesquisas Espaciais (INPE),Instituto Nacional de Pesquisas Espaciais (INPE)
8JMKD3MGPDW34P/3Q5DQ25,3,"Korting, Thales Sehn",Thales Sehn Korting,Instituto Nacional de Pesquisas Espaciais (INPE),Instituto Nacional de Pesquisas Espaciais (INPE)
8JMKD3MGPDW34P/3Q5DQ25,4,"Bendini, Hugo do Nascimento",Hugo do Nascimento Bendini,Instituto Nacional de Pesquisas Espaciais (INPE),Instituto Nacional de Pesquisas Espaciais (INPE)
8JMKD3MGPDW34P/3Q5DT7P,1,"Medeiros, Gabriel Franklin Braz de",Gabriel Franklin Braz de Medeiros,Universidade de Brasília (UnB),Universidade de Brasília (UnB)
8JMKD3MGPDW34P/3Q5DT7P,2,"Holanda, Maristela",Maristela Holanda,Universidade de Brasília (UnB),Universidade de Brasília (UnB)
8JMKD3MGPDW34P/3Q5DT7P,3,"Araujo, Aleteia Patricia Favacho de",Aleteia Patricia Favacho de Araujo,Universidade de Brasília (UnB),Universidade de Brasília (UnB)
8JMKD3MGPDW34P/3Q5DT7P,4,"Victorino, Marcio de Carvalho",Marcio de Carvalho Victorino,Universidade de Brasília (UnB),Universidade de Brasília (UnB)
8JMKD3MGPDW34P/3Q5DQSH,1,"Melo, Joanacelle C.",Joanacelle C. Melo,Universidade Federal da ParaĒba (UFPB),Universidade Federal da ParaĒba (UFPB)
8JMKD3MGPDW34P/3Q5DQSH,2,"Constantino, Renato G.",Renato G. Constantino,Universidade Federal da ParaĒba (UFPB),Universidade Federal da ParaĒba (UFPB)
8JMKD3MGPDW34P/3Q5DQSH,3,"Santos, Suzane G.",Suzane G. Santos,Universidade Federal da ParaĒba (UFPB),Universidade Federal da ParaĒba (UFPB)
8JMKD3MGPDW34P/3Q5DQSH,4,"Nascimento, Tiago P.",Tiago P. Nascimento,Universidade Federal da ParaĒba (UFPB),Universidade Federal da ParaĒba (UFPB)
8JMKD3MGPDW34P/3Q5DQSH,5,"Brito, Alisson V.",Alisson V. Brito,Universidade Federal da ParaĒba (UFPB),Universidade Federal da ParaĒba (UFPB)
8JMKD3MGPDW34P/3Q5DP2E,1,"Monteiro, Cristiano Martins",Cristiano Martins Monteiro,Universidade Federal de Minas Gerais (UFMG),Universidade Federal de Minas Gerais (UFMG)
8JMKD3MGPDW34P/3Q5DP2E,2,"Martins, Flávio Vinícius Cruzeiro",Flávio Vinícius Cruzeiro Martins,Universidade Federal de Minas Gerais (UFMG),Universidade Federal de Minas Gerais (UFMG)
8JMKD3MGPDW34P/3Q5DP2E,3,"Davis-Jr, Clodoveu Augusto",Clodoveu Augusto Davis-Jr,Centro Federal de Educaçăo e Tecnologia (CEFET-MG),Centro Federal de Educaçăo e Tecnologia (CEFET-MG)
8JMKD3MGPDW34P/3Q5DUR8,1,"Neves, Alana K.",Alana K. Neves,Instituto Nacional de Pesquisas Espaciais (INPE),Instituto Nacional de Pesquisas Espaciais (INPE)
8JMKD3MGPDW34P/3Q5DUR8,2,"Korting, Thales Sehn",Thales Sehn Korting,Instituto Nacional de Pesquisas Espaciais (INPE),Instituto Nacional de Pesquisas Espaciais (INPE)
8JMKD3MGPDW34P/3Q5DUR8,3,"Fonseca, Leila Maria Garcia",Leila Maria Garcia Fonseca,Instituto Nacional de Pesquisas Espaciais (INPE),Instituto Nacional de Pesquisas Espaciais (INPE)
8JMKD3MGPDW34P/3Q5DUR8,4,"Queiroz, Gilberto R.",Gilberto R. Queiroz,Instituto Nacional de Pesquisas Espaciais (INPE),Instituto Nacional de Pesquisas Espaciais (INPE)
8JMKD3MGPDW34P/3Q5DUR8,5,"Vinhas, Lubia",Lubia Vinhas,Instituto Nacional de Pesquisas Espaciais (INPE),Instituto Nacional de Pesquisas Espaciais (INPE)
8JMKD3MGPDW34P/3Q5DUR8,6,"Ferreira, Karine Reis",Karine Reis Ferreira,Instituto Nacional de Pesquisas Espaciais (INPE),Instituto Nacional de Pesquisas Espaciais (INPE)
8JMKD3MGPDW34P/3Q5DUR8,7,"Escada, Maria Isabel Sobral",Maria Isabel Sobral Escada,Instituto Nacional de Pesquisas Espaciais (INPE),Instituto Nacional de Pesquisas Espaciais (INPE)
8JMKD3MGPDW34P/3Q5DNG5,1,"Nogueira, Tales P.",Tales P. Nogueira,Universitč Grenoble Alpes,Universitč Grenoble Alpes
8JMKD3MGPDW34P/3Q5DNG5,2,"Martin, Hervé",Hervé Martin,Universitč Grenoble Alpes,Universitč Grenoble Alpes
8JMKD3MGPDW34P/3Q5DNG5,3,"Andrade, Rossana M. C.",Rossana M. C. Andrade,Universidade Federal do Ceará (UFC),Universidade Federal do Ceará (UFC)
8JMKD3MGPDW34P/3Q5E22L,1,"Oliveira, Ericka C. Souza",Ericka C. Souza Oliveira,Universidade Federal do Amazonas (UFAM),Universidade Federal do Amazonas (UFAM)
8JMKD3MGPDW34P/3Q5E22L,2,"Marinho, Rogerio Ribeiro",Rogerio Ribeiro Marinho,Universidade Federal do Amazonas (UFAM),Universidade Federal do Amazonas (UFAM)
8JMKD3MGPDW34P/3Q5E2J8,1,"Penha, Thales Vaz",Thales Vaz Penha,Instituto Nacional de Pesquisas Espaciais (INPE),Instituto Nacional de Pesquisas Espaciais (INPE)
8JMKD3MGPDW34P/3Q5E2J8,2,"Pletsch, Mikhaela Aloisia Jessie Santos",Mikhaela Aloisia Jessie Santos Pletsch,Instituto Nacional de Pesquisas Espaciais (INPE),Instituto Nacional de Pesquisas Espaciais (INPE)
8JMKD3MGPDW34P/3Q5E2J8,3,"Silva-Jr, Celso Henrique Leite",Celso Henrique Leite Silva-Jr,Instituto Nacional de Pesquisas Espaciais (INPE),Instituto Nacional de Pesquisas Espaciais (INPE)
8JMKD3MGPDW34P/3Q5E2J8,4,"Korting, Thales Sehn",Thales Sehn Korting,Instituto Nacional de Pesquisas Espaciais (INPE),Instituto Nacional de Pesquisas Espaciais (INPE)
8JMKD3MGPDW34P/3Q5E2J8,5,"Fonseca, Leila Maria Garcia",Leila Maria Garcia Fonseca,Instituto Nacional de Pesquisas Espaciais (INPE),Instituto Nacional de Pesquisas Espaciais (INPE)
8JMKD3MGPDW34P/3Q5DQN5,1,"Pereira, Adriana Castreghini de Freitas",Adriana Castreghini de Freitas Pereira,Universidade Estadual de Londrina (UEL),Universidade Estadual de Londrina (UEL)
8JMKD3MGPDW34P/3Q5DQN5,2,"Novo, Evlyn Márcia Leăo de Moraes",Evlyn Márcia Leăo de Moraes Novo,Instituto Nacional de Pesquisas Espaciais (INPE),Instituto Nacional de Pesquisas Espaciais (INPE)
8JMKD3MGPDW34P/3Q5DQN5,3,"Raminelli, Jaqueline Aparecida",Jaqueline Aparecida Raminelli,Universidade Estadual de Londrina (UEL),Universidade Estadual de Londrina (UEL)
8JMKD3MGPDW34P/3Q5DLA5,1,"Pinheiro, Tarsus Magnus",Tarsus Magnus Pinheiro,Universidade Federal do Rio de Janeiro (UFRJ),Universidade Federal do Rio de Janeiro (UFRJ)
8JMKD3MGPDW34P/3Q5DLA5,2,"Esperança, Claudio",Claudio Esperança,Universidade Federal do Rio de Janeiro (UFRJ),Universidade Federal do Rio de Janeiro (UFRJ)
8JMKD3MGPDW34P/3Q5DS85,1,"Pithan, Pamela A.",Pamela A. Pithan,Universidade Federal do Rio Grande do Sul (UFRGS),Universidade Federal do Rio Grande do Sul (UFRGS)
8JMKD3MGPDW34P/3Q5DS85,2,"Souza-Jr, Manoel A.",Manoel A. Souza-Jr,Universidade Federal de Santa Maria (UFSM),Universidade Federal de Santa Maria (UFSM)
8JMKD3MGPDW34P/3Q5DS85,3,"Sebem, Elodio",Elodio Sebem,Universidade Federal de Santa Maria (UFSM),Universidade Federal de Santa Maria (UFSM)
8JMKD3MGPDW34P/3Q5DQB2,1,"Pletsch, Mikhaela A. J. S.",Mikhaela A. J. S. Pletsch,Instituto Nacional de Pesquisas Espaciais (INPE),Instituto Nacional de Pesquisas Espaciais (INPE)
8JMKD3MGPDW34P/3Q5DQB2,2,"Korting, Thales Sehn",Thales Sehn Korting,Instituto Nacional de Pesquisas Espaciais (INPE),Instituto Nacional de Pesquisas Espaciais (INPE)
8JMKD3MGPDW34P/3Q5DLCB,1,"Reis, Mariane Souza",Mariane Souza Reis,Instituto Nacional de Pesquisas Espaciais (INPE),Instituto Nacional de Pesquisas Espaciais (INPE)
8JMKD3MGPDW34P/3Q5DLCB,2,"Dutra, Luciano Vieira",Luciano Vieira Dutra,Instituto Nacional de Pesquisas Espaciais (INPE),Instituto Nacional de Pesquisas Espaciais (INPE)
8JMKD3MGPDW34P/3Q5DLCB,3,"Escada, Maria Isabel Sobral",Maria Isabel Sobral Escada,Instituto Nacional de Pesquisas Espaciais (INPE),Instituto Nacional de Pesquisas Espaciais (INPE)
8JMKD3MGPDW34P/3Q5DTC8,1,"Romani, Carlos A.",Carlos A. Romani,Instituto Nacional de Pesquisas Espaciais (INPE),Instituto Nacional de Pesquisas Espaciais (INPE)
8JMKD3MGPDW34P/3Q5DTC8,2,"Camara, Gilberto",Gilberto Camara,Instituto Nacional de Pesquisas Espaciais (INPE),Instituto Nacional de Pesquisas Espaciais (INPE)
8JMKD3MGPDW34P/3Q5DTC8,3,"Queiroz, Gilberto Ribeiro",Gilberto Ribeiro Queiroz,Instituto Nacional de Pesquisas Espaciais (INPE),Instituto Nacional de Pesquisas Espaciais (INPE)
8JMKD3MGPDW34P/3Q5DTC8,4,"Ferreira, Karine Reis",Karine Reis Ferreira,Instituto Nacional de Pesquisas Espaciais (INPE),Instituto Nacional de Pesquisas Espaciais (INPE)
8JMKD3MGPDW34P/3Q5DTC8,5,"Vinhas, Lubia",Lubia Vinhas,Instituto Nacional de Pesquisas Espaciais (INPE),Instituto Nacional de Pesquisas Espaciais (INPE)
8JMKD3MGPDW34P/3Q5DK88,1,"Sanchez, Alber",Alber Sanchez,Instituto Nacional de Pesquisas Espaciais (INPE),Instituto Nacional de Pesquisas Espaciais (INPE)
8JMKD3MGPDW34P/3Q5DK88,2,"Vinhas, Lubia",Lubia Vinhas,Instituto Nacional de Pesquisas Espaciais (INPE),Instituto Nacional de Pesquisas Espaciais (INPE)
8JMKD3MGPDW34P/3Q5DK88,3,"Queiroz, Gilberto Ribeiro",Gilberto Ribeiro Queiroz,Instituto Nacional de Pesquisas Espaciais (INPE),Instituto Nacional de Pesquisas Espaciais (INPE)
8JMKD3MGPDW34P/3Q5DK88,4,"Simőes, Rolf",Rolf Simőes,Instituto Nacional de Pesquisas Espaciais (INPE),Instituto Nacional de Pesquisas Espaciais (INPE)
8JMKD3MGPDW34P/3Q5DK88,5,"Gomes, Vitor",Vitor Gomes,Instituto Nacional de Pesquisas Espaciais (INPE),Instituto Nacional de Pesquisas Espaciais (INPE)
8JMKD3MGPDW34P/3Q5DK88,6,"Assis, Luiz Fernando F. G.",Luiz Fernando F. G. Assis,Instituto Nacional de Pesquisas Espaciais (INPE),Instituto Nacional de Pesquisas Espaciais (INPE)
8JMKD3MGPDW34P/3Q5DK88,7,"Llapa, Eduardo",Eduardo Llapa,Instituto Nacional de Pesquisas Espaciais (INPE),Instituto Nacional de Pesquisas Espaciais (INPE)
8JMKD3MGPDW34P/3Q5DK88,8,"Camara, Gilberto",Gilberto Camara,Instituto Nacional de Pesquisas Espaciais (INPE),Instituto Nacional de Pesquisas Espaciais (INPE)
8JMKD3MGPDW34P/3Q5DRUE,1,"Silva, Gabriel",Gabriel Silva,Universidade Federal do ABC (UFABC),Universidade Federal do ABC (UFABC)
8JMKD3MGPDW34P/3Q5DRUE,2,"Matteo, Giulia",Giulia Matteo,Universidade Federal do ABC (UFABC),Universidade Federal do ABC (UFABC)
8JMKD3MGPDW34P/3Q5DRUE,3,"Pinto, Matheus",Matheus Pinto,Universidade Federal do ABC (UFABC),Universidade Federal do ABC (UFABC)
8JMKD3MGPDW34P/3Q5DRUE,4,"Tobias, Tamara",Tamara Tobias,Universidade Federal do ABC (UFABC),Universidade Federal do ABC (UFABC)
8JMKD3MGPDW34P/3Q5DRUE,5,"Feitosa, Flavia",Flavia Feitosa,Universidade Federal do ABC (UFABC),Universidade Federal do ABC (UFABC)
8JMKD3MGPDW34P/3Q5DLK2,1,"Siqueira-Gay, Juliana",Juliana Siqueira-Gay,Universidade de Săo Paulo (USP),Universidade de Săo Paulo (USP)
8JMKD3MGPDW34P/3Q5DLK2,2,"Giannotti, Mariana Abrantes",Mariana Abrantes Giannotti,Universidade de Săo Paulo (USP),Universidade de Săo Paulo (USP)
8JMKD3MGPDW34P/3Q5DLK2,3,"Sester, Monika",Monika Sester,Universidade de Săo Paulo (USP),Universidade de Săo Paulo (USP)
8JMKD3MGPDW34P/3Q5DSME,1,"Sousa, Thais P.",Thais P. Sousa,Universidade Federal do Pará (UFPA),Universidade Federal do Pará (UFPA)
8JMKD3MGPDW34P/3Q5DSME,2,"Almeida, Erlen A.",Erlen A. Almeida,Universidade Federal do Pará (UFPA),Universidade Federal do Pará (UFPA)
8JMKD3MGPDW34P/3Q5DSME,3,"Dias, Yuri S.",Yuri S. Dias,Universidade Federal do Pará (UFPA),Universidade Federal do Pará (UFPA)
8JMKD3MGPDW34P/3Q5DSME,4,"Souza, Thiago P.",Thiago P. Souza,Universidade Federal do Pará (UFPA),Universidade Federal do Pará (UFPA)
8JMKD3MGPDW34P/3Q5DSME,5,"Cardoso, Bruna P.",Bruna P. Cardoso,Universidade Federal do Pará (UFPA),Universidade Federal do Pará (UFPA)
8JMKD3MGPDW34P/3Q5DSME,6,Sá,Sá,Universidade Federal do Pará (UFPA),Universidade Federal do Pará (UFPA)
8JMKD3MGPDW34P/3Q5DSME,7,", Alana",Alana ,,
8JMKD3MGPDW34P/3Q5DTPB,1,"Sperandio, Vinicius Garcia",Vinicius Garcia Sperandio,Faculdade Governador Ozanam Coelho (FAGOC),Faculdade Governador Ozanam Coelho (FAGOC)
8JMKD3MGPDW34P/3Q5DTPB,2,"Stempliuc, Sergio Murilo",Sergio Murilo Stempliuc,Faculdade Governador Ozanam Coelho (FAGOC),Faculdade Governador Ozanam Coelho (FAGOC)
8JMKD3MGPDW34P/3Q5DTPB,3,"Ferreira, Thiago Bicalho",Thiago Bicalho Ferreira,Instituto Federal do Norte de Minas Gerais (IFNMG),Instituto Federal do Norte de Minas Gerais (IFNMG)
8JMKD3MGPDW34P/3Q5DTPB,4,"Lisboa-Filho, Jugurta",Jugurta Lisboa-Filho,Universidade Federal de Vińosa (UFV),Universidade Federal de Vińosa (UFV)
8JMKD3MGPDW34P/3Q5DKH5,1,"Wenceslau, Rodrigo",Rodrigo Wenceslau,Universidade Federal de Minas Gerais (UFMG),Universidade Federal de Minas Gerais (UFMG)
8JMKD3MGPDW34P/3Q5DKH5,2,"Davis-Jr, Clodoveu A.",Clodoveu A. Davis-Jr,Universidade Federal de Minas Gerais (UFMG),Universidade Federal de Minas Gerais (UFMG)
8JMKD3MGPDW34P/3Q5DKH5,3,"Smarzaro, Rodrigo",Rodrigo Smarzaro,Universidade Federal de Minas Gerais (UFMG),Universidade Federal de Minas Gerais (UFMG)
8JMKD3MGPDW34P/3Q5DQHL,1,"Xavier, Fernando",Fernando Xavier,Centro Universitário do Distrito Federal (UDF),Centro Universitário do Distrito Federal (UDF)
8JMKD3MGPDW34P/3Q5DQHL,2,"Brochado, Maria Luiza Correa",Maria Luiza Correa Brochado,Universidade de Săo Paulo (USP),Universidade de Săo Paulo (USP)
8JMKD3MGPDW34P/3NDC8RH,1,"Araujo, Vitor Silva de",Vitor Silva de Araujo,Universidade Federal do Paraná (UFPR),Universidade Federal do Paraná (UFPR)
8JMKD3MGPDW34P/3NDC8RH,2,"Sluter, Claudia Robbi",Claudia Robbi Sluter,Universidade Federal do Paraná (UFPR),Universidade Federal do Paraná (UFPR)
8JMKD3MGPDW34P/3NDC8RH,3,"Camboim, Silvana Philippi",Silvana Philippi Camboim,Universidade Federal do Paraná (UFPR),Universidade Federal do Paraná (UFPR)
8JMKD3MGP3W34P/3N2U8K2,1,"Assis, Luiz Fernando Ferreira Gomes",Luiz Fernando Ferreira Gomes Assis,Instituto Nacional de Pesquisas Espaciais (INPE),Instituto Nacional de Pesquisas Espaciais (INPE)
8JMKD3MGP3W34P/3N2U8K2,2,"Ribeiro, Gilberto",Gilberto Ribeiro,Instituto Nacional de Pesquisas Espaciais (INPE),Instituto Nacional de Pesquisas Espaciais (INPE)
8JMKD3MGP3W34P/3N2U8K2,3,"Gomes, Karine Reis Ferreira",Karine Reis Ferreira Gomes,Instituto Nacional de Pesquisas Espaciais (INPE),Instituto Nacional de Pesquisas Espaciais (INPE)
8JMKD3MGP3W34P/3N2U8K2,4,"Vinhas, Lúbia",Lúbia Vinhas,Instituto Nacional de Pesquisas Espaciais (INPE),Instituto Nacional de Pesquisas Espaciais (INPE)
8JMKD3MGP3W34P/3N2U8K2,5,"Llapa, Eduardo",Eduardo Llapa,Instituto Nacional de Pesquisas Espaciais (INPE),Instituto Nacional de Pesquisas Espaciais (INPE)
8JMKD3MGP3W34P/3N2U8K2,6,"Sanchez, Alber",Alber Sanchez,Instituto Nacional de Pesquisas Espaciais (INPE),Instituto Nacional de Pesquisas Espaciais (INPE)
8JMKD3MGP3W34P/3N2U8K2,7,"Maus, Victor Wegner",Victor Wegner Maus,Instituto Nacional de Pesquisas Espaciais (INPE),Instituto Nacional de Pesquisas Espaciais (INPE)
8JMKD3MGP3W34P/3N2U8K2,8,"Câmara, Gilberto",Gilberto Câmara,Instituto Nacional de Pesquisas Espaciais (INPE),Instituto Nacional de Pesquisas Espaciais (INPE)
8JMKD3MGPDW34P/3NDC4BB,1,"Beber, Marco Aurelio",Marco Aurelio Beber,Universidade Federal de Santa Catarina (UFSC),Universidade Federal de Santa Catarina (UFSC)
8JMKD3MGPDW34P/3NDC4BB,2,"Ferrero, Carlos Andres",Carlos Andres Ferrero,Universidade Federal de Santa Catarina (UFSC),Universidade Federal de Santa Catarina (UFSC)
8JMKD3MGPDW34P/3NDC4BB,3,"Fileto, Renato",Renato Fileto,Universidade Federal de Santa Catarina (UFSC),Universidade Federal de Santa Catarina (UFSC)
8JMKD3MGPDW34P/3NDC4BB,4,"Bogorny, Vania",Vania Bogorny,Universidade Federal de Santa Catarian (UFSC),Universidade Federal de Santa Catarian (UFSC)
8JMKD3MGP3W34P/3N2UANP,1,"Bendini, Hugo do Nascimento",Hugo do Nascimento Bendini,Instituto Nacional de Pesquisas Espaciais (INPE),Instituto Nacional de Pesquisas Espaciais (INPE)
8JMKD3MGP3W34P/3N2UANP,2,"Fonseca, Leila Maria Garcia",Leila Maria Garcia Fonseca,Instituto Nacional de Pesquisas Espaciais (INPE),Instituto Nacional de Pesquisas Espaciais (INPE)
8JMKD3MGP3W34P/3N2UANP,3,"Körting, Thales Sehn",Thales Sehn Körting,Instituto Nacional de Pesquisas Espaciais (INPE),Instituto Nacional de Pesquisas Espaciais (INPE)
8JMKD3MGP3W34P/3N2UANP,4,"Marujo, Rennan de Freitas Bezerra",Rennan de Freitas Bezerra Marujo,Instituto Nacional de Pesquisas Espaciais (INPE),Instituto Nacional de Pesquisas Espaciais (INPE)
8JMKD3MGP3W34P/3N2UANP,5,"Sanches, Ieda Del'Arco",Ieda Del'Arco Sanches,Instituto Nacional de Pesquisas Espaciais (INPE),Instituto Nacional de Pesquisas Espaciais (INPE)
8JMKD3MGP3W34P/3N2UANP,6,"Arcanjo, Jeferson de Souza",Jeferson de Souza Arcanjo,Instituto Nacional de Pesquisas Espaciais (INPE),Instituto Nacional de Pesquisas Espaciais (INPE)
8JMKD3MGPDW34P/3NDC2P5,1,"Bordignon, Fernando",Fernando Bordignon,Universidade Federal de Santa Catarina (UFSC),Universidade Federal de Santa Catarina (UFSC)
8JMKD3MGPDW34P/3NDC2P5,2,"Figueiredo, Leandro",Leandro Figueiredo,Universidade Federal de Santa Catarina (UFSC),Universidade Federal de Santa Catarina (UFSC)
8JMKD3MGPDW34P/3NDC2P5,3,"Roisenberg, Mauro",Mauro Roisenberg,Universidade Federal de Santa Catarina (UFSC),Universidade Federal de Santa Catarina (UFSC)
8JMKD3MGPDW34P/3NDC2P5,4,"Rodrigues, Bruno B.",Bruno B. Rodrigues,CENPES/PDGP/CMR - Petrobras,CENPES/PDGP/CMR - Petrobras
8JMKD3MGPDW34P/3NDDJ8P,1,"Carniel, Anderson Chaves",Anderson Chaves Carniel,Universidade de Săo Paulo (USP),Universidade de Săo Paulo (USP)
8JMKD3MGPDW34P/3NDDJ8P,2,"Ciferri, Ricardo Rodrigues",Ricardo Rodrigues Ciferri,Universidade Federal de Săo Carlos (UFSCar),Universidade Federal de Săo Carlos (UFSCar)
8JMKD3MGPDW34P/3NDDJ8P,3,"Ciferri, Cristina Dutra de Aguiar",Cristina Dutra de Aguiar Ciferri,Universidade de Săo Paulo (USP),Universidade de Săo Paulo (USP)
8JMKD3MGPDW34P/3NDBUPE,1,"Costa, Sergio Souza",Sergio Souza Costa,Universidade Federal do MaranhÒo (UFMA),Universidade Federal do MaranhÒo (UFMA)
8JMKD3MGPDW34P/3NDBUPE,2,"Moreira, Evaldinolia Gilbertoni",Evaldinolia Gilbertoni Moreira,Universidade Federal do MaranhÒo (UFMA),Universidade Federal do MaranhÒo (UFMA)
8JMKD3MGPDW34P/3NDBUPE,3,"Silva, Micael Lopes da",Micael Lopes da Silva,Universidade Federal do MaranhÒo (UFMA),Universidade Federal do MaranhÒo (UFMA)
8JMKD3MGPDW34P/3NDBUPE,4,"Lima, Thamyla Maria de Sousa",Thamyla Maria de Sousa Lima,Universidade Federal do MaranhÒo (UFMA),Universidade Federal do MaranhÒo (UFMA)
8JMKD3MGPDW34P/3NDC29P,1,"Duarte, Daniel Camilo de Oliveira",Daniel Camilo de Oliveira Duarte,Universidade Federal de Viçosa (UFV),Universidade Federal de Viçosa (UFV)
8JMKD3MGPDW34P/3NDC29P,2,"Zanetti, Juliette",Juliette Zanetti,Universidade Federal de Viçosa (UFV),Universidade Federal de Viçosa (UFV)
8JMKD3MGPDW34P/3NDC29P,3,"Gripp Junior, Joel",Joel Gripp Junior,Universidade Federal de Viçosa (UFV),Universidade Federal de Viçosa (UFV)
8JMKD3MGPDW34P/3NDC29P,4,"Medeiros, Nilcilene das Graças",Nilcilene das Graças Medeiros,Universidade Federal de Viçosa (UFV),Universidade Federal de Viçosa (UFV)
8JMKD3MGPDW34P/3NDC9GB,1,"Ferrari, Tatiana K.",Tatiana K. Ferrari,Instituto Nacional de Pesquisas Espaciais (INPE),Instituto Nacional de Pesquisas Espaciais (INPE)
8JMKD3MGPDW34P/3NDC9GB,2,"Rossetto, C. F.",C. F. Rossetto,Geologística,Geologística
8JMKD3MGPDW34P/3NDC9GB,3,"Adorni, Flavia Maria",Flavia Maria Adorni,World Bank Group,World Bank Group
8JMKD3MGPDW34P/3NDC9GB,4,"Furuzawa, Gustavo B.",Gustavo B. Furuzawa,Geologística,Geologística
8JMKD3MGPDW34P/3NDC9GB,5,"Oliveira, Paulo F. de",Paulo F. de Oliveira,World Bank Group,World Bank Group
8JMKD3MGPDW34P/3NDC42E,1,"Ferrero, Carlos Andres",Carlos Andres Ferrero,Universidade Federal de Santa Catarina (UFSC),Universidade Federal de Santa Catarina (UFSC)
8JMKD3MGPDW34P/3NDC42E,2,"Alvares, Luiz Otavio",Luiz Otavio Alvares,Universidade Federal de Santa Catarina (UFSC),Universidade Federal de Santa Catarina (UFSC)
8JMKD3MGPDW34P/3NDC42E,3,"Bogorny, Vania",Vania Bogorny,Universidade Federal de Santa Catarina (UFSC),Universidade Federal de Santa Catarina (UFSC)
8JMKD3MGP3W34P/3N2UA78,1,"Girolamo Neto, Cesare di",Cesare di Girolamo Neto,Instituto Nacional de Pesquisas Espaciais (INPE),Instituto Nacional de Pesquisas Espaciais (INPE)
8JMKD3MGP3W34P/3N2UA78,2,"Fonseca, Leila Maria Garcia",Leila Maria Garcia Fonseca,Instituto Nacional de Pesquisas Espaciais (INPE),Instituto Nacional de Pesquisas Espaciais (INPE)
8JMKD3MGP3W34P/3N2UA78,3,"Körting, Thales Sehn",Thales Sehn Körting,Instituto Nacional de Pesquisas Espaciais (INPE),Instituto Nacional de Pesquisas Espaciais (INPE)
8JMKD3MGP3W34P/3N2UBDH,1,"Gomes, Vitor C. F.",Vitor C. F. Gomes,Instituto de Estudos Avançados (IEAv),Instituto de Estudos Avançados (IEAv)
8JMKD3MGP3W34P/3N2UBDH,2,"Sato, Luciane Yumie",Luciane Yumie Sato,Instituto Nacional de Pesquisas Espaciais (INPE),Instituto Nacional de Pesquisas Espaciais (INPE)
8JMKD3MGP3W34P/3N2UBDH,3,"Queiroz, Gilberto Ribeiro de",Gilberto Ribeiro de Queiroz,Instituto Nacional de Pesquisas Espaciais (INPE),Instituto Nacional de Pesquisas Espaciais (INPE)
8JMKD3MGP3W34P/3N2UBDH,4,"Vinhas, Lúbia",Lúbia Vinhas,Instituto Nacional de Pesquisas Espaciais (INPE),Instituto Nacional de Pesquisas Espaciais (INPE)
8JMKD3MGP3W34P/3N2UBDH,5,"Ferreira, Karine Reis",Karine Reis Ferreira,Instituto Nacional de Pesquisas Espaciais (INPE),Instituto Nacional de Pesquisas Espaciais (INPE)
8JMKD3MGPDW34P/3NDC32P,1,"Jerônimo, Caio Libânio Melo",Caio Libânio Melo Jerônimo,Universidade Federal de Campina Grande (UFCG),Universidade Federal de Campina Grande (UFCG)
8JMKD3MGPDW34P/3NDC32P,2,"Campelo, Claudio E. C.",Claudio E. C. Campelo,Universidade Federal de Campina Grande (UFCG),Universidade Federal de Campina Grande (UFCG)
8JMKD3MGPDW34P/3NDC32P,3,"Baptista, Claudio de Souza",Claudio de Souza Baptista,Universidade Federal de Campina Grande (UFCG),Universidade Federal de Campina Grande (UFCG)
8JMKD3MGPDW34P/3NDC3R2,1,"Magalhăes, Salles V. G. de",Salles V. G. de Magalhăes,Universidade Federal de Viçosa (UFV),Universidade Federal de Viçosa (UFV)
8JMKD3MGPDW34P/3NDC3R2,2,"Andrade, Marcus V. A.",Marcus V. A. Andrade,Universidade Federal de Viçosa (UFV),Universidade Federal de Viçosa (UFV)
8JMKD3MGPDW34P/3NDC3R2,3,"Franklin, W. Randolph",W. Randolph Franklin,Rensselaer Polytechnic Institute (RPI),Rensselaer Polytechnic Institute (RPI)
8JMKD3MGPDW34P/3NDC3R2,4,"Li, Wenli",Wenli Li,Rensselaer Polytechnic Institute (RPI),Rensselaer Polytechnic Institute (RPI)
8JMKD3MGPDW34P/3NDC3R2,5,"Gruppi, Maurício G.",Maurício G. Gruppi,Universidade Federal de Viçosa (UFV),Universidade Federal de Viçosa (UFV)
8JMKD3MGPDW34P/3NDDJFE,1,"Nunes, Isabella de Freitas",Isabella de Freitas Nunes,Universidade Federal de Goiás (UFG),Universidade Federal de Goiás (UFG)
8JMKD3MGPDW34P/3NDDJFE,2,"Oliveira, Thiago Borges de",Thiago Borges de Oliveira,Universidade Federal de Goiás (UFG),Universidade Federal de Goiás (UFG)
8JMKD3MGPDW34P/3NDC97E,1,"Oliveira, S. Teles de",S. Teles de Oliveira,GoGeo,GoGeo
8JMKD3MGPDW34P/3NDC97E,2,"Cardoso, Marcelo de C.",Marcelo de C. Cardoso,GoGeo,GoGeo
8JMKD3MGPDW34P/3NDC97E,3,"Santos, Wisllay M. V. dos",Wisllay M. V. dos Santos,GoGeo,GoGeo
8JMKD3MGPDW34P/3NDC97E,4,"Costa, Paulo C. P.",Paulo C. P. Costa,GoGeo,GoGeo
8JMKD3MGPDW34P/3NDC97E,5,"Rodrigues, Vagner J. do Sacramento",Vagner J. do Sacramento Rodrigues,GoGeo,GoGeo
8JMKD3MGPDW34P/3NDC97E,6,"Martins, Wellington S.",Wellington S. Martins,Universidade Federal de Goiás (UFG),Universidade Federal de Goiás (UFG)
8JMKD3MGP3W34P/3N2UBQL,1,"Rodrigues, Marcos Lima",Marcos Lima Rodrigues,Instituto Nacional de Pesquisas Espaciais (INPE),Instituto Nacional de Pesquisas Espaciais (INPE)
8JMKD3MGP3W34P/3N2UBQL,2,"Stephany, Stephan",Stephan Stephany,Instituto Nacional de Pesquisas Espaciais (INPE),Instituto Nacional de Pesquisas Espaciais (INPE)
8JMKD3MGP3W34P/3N2UBQL,3,"Vinhas, Lúbia",Lúbia Vinhas,Instituto Nacional de Pesquisas Espaciais (INPE),Instituto Nacional de Pesquisas Espaciais (INPE)
8JMKD3MGP3W34P/3N2UBQL,4,"Ferreira, Karine Reis",Karine Reis Ferreira,Instituto Nacional de Pesquisas Espaciais (INPE),Instituto Nacional de Pesquisas Espaciais (INPE)
8JMKD3MGP3W34P/3N2UBQL,5,"Queiroz, Gilberto Ribeiro de",Gilberto Ribeiro de Queiroz,Instituto Nacional de Pesquisas Espaciais (INPE),Instituto Nacional de Pesquisas Espaciais (INPE)
8JMKD3MGP3W34P/3N2UBQL,6,"Garcia, Joăo Victor Cal",Joăo Victor Cal Garcia,Centro Nacional de Monitoramento e Alertas de Desastres Naturais (CEMADEN),Centro Nacional de Monitoramento e Alertas de Desastres Naturais (CEMADEN)
8JMKD3MGP3W34P/3N2UBQL,7,"Angelis, Carlos Frederico de",Carlos Frederico de Angelis,Centro Nacional de Monitoramento e Alertas de Desastres Naturais (CEMADEN),Centro Nacional de Monitoramento e Alertas de Desastres Naturais (CEMADEN)
8JMKD3MGPDW34P/3NDC8JS,1,"Santana, Amon Veiga",Amon Veiga Santana,Universidade Estadual da Bahia (UNEB),Universidade Estadual da Bahia (UNEB)
8JMKD3MGPDW34P/3NDC8JS,2,"Campos, Jorge",Jorge Campos,UNIFACS,UNIFACS
8JMKD3MGPDW34P/3NDDJ25,1,"Santos, Salatiel Ribeiro dos",Salatiel Ribeiro dos Santos,Universidade Federal de Minas Gerais (UFMG),Universidade Federal de Minas Gerais (UFMG)
8JMKD3MGPDW34P/3NDDJ25,2,"Davis Junior, Clodoveu A.",Clodoveu A. Davis Junior,Universidade Federal de Minas Gerais (UFMG),Universidade Federal de Minas Gerais (UFMG)
8JMKD3MGPDW34P/3NDDJ25,3,"Smarzaro, Rodrigo",Rodrigo Smarzaro,Universidade Federal de Minas Gerais (UFMG),Universidade Federal de Minas Gerais (UFMG)
8JMKD3MGP3W34P/3N2U9TH,1,"Santos, Lorena A.",Lorena A. Santos,Instituto Nacional de Pesquisas Espaciais (INPE),Instituto Nacional de Pesquisas Espaciais (INPE)
8JMKD3MGP3W34P/3N2U9TH,2,"Ferreira, Karine Reis",Karine Reis Ferreira,Instituto Nacional de Pesquisas Espaciais (INPE),Instituto Nacional de Pesquisas Espaciais (INPE)
8JMKD3MGP3W34P/3N2U9TH,3,"Queiroz, Gilberto Ribeiro de",Gilberto Ribeiro de Queiroz,Instituto Nacional de Pesquisas Espaciais (INPE),Instituto Nacional de Pesquisas Espaciais (INPE)
8JMKD3MGP3W34P/3N2U9TH,4,"Vinhas, Lúbia",Lúbia Vinhas,Instituto Nacional de Pesquisas Espaciais (INPE),Instituto Nacional de Pesquisas Espaciais (INPE)
8JMKD3MGPDW34P/3NDC4QL,1,"Silva, Washington Sena de França e",Washington Sena de França e Silva,Universidade Federal de Ouro Preto (UFOP),Universidade Federal de Ouro Preto (UFOP)
8JMKD3MGPDW34P/3NDC4QL,2,"Carneiro, Tiago Garcia de Senna",Tiago Garcia de Senna Carneiro,Universidade Federal de Ouro Preto (UFOP),Universidade Federal de Ouro Preto (UFOP)
8JMKD3MGP3W34P/3N2UABL,1,"Silva, Alexsandro Cândido de Oliveira",Alexsandro Cândido de Oliveira Silva,Instituto Nacional de Pesquisas Espaciais (INPE),Instituto Nacional de Pesquisas Espaciais (INPE)
8JMKD3MGP3W34P/3N2UABL,2,"Fonseca, Leila Maria Garcia",Leila Maria Garcia Fonseca,Instituto Nacional de Pesquisas Espaciais (INPE),Instituto Nacional de Pesquisas Espaciais (INPE)
8JMKD3MGP3W34P/3N2UABL,3,"Körting, Thales Sehn",Thales Sehn Körting,Instituto Nacional de Pesquisas Espaciais (INPE),Instituto Nacional de Pesquisas Espaciais (INPE)
8JMKD3MGP3W34P/3N2UAT8,1,"Simőes, Rolf Ezequiel de Oliveira",Rolf Ezequiel de Oliveira Simőes,Instituto Nacional de Pesquisas Espaciais (INPE),Instituto Nacional de Pesquisas Espaciais (INPE)
8JMKD3MGP3W34P/3N2UAT8,2,"Queiroz, Gilberto Ribeiro de",Gilberto Ribeiro de Queiroz,Instituto Nacional de Pesquisas Espaciais (INPE),Instituto Nacional de Pesquisas Espaciais (INPE)
8JMKD3MGP3W34P/3N2UAT8,3,"Ferreira, Karine Reis",Karine Reis Ferreira,Instituto Nacional de Pesquisas Espaciais (INPE),Instituto Nacional de Pesquisas Espaciais (INPE)
8JMKD3MGP3W34P/3N2UAT8,4,"Vinhas, Lúbia",Lúbia Vinhas,Instituto Nacional de Pesquisas Espaciais (INPE),Instituto Nacional de Pesquisas Espaciais (INPE)
8JMKD3MGP3W34P/3N2UAT8,5,"Câmara, Gilberto",Gilberto Câmara,Instituto Nacional de Pesquisas Espaciais (INPE),Instituto Nacional de Pesquisas Espaciais (INPE)
8JMKD3MGPDW34P/3NDC8C8,1,"Siqueira-Gay, Juliana",Juliana Siqueira-Gay,Universidade de Săo Paulo (USP),Universidade de Săo Paulo (USP)
8JMKD3MGPDW34P/3NDC8C8,2,"Giannotti, Mariana Abrantes",Mariana Abrantes Giannotti,Universidade de Săo Paulo (USP),Universidade de Săo Paulo (USP)
8JMKD3MGPDW34P/3NDC8C8,3,"Tomasiello, Diego Bogado",Diego Bogado Tomasiello,Universidade de Săo Paulo (USP),Universidade de Săo Paulo (USP)
8JMKD3MGPDW34P/3NDDHL8,1,"Speranza, Eduardo A.",Eduardo A. Speranza,Empresa Brasileira de Pesquisa Agropecuária (EMBRAPA),Empresa Brasileira de Pesquisa Agropecuária (EMBRAPA)
8JMKD3MGPDW34P/3NDDHL8,2,"Ciferri, Ricardo R.",Ricardo R. Ciferri,Universidade Federal de Săo Carlos (UFSCar),Universidade Federal de Săo Carlos (UFSCar)
8JMKD3MGPDW34P/3NDDHL8,3,"Ciferri, Cristina D. A.",Cristina D. A. Ciferri,Universidade Federal de Săo Paulo (USP),Universidade Federal de Săo Paulo (USP)
8JMKD3MGP3W34P/3N2U9JL,1,"Vinhas, Lúbia",Lúbia Vinhas,Instituto Nacional de Pesquisas Espaciais (INPE),Instituto Nacional de Pesquisas Espaciais (INPE)
8JMKD3MGP3W34P/3N2U9JL,2,"Queiroz, Gilberto Ribeiro de",Gilberto Ribeiro de Queiroz,Instituto Nacional de Pesquisas Espaciais (INPE),Instituto Nacional de Pesquisas Espaciais (INPE)
8JMKD3MGP3W34P/3N2U9JL,3,"Ferreira, Karine Reis",Karine Reis Ferreira,4 Instituto Nacional de Pesquisas Espaciais (INPE),4 Instituto Nacional de Pesquisas Espaciais (INPE)
8JMKD3MGP3W34P/3N2U9JL,4,"Câmara, Gilberto",Gilberto Câmara,,
8JMKD3MGPDW34P/3KP2T4E,1,"Assis, Luiz Fernando F. G. de",Luiz Fernando F. G. de Assis,Universidade de Săo Paulo (USP),Universidade de Săo Paulo (USP)
8JMKD3MGPDW34P/3KP2T4E,2,"Herfort, Benjamin",Benjamin Herfort,Universidade de Săo Paulo (USP),Universidade de Săo Paulo (USP)
8JMKD3MGPDW34P/3KP2T4E,3,"Steiger, Enrico",Enrico Steiger,Universidade de Săo Paulo (USP),Universidade de Săo Paulo (USP)
8JMKD3MGPDW34P/3KP2T4E,4,"Horita, Flávio E. A.",Flávio E. A. Horita,Universidade de Săo Paulo (USP),Universidade de Săo Paulo (USP)
8JMKD3MGPDW34P/3KP2T4E,5,"Albuquerque, Joăo Porto de",Joăo Porto de Albuquerque,Heidelberg University,Heidelberg University
8JMKD3MGPDW34P/3KP37KS,1,"Bellina, Gabriel Marx",Gabriel Marx Bellina,Universidade do Vale dos Sinos (UNISINOS),Universidade do Vale dos Sinos (UNISINOS)
8JMKD3MGPDW34P/3KP37KS,2,"Tognoli, Francisco Manoel Wohnrath",Francisco Manoel Wohnrath Tognoli,Universidade do Vale dos Sinos (UNISINOS),Universidade do Vale dos Sinos (UNISINOS)
8JMKD3MGPDW34P/3KP37KS,3,"Veronez, Mauricio Roberto",Mauricio Roberto Veronez,Universidade do Vale dos Sinos (UNISINOS),Universidade do Vale dos Sinos (UNISINOS)
8JMKD3MGPDW34P/3KP37UP,1,"Carniel, Anderson Chaves",Anderson Chaves Carniel,Universidade de Săo Paulo (USP),Universidade de Săo Paulo (USP)
8JMKD3MGPDW34P/3KP37UP,2,"Ciferri, Ricardo Rodrigues",Ricardo Rodrigues Ciferri,Universidade Federal de Săo Carlos (UFSCar),Universidade Federal de Săo Carlos (UFSCar)
8JMKD3MGPDW34P/3KP37UP,3,"Ciferri, Cristina Dutra de Aguiar",Cristina Dutra de Aguiar Ciferri,Universidade de Săo Paulo (USP),Universidade de Săo Paulo (USP)
8JMKD3MGPDW34P/3KP38MP,1,"Carniel, Anderson Chaves",Anderson Chaves Carniel,Universidade de Săo Paulo (USP),Universidade de Săo Paulo (USP)
8JMKD3MGPDW34P/3KP38MP,2,"Ciferri, Ricardo Rodrigues",Ricardo Rodrigues Ciferri,Universidade Federal de Săo Carlos (UFSCar),Universidade Federal de Săo Carlos (UFSCar)
8JMKD3MGPDW34P/3KP38MP,3,"Ciferri, Cristina Dutra de Aguiar",Cristina Dutra de Aguiar Ciferri,Universidade de Săo Paulo (USP),Universidade de Săo Paulo (USP)
8JMKD3MGPDW34P/3KP34LS,1,"Feitosa, Flávia da Fonseca",Flávia da Fonseca Feitosa,niversidade Federal do ABC (CECS/UFABC),niversidade Federal do ABC (CECS/UFABC)
8JMKD3MGPDW34P/3KP34LS,2,"Rosemback, Roberta Guerra",Roberta Guerra Rosemback,Universidade Federal de Minas Gerais (CEDEPLAR/UFMG),Universidade Federal de Minas Gerais (CEDEPLAR/UFMG)
8JMKD3MGPDW34P/3KP34LS,3,"Jacovine, Thiago Correa",Thiago Correa Jacovine,niversidade Federal do ABC (CECS/UFABC),niversidade Federal do ABC (CECS/UFABC)
8JMKD3MGPDW34P/3KP2RBP,1,"Ferreira, Karine Reis",Karine Reis Ferreira,nstituto Nacional de Pesquisas Espaciais (INPE),nstituto Nacional de Pesquisas Espaciais (INPE)
8JMKD3MGPDW34P/3KP2RBP,2,"Oliveira, Andre Gomes de",Andre Gomes de Oliveira,"Fundaçăo de Cięncia, Aplicaçőes e Tecnologia Espaciais (FUNCATE)","Fundaçăo de Cięncia, Aplicaçőes e Tecnologia Espaciais (FUNCATE)"
8JMKD3MGPDW34P/3KP2RBP,3,"Monteiro, Antonio Miguel Vieira",Antonio Miguel Vieira Monteiro,Instituto Nacional de Pesquisas Espaciais (INPE),Instituto Nacional de Pesquisas Espaciais (INPE)
8JMKD3MGPDW34P/3KP2RBP,4,"Almeida, Diego Benincasa F. C. de",Diego Benincasa F. C. de Almeida,Instituto Nacional de Pesquisas Espaciais (INPE),Instituto Nacional de Pesquisas Espaciais (INPE)
8JMKD3MGPDW34P/3KP36DH,1,"Gruppi, Mauricio G.",Mauricio G. Gruppi,Universidade Federal de Viçosa (UFV),Universidade Federal de Viçosa (UFV)
8JMKD3MGPDW34P/3KP36DH,2,"Magalhăes, Salles V. G. de",Salles V. G. de Magalhăes,Universidade Federal de Viçosa (UFV),Universidade Federal de Viçosa (UFV)
8JMKD3MGPDW34P/3KP36DH,3,"Andrade, Marcus V. A.",Marcus V. A. Andrade,Universidade Federal de Viçosa (UFV),Universidade Federal de Viçosa (UFV)
8JMKD3MGPDW34P/3KP36DH,4,"Franklin, W. Randolph",W. Randolph Franklin,Rensselaer Polytechnic Institute,Rensselaer Polytechnic Institute
8JMKD3MGPDW34P/3KP36DH,5,"Li, Wenli",Wenli Li,Rensselaer Polytechnic Institute,Rensselaer Polytechnic Institute
8JMKD3MGPDW34P/3KP35BL,1,"Jerônimo, Caio Libânio Melo",Caio Libânio Melo Jerônimo,Universidade Federal de Campina Grande (UFCG),Universidade Federal de Campina Grande (UFCG)
8JMKD3MGPDW34P/3KP35BL,2,"Campelo, Cláudio E. C.",Cláudio E. C. Campelo,Universidade Federal de Campina Grande (UFCG),Universidade Federal de Campina Grande (UFCG)
8JMKD3MGPDW34P/3KP35BL,3,"Baptista, Cláudio de Souza",Cláudio de Souza Baptista,Universidade Federal de Campina Grande (UFCG),Universidade Federal de Campina Grande (UFCG)
8JMKD3MGPDW34P/3KP3EUL,1,"Logiodice, Pedro",Pedro Logiodice,Universidade Federal de Săo Paulo (USP),Universidade Federal de Săo Paulo (USP)
8JMKD3MGPDW34P/3KP3EUL,2,"Arbex, Renato",Renato Arbex,Universidade Federal de Săo Paulo (USP),Universidade Federal de Săo Paulo (USP)
8JMKD3MGPDW34P/3KP3EUL,3,"Tomasiello, Diego",Diego Tomasiello,Universidade Federal de Săo Paulo (USP),Universidade Federal de Săo Paulo (USP)
8JMKD3MGPDW34P/3KP3EUL,4,"Giannotti, Mariana",Mariana Giannotti,Universidade Federal de Săo Paulo (USP),Universidade Federal de Săo Paulo (USP)
8JMKD3MGPDW34P/3KP362E,1,"Maretto, Raian V.",Raian V. Maretto,"Fundaçăo de Cięncias, Aplicaçőes e Tecnologias Espaciais (FUNCATE)","Fundaçăo de Cięncias, Aplicaçőes e Tecnologias Espaciais (FUNCATE)"
8JMKD3MGPDW34P/3KP362E,2,"Korting, Thales S.",Thales S. Korting,Instituto Nacional de Pesquisas Espaciais (INPE),Instituto Nacional de Pesquisas Espaciais (INPE)
8JMKD3MGPDW34P/3KP362E,3,"Castejon, Emiliano F.",Emiliano F. Castejon,Instituto Nacional de Pesquisas Espaciais (INPE),Instituto Nacional de Pesquisas Espaciais (INPE)
8JMKD3MGPDW34P/3KP362E,4,"Fonseca, Leila M. G.",Leila M. G. Fonseca,Instituto Nacional de Pesquisas Espaciais (INPE),Instituto Nacional de Pesquisas Espaciais (INPE)
8JMKD3MGPDW34P/3KP362E,5,"Santos, Rafael",Rafael Santos,Instituto Nacional de Pesquisas Espaciais (INPE),Instituto Nacional de Pesquisas Espaciais (INPE)
8JMKD3MGPDW34P/3KP345B,1,"Nascimento, Guilherme Henrique R.",Guilherme Henrique R. Nascimento,Universidade Federal de Minas Gerais (UFMG),Universidade Federal de Minas Gerais (UFMG)
8JMKD3MGPDW34P/3KP345B,2,"Davis Júnor, Clodoveu A.",Clodoveu A. Davis Júnor,Universidade Federal de Minas Gerais (UFMG),Universidade Federal de Minas Gerais (UFMG)
8JMKD3MGPDW34P/3KP36L8,1,"Neves, Alana K.",Alana K. Neves,Instituto Nacional de Pesquisas Espaciais (INPE),Instituto Nacional de Pesquisas Espaciais (INPE)
8JMKD3MGPDW34P/3KP36L8,2,"Bendini, Hugo do N.",Hugo do N. Bendini,Instituto Nacional de Pesquisas Espaciais (INPE),Instituto Nacional de Pesquisas Espaciais (INPE)
8JMKD3MGPDW34P/3KP36L8,3,"Körting, Thales S.",Thales S. Körting,"Divisăo de Processamento de Imagens (DPI), Instituto Nacional de Pesquisas Espaciais (INPE)","Divisăo de Processamento de Imagens (DPI), Instituto Nacional de Pesquisas Espaciais (INPE)"
8JMKD3MGPDW34P/3KP36L8,4,"Fonseca, Leila M. G.",Leila M. G. Fonseca,"Divisăo de Processamento de Imagens (DPI), Instituto Nacional de Pesquisas Espaciais (INPE)","Divisăo de Processamento de Imagens (DPI), Instituto Nacional de Pesquisas Espaciais (INPE)"
8JMKD3MGPDW34P/3KP32ES,1,"Nobre Neto, Francisco Dantas",Francisco Dantas Nobre Neto,Universidade Federal de Campina Grande (UFCG),Universidade Federal de Campina Grande (UFCG)
8JMKD3MGPDW34P/3KP32ES,2,"Baptista, Cláudio de Souza",Cláudio de Souza Baptista,Universidade Federal de Campina Grande (UFCG),Universidade Federal de Campina Grande (UFCG)
8JMKD3MGPDW34P/3KP32ES,3,"Campelo, Cláudio E. C.",Cláudio E. C. Campelo,Universidade Federal de Campina Grande (UFCG),Universidade Federal de Campina Grande (UFCG)
8JMKD3MGPDW34P/3KP3578,1,"Oliveira, Sávio S. Teles de",Sávio S. Teles de Oliveira,GoGeo,GoGeo
8JMKD3MGPDW34P/3KP3578,2,"Cunha, Anderson R.",Anderson R. Cunha,GoGeo,GoGeo
8JMKD3MGPDW34P/3KP3578,3,"Rodrigues, Vagner J. do Sacramento",Vagner J. do Sacramento Rodrigues,GoGeo,GoGeo
8JMKD3MGPDW34P/3KP3578,4,"Martins, Wellington S.",Wellington S. Martins,Universidade Federal de Goiás (UFG),Universidade Federal de Goiás (UFG)
8JMKD3MGPDW34P/3KP37B2,1,"Oliveira, Welder B. de",Welder B. de Oliveira,Universidade Federal de Goiás (UFG),Universidade Federal de Goiás (UFG)
8JMKD3MGPDW34P/3KP37B2,2,"Saulo, Helton",Helton Saulo,Universidade Federal de Goiás (UFG),Universidade Federal de Goiás (UFG)
8JMKD3MGPDW34P/3KP37B2,3,"Oliveira, Sávio S. Teles de",Sávio S. Teles de Oliveira,Universidade Federal de Goiás (UFG),Universidade Federal de Goiás (UFG)
8JMKD3MGPDW34P/3KP37B2,4,"Rodrigues, Vagner J. Sacramento",Vagner J. Sacramento Rodrigues,Universidade Federal de Goiás (UFG),Universidade Federal de Goiás (UFG)
8JMKD3MGPDW34P/3KP37B2,5,"Cardoso, Kleber V.",Kleber V. Cardoso,Universidade Federal de Goiás (UFG),Universidade Federal de Goiás (UFG)
8JMKD3MGPDW34P/3KP333E,1,"Oliveira, Abilio A. M. de",Abilio A. M. de Oliveira,Universidade Federal de Săo Joăo Del-Rei (UFSJ),Universidade Federal de Săo Joăo Del-Rei (UFSJ)
8JMKD3MGPDW34P/3KP333E,2,"Souza, Matheus P.",Matheus P. Souza,Universidade Federal de Săo Joăo Del-Rei (UFSJ),Universidade Federal de Săo Joăo Del-Rei (UFSJ)
8JMKD3MGPDW34P/3KP333E,3,"Pereira, Marconi de A.",Marconi de A. Pereira,Universidade Federal de Săo Joăo Del-Rei (UFSJ),Universidade Federal de Săo Joăo Del-Rei (UFSJ)
8JMKD3MGPDW34P/3KP333E,4,"Reis, Felipe A. L.",Felipe A. L. Reis,Centro Federal de Educaçăo Tecnológica de MG (CEFET-MG),Centro Federal de Educaçăo Tecnológica de MG (CEFET-MG)
8JMKD3MGPDW34P/3KP333E,5,"Almeida, Paulo E. M.",Paulo E. M. Almeida,Centro Federal de Educaçăo Tecnológica de MG (CEFET-MG),Centro Federal de Educaçăo Tecnológica de MG (CEFET-MG)
8JMKD3MGPDW34P/3KP333E,6,"Silva, Eder J.",Eder J. Silva,Universidade Federal de Săo Joăo Del-Rei (UFSJ),Universidade Federal de Săo Joăo Del-Rei (UFSJ)
8JMKD3MGPDW34P/3KP333E,7,"Crepalde, Daniel S.",Daniel S. Crepalde,Universidade Federal de Săo Joăo Del-Rei (UFSJ),Universidade Federal de Săo Joăo Del-Rei (UFSJ)
8JMKD3MGPDW34P/3KP2THP,1,"Poiani, Thiago H.",Thiago H. Poiani,Universidade de Sa ̃o Paulo (USP),Universidade de Sa ̃o Paulo (USP)
8JMKD3MGPDW34P/3KP2THP,2,"Horita, Flavio E. A.",Flavio E. A. Horita,Universidade de Sa ̃o Paulo (USP),Universidade de Sa ̃o Paulo (USP)
8JMKD3MGPDW34P/3KP2THP,3,"Albuquerque, Joăo Porto de",Joăo Porto de Albuquerque,Heidelberg University,Heidelberg University
8JMKD3MGPDW34P/3KP2SDL,1,"Salazar, Juan c.",Juan c. Salazar,Instituto Politécnico Nacional,Instituto Politécnico Nacional
8JMKD3MGPDW34P/3KP2SDL,2,"Torres-Ruiz, Miguel",Miguel Torres-Ruiz,Instituto Politécnico Nacional,Instituto Politécnico Nacional
8JMKD3MGPDW34P/3KP2SDL,3,"Davis Júnior, Clodoveu A.",Clodoveu A. Davis Júnior,Universidade Federal de Minas Gerais (UFMG),Universidade Federal de Minas Gerais (UFMG)
8JMKD3MGPDW34P/3KP2SDL,4,"Moreno-Ibarra, Marco",Marco Moreno-Ibarra,Instituto Politécnico Nacional,Instituto Politécnico Nacional
8JMKD3MGPDW34P/3KP3262,1,"Santos, Areli Andreia dos",Areli Andreia dos Santos,Universidade Federal de Santa Catarina (UFSC),Universidade Federal de Santa Catarina (UFSC)
8JMKD3MGPDW34P/3KP3262,2,"Furtado, Andre Salvaro",Andre Salvaro Furtado,Universidade Federal de Santa Catarina (UFSC),Universidade Federal de Santa Catarina (UFSC)
8JMKD3MGPDW34P/3KP3262,3,"Alvares, Luis Otavio",Luis Otavio Alvares,Universidade Federal de Santa Catarina (UFSC),Universidade Federal de Santa Catarina (UFSC)
8JMKD3MGPDW34P/3KP3262,4,"Pelekis, Nikos",Nikos Pelekis,University of Piraeus (UPRC),University of Piraeus (UPRC)
8JMKD3MGPDW34P/3KP3262,5,"Bogorny, Vania",Vania Bogorny,Universidade Federal de Santa Catarina (UFSC),Universidade Federal de Santa Catarina (UFSC)
8JMKD3MGPDW34P/3KP33M8,1,"Seufitelli, Danilo B.",Danilo B. Seufitelli,Universidade Federal de Minas Gerais (UFMG),Universidade Federal de Minas Gerais (UFMG)
8JMKD3MGPDW34P/3KP33M8,2,"Moro, Mirella M.",Mirella M. Moro,Universidade Federal de Minas Gerais (UFMG),Universidade Federal de Minas Gerais (UFMG)
8JMKD3MGPDW34P/3KP33M8,3,"Davis Júnior, Clodoveu A.",Clodoveu A. Davis Júnior,Universidade Federal de Minas Gerais (UFMG),Universidade Federal de Minas Gerais (UFMG)
8JMKD3MGPDW34P/3KP3985,1,"Silva, Reginaldo Macedônio da",Reginaldo Macedônio da Silva,Universidade do Vale dos Sinos (UNISINOS),Universidade do Vale dos Sinos (UNISINOS)
8JMKD3MGPDW34P/3KP3985,2,"Veronez, Maurício Roberto",Maurício Roberto Veronez,Universidade do Vale dos Sinos (UNISINOS),Universidade do Vale dos Sinos (UNISINOS)
8JMKD3MGPDW34P/3KP3985,3,"Jr, Luiz Gonzaga",Luiz Gonzaga Jr,Universidade do Vale dos Sinos (UNISINOS),Universidade do Vale dos Sinos (UNISINOS)
8JMKD3MGPDW34P/3KP3985,4,"Tognoli, Francisco M. W.",Francisco M. W. Tognoli,Universidade do Vale dos Sinos (UNISINOS),Universidade do Vale dos Sinos (UNISINOS)
8JMKD3MGPDW34P/3KP3985,5,"Souza, Marcelo Kehl de",Marcelo Kehl de Souza,Universidade do Vale dos Sinos (UNISINOS),Universidade do Vale dos Sinos (UNISINOS)
8JMKD3MGPDW34P/3KP3985,6,"Inocencio, Leonardo Campos",Leonardo Campos Inocencio,Universidade do Vale dos Sinos (UNISINOS),Universidade do Vale dos Sinos (UNISINOS)
8JMKD3MGPDW34P/3KP38AL,1,"Soares, Anderson Reis",Anderson Reis Soares,Instituto Nacional de Pesquisas Espaciais (INPE),Instituto Nacional de Pesquisas Espaciais (INPE)
8JMKD3MGPDW34P/3KP38AL,2,"Körting, Thales Sehn",Thales Sehn Körting,Instituto Nacional de Pesquisas Espaciais (INPE),Instituto Nacional de Pesquisas Espaciais (INPE)
8JMKD3MGPDW34P/3KP38AL,3,"Fonseca, Leila M. Garcia",Leila M. Garcia Fonseca,Instituto Nacional de Pesquisas Espaciais (INPE),Instituto Nacional de Pesquisas Espaciais (INPE)
8JMKD3MGP3W34R/42GRPC2,1,"Tanaka, Pedro Sena",Pedro Sena Tanaka,Universidade Estadual de Londrina (UEL),Universidade Estadual de Londrina (UEL)
8JMKD3MGP3W34R/42GRPC2,2,"Vieira, Marcos R.",Marcos R. Vieira,Big Data Research Lab,Big Data Research Lab
8JMKD3MGP3W34R/42GRPC2,3,"Kaster, Daniel S.",Daniel S. Kaster,Universidade Estadual de Londrina (UEL),Universidade Estadual de Londrina (UEL)
8JMKD3MGP3W34P/42GRR95,1,"Amaral, Thaís Basso",Thaís Basso Amaral,Empresa Brasileira de Pesquisa Agropecuária (EMBRAPA),Empresa Brasileira de Pesquisa Agropecuária (EMBRAPA)
8JMKD3MGP3W34P/42GRR95,2,"Gond, Valery",Valery Gond,CIRAD,CIRAD
8JMKD3MGP3W34P/42GRR95,3,"Tran, Annelise",Annelise Tran,"CIRAD, UPR AGIRs ""Animal et Gestion Intégrée des Risques""","CIRAD, UPR AGIRs ""Animal et Gestion Intégrée des Risques"""
8JMKD3MGP3W34P/42GRQBL,1,"Andrade, Thiago C.",Thiago C. Andrade,Centro Federal de Educaçăo Tecnológica de Minas Gerais (CEFET-MG),Centro Federal de Educaçăo Tecnológica de Minas Gerais (CEFET-MG)
8JMKD3MGP3W34P/42GRQBL,2,"Pereira, Marconi de A.",Marconi de A. Pereira,Universidade Federal de Săo Joăo Del Rei (UFSJ),Universidade Federal de Săo Joăo Del Rei (UFSJ)
8JMKD3MGP3W34P/42GRQBL,3,"Wanner, Elizabeth F.",Elizabeth F. Wanner,Centro Federal de Educaçăo Tecnológica de Minas Gerais (CEFET-MG),Centro Federal de Educaçăo Tecnológica de Minas Gerais (CEFET-MG)
8JMKD3MGP3W34P/42H363P,1,"Barbosa, Luciano",Luciano Barbosa,IBM Research,IBM Research
8JMKD3MGP3W34P/42H363P,2,"Kormáksson, Matthías",Matthías Kormáksson,IBM Research,IBM Research
8JMKD3MGP3W34P/42H363P,3,"Vieira, Marcos R.",Marcos R. Vieira,IBM Research,IBM Research
8JMKD3MGP3W34P/42H363P,4,"Tavares, Rafael L.",Rafael L. Tavares,IBM Research,IBM Research
8JMKD3MGP3W34P/42H363P,5,"Zadrozny, Bianca",Bianca Zadrozny,IBM Research,IBM Research
8JMKD3MGP3W34P/42H35Q5,1,"Bendini, Hugo do Nascimento",Hugo do Nascimento Bendini,Instituto Nacional de Pesquisas Espaciais (INPE),Instituto Nacional de Pesquisas Espaciais (INPE)
8JMKD3MGP3W34P/42H35Q5,2,"Moraes, Wilson S.",Wilson S. Moraes,Instituto Nacional de Pesquisas Espaciais (INPE),Instituto Nacional de Pesquisas Espaciais (INPE)
8JMKD3MGP3W34P/42H35Q5,3,"Costa, Simone S. da",Simone S. da Costa,Instituto Nacional de Pesquisas Espaciais (INPE),Instituto Nacional de Pesquisas Espaciais (INPE)
8JMKD3MGP3W34P/42H35Q5,4,"Lopes, Eymar S. S.",Eymar S. S. Lopes,Instituto Nacional de Pesquisas Espaciais (INPE),Instituto Nacional de Pesquisas Espaciais (INPE)
8JMKD3MGP3W34P/42H35Q5,5,"Körting, Thales Sehn",Thales Sehn Körting,Instituto Nacional de Pesquisas Espaciais (INPE),Instituto Nacional de Pesquisas Espaciais (INPE)
8JMKD3MGP3W34P/42H35Q5,6,"Fonseca, Leila Maria Garcia",Leila Maria Garcia Fonseca,Instituto Nacional de Pesquisas Espaciais (INPE),Instituto Nacional de Pesquisas Espaciais (INPE)
8JMKD3MGP3W34P/42H356B,1,"Bogossian, Cláudio Henrique",Cláudio Henrique Bogossian,Instituto Nacional de Pesquisas Espaciais (INPE),Instituto Nacional de Pesquisas Espaciais (INPE)
8JMKD3MGP3W34P/42H356B,2,"Ferreira, Karine Reis",Karine Reis Ferreira,Instituto Nacional de Pesquisas Espaciais (INPE),Instituto Nacional de Pesquisas Espaciais (INPE)
8JMKD3MGP3W34P/42H356B,3,"Monteiro, Antônio Miguel Vieira",Antônio Miguel Vieira Monteiro,Instituto Nacional de Pesquisas Espaciais (INPE),Instituto Nacional de Pesquisas Espaciais (INPE)
8JMKD3MGP3W34P/42H356B,4,"Vinhas, Lúbia",Lúbia Vinhas,Instituto Nacional de Pesquisas Espaciais (INPE),Instituto Nacional de Pesquisas Espaciais (INPE)
8JMKD3MGP3W34P/42GRQR2,1,"Braga, VinĒcius G.",VinĒcius G. Braga,Universidade Federal de Goißs (UFG),Universidade Federal de Goißs (UFG)
8JMKD3MGP3W34P/42GRQR2,2,"Oliveira, Welder",Welder Oliveira,Universidade Federal de Goißs (UFG),Universidade Federal de Goißs (UFG)
8JMKD3MGP3W34P/42GRQR2,3,"Sacramento, Vagner",Vagner Sacramento,Universidade Federal de Goißs (UFG),Universidade Federal de Goißs (UFG)
8JMKD3MGP3W34P/42GRQR2,4,"Cardoso, Kleber V.",Kleber V. Cardoso,Universidade Federal de Goißs (UFG),Universidade Federal de Goißs (UFG)
8JMKD3MGP3W34P/42H34US,1,"Camara, Jean H. S.",Jean H. S. Camara,Universidade Federal de Vińosa (UFV),Universidade Federal de Vińosa (UFV)
8JMKD3MGP3W34P/42H34US,2,"Almeida, Thales T.",Thales T. Almeida,Universidade Federal de Vińosa (UFV),Universidade Federal de Vińosa (UFV)
8JMKD3MGP3W34P/42H34US,3,"Carvalho, Denis R.",Denis R. Carvalho,Universidade Federal de Vińosa (UFV),Universidade Federal de Vińosa (UFV)
8JMKD3MGP3W34P/42H34US,4,"Ferreira, Thiago B.",Thiago B. Ferreira,Universidade Federal de Vińosa (UFV),Universidade Federal de Vińosa (UFV)
8JMKD3MGP3W34P/42H34US,5,"Balardino, Allan F.",Allan F. Balardino,Universidade Federal de Vińosa (UFV),Universidade Federal de Vińosa (UFV)
8JMKD3MGP3W34P/42H34US,6,"Oliveira, Gilberto V.",Gilberto V. Oliveira,Universidade Federal de Vińosa (UFV),Universidade Federal de Vińosa (UFV)
8JMKD3MGP3W34P/42H34US,7,"Fonseca, Fßbio J. B.",Fßbio J. B. Fonseca,Universidade Federal de Vińosa (UFV),Universidade Federal de Vińosa (UFV)
8JMKD3MGP3W34P/42H34US,8,"Ramos, Ricardo S.",Ricardo S. Ramos,Universidade Federal de Vińosa (UFV),Universidade Federal de Vińosa (UFV)
8JMKD3MGP3W34P/42H34US,9,"Souza, Wagner D.",Wagner D. Souza,Universidade Federal de Vińosa (UFV),Universidade Federal de Vińosa (UFV)
8JMKD3MGP3W34P/42H34US,10,"Lisboa Filho, Jugurta",Jugurta Lisboa Filho,Universidade Federal de Vińosa (UFV),Universidade Federal de Vińosa (UFV)
8JMKD3MGP3W34P/3HJPLH2,1,"Felgueiras, Carlos Alberto",Carlos Alberto Felgueiras,Instituto Nacional de Pesquisas Espaciais (INPE),Instituto Nacional de Pesquisas Espaciais (INPE)
8JMKD3MGP3W34P/3HJPLH2,2,"Ortiz, Jussara de Oliveira",Jussara de Oliveira Ortiz,Instituto Nacional de Pesquisas Espaciais (INPE),Instituto Nacional de Pesquisas Espaciais (INPE)
8JMKD3MGP3W34P/3HJPLH2,3,"Camargo, Eduardo Celso Gerbi",Eduardo Celso Gerbi Camargo,Instituto Nacional de Pesquisas Espaciais (INPE),Instituto Nacional de Pesquisas Espaciais (INPE)
8JMKD3MGP3W34P/42H35D2,1,"Ferreira, Karine Reis",Karine Reis Ferreira,Instituto Nacional de Pesquisas Espaciais (INPE),Instituto Nacional de Pesquisas Espaciais (INPE)
8JMKD3MGP3W34P/42H35D2,2,"Almeida, Diego Benincasa F. C.",Diego Benincasa F. C. Almeida,Instituto Nacional de Pesquisas Espaciais (INPE),Instituto Nacional de Pesquisas Espaciais (INPE)
8JMKD3MGP3W34P/42H35D2,3,"Monteiro, Antônio Miguel Vieira",Antônio Miguel Vieira Monteiro,Instituto Nacional de Pesquisas Espaciais (INPE),Instituto Nacional de Pesquisas Espaciais (INPE)
8JMKD3MGP3W34P/42H34DB,1,"Fonseca, Fred",Fred Fonseca,The Pennsylvania State University,The Pennsylvania State University
8JMKD3MGP3W34P/42H34DB,2,"Davis Júnior, Clodoveu Augusto",Clodoveu Augusto Davis Júnior,Universidade Federal de Minas Gerais (UFMG),Universidade Federal de Minas Gerais (UFMG)
8JMKD3MGP3W34P/42H34DB,3,"Câmara, Gilberto",Gilberto Câmara,Instituto Nacional de Pesquisas Espaciais (INPE),Instituto Nacional de Pesquisas Espaciais (INPE)
8JMKD3MGP3W34P/42GRRJ2,1,"Furtado, Caio Alves",Caio Alves Furtado,Universidade Federal de Minas Gerais (UFMG),Universidade Federal de Minas Gerais (UFMG)
8JMKD3MGP3W34P/42GRRJ2,2,"Andrade, Thamara Karen",Thamara Karen Andrade,Universidade Federal de Minas Gerais (UFMG),Universidade Federal de Minas Gerais (UFMG)
8JMKD3MGP3W34P/42GRRJ2,3,"Davis Júnior, Clodoveu A.",Clodoveu A. Davis Júnior,Universidade Federal de Minas Gerais (UFMG),Universidade Federal de Minas Gerais (UFMG)
8JMKD3MGP3W34P/42H35HE,1,"Moura, Ciro D. G.",Ciro D. G. Moura,Universidade do Estado do Rio Grande do Norte (UERN),Universidade do Estado do Rio Grande do Norte (UERN)
8JMKD3MGP3W34P/42H35HE,2,"Freitas, Nicksson C. A.",Nicksson C. A. Freitas,Universidade do Estado do Rio Grande do Norte (UERN),Universidade do Estado do Rio Grande do Norte (UERN)
8JMKD3MGP3W34P/42H35HE,3,"Silva, Marcelino P. S.",Marcelino P. S. Silva,Universidade do Estado do Rio Grande do Norte (UERN),Universidade do Estado do Rio Grande do Norte (UERN)
8JMKD3MGP3W34P/42GRQJB,1,"Nabo, Ricardo Gil Belther",Ricardo Gil Belther Nabo,Universidade Federal de Santa Catarina (UFSC),Universidade Federal de Santa Catarina (UFSC)
8JMKD3MGP3W34P/42GRQJB,2,"Fileto, Renato",Renato Fileto,Universidade Federal de Santa Catarina (UFSC),Universidade Federal de Santa Catarina (UFSC)
8JMKD3MGP3W34P/42GRQJB,3,"Nanni, Mirco",Mirco Nanni,"Institute of Information Science and Technologies ""Alessandro Faedo"" (ISTI)","Institute of Information Science and Technologies ""Alessandro Faedo"" (ISTI)"
8JMKD3MGP3W34P/42GRQJB,4,"Renso, Chiara",Chiara Renso,"Institute of Information Science and Technologies ""Alessandro Faedo"" (ISTI)","Institute of Information Science and Technologies ""Alessandro Faedo"" (ISTI)"
8JMKD3MGP3W34P/42H34L2,1,"Oliveira, Maxwell GuimarŃes de",Maxwell GuimarŃes de Oliveira,Universidade Federal de Campina Grande (UFCG),Universidade Federal de Campina Grande (UFCG)
8JMKD3MGP3W34P/42H34L2,2,"Baptista, Clßudio de Souza",Clßudio de Souza Baptista,Universidade Federal de Campina Grande (UFCG),Universidade Federal de Campina Grande (UFCG)
8JMKD3MGP3W34P/42H34L2,3,"Campelo, Clßudio E. C.",Clßudio E. C. Campelo,Universidade Federal de Campina Grande (UFCG),Universidade Federal de Campina Grande (UFCG)
8JMKD3MGP3W34P/42H34L2,4,"Acioli Filho, Josķ Amilton Moura",Josķ Amilton Moura Acioli Filho,Universidade Federal de Campina Grande (UFCG),Universidade Federal de Campina Grande (UFCG)
8JMKD3MGP3W34P/42H34L2,5,"FalcŃo, Ana Gabrielle Ramos",Ana Gabrielle Ramos FalcŃo,Universidade Federal de Campina Grande (UFCG),Universidade Federal de Campina Grande (UFCG)
8JMKD3MGP3W34P/42H36H5,1,"Oliveira, Diogo Rennó R.",Diogo Rennó R. Oliveira,Universidade Federal de Minas Gerais (UFMG),Universidade Federal de Minas Gerais (UFMG)
8JMKD3MGP3W34P/42H36H5,2,"Davis Junior, Clodoveu A.",Clodoveu A. Davis Junior,Universidade Federal de Minas Gerais (UFMG),Universidade Federal de Minas Gerais (UFMG)
8JMKD3MGP3W34P/42GRR4L,1,"Oliveira, Sávio S. Teles de",Sávio S. Teles de Oliveira,GoGeo,GoGeo
8JMKD3MGP3W34P/42GRR4L,2,"S Filho, José F. de",José F. de S Filho,Universidade Federal de Goiás (UFG),Universidade Federal de Goiás (UFG)
8JMKD3MGP3W34P/42GRR4L,3,"Rodrigues, Vagner J. do Sacramento",Vagner J. do Sacramento Rodrigues,GoGeo,GoGeo
8JMKD3MGP3W34P/42GRR4L,4,"Cardoso, Marcelo de C.",Marcelo de C. Cardoso,GoGeo,GoGeo
8JMKD3MGP3W34P/42GRR4L,5,"Carvalho, Sérgio T. de",Sérgio T. de Carvalho,Universidade Federal de Goiás (UFG),Universidade Federal de Goiás (UFG)
8JMKD3MGP3W34P/42GRQ78,1,"Silva, Felipe Pinto da",Felipe Pinto da Silva,Universidade Federal de Santa Catarina (UFSC),Universidade Federal de Santa Catarina (UFSC)
8JMKD3MGP3W34P/42GRQ78,2,"Fileto, Renato",Renato Fileto,Universidade Federal de Santa Catarina (UFSC),Universidade Federal de Santa Catarina (UFSC)
8JMKD3MGP3W34P/42GRRDH,1,"Silva, Alexsandro C. de O.",Alexsandro C. de O. Silva,Instituto Nacional de Pesquisas Espaciais (INPE),Instituto Nacional de Pesquisas Espaciais (INPE)
8JMKD3MGP3W34P/42GRRDH,2,"Mello, Márcio P.",Márcio P. Mello,The Boeing Company,The Boeing Company
8JMKD3MGP3W34P/42GRRDH,3,"Fonseca, Leila Maria Garcia",Leila Maria Garcia Fonseca,Instituto Nacional de Pesquisas Espaciais (INPE),Instituto Nacional de Pesquisas Espaciais (INPE)
8JMKD3MGP3W34P/42H36ES,1,"Soares, Henrique Ferreira",Henrique Ferreira Soares,Universidade Federal de Minas Gerais (UFMG),Universidade Federal de Minas Gerais (UFMG)
8JMKD3MGP3W34P/42H36ES,2,"Pinheiro, Michele Brito",Michele Brito Pinheiro,Universidade Federal de Minas Gerais (UFMG),Universidade Federal de Minas Gerais (UFMG)
8JMKD3MGP3W34P/42H36ES,3,"Davis Júnior, Clodoveu A.",Clodoveu A. Davis Júnior,Universidade Federal de Minas Gerais (UFMG),Universidade Federal de Minas Gerais (UFMG)
8JMKD3MGP3W34P/42GRRQL,1,"Vani, Bruno César",Bruno César Vani,Universidade Estadual Paulista (UNESP),Universidade Estadual Paulista (UNESP)
8JMKD3MGP3W34P/42GRRQL,2,"Ivánová, Ivana",Ivana Ivánová,Universidade Estadual Paulista (UNESP),Universidade Estadual Paulista (UNESP)
8JMKD3MGP3W34P/42GRRQL,3,"Monico, Joăo Francisco Galea",Joăo Francisco Galea Monico,Universidade Estadual Paulista (UNESP),Universidade Estadual Paulista (UNESP)
8JMKD3MGP3W34P/42GRRQL,4,"Shimabukuro, Milton Hirokazu",Milton Hirokazu Shimabukuro,Universidade Estadual Paulista (UNESP),Universidade Estadual Paulista (UNESP)
8JMKD3MGP8W/3FCBREE,1,"Aquino, Artur Ribeiro de",Artur Ribeiro de Aquino,Universidade Federal de Santa Catarina (UFSC),Universidade Federal de Santa Catarina (UFSC)
8JMKD3MGP8W/3FCBREE,2,"Alvares, Luis Otavio",Luis Otavio Alvares,Universidade Federal de Santa Catarina (UFSC),Universidade Federal de Santa Catarina (UFSC)
8JMKD3MGP8W/3FCBREE,3,"Renso, Chiara",Chiara Renso,KDD Lab,KDD Lab
8JMKD3MGP8W/3FCBREE,4,"Bogorny, Vania",Vania Bogorny,Universidade Federal de Santa Catarina (UFSC),Universidade Federal de Santa Catarina (UFSC)
8JMKD3MGP8W/3FCBNFE,1,"Baptista, Cláudio de Souza",Cláudio de Souza Baptista,Universidade Federal de Campina Grande (UFCG),Universidade Federal de Campina Grande (UFCG)
8JMKD3MGP8W/3FCBNFE,2,"Menezes, Luciana Cavalcante de",Luciana Cavalcante de Menezes,Universidade Federal de Campina Grande (UFCG),Universidade Federal de Campina Grande (UFCG)
8JMKD3MGP8W/3FCBNFE,3,"Oliveira, Maxwell Guimarăes de",Maxwell Guimarăes de Oliveira,Universidade Federal de Campina Grande (UFCG),Universidade Federal de Campina Grande (UFCG)
8JMKD3MGP8W/3FCBNFE,4,"Falcăo, Ana Gabrielle Ramos",Ana Gabrielle Ramos Falcăo,Universidade Federal de Campina Grande (UFCG),Universidade Federal de Campina Grande (UFCG)
8JMKD3MGP8W/3FCBNFE,5,"Marinho, Leandro Balby",Leandro Balby Marinho,Universidade Federal de Campina Grande (UFCG),Universidade Federal de Campina Grande (UFCG)
8JMKD3MGP8W/3FCBRJS,1,"Carmo, Alisson Fernando Coelho do",Alisson Fernando Coelho do Carmo,Universidade Estadual Paulista (UNESP),Universidade Estadual Paulista (UNESP)
8JMKD3MGP8W/3FCBRJS,2,"Shimabukuro, Milton Hirokazu",Milton Hirokazu Shimabukuro,Universidade Estadual Paulista (UNESP),Universidade Estadual Paulista (UNESP)
8JMKD3MGP8W/3FCBRJS,3,"AlcŌntara, Enner Herenio de",Enner Herenio de AlcŌntara,Universidade Estadual Paulista (UNESP),Universidade Estadual Paulista (UNESP)
8JMKD3MGP8W/3FCF4JP,1,"Costa, George Henrique Rangel",George Henrique Rangel Costa,Universidade do Estado de Santa Catarina (UDESC),Universidade do Estado de Santa Catarina (UDESC)
8JMKD3MGP8W/3FCF4JP,2,"Baldo, Fabiano",Fabiano Baldo,Universidade do Estado de Santa Catarina (UDESC),Universidade do Estado de Santa Catarina (UDESC)
8JMKD3MGP8W/3FCF4P8,1,"Davis Junior, Clodoveu A.",Clodoveu A. Davis Junior,Universidade Federal de Minas Gerais (UFMG),Universidade Federal de Minas Gerais (UFMG)
8JMKD3MGP8W/3FCF4P8,2,"Vellozo, Hugo de Souza",Hugo de Souza Vellozo,Universidade Federal de Minas Gerais (UFMG),Universidade Federal de Minas Gerais (UFMG)
8JMKD3MGP8W/3FCF4P8,3,"Pinheiro, Michele Brito",Michele Brito Pinheiro,Universidade Federal de Minas Gerais (UFMG),Universidade Federal de Minas Gerais (UFMG)
8JMKD3MGP8W/3FCBRRH,1,"Diniz, Luiz Gustavo",Luiz Gustavo Diniz,Instituto Nacional de Pesquisas Espaciais (INPE),Instituto Nacional de Pesquisas Espaciais (INPE)
8JMKD3MGP8W/3FCBRRH,2,"Buurman, Merret",Merret Buurman,University of Muenster,University of Muenster
8JMKD3MGP8W/3FCBRRH,3,"Andrade, Pedro R.",Pedro R. Andrade,Instituto Nacional de Pesquisas Espaciais (INPE),Instituto Nacional de Pesquisas Espaciais (INPE)
8JMKD3MGP8W/3FCBRRH,4,"Camara, Gilberto",Gilberto Camara,Instituto Nacional de Pesquisas Espaciais (INPE),Instituto Nacional de Pesquisas Espaciais (INPE)
8JMKD3MGP8W/3FCBRRH,5,"Pebesma, Edzer",Edzer Pebesma,University of Muenster,University of Muenster
8JMKD3MGP8W/3FCBR3B,1,"Ferreira, Chaulio R.",Chaulio R. Ferreira,Universidade Federal de Viçosa (UFV),Universidade Federal de Viçosa (UFV)
8JMKD3MGP8W/3FCBR3B,2,"Andrade, Marcus V. A.",Marcus V. A. Andrade,Universidade Federal de Viçosa (UFV),Universidade Federal de Viçosa (UFV)
8JMKD3MGP8W/3FCBR3B,3,"Magalhaes, Salles V. G.",Salles V. G. Magalhaes,Universidade Federal de Viçosa (UFV),Universidade Federal de Viçosa (UFV)
8JMKD3MGP8W/3FCBR3B,4,"Franklin, W. R.",W. R. Franklin,Rensselaer Polytechnic Institute,Rensselaer Polytechnic Institute
8JMKD3MGP8W/3FCBR3B,5,"Pena, Guilherme C.",Guilherme C. Pena,Universidade Federal de Viçosa (UFV),Universidade Federal de Viçosa (UFV)
8JMKD3MGP8W/3FCF4GH,1,"Fontes, Vitor Cunha",Vitor Cunha Fontes,Universidade Federal de Santa Catarina (UFSC),Universidade Federal de Santa Catarina (UFSC)
8JMKD3MGP8W/3FCF4GH,2,"Alencar, Lucas Andre de",Lucas Andre de Alencar,Universidade Federal de Santa Catarina (UFSC),Universidade Federal de Santa Catarina (UFSC)
8JMKD3MGP8W/3FCF4GH,3,"Renso, Chiara",Chiara Renso,University of Pisa,University of Pisa
8JMKD3MGP8W/3FCF4GH,4,"Bogorny, Vania",Vania Bogorny,Universidade Federal de Santa Catarina (UFSC),Universidade Federal de Santa Catarina (UFSC)
8JMKD3MGP8W/3FCBNKS,1,"Freitas, Henrique R. A.",Henrique R. A. Freitas,Instituto Nacional de Pesquisas Espaciais (INPE),Instituto Nacional de Pesquisas Espaciais (INPE)
8JMKD3MGP8W/3FCBNKS,2,"Rosim, Sergio",Sergio Rosim,Instituto Nacional de Pesquisas Espaciais (INPE),Instituto Nacional de Pesquisas Espaciais (INPE)
8JMKD3MGP8W/3FCBNKS,3,"Oliveira, JoŃo R. F.",JoŃo R. F. Oliveira,Instituto Nacional de Pesquisas Espaciais (INPE),Instituto Nacional de Pesquisas Espaciais (INPE)
8JMKD3MGP8W/3FCBNKS,4,"Freitas, Corina da Costa",Corina da Costa Freitas,Instituto Nacional de Pesquisas Espaciais (INPE),Instituto Nacional de Pesquisas Espaciais (INPE)
8JMKD3MGP8W/3FCBRC8,1,"Gimenez, Paulo J. A.",Paulo J. A. Gimenez,Universidade Federal do Estado do Rio de Janeiro (UNIRIO),Universidade Federal do Estado do Rio de Janeiro (UNIRIO)
8JMKD3MGP8W/3FCBRC8,2,"Tanaka, Astério K.",Astério K. Tanaka,Universidade Federal do Estado do Rio de Janeiro (UNIRIO),Universidade Federal do Estado do Rio de Janeiro (UNIRIO)
8JMKD3MGP8W/3FCBRC8,3,"Baiăo, Fernanda",Fernanda Baiăo,Universidade Federal do Estado do Rio de Janeiro (UNIRIO),Universidade Federal do Estado do Rio de Janeiro (UNIRIO)
8JMKD3MGP8W/3FCBS58,1,"Lima, Tiago F. M.",Tiago F. M. Lima,Universidade Federal de Ouro Preto (UFOP),Universidade Federal de Ouro Preto (UFOP)
8JMKD3MGP8W/3FCBS58,2,"Carneiro, Tiago G. S.",Tiago G. S. Carneiro,Universidade Federal de Ouro Preto (UFOP),Universidade Federal de Ouro Preto (UFOP)
8JMKD3MGP8W/3FCBS58,3,"Lana, Raquel M.",Raquel M. Lana,Fundaçăo Oswaldo Cruz (FIOCRUZ),Fundaçăo Oswaldo Cruz (FIOCRUZ)
8JMKD3MGP8W/3FCBS58,4,"Codeço, Cláudia T.",Cláudia T. Codeço,Fundaçăo Oswaldo Cruz (FIOCRUZ),Fundaçăo Oswaldo Cruz (FIOCRUZ)
8JMKD3MGP8W/3FCBS58,5,"Maretto, Raian V.",Raian V. Maretto,Instituto Nacional de Pesquisas Espaciais (INPE),Instituto Nacional de Pesquisas Espaciais (INPE)
8JMKD3MGP8W/3FCBS58,6,"Medeiros, Liliam C. C.",Liliam C. C. Medeiros,Universidade Estadual Paulista (UNESP),Universidade Estadual Paulista (UNESP)
8JMKD3MGP8W/3FCBS58,7,"Silva, Leandro G.",Leandro G. Silva,Universidade Federal de Ouro Preto (UFOP),Universidade Federal de Ouro Preto (UFOP)
8JMKD3MGP8W/3FCBS58,8,"Santos, Leonardo B. L.",Leonardo B. L. Santos,Instituto Nacional de Pesquisas Espaciais (INPE),Instituto Nacional de Pesquisas Espaciais (INPE)
8JMKD3MGP8W/3FCBS58,9,"Reis, Isabel C. dos",Isabel C. dos Reis,Fundaçăo Oswaldo Cruz (FIOCRUZ),Fundaçăo Oswaldo Cruz (FIOCRUZ)
8JMKD3MGP8W/3FCBS58,10,"Coelho, Flávio Codeço",Flávio Codeço Coelho,Fundaçăo Getúlio Vargas (FGV),Fundaçăo Getúlio Vargas (FGV)
8JMKD3MGP8W/3FCBS58,11,"Monteiro, Antônio M. V.",Antônio M. V. Monteiro,Instituto Nacional de Pesquisas Espaciais (INPE),Instituto Nacional de Pesquisas Espaciais (INPE)
8JMKD3MGP8W/3FCBN8P,1,"Moura, Tiago Henrique V. M. de",Tiago Henrique V. M. de Moura,Universidade Federal de Minas Gerais (UFMG),Universidade Federal de Minas Gerais (UFMG)
8JMKD3MGP8W/3FCBN8P,2,"Davir Junior, Clodoveu A.",Clodoveu A. Davir Junior,Universidade Federal de Minas Gerais (UFMG),Universidade Federal de Minas Gerais (UFMG)
8JMKD3MGP8W/3FCBR7P,1,"Pena, Guilherme C.",Guilherme C. Pena,Universidade Federal de Vińosa (UFV),Universidade Federal de Vińosa (UFV)
8JMKD3MGP8W/3FCBR7P,2,"MagalhŃes, Salles V. G.",Salles V. G. MagalhŃes,Universidade Federal de Vińosa (UFV),Universidade Federal de Vińosa (UFV)
8JMKD3MGP8W/3FCBR7P,3,"Andrade, Marcus V. A.",Marcus V. A. Andrade,Universidade Federal de Vińosa (UFV),Universidade Federal de Vińosa (UFV)
8JMKD3MGP8W/3FCBR7P,4,"Ferreira, Chaulio R.",Chaulio R. Ferreira,Universidade Federal de Vińosa (UFV),Universidade Federal de Vińosa (UFV)
8JMKD3MGP8W/3FCBNQB,1,"Silva, Jefferson A. da",Jefferson A. da Silva,Universidade do Estado do MaranhŃo (UEMA),Universidade do Estado do MaranhŃo (UEMA)
8JMKD3MGP8W/3FCBNQB,2,"Fook, Karla D.",Karla D. Fook,"Instituto Federal de EducańŃo, CiĻncia e Tecnologia do MaranhŃo (IFMA)","Instituto Federal de EducańŃo, CiĻncia e Tecnologia do MaranhŃo (IFMA)"
8JMKD3MGP8W/3FCBSBS,1,"Siqueira, Thiago Luís Lopes",Thiago Luís Lopes Siqueira,Universidade Federal de Săo Carlos (UFSCar),Universidade Federal de Săo Carlos (UFSCar)
8JMKD3MGP8W/3FCBSBS,2,"Oliveira, Joăo Celso Santos de",Joăo Celso Santos de Oliveira,Universidade Federal de Săo Carlos (UFSCar),Universidade Federal de Săo Carlos (UFSCar)
8JMKD3MGP8W/3FCBSBS,3,"Times, Valéria Cesário",Valéria Cesário Times,Universidade Federal de Pernambuco (UFPE),Universidade Federal de Pernambuco (UFPE)
8JMKD3MGP8W/3FCBSBS,4,"Ciferri, Cristina Dutra de Aguiar",Cristina Dutra de Aguiar Ciferri,Universidade de Săo Paulo (USP),Universidade de Săo Paulo (USP)
8JMKD3MGP8W/3FCBSBS,5,"Ciferri, Ricardo Rodrigues",Ricardo Rodrigues Ciferri,Universidade Federal de Săo Carlos (UFSCar),Universidade Federal de Săo Carlos (UFSCar)
8JMKD3MGPDW34P/3KR52SE,1,"Souza, Wagner D.",Wagner D. Souza,Universidade Federal de Viçosa (UFV),Universidade Federal de Viçosa (UFV)
8JMKD3MGPDW34P/3KR52SE,2,"Lisboa-Filho, Jugurta",Jugurta Lisboa-Filho,Universidade Federal de Viçosa (UFV),Universidade Federal de Viçosa (UFV)
8JMKD3MGPDW34P/3KR52SE,3,"Vidal Filho, Jarbas N.",Jarbas N. Vidal Filho,Universidade Federal de Viçosa (UFV),Universidade Federal de Viçosa (UFV)
8JMKD3MGPDW34P/3KR52SE,4,"Camara, Jean H. S.",Jean H. S. Camara,Universidade Federal de Viçosa (UFV),Universidade Federal de Viçosa (UFV)
8JMKD3MGP8W/3FCBQME,1,"Veloso, Bráulio",Bráulio Veloso,Universidade Federal de Ouro Preto (UFOP),Universidade Federal de Ouro Preto (UFOP)
8JMKD3MGP8W/3FCBQME,2,"Iabrudi, Andréa",Andréa Iabrudi,Universidade Federal de Ouro Preto (UFOP),Universidade Federal de Ouro Preto (UFOP)
8JMKD3MGP8W/3FCBQME,3,"Correa, Thais",Thais Correa,Universidade Federal de Ouro Preto (UFOP),Universidade Federal de Ouro Preto (UFOP)
8JMKD3MGP8W/3D62AJ8,1,"Albuquerque, Fábio da Costa",Fábio da Costa Albuquerque,Pontifícia Universidade Católica do Rio de Janeiro (PUC-Rio),Pontifícia Universidade Católica do Rio de Janeiro (PUC-Rio)
8JMKD3MGP8W/3D62AJ8,2,"Barbosa, Ivanildo",Ivanildo Barbosa,Pontifícia Universidade Católica do Rio de Janeiro (PUC-Rio),Pontifícia Universidade Católica do Rio de Janeiro (PUC-Rio)
8JMKD3MGP8W/3D62AJ8,3,"Casanova, Marco Antonio",Marco Antonio Casanova,Pontifícia Universidade Católica do Rio de Janeiro (PUC-Rio),Pontifícia Universidade Católica do Rio de Janeiro (PUC-Rio)
8JMKD3MGP8W/3D62AJ8,4,"Carvalho, Marcelo Tílio Monteiro de",Marcelo Tílio Monteiro de Carvalho,Pontifícia Universidade Católica do Rio de Janeiro (PUC-Rio),Pontifícia Universidade Católica do Rio de Janeiro (PUC-Rio)
8JMKD3MGP8W/3D62AT5,1,"Amorim, Ana Maria",Ana Maria Amorim,UNIFACS,UNIFACS
8JMKD3MGP8W/3D62AT5,2,"Campos, Jorge",Jorge Campos,UNIFACS,UNIFACS
8JMKD3MGP8W/3D62BFL,1,"Costa, Marcelo Azevedo",Marcelo Azevedo Costa,Universidade Federal de Minas Gerais (UFMG),Universidade Federal de Minas Gerais (UFMG)
8JMKD3MGP8W/3D62BFL,2,"Prates, Marcos Oliveira",Marcos Oliveira Prates,Universidade Federal de Minas Gerais (UFMG),Universidade Federal de Minas Gerais (UFMG)
8JMKD3MGP8W/3D62BFL,3,"Santos, Marcos Antônio da Cunha",Marcos Antônio da Cunha Santos,Universidade Federal de Minas Gerais (UFMG),Universidade Federal de Minas Gerais (UFMG)
8JMKD3MGP8W/3D62BSP,1,"Daltio, Jaudete",Jaudete Daltio,Universidade Estadual de Campinas (UNICAMP),Universidade Estadual de Campinas (UNICAMP)
8JMKD3MGP8W/3D62BSP,2,"Carvalho, Carlos Alberto de",Carlos Alberto de Carvalho,Empresa Brasileira de Pesquisa Agropecuária (EMBRAPA),Empresa Brasileira de Pesquisa Agropecuária (EMBRAPA)
8JMKD3MGPDW34P/3KQ2JSL,1,"Degbelo, Auriol",Auriol Degbelo,University of Muenster,University of Muenster
8JMKD3MGPDW34P/3KQ2JSL,2,"Kuhn, Werner",Werner Kuhn,University of Muenster,University of Muenster
8JMKD3MGPDW34P/3KQ6LRH,1,"Figueiredo, Rafael",Rafael Figueiredo,Universidade Federal de Pernambuco (UFPE),Universidade Federal de Pernambuco (UFPE)
8JMKD3MGPDW34P/3KQ6LRH,2,"Pitta, Daniela",Daniela Pitta,Universidade Federal de Pernambuco (UFPE),Universidade Federal de Pernambuco (UFPE)
8JMKD3MGPDW34P/3KQ6LRH,3,"Salgado, Ana Carolina",Ana Carolina Salgado,Universidade Federal de Pernambuco (UFPE),Universidade Federal de Pernambuco (UFPE)
8JMKD3MGPDW34P/3KQ6LRH,4,"Souza, Damires",Damires Souza,Universidade Federal de Pernambuco (UFPE),Universidade Federal de Pernambuco (UFPE)
8JMKD3MGPDW34P/3KQ6Q6E,1,"Freitas, Sérgio",Sérgio Freitas,Universidade de Lisboa,Universidade de Lisboa
8JMKD3MGPDW34P/3KQ6Q6E,2,"Afonso, Ana Paula",Ana Paula Afonso,Universidade de Lisboa,Universidade de Lisboa
8JMKD3MGPDW34P/3KQ6NG2,1,"Freitas, Anderson L. S.",Anderson L. S. Freitas,Universidade Federal de Minas Gerais (UFMG),Universidade Federal de Minas Gerais (UFMG)
8JMKD3MGPDW34P/3KQ6NG2,2,"Davis Junior, Clodoveu A.",Clodoveu A. Davis Junior,Universidade Federal de Minas Gerais (UFMG),Universidade Federal de Minas Gerais (UFMG)
8JMKD3MGPDW34P/3KQ6NG2,3,"Filgueiras, Thompson M.",Thompson M. Filgueiras,Universidade Federal de Minas Gerais (UFMG),Universidade Federal de Minas Gerais (UFMG)
8JMKD3MGPDW34P/3KQ6ME5,1,"Furtado, Andre Salvaro",Andre Salvaro Furtado,Universidade Federal de Santa Catarina (UFSC),Universidade Federal de Santa Catarina (UFSC)
8JMKD3MGPDW34P/3KQ6ME5,2,"Fileto, Renato",Renato Fileto,Universidade Federal de Santa Catarina (UFSC),Universidade Federal de Santa Catarina (UFSC)
8JMKD3MGPDW34P/3KQ6ME5,3,"Renso, Chiara",Chiara Renso,"KDD LAB, ISTI-CNR","KDD LAB, ISTI-CNR"
8JMKD3MGPDW34P/3KQ6NNL,1,"Gomes, Thiago L.",Thiago L. Gomes,Universidade Federal de Viçosa (UFV),Universidade Federal de Viçosa (UFV)
8JMKD3MGPDW34P/3KQ6NNL,2,Magalhã,Magalhã,Universidade Federal de Viçosa (UFV),Universidade Federal de Viçosa (UFV)
8JMKD3MGPDW34P/3KQ6NNL,3,"es, Salles V. G.",Salles V. G. es,Universidade Federal de Viçosa (UFV),Universidade Federal de Viçosa (UFV)
8JMKD3MGPDW34P/3KQ6NNL,4,"Andrade, Marcus V. A.",Marcus V. A. Andrade,Universidade Federal de Viçosa (UFV),Universidade Federal de Viçosa (UFV)
8JMKD3MGPDW34P/3KQ6NNL,5,"Pena, Guilherme C.",Guilherme C. Pena,,
8JMKD3MGPDW34P/3KQ6N2L,1,"Malaverri, Joana E. Gonzales",Joana E. Gonzales Malaverri,Universidade de Campinas (UNICAMP),Universidade de Campinas (UNICAMP)
8JMKD3MGPDW34P/3KQ6N2L,2,"Medeiros, Claudia Bauzer",Claudia Bauzer Medeiros,Universidade de Campinas (UNICAMP),Universidade de Campinas (UNICAMP)
8JMKD3MGP8W/3D62CSE,1,"Martins, Douglas",Douglas Martins,Universidade Federal de Minas Gerais (UFMG),Universidade Federal de Minas Gerais (UFMG)
8JMKD3MGP8W/3D62CSE,2,"Davis Junior, Clodoveu A.",Clodoveu A. Davis Junior,Universidade Federal de Minas Gerais (UFMG),Universidade Federal de Minas Gerais (UFMG)
8JMKD3MGP8W/3D62CSE,3,"Fonseca, Frederico T.",Frederico T. Fonseca,The Pennsylvania State University,The Pennsylvania State University
8JMKD3MGP8W/3D62DH8,1,"Moura, Tiago Henrique V. M.",Tiago Henrique V. M. Moura,Universidade Federal de Minas Gerais (UFMG),Universidade Federal de Minas Gerais (UFMG)
8JMKD3MGP8W/3D62DH8,2,"Davis Junior, Clodoveu A.",Clodoveu A. Davis Junior,Universidade Federal de Minas Gerais (UFMG),Universidade Federal de Minas Gerais (UFMG)
8JMKD3MGP8W/3D62DML,1,"Oliveira, Maxwell Guimarăes de",Maxwell Guimarăes de Oliveira,Universidade Federal de Campina Grande (UFCG),Universidade Federal de Campina Grande (UFCG)
8JMKD3MGP8W/3D62DML,2,"Baptista, Cláudio de Souza",Cláudio de Souza Baptista,Universidade Federal de Campina Grande (UFCG),Universidade Federal de Campina Grande (UFCG)
8JMKD3MGPDW34P/3KQ6L5H,1,"Rodrigues, Antonio Jose C",Antonio Jose C Rodrigues,Universidade Federal de Ouro Preto (UFOP),Universidade Federal de Ouro Preto (UFOP)
8JMKD3MGPDW34P/3KQ6L5H,2,"Carneiro, Tiago G. S.",Tiago G. S. Carneiro,Universidade Federal de Ouro Preto (UFOP),Universidade Federal de Ouro Preto (UFOP)
8JMKD3MGPDW34P/3KQ6L5H,3,"Andrade, Pedro R",Pedro R Andrade,Instituto Nacional de Pesquisas Espaciais (INPE),Instituto Nacional de Pesquisas Espaciais (INPE)
8JMKD3MGPDW34P/3KQ6N9B,1,"Rodrigues, Alaor Bianco",Alaor Bianco Rodrigues,Instituto Nacional de Pesquisas Espaciais (INPE),Instituto Nacional de Pesquisas Espaciais (INPE)
8JMKD3MGPDW34P/3KQ6N9B,2,"Dos Santos, Walter Abrahăo",Walter Abrahăo Dos Santos,Instituto Nacional de Pesquisas Espaciais (INPE),Instituto Nacional de Pesquisas Espaciais (INPE)
8JMKD3MGPDW34P/3KQ6N9B,3,"Santanna, Sidnei J. Siqueira",Sidnei J. Siqueira Santanna,Instituto Nacional de Pesquisas Espaciais (INPE),Instituto Nacional de Pesquisas Espaciais (INPE)
8JMKD3MGPDW34P/3KQ6N9B,4,"Freitas, Corina da Costa",Corina da Costa Freitas,Instituto Nacional de Pesquisas Espaciais (INPE),Instituto Nacional de Pesquisas Espaciais (INPE)
8JMKD3MGPDW34P/3KQ2JDB,1,"Santanche, Andre",Andre Santanche,Universidade de Campinas (UNICAMP),Universidade de Campinas (UNICAMP)
8JMKD3MGPDW34P/3KQ2JDB,2,"Medeiros, Claudia Bauzer",Claudia Bauzer Medeiros,Universidade de Campinas (UNICAMP),Universidade de Campinas (UNICAMP)
8JMKD3MGPDW34P/3KQ2JDB,3,"Jomier, Genevieve",Genevieve Jomier,"Universite Paris-IX Dauphine, France","Universite Paris-IX Dauphine, France"
8JMKD3MGPDW34P/3KQ2JDB,4,"Zam, Michel",Michel Zam,"Universite Paris-IX Dauphine, France","Universite Paris-IX Dauphine, France"
8JMKD3MGP8W/3D62QL8,1,"Xavier, Simone I. R.",Simone I. R. Xavier,Universidade Federal de Minas Gerais (UFMG),Universidade Federal de Minas Gerais (UFMG)
8JMKD3MGP8W/3D62QL8,2,"Davis Junior, Clodoveu A.",Clodoveu A. Davis Junior,Universidade Federal de Minas Gerais (UFMG),Universidade Federal de Minas Gerais (UFMG)
8JMKD3MGP8W/3AUUQC5,1,"Antunes, Leo",Leo Antunes,Universidade Federal do Estado do Rio de Janeiro (UNIRIO),Universidade Federal do Estado do Rio de Janeiro (UNIRIO)
8JMKD3MGP8W/3AUUQC5,2,"Azevedo, Leonardo Guerreiro",Leonardo Guerreiro Azevedo,Universidade Federal do Estado do Rio de Janeiro (UNIRIO),Universidade Federal do Estado do Rio de Janeiro (UNIRIO)
8JMKD3MGPDW34P/3KLNKR2,1,"Baptista, Claudio de Souza",Claudio de Souza Baptista,Universidade Federal de Campina Grande (UFCG),Universidade Federal de Campina Grande (UFCG)
8JMKD3MGPDW34P/3KLNKR2,2,"Lima Junior, Odilon F. de",Odilon F. de Lima Junior,Universidade Federal de Campina Grande (UFCG),Universidade Federal de Campina Grande (UFCG)
8JMKD3MGPDW34P/3KLNKR2,3,"Oliveira, Maxwell Guimarăes de",Maxwell Guimarăes de Oliveira,Universidade Federal de Campina Grande (UFCG),Universidade Federal de Campina Grande (UFCG)
8JMKD3MGPDW34P/3KLNKR2,4,"Andrade, Fabio Gomes de",Fabio Gomes de Andrade,Universidade Federal de Campina Grande (UFCG),Universidade Federal de Campina Grande (UFCG)
8JMKD3MGPDW34P/3KLNKR2,5,"Silva, Tiago Eduardo da",Tiago Eduardo da Silva,Universidade Federal de Campina Grande (UFCG),Universidade Federal de Campina Grande (UFCG)
8JMKD3MGPDW34P/3KLNKR2,6,"Pires, Carlos Eduardo Santos",Carlos Eduardo Santos Pires,Universidade Federal de Campina Grande (UFCG),Universidade Federal de Campina Grande (UFCG)
8JMKD3MGPDW34P/3KLNKJB,1,"Barbosa, Ivanildo",Ivanildo Barbosa,Instituto Militar de Engenharia (IME),Instituto Militar de Engenharia (IME)
8JMKD3MGPDW34P/3KLNKJB,2,"Casanova, Marco A.",Marco A. Casanova,Pontifícia Universidade Católica do Rio de Janeiro (Puc-Rio),Pontifícia Universidade Católica do Rio de Janeiro (Puc-Rio)
8JMKD3MGP8W/3AUUT8S,1,"Carboni, Eduardo M.",Eduardo M. Carboni,Universidade Federal de Santa Catarina(UFSC),Universidade Federal de Santa Catarina(UFSC)
8JMKD3MGP8W/3AUUT8S,2,"Bogorny, Vania",Vania Bogorny,Universidade Federal de Santa Catarina(UFSC),Universidade Federal de Santa Catarina(UFSC)
8JMKD3MGP8W/3AUUSFS,1,"Carneiro, Eduilson Lívio N. da C.",Eduilson Lívio N. da C. Carneiro,"Instituto Federal de Educaçăo, Cięncia e Tecnologia do Piauí - IFPI","Instituto Federal de Educaçăo, Cięncia e Tecnologia do Piauí - IFPI"
8JMKD3MGP8W/3AUUSFS,2,"Namikawa, Laércio M.",Laércio M. Namikawa,Instituto Nacional de Pesquisas Espaciais (INPE),Instituto Nacional de Pesquisas Espaciais (INPE)
8JMKD3MGP8W/3AUUSFS,3,"Câmara, Gilberto",Gilberto Câmara,Instituto Nacional de Pesquisas Espaciais (INPE),Instituto Nacional de Pesquisas Espaciais (INPE)
8JMKD3MGP8W/3AUUR55,1,"Ferreira, Chaulio R.",Chaulio R. Ferreira,Universidade Federal de Vińosa (UFV),Universidade Federal de Vińosa (UFV)
8JMKD3MGP8W/3AUUR55,2,"MagalhŃes, Salles V. G.",Salles V. G. MagalhŃes,Universidade Federal de Vińosa (UFV),Universidade Federal de Vińosa (UFV)
8JMKD3MGP8W/3AUUR55,3,"Andrade, Marcus V. A.",Marcus V. A. Andrade,Universidade Federal de Vińosa (UFV),Universidade Federal de Vińosa (UFV)
8JMKD3MGP8W/3B25HBP,1,"Korting, Thales Sehn",Thales Sehn Korting,Instituto Nacional de Pesquisas Espaciais (INPE),Instituto Nacional de Pesquisas Espaciais (INPE)
8JMKD3MGP8W/3B25HBP,2,"Castejon, Emiliano Ferreira",Emiliano Ferreira Castejon,Instituto Nacional de Pesquisas Espaciais (INPE),Instituto Nacional de Pesquisas Espaciais (INPE)
8JMKD3MGP8W/3B25HBP,3,"Fonseca, Leila Maria Garcia",Leila Maria Garcia Fonseca,Instituto Nacional de Pesquisas Espaciais (INPE),Instituto Nacional de Pesquisas Espaciais (INPE)
8JMKD3MGP8W/3AUUSBE,1,"Ladeira, Rodolfo",Rodolfo Ladeira,Universidade Federal de Viçosa (UFV),Universidade Federal de Viçosa (UFV)
8JMKD3MGP8W/3AUUSBE,2,"Magalhăes, Salles",Salles Magalhăes,Universidade Federal de Viçosa (UFV),Universidade Federal de Viçosa (UFV)
8JMKD3MGP8W/3AUUSBE,3,"Andrade, Marcus",Marcus Andrade,Universidade Federal de Viçosa (UFV),Universidade Federal de Viçosa (UFV)
8JMKD3MGP8W/3AUUSBE,4,"Gruppi, Mauricio",Mauricio Gruppi,Universidade Federal de Vic¸osa (UFV),Universidade Federal de Vic¸osa (UFV)
8JMKD3MGPDW34P/3KLNJLS,1,"Lima, Danubia",Danubia Lima,"Instituto Federal de Educaçăo, Cięncia e Tecnologia da Paraíba (IFCT-PB)","Instituto Federal de Educaçăo, Cięncia e Tecnologia da Paraíba (IFCT-PB)"
8JMKD3MGPDW34P/3KLNJLS,2,"Mendonça, Antonio",Antonio Mendonça,"Instituto Federal de Educaçăo, Cięncia e Tecnologia da Paraíba (IFCT-PB)","Instituto Federal de Educaçăo, Cięncia e Tecnologia da Paraíba (IFCT-PB)"
8JMKD3MGPDW34P/3KLNJLS,3,"Salgado, Ana Carolina",Ana Carolina Salgado,Universidade Federal de Pernambuco (UFPE),Universidade Federal de Pernambuco (UFPE)
8JMKD3MGPDW34P/3KLNJLS,4,"Souza, Damires",Damires Souza,"Instituto Federal de Educaçăo, Cięncia e Tecnologia da Paraíba (IFCT-PB)","Instituto Federal de Educaçăo, Cięncia e Tecnologia da Paraíba (IFCT-PB)"
8JMKD3MGP8W/3AUUQ5E,1,"Mota, Matheus Silva",Matheus Silva Mota,Universidade Estadual de Campinas (UNICAMP),Universidade Estadual de Campinas (UNICAMP)
8JMKD3MGP8W/3AUUQ5E,2,"Longo, JoŃo Sßvio Ceregatti",JoŃo Sßvio Ceregatti Longo,Universidade Estadual de Campinas (UNICAMP),Universidade Estadual de Campinas (UNICAMP)
8JMKD3MGP8W/3AUUQ5E,3,"Cugler, Daniel Cintra",Daniel Cintra Cugler,Universidade Estadual de Campinas (UNICAMP),Universidade Estadual de Campinas (UNICAMP)
8JMKD3MGP8W/3AUUQ5E,4,"Medeiros, Claudia Bauzer",Claudia Bauzer Medeiros,Universidade Estadual de Campinas (UNICAMP),Universidade Estadual de Campinas (UNICAMP)
8JMKD3MGP8W/3AUUUAP,1,"Nascimento, Samara Martins do",Samara Martins do Nascimento,Universidade Federal de Pernambuco (UFPE),Universidade Federal de Pernambuco (UFPE)
8JMKD3MGP8W/3AUUUAP,2,"Tsuruda, Renata Miwa",Renata Miwa Tsuruda,Universidade Federal de Săo Carlos (UFSCar),Universidade Federal de Săo Carlos (UFSCar)
8JMKD3MGP8W/3AUUUAP,3,"Siqueira, Thiago Luís Lopes",Thiago Luís Lopes Siqueira,Universidade Federal de Săo Carlos (UFSCar),Universidade Federal de Săo Carlos (UFSCar)
8JMKD3MGP8W/3AUUUAP,4,"Times, Valéria Cesário",Valéria Cesário Times,Universidade Federal de Pernambuco (UFPE),Universidade Federal de Pernambuco (UFPE)
8JMKD3MGP8W/3AUUUAP,5,"Ciferri, Ricardo Rodrigues",Ricardo Rodrigues Ciferri,Universidade Federal de Săo Carlos (UFSCar),Universidade Federal de Săo Carlos (UFSCar)
8JMKD3MGP8W/3AUUUAP,6,"Ciferri, Cristina Dutra de Aguiar",Cristina Dutra de Aguiar Ciferri,"Universidade de Săo Paulo, Săo Carlos, USP","Universidade de Săo Paulo, Săo Carlos, USP"
8JMKD3MGPDW34P/3KLNKDS,1,"Paulo, Mauricio Carvalho Mathias de",Mauricio Carvalho Mathias de Paulo,Diretoria de Serviço Geográfico (DSG),Diretoria de Serviço Geográfico (DSG)
8JMKD3MGPDW34P/3KLNKDS,2,"Monteiro, Antonio Miguel Vieira",Antonio Miguel Vieira Monteiro,Instituto Nacional de Pesquisas Espaciais (INPE),Instituto Nacional de Pesquisas Espaciais (INPE)
8JMKD3MGPDW34P/3KLNKDS,3,"Camargo, Eduardo Gerbi",Eduardo Gerbi Camargo,Instituto Nacional de Pesquisas Espaciais (INPE),Instituto Nacional de Pesquisas Espaciais (INPE)
8JMKD3MGP8W/3B25BT5,1,"Paulo, Maurício Carvalho Mathias de",Maurício Carvalho Mathias de Paulo,Diretoria de Serviço Geográfico (DSG),Diretoria de Serviço Geográfico (DSG)
8JMKD3MGP8W/3B25BT5,2,"Vinhas, Lubia",Lubia Vinhas,Instituto Nacional de Pesquisas Espaciais (INPE),Instituto Nacional de Pesquisas Espaciais (INPE)
8JMKD3MGP8W/3B2274B,1,"Santos, Leonardo Bacelar Lima",Leonardo Bacelar Lima Santos,Instituto Nacional de Pesquisas Espaciais (INPE),Instituto Nacional de Pesquisas Espaciais (INPE)
8JMKD3MGP8W/3B2274B,2,"Maretto, Raian Vargas",Raian Vargas Maretto,Instituto Nacional de Pesquisas Espaciais (INPE),Instituto Nacional de Pesquisas Espaciais (INPE)
8JMKD3MGP8W/3B2274B,3,"Medeiros, Líliam César de Castro",Líliam César de Castro Medeiros,Instituto Nacional de Pesquisas Espaciais (INPE),Instituto Nacional de Pesquisas Espaciais (INPE)
8JMKD3MGP8W/3B2274B,4,"Feitosa, Flávia da Fonseca",Flávia da Fonseca Feitosa,Instituto Nacional de Pesquisas Espaciais (INPE),Instituto Nacional de Pesquisas Espaciais (INPE)
8JMKD3MGP8W/3B2274B,5,"Monteiro, Antônio Miguel Vieira",Antônio Miguel Vieira Monteiro,Instituto Nacional de Pesquisas Espaciais (INPE),Instituto Nacional de Pesquisas Espaciais (INPE)
8JMKD3MGP8W/3AUUT6L,1,"Siqueira, Fernando de Lucca",Fernando de Lucca Siqueira,Universidade Federal de Santa Catarina(UFSC),Universidade Federal de Santa Catarina(UFSC)
8JMKD3MGP8W/3AUUT6L,2,"Bogorny, Vania",Vania Bogorny,Universidade Federal de Santa Catarina(UFSC),Universidade Federal de Santa Catarina(UFSC)
8JMKD3MGP8W/3AUUPRP,1,"Vegi, Lucas F. M.",Lucas F. M. Vegi,Universidade Federal de Vińosa (UFV),Universidade Federal de Vińosa (UFV)
8JMKD3MGP8W/3AUUPRP,2,"F., Jugurta Lisboa",Jugurta Lisboa F.,Universidade Federal de Vińosa (UFV),Universidade Federal de Vińosa (UFV)
8JMKD3MGP8W/3AUUPRP,3,"Souza, Wagner D.",Wagner D. Souza,Universidade Federal de Vińosa (UFV),Universidade Federal de Vińosa (UFV)
8JMKD3MGP8W/3AUUPRP,4,"Lamas, JoŃo P. C.",JoŃo P. C. Lamas,Universidade Federal de Vińosa (UFV),Universidade Federal de Vińosa (UFV)
8JMKD3MGP8W/3AUUPRP,5,"Costa, Glauber L. S.",Glauber L. S. Costa,Universidade Federal de Vińosa (UFV),Universidade Federal de Vińosa (UFV)
8JMKD3MGP8W/3AUUPRP,6,"Oliveira, Wellington M.",Wellington M. Oliveira,Universidade Federal de Vińosa (UFV),Universidade Federal de Vińosa (UFV)
8JMKD3MGPDW34P/3KK5LE2,1,"Andrade, Fabio Gomes de",Fabio Gomes de Andrade,Instituto Federal de Educaçăo Cięncia e Tecnologia da Paraíba (IFPB),Instituto Federal de Educaçăo Cięncia e Tecnologia da Paraíba (IFPB)
8JMKD3MGPDW34P/3KK5LE2,2,"Baptista, Cláudio de Souza",Cláudio de Souza Baptista,Instituto Federal de Educaçăo Cięncia e Tecnologia da Paraíba (IFPB),Instituto Federal de Educaçăo Cięncia e Tecnologia da Paraíba (IFPB)
8JMKD3MGPDW34P/3KKHLMH,1,"Assis, Talita Oliveira",Talita Oliveira Assis,Instituto Nacional de Pesquisas Espaciais (INPE),Instituto Nacional de Pesquisas Espaciais (INPE)
8JMKD3MGPDW34P/3KKHLMH,2,"Aguiar, Ana Paula",Ana Paula Aguiar,Instituto Nacional de Pesquisas Espaciais (INPE),Instituto Nacional de Pesquisas Espaciais (INPE)
8JMKD3MGPDW34P/3KKHLMH,3,"Camara, Gilberto",Gilberto Camara,Instituto Nacional de Pesquisas Espaciais (INPE),Instituto Nacional de Pesquisas Espaciais (INPE)
8JMKD3MGPDW34P/3KKHLMH,4,"Andrade, Pedro Ribeiro de",Pedro Ribeiro de Andrade,Instituto Nacional de Pesquisas Espaciais (INPE),Instituto Nacional de Pesquisas Espaciais (INPE)
8JMKD3MGPDW34P/3KKHLES,1,"Barbosa, Ivanildo",Ivanildo Barbosa,Instituto Militar de Engenharia (IME),Instituto Militar de Engenharia (IME)
8JMKD3MGPDW34P/3KKHLES,2,"Casanova, Marco A.",Marco A. Casanova,Pontifícia Universidade Católica do Rio de Janeiro (Puc-Rio),Pontifícia Universidade Católica do Rio de Janeiro (Puc-Rio)
8JMKD3MGPDW34P/3KKHMK2,1,"Carvalho, Carlos Alberto de",Carlos Alberto de Carvalho,Empresa Brasileira de Pesquisa Agropecuária (EMBRAPA),Empresa Brasileira de Pesquisa Agropecuária (EMBRAPA)
8JMKD3MGPDW34P/3KKHMK2,2,"Baranauskas, Maria Cecília Calani",Maria Cecília Calani Baranauskas,Universidade Estadual de Campinas (UNICAMP),Universidade Estadual de Campinas (UNICAMP)
8JMKD3MGPDW34P/3KKHMK2,3,"Miranda, Evaristo Eduardo de",Evaristo Eduardo de Miranda,Empresa Brasileira de Pesquisa Agropecuária (EMBRAPA),Empresa Brasileira de Pesquisa Agropecuária (EMBRAPA)
8JMKD3MGPDW34P/3KKHK8H,1,"Deggau, Renato",Renato Deggau,Universidade Federal de Santa Catarina (UFSC),Universidade Federal de Santa Catarina (UFSC)
8JMKD3MGPDW34P/3KKHK8H,2,"Fileto, Renato",Renato Fileto,Universidade Federal de Santa Catarina (UFSC),Universidade Federal de Santa Catarina (UFSC)
8JMKD3MGPDW34P/3KKHK8H,3,"Pereira, Danilo",Danilo Pereira,Universidade Federal de Santa Catarina (UFSC),Universidade Federal de Santa Catarina (UFSC)
8JMKD3MGPDW34P/3KKHK8H,4,"Merino, Eugęnio",Eugęnio Merino,Universidade Federal de Santa Catarina (UFSC),Universidade Federal de Santa Catarina (UFSC)
8JMKD3MGPDW34P/3KK5LLL,1,"Foerster, Theodor",Theodor Foerster,University of Muenster,University of Muenster
8JMKD3MGPDW34P/3KK5LLL,2,"Fechner, Thore",Thore Fechner,University of Muenster,University of Muenster
8JMKD3MGPDW34P/3KK5LLL,3,"Fritze, Holger",Holger Fritze,University of Muenster,University of Muenster
8JMKD3MGPDW34P/3KK5LLL,4,"Loock, Frederik",Frederik Loock,University of Muenster,University of Muenster
8JMKD3MGPDW34P/3KK5LLL,5,"Remke, Alber",Alber Remke,52 North - Initiative for Geospatial Open Source software GmbH,52 North - Initiative for Geospatial Open Source software GmbH
8JMKD3MGPDW34P/3KK5L9H,1,"Gil, Fabiana B.",Fabiana B. Gil,Universidade de Campinas (UNICAMP),Universidade de Campinas (UNICAMP)
8JMKD3MGPDW34P/3KK5L9H,2,"Kozievitch, Nadia P.",Nadia P. Kozievitch,Universidade de Campinas (UNICAMP),Universidade de Campinas (UNICAMP)
8JMKD3MGPDW34P/3KK5L9H,3,"Torres, Ricardo da S.",Ricardo da S. Torres,Universidade de Campinas (UNICAMP),Universidade de Campinas (UNICAMP)
8JMKD3MGPDW34P/3KK5MJ5,1,"Lana, Raquel M.",Raquel M. Lana,Universidade Federal de Ouro Preto (UFOP),Universidade Federal de Ouro Preto (UFOP)
8JMKD3MGPDW34P/3KK5MJ5,2,"Carneiro, Tiago G. S.",Tiago G. S. Carneiro,Universidade Federal de Ouro Preto (UFOP),Universidade Federal de Ouro Preto (UFOP)
8JMKD3MGPDW34P/3KK5MJ5,3,"Hon¾rio, Nildimar A.",Nildimar A. Hon¾rio,FundańŃo Osvaldo Cruz (FIOCRUZ),FundańŃo Osvaldo Cruz (FIOCRUZ)
8JMKD3MGPDW34P/3KK5MJ5,4,"Codeńo, Claudia T.",Claudia T. Codeńo,FundańŃo Osvaldo Cruz (FIOCRUZ),FundańŃo Osvaldo Cruz (FIOCRUZ)
8JMKD3MGPDW34P/3KKHL3P,1,"Loy, Alisson Moscato",Alisson Moscato Loy,Universidade Federal do Rio Grande do Sul (UFRGS),Universidade Federal do Rio Grande do Sul (UFRGS)
8JMKD3MGPDW34P/3KKHL3P,2,"Bogorny, Vania",Vania Bogorny,Universidade Federal de Santa Catarina (UFSC),Universidade Federal de Santa Catarina (UFSC)
8JMKD3MGPDW34P/3KKHL3P,3,"Renso, Chiara",Chiara Renso,KDD Laboratory ¢ ISTI CNR,KDD Laboratory ¢ ISTI CNR
8JMKD3MGPDW34P/3KKHL3P,4,"Alvares, Luis Otavio",Luis Otavio Alvares,Universidade Federal do Rio Grande do Sul (UFRGS),Universidade Federal do Rio Grande do Sul (UFRGS)
8JMKD3MGPDW34P/3KK5L2S,1,"Machado, Ivre Marjorie R.",Ivre Marjorie R. Machado,Universidade Federal de Minas Gerais (UFMG),Universidade Federal de Minas Gerais (UFMG)
8JMKD3MGPDW34P/3KK5L2S,2,"Alencar, Rafael Odon de",Rafael Odon de Alencar,Universidade Federal de Minas Gerais (UFMG),Universidade Federal de Minas Gerais (UFMG)
8JMKD3MGPDW34P/3KK5L2S,3,"Campos Junior, Roberto de Oliveira",Roberto de Oliveira Campos Junior,Pontifícia Universidade Católica de Minas Gerais (Puc Minas),Pontifícia Universidade Católica de Minas Gerais (Puc Minas)
8JMKD3MGPDW34P/3KK5L2S,4,"Davis Junior, Clodoveu A.",Clodoveu A. Davis Junior,Universidade Federal de Minas Gerais (UFMG),Universidade Federal de Minas Gerais (UFMG)
8JMKD3MGPDW34P/3KKHJUS,1,"Magalhăes, Salles V. G. de",Salles V. G. de Magalhăes,Universidade Federal de Viçosa (UFV),Universidade Federal de Viçosa (UFV)
8JMKD3MGPDW34P/3KKHJUS,2,"Andrade, Marcus V. A.",Marcus V. A. Andrade,Universidade Federal de Viçosa (UFV),Universidade Federal de Viçosa (UFV)
8JMKD3MGPDW34P/3KKHJUS,3,"Ferreira, Chaulio",Chaulio Ferreira,Universidade Federal de Viçosa (UFV),Universidade Federal de Viçosa (UFV)
8JMKD3MGPDW34P/3KKHJ6L,1,"Metello, Marcelo G.",Marcelo G. Metello,Pontifícia Universidade Católica do Rio de Janeiro (Puc-Rio),Pontifícia Universidade Católica do Rio de Janeiro (Puc-Rio)
8JMKD3MGPDW34P/3KKHJ6L,2,"Carvalho, Marcelo T. M. de",Marcelo T. M. de Carvalho,Pontifícia Universidade Católica do Rio de Janeiro (Puc-Rio),Pontifícia Universidade Católica do Rio de Janeiro (Puc-Rio)
8JMKD3MGPDW34P/3KKHJ6L,3,"Casanova, Marco Antonio",Marco Antonio Casanova,Pontifícia Universidade Católica do Rio de Janeiro (Puc-Rio),Pontifícia Universidade Católica do Rio de Janeiro (Puc-Rio)
8JMKD3MGPDW34P/3KK5KM2,1,"Moreno, Bruno N.",Bruno N. Moreno,Universidade Federal de Pernambuco (UFPE),Universidade Federal de Pernambuco (UFPE)
8JMKD3MGPDW34P/3KK5KM2,2,"Times, Valéria C.",Valéria C. Times,Universidade Federal de Pernambuco (UFPE),Universidade Federal de Pernambuco (UFPE)
8JMKD3MGPDW34P/3KK5KM2,3,"Renso, Chiara",Chiara Renso,"KDDLAB, ISTI-CNR, Italy","KDDLAB, ISTI-CNR, Italy"
8JMKD3MGPDW34P/3KK5KM2,4,"Bogorny, Vania",Vania Bogorny,Universidade Federal de Santa Catarina (UFSC),Universidade Federal de Santa Catarina (UFSC)
8JMKD3MGPDW34P/3KKHKQ5,1,"Nalon, Filipe Ribeiro",Filipe Ribeiro Nalon,Empresa de Informática e Informaçăo do Município de Belo Horizonte (PRODABEL),Empresa de Informática e Informaçăo do Município de Belo Horizonte (PRODABEL)
8JMKD3MGPDW34P/3KKHKQ5,2,"Lisboa-Filho, Jugurta",Jugurta Lisboa-Filho,Universidade Federal de Viçosa (UFV),Universidade Federal de Viçosa (UFV)
8JMKD3MGPDW34P/3KKHKQ5,3,"Borges, Karla A. V.",Karla A. V. Borges,Empresa de Informática e Informaçăo do Município de Belo Horizonte (PRODABEL),Empresa de Informática e Informaçăo do Município de Belo Horizonte (PRODABEL)
8JMKD3MGPDW34P/3KKHKQ5,4,"Braga, José Luís",José Luís Braga,Universidade Federal de Viçosa (UFV),Universidade Federal de Viçosa (UFV)
8JMKD3MGPDW34P/3KKHKQ5,5,"Andrade, Marcus V. A.",Marcus V. A. Andrade,Universidade Federal de Viçosa (UFV),Universidade Federal de Viçosa (UFV)
8JMKD3MGPDW34P/3KKHM3E,1,"Pena, Carolina S.",Carolina S. Pena,Universidade Federal de Minas Gerias (UFMG),Universidade Federal de Minas Gerias (UFMG)
8JMKD3MGPDW34P/3KKHM3E,2,"Costa, Marcelo A.",Marcelo A. Costa,Universidade Federal de Minas Gerias (UFMG),Universidade Federal de Minas Gerias (UFMG)
8JMKD3MGPDW34P/3KKHM3E,3,"Gomes, André de Souza",André de Souza Gomes,Universidade Federal de Minas Gerias (UFMG),Universidade Federal de Minas Gerias (UFMG)
8JMKD3MGPDW34P/3KK5M2H,1,"Pettinati, Mario R.",Mario R. Pettinati,Fundaçăo de Aplicaçăo e Tecnologias Espaciais (FUNCATE),Fundaçăo de Aplicaçăo e Tecnologias Espaciais (FUNCATE)
8JMKD3MGPDW34P/3KK5M2H,2,"Vinhas, Lubia",Lubia Vinhas,Instituto Nacional de Pesquisas Espaciais (INPE),Instituto Nacional de Pesquisas Espaciais (INPE)
8JMKD3MGPDW34P/3KK5M2H,3,"Camara, Gilberto",Gilberto Camara,Instituto Nacional de Pesquisas Espaciais (INPE),Instituto Nacional de Pesquisas Espaciais (INPE)
8JMKD3MGPDW34P/3KK5M2H,4,"D'Alge, Julio Cesar Lima",Julio Cesar Lima D'Alge,Instituto Nacional de Pesquisas Espaciais (INPE),Instituto Nacional de Pesquisas Espaciais (INPE)
8JMKD3MGPDW34P/3KKHJFH,1,"Rosim, Sergio",Sergio Rosim,Instituto Nacional de Pesquisas Espaciais (INPE),Instituto Nacional de Pesquisas Espaciais (INPE)
8JMKD3MGPDW34P/3KKHJFH,2,"Monteiro, Antonio Miguel Vieira",Antonio Miguel Vieira Monteiro,Instituto Nacional de Pesquisas Espaciais (INPE),Instituto Nacional de Pesquisas Espaciais (INPE)
8JMKD3MGPDW34P/3KKHJFH,3,"Rennó, Camilo Daleles",Camilo Daleles Rennó,Instituto Nacional de Pesquisas Espaciais (INPE),Instituto Nacional de Pesquisas Espaciais (INPE)
8JMKD3MGPDW34P/3KKHJFH,4,"Oliveira, Joăo Ricardo de Freitas",Joăo Ricardo de Freitas Oliveira,Instituto Nacional de Pesquisas Espaciais (INPE),Instituto Nacional de Pesquisas Espaciais (INPE)
8JMKD3MGPDW34P/3KKHMA5,1,"Silva, Hideson A.",Hideson A. Silva,Companhia Paranaense de Energia (COPEL),Companhia Paranaense de Energia (COPEL)
8JMKD3MGPDW34P/3KKHMA5,2,"Oliveira, Luiz E. S.",Luiz E. S. Oliveira,Universidade Federal do Paraná (UFPR),Universidade Federal do Paraná (UFPR)
8JMKD3MGPDW34P/3KKHMA5,3,"Britto-Jr, Alceu S.",Alceu S. Britto-Jr,Pontifícia Universidade Católica do Paraná (PUC-PR),Pontifícia Universidade Católica do Paraná (PUC-PR)
8JMKD3MGPDW34P/3KKHLS2,1,"Sousa, J. R.",J. R. Sousa,Universidade Federal de Viçosa (UFV),Universidade Federal de Viçosa (UFV)
8JMKD3MGPDW34P/3KKHLS2,2,"Andrade, Marcus V. A.",Marcus V. A. Andrade,Universidade Federal de Viçosa (UFV),Universidade Federal de Viçosa (UFV)
8JMKD3MGPDW34P/3KKHLS2,3,"Lisboa-Filho, J.",J. Lisboa-Filho,Universidade Federal de Viçosa (UFV),Universidade Federal de Viçosa (UFV)
8JMKD3MGPDW34P/3KKHLS2,4,"Gomes, T. L.",T. L. Gomes,Universidade Federal de Viçosa (UFV),Universidade Federal de Viçosa (UFV)
8JMKD3MGPDW34P/3KKHKF8,1,"Vieira Filho, Sergio Izack",Sergio Izack Vieira Filho,Universidade Federal de Santa Catarina (UFSC),Universidade Federal de Santa Catarina (UFSC)
8JMKD3MGPDW34P/3KKHKF8,2,"Fileto, Renato",Renato Fileto,Universidade Federal de Santa Catarina (UFSC),Universidade Federal de Santa Catarina (UFSC)
8JMKD3MGPDW34P/3KKHKF8,3,"Furtado, Andre Salvaro",Andre Salvaro Furtado,Universidade Federal de Santa Catarina (UFSC),Universidade Federal de Santa Catarina (UFSC)
8JMKD3MGPDW34P/3KKHKF8,4,"Guembarovski, Ricardo Haus",Ricardo Haus Guembarovski,Universidade Federal de Santa Catarina (UFSC),Universidade Federal de Santa Catarina (UFSC)
8JMKD3MGPDW34P/3KKHLAE,1,"Weitzel, Leila",Leila Weitzel,Universidade Federal do Pará (UFPA),Universidade Federal do Pará (UFPA)
8JMKD3MGPDW34P/3KKHLAE,2,"Iochpe, Cirano",Cirano Iochpe,Universidade Federal do Rio Grande do Sul (UFRGS),Universidade Federal do Rio Grande do Sul (UFRGS)
8JMKD3MGPDW34P/3KJKKJ2,1,"Almeida, Rodolfo M.",Rodolfo M. Almeida,Instituto Nacional de Pesquisas Espaciais (INPE),Instituto Nacional de Pesquisas Espaciais (INPE)
8JMKD3MGPDW34P/3KJKKJ2,2,"Macau, Elbert E. N.",Elbert E. N. Macau,Instituto Nacional de Pesquisas Espaciais (INPE),Instituto Nacional de Pesquisas Espaciais (INPE)
8JMKD3MGPDW34P/3KJKKJ2,3,"França, Helena",Helena França,Instituto Nacional de Pesquisas Espaciais (INPE),Instituto Nacional de Pesquisas Espaciais (INPE)
8JMKD3MGPDW34P/3KJKKJ2,4,"Ramos, Fernando M.",Fernando M. Ramos,Instituto Nacional de Pesquisas Espaciais (INPE),Instituto Nacional de Pesquisas Espaciais (INPE)
8JMKD3MGPDW34P/3KJKKJ2,5,"Carneiro, Tiago Garcia de Senna",Tiago Garcia de Senna Carneiro,Universidade Federal de Ouro Preto (UFOP),Universidade Federal de Ouro Preto (UFOP)
8JMKD3MGPDW34P/3KJKLHL,1,"Aragăo, Helder",Helder Aragăo,UNIFACS,UNIFACS
8JMKD3MGPDW34P/3KJKLHL,2,"Campos, Jorge",Jorge Campos,UNIFACS,UNIFACS
8JMKD3MGPDW34P/3KJKNEP,1,"Bonat, Wagner Hugo",Wagner Hugo Bonat,Universidade Federal do Paraná (UFPR),Universidade Federal do Paraná (UFPR)
8JMKD3MGPDW34P/3KJKNEP,2,"Dallazuana, Henrique Silva",Henrique Silva Dallazuana,Universidade Federal do Paraná (UFPR),Universidade Federal do Paraná (UFPR)
8JMKD3MGPDW34P/3KJKNEP,3,"Ribeiro Junior, Paulo Justiniano",Paulo Justiniano Ribeiro Junior,Universidade Federal do Paraná (UFPR),Universidade Federal do Paraná (UFPR)
8JMKD3MGPDW34P/3KJKNEP,4,"Monteiro, Antonio Miguel Vieira",Antonio Miguel Vieira Monteiro,Instituto Nacional de Pesquisas Espaciais (INPE),Instituto Nacional de Pesquisas Espaciais (INPE)
8JMKD3MGPDW34P/3KJKL25,1,"Borba, Rogério Luís Ribeiro",Rogério Luís Ribeiro Borba,Universidade do Estado do Rio de Janeiro (UERJ),Universidade do Estado do Rio de Janeiro (UERJ)
8JMKD3MGPDW34P/3KJKL25,2,"Mota, Guilherme L. A.",Guilherme L. A. Mota,Universidade do Estado do Rio de Janeiro (UERJ),Universidade do Estado do Rio de Janeiro (UERJ)
8JMKD3MGPDW34P/3KJKL25,3,"Brito, Jorge Luís Nunes e Silva",Jorge Luís Nunes e Silva Brito,Universidade do Estado do Rio de Janeiro (UERJ),Universidade do Estado do Rio de Janeiro (UERJ)
8JMKD3MGPDW34P/3KJKGPE,1,"Carneiro, Tiago Garcia de Sena",Tiago Garcia de Sena Carneiro,Universidade Federal de Ouro Preto (UFOP),Universidade Federal de Ouro Preto (UFOP)
8JMKD3MGPDW34P/3KJKGPE,2,"Câmara, Gilberto",Gilberto Câmara,Instituto Nacional de Pesquisas Espaciais (INPE),Instituto Nacional de Pesquisas Espaciais (INPE)
8JMKD3MGPDW34P/3KJKGPE,3,"Maretto, Raian Vargas",Raian Vargas Maretto,Universidade Federal de Ouro Preto (UFOP),Universidade Federal de Ouro Preto (UFOP)
8JMKD3MGPDW34P/3KJKN5S,1,"Feitosa, Flavia F.",Flavia F. Feitosa,University of Bonn,University of Bonn
8JMKD3MGPDW34P/3KJKN5S,2,"Reyes, Joshua",Joshua Reyes,University of Massachusetts,University of Massachusetts
8JMKD3MGPDW34P/3KJKN5S,3,"Zesk, Walter E.",Walter E. Zesk,Rhode Island School of Design and Architecture,Rhode Island School of Design and Architecture
8JMKD3MGPDW34P/3KJKEMS,1,"Fook, karla Donato",karla Donato Fook,Centro Federal de EducańŃo Tecnol¾gica do MaranhŃo (CEFET¢MA),Centro Federal de EducańŃo Tecnol¾gica do MaranhŃo (CEFET¢MA)
8JMKD3MGPDW34P/3KJKEMS,2,"Amaral, Silvana",Silvana Amaral,Instituto Nacional de Pesquisas Espaciais (INPE),Instituto Nacional de Pesquisas Espaciais (INPE)
8JMKD3MGPDW34P/3KJKEMS,3,"Monteiro, Ant¶nio Miguel Vieira",Ant¶nio Miguel Vieira Monteiro,Instituto Nacional de Pesquisas Espaciais (INPE),Instituto Nacional de Pesquisas Espaciais (INPE)
8JMKD3MGPDW34P/3KJKEMS,4,"CŌmara, Gilberto",Gilberto CŌmara,Instituto Nacional de Pesquisas Espaciais (INPE),Instituto Nacional de Pesquisas Espaciais (INPE)
8JMKD3MGPDW34P/3KJKEMS,5,"Casanova, Marco Antonio",Marco Antonio Casanova,PontifĒcia Universidade Cat¾lica do Rio de Janeiro (PUC-Rio),PontifĒcia Universidade Cat¾lica do Rio de Janeiro (PUC-Rio)
8JMKD3MGPDW34P/3KJKF3P,1,"Gouvęa, Cleber",Cleber Gouvęa,Universidade Católica de Pelotas (UCPEL),Universidade Católica de Pelotas (UCPEL)
8JMKD3MGPDW34P/3KJKF3P,2,"Loh, Stanley",Stanley Loh,Universidade Católica de Pelotas (UCPEL),Universidade Católica de Pelotas (UCPEL)
8JMKD3MGPDW34P/3KJKF3P,3,"Garcia, Luís Fernando Fortes",Luís Fernando Fortes Garcia,Universidade Católica de Pelotas (UCPEL),Universidade Católica de Pelotas (UCPEL)
8JMKD3MGPDW34P/3KJKF3P,4,"Fonseca, Evandro Brasil da",Evandro Brasil da Fonseca,Universidade Luterana do Brasil (ULBRA),Universidade Luterana do Brasil (ULBRA)
8JMKD3MGPDW34P/3KJKF3P,5,"Wendt, Igor",Igor Wendt,Faculdade Dom Bosco,Faculdade Dom Bosco
8JMKD3MGPDW34P/3KJKM68,1,"Lima, Tiago F. M.",Tiago F. M. Lima,Universidade Federal de Minas Gerais (UFMG),Universidade Federal de Minas Gerais (UFMG)
8JMKD3MGPDW34P/3KJKM68,2,"Carneiro, Tiago G. S.",Tiago G. S. Carneiro,Universidade Federal de Ouro Preto (UFOP),Universidade Federal de Ouro Preto (UFOP)
8JMKD3MGPDW34P/3KJKM68,3,"Faria, Sérgio D.",Sérgio D. Faria,Universidade Federal de Minas Gerais (UFMG),Universidade Federal de Minas Gerais (UFMG)
8JMKD3MGPDW34P/3KJKMHB,1,"Masiero, Leone Pereira",Leone Pereira Masiero,Pontifícia Universidade Católica do Rio de Janeiro (PUC-Rio),Pontifícia Universidade Católica do Rio de Janeiro (PUC-Rio)
8JMKD3MGPDW34P/3KJKMHB,2,"Casanova, Marco A.",Marco A. Casanova,Pontifícia Universidade Católica do Rio de Janeiro (Puc-Rio),Pontifícia Universidade Católica do Rio de Janeiro (Puc-Rio)
8JMKD3MGPDW34P/3KJKMHB,3,"Carvalho, Marcelo T. M.",Marcelo T. M. Carvalho,Pontifícia Universidade Católica do Rio de Janeiro (Puc-Rio),Pontifícia Universidade Católica do Rio de Janeiro (Puc-Rio)
8JMKD3MGPDW34P/3KJKHE8,1,"Metello, Marcelo G.",Marcelo G. Metello,Pontifícia Universidade Católica do Rio de Janeiro (PUC-Rio),Pontifícia Universidade Católica do Rio de Janeiro (PUC-Rio)
8JMKD3MGPDW34P/3KJKHE8,2,"Casanova, Marco A.",Marco A. Casanova,Pontifícia Universidade Católica do Rio de Janeiro (PUC-Rio),Pontifícia Universidade Católica do Rio de Janeiro (PUC-Rio)
8JMKD3MGPDW34P/3KJKHE8,3,"Carvalho, Marcelo T. M.",Marcelo T. M. Carvalho,Pontifícia Universidade Católica do Rio de Janeiro (PUC-Rio),Pontifícia Universidade Católica do Rio de Janeiro (PUC-Rio)
8JMKD3MGPDW34P/3KJKGEH,1,"Moreira, Evaldinolia",Evaldinolia Moreira,Instituto Nacional de Pesquisas Espaciais (INPE),Instituto Nacional de Pesquisas Espaciais (INPE)
8JMKD3MGPDW34P/3KJKGEH,2,"Aguiar, Ana Paula",Ana Paula Aguiar,Instituto Nacional de Pesquisas Espaciais (INPE),Instituto Nacional de Pesquisas Espaciais (INPE)
8JMKD3MGPDW34P/3KJKGEH,3,"Costa, Sergio",Sergio Costa,Instituto Nacional de Pesquisas Espaciais (INPE),Instituto Nacional de Pesquisas Espaciais (INPE)
8JMKD3MGPDW34P/3KJKGEH,4,"Cāmara, Gilbeto",Gilbeto Cāmara,Instituto Nacional de Pesquisas Espaciais (INPE),Instituto Nacional de Pesquisas Espaciais (INPE)
8JMKD3MGPDW34P/3KJKMQ2,1,"Novaes, Maikon R. de",Maikon R. de Novaes,Instituto Nacional de Pesquisas Espaciais (INPE),Instituto Nacional de Pesquisas Espaciais (INPE)
8JMKD3MGPDW34P/3KJKMQ2,2,"Rudorff, Bernardo T. F.",Bernardo T. F. Rudorff,Instituto Nacional de Pesquisas Espaciais (INPE),Instituto Nacional de Pesquisas Espaciais (INPE)
8JMKD3MGPDW34P/3KJKMQ2,3,"Crepani, Edison",Edison Crepani,Instituto Nacional de Pesquisas Espaciais (INPE),Instituto Nacional de Pesquisas Espaciais (INPE)
8JMKD3MGPDW34P/3KJKMQ2,4,"Sugawara, Luciana Miura",Luciana Miura Sugawara,Instituto Nacional de Pesquisas Espaciais (INPE),Instituto Nacional de Pesquisas Espaciais (INPE)
8JMKD3MGPDW34P/3KJKLB2,1,"Oliveira, Pedro A.",Pedro A. Oliveira,Pontifícia Universidade Católica de Minas Gerais (PUC Minas),Pontifícia Universidade Católica de Minas Gerais (PUC Minas)
8JMKD3MGPDW34P/3KJKLB2,2,"Davis Junior, Clodoveu A.",Clodoveu A. Davis Junior,Universidade Federal de Minas Gerais (UFMG),Universidade Federal de Minas Gerais (UFMG)
8JMKD3MGPDW34P/3KJKLB2,3,"Oliveira, Pedro Felipe A.",Pedro Felipe A. Oliveira,GeoExplore,GeoExplore
8JMKD3MGPDW34P/3KJKFU8,1,"Pimenta, Paulo",Paulo Pimenta,"Departamento de Informática, Universidade Federal do Pará (UFPA)","Departamento de Informática, Universidade Federal do Pará (UFPA)"
8JMKD3MGPDW34P/3KJKFU8,2,"Coelho, Andrea",Andrea Coelho,"Núcleo de Cenários, Instituto de Desenvolvimento Econômico-Social do Pará (IDESP)","Núcleo de Cenários, Instituto de Desenvolvimento Econômico-Social do Pará (IDESP)"
8JMKD3MGPDW34P/3KJKFU8,3,"Costa, Sergio",Sergio Costa,"Centro de Cięncias do Sistema Terrestre (CST), Instituto Nacional de Pesquisas Espaciais (INPE)","Centro de Cięncias do Sistema Terrestre (CST), Instituto Nacional de Pesquisas Espaciais (INPE)"
8JMKD3MGPDW34P/3KJKFU8,4,"Aguiar, Ana Paula",Ana Paula Aguiar,"Centro de Cięncias do Sistema Terrestre (CST), Instituto Nacional de Pesquisas Espaciais (INPE)","Centro de Cięncias do Sistema Terrestre (CST), Instituto Nacional de Pesquisas Espaciais (INPE)"
8JMKD3MGPDW34P/3KJKFU8,5,"Câmara, Gilberto",Gilberto Câmara,"Divisăo de Processamento de Imagens (DPI), Instituto Nacional de Pesquisas Espaciais","Divisăo de Processamento de Imagens (DPI), Instituto Nacional de Pesquisas Espaciais"
8JMKD3MGPDW34P/3KJKFU8,6,"Araújo, Roberto",Roberto Araújo,"Departamento de Antropologia, Museu Paraense Emílio Goeldi (MPEG)","Departamento de Antropologia, Museu Paraense Emílio Goeldi (MPEG)"
8JMKD3MGPDW34P/3KJKFU8,7,"Ribeiro, Adagenor",Adagenor Ribeiro,"Departamento de Informática, Universidade Federal do Pará (UFPA)","Departamento de Informática, Universidade Federal do Pará (UFPA)"
8JMKD3MGPDW34P/3KJKH5B,1,"Ramos, José Augusto S.",José Augusto S. Ramos,Universidade Federal Fluminense (UFF),Universidade Federal Fluminense (UFF)
8JMKD3MGPDW34P/3KJKH5B,2,"Esperança, Claudio",Claudio Esperança,Universidade Federal do Rio de Janeiro (UFRJ),Universidade Federal do Rio de Janeiro (UFRJ)
8JMKD3MGPDW34P/3KJKH5B,3,"Clua, Esteban Walter G.",Esteban Walter G. Clua,Universidade Federal Fluminense (UFF),Universidade Federal Fluminense (UFF)
8JMKD3MGPDW34P/3KJKMCS,1,"Silva, Joăo Carlos Tavares da",Joăo Carlos Tavares da Silva,Pontifícia Universidade Católica de Minas Gerais (PUCMINAS),Pontifícia Universidade Católica de Minas Gerais (PUCMINAS)
8JMKD3MGPDW34P/3KJKMCS,2,"Davis-Jr, Clodoveu Augusto",Clodoveu Augusto Davis-Jr,Universidade Federal de Minas Gerais (UFMG),Universidade Federal de Minas Gerais (UFMG)
8JMKD3MGPDW34P/3KJKDN8,1,"Siqueira, Thiago Luís Lopes",Thiago Luís Lopes Siqueira,Universidade Federal de Săo Carlos (UFSCar),Universidade Federal de Săo Carlos (UFSCar)
8JMKD3MGPDW34P/3KJKDN8,2,"Ciferri, Ricardo Rodrigues",Ricardo Rodrigues Ciferri,Universidade Federal de Săo Carlos (UFSCar),Universidade Federal de Săo Carlos (UFSCar)
8JMKD3MGPDW34P/3KJKDN8,3,"Times, Valéria Cesário",Valéria Cesário Times,Universidade Federal de Pernambuco (UFPE),Universidade Federal de Pernambuco (UFPE)
8JMKD3MGPDW34P/3KJKDN8,4,"Ciferri, Cristina Dutra de Aguiar",Cristina Dutra de Aguiar Ciferri,Universidade de Săo Paulo (USP),Universidade de Săo Paulo (USP)
8JMKD3MGPDW34P/3KJKFAE,1,"Souza, Vanessa Cristina Oliveira de",Vanessa Cristina Oliveira de Souza,Instituto Nacional de Pesquisas Espaciais (INPE),Instituto Nacional de Pesquisas Espaciais (INPE)
8JMKD3MGPDW34P/3KJKFAE,2,"Câmara, Gilberto",Gilberto Câmara,Instituto Nacional de Pesquisas Espaciais (INPE),Instituto Nacional de Pesquisas Espaciais (INPE)
8JMKD3MGPDW34P/3KJKE6B,1,"Volz, Steffen",Steffen Volz,Carl von Ossietzky Universität Oldenburg,Carl von Ossietzky Universität Oldenburg
8JMKD3MGPDW34P/3KJKE6B,2,"Nicklas, Daniela",Daniela Nicklas,Carl von Ossietzky Universität Oldenburg,Carl von Ossietzky Universität Oldenburg
8JMKD3MGPDW34P/3KJKE6B,3,"Grossmann, Matthias",Matthias Grossmann,Universität Stuttgart,Universität Stuttgart
8JMKD3MGPDW34P/3KJKE6B,4,"Wieland, Matthias",Matthias Wieland,Universität Stuttgart,Universität Stuttgart
8JMKD3MGP8W/3HHGG25,1,"Azevedo, Leonardo Guerreiro",Leonardo Guerreiro Azevedo,Universidade Federal do Rio de Janeiro (UFRJ),Universidade Federal do Rio de Janeiro (UFRJ)
8JMKD3MGP8W/3HHGG25,2,"Güting, Ralf Hartmut",Ralf Hartmut Güting,Universidade Federal do Rio de Janeiro (UFRJ),Universidade Federal do Rio de Janeiro (UFRJ)
8JMKD3MGP8W/3HHGCPE,1,"Backes, André R.",André R. Backes,Universidade de Săo Paulo (USP),Universidade de Săo Paulo (USP)
8JMKD3MGP8W/3HHGCPE,2,"Bruno, Adriana B.",Adriana B. Bruno,Universidade de Săo Paulo (USP),Universidade de Săo Paulo (USP)
8JMKD3MGP8W/3HHGCPE,3,"Barros Filho, Mauro N.",Mauro N. Barros Filho,Faculdade de Cięncias Humanas (ESUDA),Faculdade de Cięncias Humanas (ESUDA)
8JMKD3MGP8W/3HHGCPE,4,"Bruno, Odemir M.",Odemir M. Bruno,Universidade de Săo Paulo (USP),Universidade de Săo Paulo (USP)
83LX3pFwXQZ3V9uMbiY/Smzyj,1,"Bittencourt, Olga Oliveira",Olga Oliveira Bittencourt,,
83LX3pFwXQZ3V9uMbiY/Smzyj,2,"CŌmara, Gilberto",Gilberto CŌmara,,
83LX3pFwXQZ3V9uMbiY/Smzyj,3,"Vinhas, L·bia",L·bia Vinhas,,
83LX3pFwXQZ3V9uMbiY/Smzyj,4,"Mota, Joice Seleme",Joice Seleme Mota,,
8JMKD3MGP8W/3HHGCGP,1,"Brauner, Daniela F.",Daniela F. Brauner,Pontifícia Universidade Católica do Rio de Janeiro (PUC-Rio),Pontifícia Universidade Católica do Rio de Janeiro (PUC-Rio)
8JMKD3MGP8W/3HHGCGP,2,"Intrator, Chantal",Chantal Intrator,Pontifícia Universidade Católica do Rio de Janeiro (PUC-Rio),Pontifícia Universidade Católica do Rio de Janeiro (PUC-Rio)
8JMKD3MGP8W/3HHGCGP,3,"Freitas, Joăo Carlos",Joăo Carlos Freitas,Pontifícia Universidade Católica do Rio de Janeiro (PUC-Rio),Pontifícia Universidade Católica do Rio de Janeiro (PUC-Rio)
8JMKD3MGP8W/3HHGCGP,4,"Casanova, Marco A.",Marco A. Casanova,Pontifícia Universidade Católica do Rio de Janeiro (PUC-Rio),Pontifícia Universidade Católica do Rio de Janeiro (PUC-Rio)
8JMKD3MGP8W/3HHGG8P,1,"Campos, Samuel R. de Sales",Samuel R. de Sales Campos,Universidade Federal de Lavras (UFLA),Universidade Federal de Lavras (UFLA)
8JMKD3MGP8W/3HHGG8P,2,"Martinhago, Adriana Z.",Adriana Z. Martinhago,Universidade Federal de Lavras (UFLA),Universidade Federal de Lavras (UFLA)
8JMKD3MGP8W/3HHGG8P,3,"Oliveira, Thomas C. de A.",Thomas C. de A. Oliveira,Universidade Federal de Lavras (UFLA),Universidade Federal de Lavras (UFLA)
8JMKD3MGP8W/3HHGG8P,4,"Prieto, Luca Araújo Egas",Luca Araújo Egas Prieto,Universidade Federal de Lavras (UFLA),Universidade Federal de Lavras (UFLA)
8JMKD3MGP8W/3HHGG8P,5,"Silva, Ronaldo Aparecido da",Ronaldo Aparecido da Silva,Universidade Federal de Lavras (UFLA),Universidade Federal de Lavras (UFLA)
8JMKD3MGP8W/3HHGG8P,6,"França, Aleksander Maduro",Aleksander Maduro França,Universidade Federal de Lavras (UFLA),Universidade Federal de Lavras (UFLA)
8JMKD3MGP8W/3HHGG8P,7,"Farah Netto, Ivayr Dieb",Ivayr Dieb Farah Netto,Universidade Federal de Lavras (UFLA),Universidade Federal de Lavras (UFLA)
8JMKD3MGP8W/3HHLP88,1,"Carvalho, Luis M. T.",Luis M. T. Carvalho,Universidade Federal de Lavras (UFLA),Universidade Federal de Lavras (UFLA)
8JMKD3MGP8W/3HHLP88,2,"Ribeiro, Moisķs S.",Moisķs S. Ribeiro,Universidade Federal de Lavras (UFLA),Universidade Federal de Lavras (UFLA)
8JMKD3MGP8W/3HHLP88,3,"Oliveira, Luciano T. de",Luciano T. de Oliveira,Universidade Federal de Lavras (UFLA),Universidade Federal de Lavras (UFLA)
8JMKD3MGP8W/3HHLP88,4,"Oliveira, Thomaz C. A.",Thomaz C. A. Oliveira,Universidade Federal de Lavras (UFLA),Universidade Federal de Lavras (UFLA)
8JMKD3MGP8W/3HHLP88,5,"Louzada, Julio N.",Julio N. Louzada,Universidade Federal de Lavras (UFLA),Universidade Federal de Lavras (UFLA)
8JMKD3MGP8W/3HHLP88,6,"Scolforo, Josķ R. S.",Josķ R. S. Scolforo,Universidade Federal de Lavras (UFLA),Universidade Federal de Lavras (UFLA)
8JMKD3MGP8W/3HHLP88,7,"Oliveira, Antonio D.",Antonio D. Oliveira,Universidade Federal de Lavras (UFLA),Universidade Federal de Lavras (UFLA)
8JMKD3MGP8W/3HHGFL8,1,"CiprianI, Nazario",Nazario CiprianI,Universität Stuttgart,Universität Stuttgart
8JMKD3MGP8W/3HHGFL8,2,"Grossmann, Matthias",Matthias Grossmann,Universität Stuttgart,Universität Stuttgart
8JMKD3MGP8W/3HHGFL8,3,"Nicklas, Daniela",Daniela Nicklas,Universität Stuttgart,Universität Stuttgart
8JMKD3MGP8W/3HHGFL8,4,"Mitschang, Bernhard",Bernhard Mitschang,Universität Stuttgart,Universität Stuttgart
8JMKD3MGP8W/3HHGE78,1,"Cordeiro, Natal Henrique",Natal Henrique Cordeiro,Universidade Federal do Rio Grande do Norte (UFRN),Universidade Federal do Rio Grande do Norte (UFRN)
8JMKD3MGP8W/3HHGE78,2,"Carvalho, Bruno Motta de",Bruno Motta de Carvalho,Universidade Federal do Rio Grande do Norte (UFRN),Universidade Federal do Rio Grande do Norte (UFRN)
8JMKD3MGP8W/3HHGE78,3,"Gonc¸alves, Luiz Marcos Garcia",Luiz Marcos Garcia Gonc¸alves,Universidade Federal do Rio Grande do Norte (UFRN),Universidade Federal do Rio Grande do Norte (UFRN)
8JMKD3MGP8W/3HHFQQ2,1,"Costa, David Cavassana",David Cavassana Costa,Universidade Federal do Maranhăo (UFMA),Universidade Federal do Maranhăo (UFMA)
8JMKD3MGP8W/3HHFQQ2,2,"Teixeira, Mario Meireles",Mario Meireles Teixeira,Universidade Federal do Maranhăo (UFMA),Universidade Federal do Maranhăo (UFMA)
8JMKD3MGP8W/3HHFQQ2,3,"Paiva, Anselmo Cardoso de",Anselmo Cardoso de Paiva,Universidade Federal do Maranhăo (UFMA),Universidade Federal do Maranhăo (UFMA)
8JMKD3MGP8W/3HHFQQ2,4,"Baptista, Claudio de Souza",Claudio de Souza Baptista,Universidade Federal do Maranhăo (UFMA),Universidade Federal do Maranhăo (UFMA)
8JMKD3MGP8W/3HHGHUE,1,"Cotrim, Daniel S.",Daniel S. Cotrim,Universidade Salvador (UNIFACS),Universidade Salvador (UNIFACS)
8JMKD3MGP8W/3HHGHUE,2,"Campos, Jorge",Jorge Campos,Universidade Salvador (UNIFACS),Universidade Salvador (UNIFACS)
8JMKD3MGP8W/3HHGEJB,1,"Dantas, Vitor",Vitor Dantas,PontifĒcia Universidade Cat¾lica do Rio de Janeiro (PUC-Rio),PontifĒcia Universidade Cat¾lica do Rio de Janeiro (PUC-Rio)
8JMKD3MGP8W/3HHGEJB,2,"Metello, Marcelo G.",Marcelo G. Metello,PontifĒcia Universidade Cat¾lica do Rio de Janeiro (PUC-Rio),PontifĒcia Universidade Cat¾lica do Rio de Janeiro (PUC-Rio)
8JMKD3MGP8W/3HHGEJB,3,"Lemos, Melissa",Melissa Lemos,PontifĒcia Universidade Cat¾lica do Rio de Janeiro (PUC-Rio),PontifĒcia Universidade Cat¾lica do Rio de Janeiro (PUC-Rio)
8JMKD3MGP8W/3HHGEJB,4,"Casanova, Marco A.",Marco A. Casanova,PontifĒcia Universidade Cat¾lica do Rio de Janeiro (PUC-Rio),PontifĒcia Universidade Cat¾lica do Rio de Janeiro (PUC-Rio)
8JMKD3MGP8W/3HHGDJL,1,"Davis Junior, Clodoveu A.",Clodoveu A. Davis Junior,Pontifícia Universidade Católica de Minas Gerais (PUCMINAS),Pontifícia Universidade Católica de Minas Gerais (PUCMINAS)
8JMKD3MGP8W/3HHGDJL,2,"Salles, Emerson de",Emerson de Salles,Pontifícia Universidade Católica de Minas Gerais (PUCMINAS),Pontifícia Universidade Católica de Minas Gerais (PUCMINAS)
8JMKD3MGP8W/3HHGJ3L,1,"Dias, Eliane Z. Victorelli",Eliane Z. Victorelli Dias,FundańŃo CPqD,FundańŃo CPqD
8JMKD3MGP8W/3HHGJ3L,2,"MagalhŃes, Geovane Cayres",Geovane Cayres MagalhŃes,FundańŃo CPqD,FundańŃo CPqD
8JMKD3MGP8W/3HHGJ3L,3,"Silva, Grace Kelly de C.",Grace Kelly de C. Silva,FundańŃo CPqD,FundańŃo CPqD
8JMKD3MGP8W/3HHGGHL,1,"Dutra, Gleyce Campos",Gleyce Campos Dutra,Universidade Federal de Lavras (UFLA),Universidade Federal de Lavras (UFLA)
8JMKD3MGP8W/3HHGGHL,2,"Carvalho, Luis Marcelo Tavares de",Luis Marcelo Tavares de Carvalho,Universidade Federal de Lavras (UFLA),Universidade Federal de Lavras (UFLA)
8JMKD3MGP8W/3HHGGHL,3,"Oliveira Filho, Ary Teixeira de",Ary Teixeira de Oliveira Filho,Universidade Federal de Lavras (UFLA),Universidade Federal de Lavras (UFLA)
8JMKD3MGP8W/3HHGF2E,1,"Gomes Júnior, Luiz Celso",Luiz Celso Gomes Júnior,Universidade Estadual de Campinas (UNICAMP),Universidade Estadual de Campinas (UNICAMP)
8JMKD3MGP8W/3HHGF2E,2,"Medeiros, Claudia Bauzer",Claudia Bauzer Medeiros,Universidade Estadual de Campinas (UNICAMP),Universidade Estadual de Campinas (UNICAMP)
8JMKD3MGP8W/3HHGC5L,1,"Grigoletti, Pablo Souza",Pablo Souza Grigoletti,Universidade Federal do Rio Grande do Sul (UFRGS),Universidade Federal do Rio Grande do Sul (UFRGS)
8JMKD3MGP8W/3HHGC5L,2,"Costa, Antônio Carlos da Rocha",Antônio Carlos da Rocha Costa,Universidade Federal do Rio Grande do Sul (UFRGS),Universidade Federal do Rio Grande do Sul (UFRGS)
8JMKD3MGP8W/3HHLNKL,1,"Hess, Guillermo Nudelman",Guillermo Nudelman Hess,Universidade Federal do Rio Grande do Sul (UFRGS),Universidade Federal do Rio Grande do Sul (UFRGS)
8JMKD3MGP8W/3HHLNKL,2,"Iochpe, Cirano",Cirano Iochpe,Universidade Federal do Rio Grande do Sul (UFRGS),Universidade Federal do Rio Grande do Sul (UFRGS)
8JMKD3MGP8W/3HHLNKL,3,"Castano, Silvana",Silvana Castano,Universidade Federal do Rio Grande do Sul (UFRGS),Universidade Federal do Rio Grande do Sul (UFRGS)
8JMKD3MGP8W/3HHFPFE,1,"Korting, Thales Sehn",Thales Sehn Korting,Instituto Nacional de Pesquisas Espaciais (INPE),Instituto Nacional de Pesquisas Espaciais (INPE)
8JMKD3MGP8W/3HHFPFE,2,"Erthal, Guaraci",Guaraci Erthal,Instituto Nacional de Pesquisas Espaciais (INPE),Instituto Nacional de Pesquisas Espaciais (INPE)
8JMKD3MGP8W/3HHFPFE,3,"Dutra, Luciano Vieira",Luciano Vieira Dutra,Instituto Nacional de Pesquisas Espaciais (INPE),Instituto Nacional de Pesquisas Espaciais (INPE)
8JMKD3MGP8W/3HHFPFE,4,"Fonseca, Leila Maria Garcia",Leila Maria Garcia Fonseca,Instituto Nacional de Pesquisas Espaciais (INPE),Instituto Nacional de Pesquisas Espaciais (INPE)
8JMKD3MGP8W/3HHFPFE,5,"Silva, Felipe Castro da",Felipe Castro da Silva,Instituto Nacional de Pesquisas Espaciais (INPE),Instituto Nacional de Pesquisas Espaciais (INPE)
8JMKD3MGP8W/3HHGGN5,1,"Macário, Carla Geovana do N.",Carla Geovana do N. Macário,Universidade Estadual de Campinas (UNICAMP),Universidade Estadual de Campinas (UNICAMP)
8JMKD3MGP8W/3HHGGN5,2,"Medeiros, Claudia Bauzer",Claudia Bauzer Medeiros,Universidade Estadual de Campinas (UNICAMP),Universidade Estadual de Campinas (UNICAMP)
8JMKD3MGP8W/3HHGGN5,3,"Senra, Rodrigo Dias Arruda",Rodrigo Dias Arruda Senra,Universidade Estadual de Campinas (UNICAMP),Universidade Estadual de Campinas (UNICAMP)
8JMKD3MGP8W/3HHGCCB,1,"MagalhŃes, Mirella A.",Mirella A. MagalhŃes,Universidade Federal de Vińosa (UFV),Universidade Federal de Vińosa (UFV)
8JMKD3MGP8W/3HHGCCB,2,"MagalhŃes, Salles V. G.",Salles V. G. MagalhŃes,Universidade Federal de Vińosa (UFV),Universidade Federal de Vińosa (UFV)
8JMKD3MGP8W/3HHGCCB,3,"Andrade, Marcus V. A.",Marcus V. A. Andrade,Universidade Federal de Vińosa (UFV),Universidade Federal de Vińosa (UFV)
8JMKD3MGP8W/3HHGCCB,4,"Lisboa Filho, Jugurta",Jugurta Lisboa Filho,Universidade Federal de Vińosa (UFV),Universidade Federal de Vińosa (UFV)
8JMKD3MGP8W/3HHGER2,1,"Mello, Carlos Eduardo R. de",Carlos Eduardo R. de Mello,Universidade Federal do Rio de Janeiro (UFRJ),Universidade Federal do Rio de Janeiro (UFRJ)
8JMKD3MGP8W/3HHGER2,2,"Silva, Geraldo ZimbrŃo da",Geraldo ZimbrŃo da Silva,Universidade Federal do Rio de Janeiro (UFRJ),Universidade Federal do Rio de Janeiro (UFRJ)
8JMKD3MGP8W/3HHGER2,3,"Souza, Jano M. de",Jano M. de Souza,Universidade Federal do Rio de Janeiro (UFRJ),Universidade Federal do Rio de Janeiro (UFRJ)
8JMKD3MGP8W/3HHGFDH,1,"Mello, Carlos Eduardo R. de",Carlos Eduardo R. de Mello,Universidade Federal do Rio de Janeiro (UFRJ),Universidade Federal do Rio de Janeiro (UFRJ)
8JMKD3MGP8W/3HHGFDH,2,"Silva, Geraldo ZimbrŃo da",Geraldo ZimbrŃo da Silva,Universidade Federal do Rio de Janeiro (UFRJ),Universidade Federal do Rio de Janeiro (UFRJ)
8JMKD3MGP8W/3HHGFDH,3,"Souza, Jano M. de",Jano M. de Souza,Universidade Federal do Rio de Janeiro (UFRJ),Universidade Federal do Rio de Janeiro (UFRJ)
8JMKD3MGP8W/3HHGEBL,1,"Metello, Marcelo",Marcelo Metello,Pontifícia Universidade Católica do Rio de Janeiro (PUC-Rio),Pontifícia Universidade Católica do Rio de Janeiro (PUC-Rio)
8JMKD3MGP8W/3HHGEBL,2,"Vera, Mário de Sá",Mário de Sá Vera,Pontifícia Universidade Católica do Rio de Janeiro (PUC-Rio),Pontifícia Universidade Católica do Rio de Janeiro (PUC-Rio)
8JMKD3MGP8W/3HHGEBL,3,"Lemos, Melissa",Melissa Lemos,Pontifícia Universidade Católica do Rio de Janeiro (PUC-Rio),Pontifícia Universidade Católica do Rio de Janeiro (PUC-Rio)
8JMKD3MGP8W/3HHGEBL,4,"Masiero, Leone Pereira",Leone Pereira Masiero,Pontifícia Universidade Católica do Rio de Janeiro (PUC-Rio),Pontifícia Universidade Católica do Rio de Janeiro (PUC-Rio)
8JMKD3MGP8W/3HHGEBL,5,"Carvalho, Marcelo Tilio Monteiro de",Marcelo Tilio Monteiro de Carvalho,Pontifícia Universidade Católica do Rio de Janeiro (PUC-Rio),Pontifícia Universidade Católica do Rio de Janeiro (PUC-Rio)
8JMKD3MGP8W/3HHGDRB,1,"Oliveira, Luciano T. de",Luciano T. de Oliveira,Universidade Federal de Lavras (UFLA),Universidade Federal de Lavras (UFLA)
8JMKD3MGP8W/3HHGDRB,2,"Oliveira, Thomaz C. de A.",Thomaz C. de A. Oliveira,Universidade Federal de Lavras (UFLA),Universidade Federal de Lavras (UFLA)
8JMKD3MGP8W/3HHGDRB,3,"Carvalho, Luis M. T. de",Luis M. T. de Carvalho,Universidade Federal de Lavras (UFLA),Universidade Federal de Lavras (UFLA)
8JMKD3MGP8W/3HHGDRB,4,"Lacerda, Wilian Soares",Wilian Soares Lacerda,Universidade Federal de Lavras (UFLA),Universidade Federal de Lavras (UFLA)
8JMKD3MGP8W/3HHGDRB,5,"Campos, Samuel R. de S.",Samuel R. de S. Campos,Universidade Federal de Lavras (UFLA),Universidade Federal de Lavras (UFLA)
8JMKD3MGP8W/3HHGDRB,6,"Martinhago, Adriana Z.",Adriana Z. Martinhago,Universidade Federal de Lavras (UFLA),Universidade Federal de Lavras (UFLA)
8JMKD3MGP8W/3HHGDE8,1,"Reis, I. C.",I. C. Reis,Instituto Oswaldo Cruz,Instituto Oswaldo Cruz
8JMKD3MGP8W/3HHGDE8,2,"Honório, N. A.",N. A. Honório,Instituto Oswaldo Cruz,Instituto Oswaldo Cruz
8JMKD3MGP8W/3HHGDE8,3,"Codeço, C. T.",C. T. Codeço,Fundaçăo Oswaldo Cruz (FIOCRUZ),Fundaçăo Oswaldo Cruz (FIOCRUZ)
8JMKD3MGP8W/3HHGDE8,4,"Barcellos, C.",C. Barcellos,Fundaçăo Oswaldo Cruz (FIOCRUZ),Fundaçăo Oswaldo Cruz (FIOCRUZ)
8JMKD3MGP8W/3HHGDE8,5,"Magalhăes, M. A. F. M.",M. A. F. M. Magalhăes,Fundaçăo Oswaldo Cruz (FIOCRUZ),Fundaçăo Oswaldo Cruz (FIOCRUZ)
8JMKD3MGP8W/3HHLNSB,1,"Reis, Frederico Pereira",Frederico Pereira Reis,Universidade Federal de Lavras (UFLA),Universidade Federal de Lavras (UFLA)
8JMKD3MGP8W/3HHLNSB,2,"Oliveira, Luciano T. de",Luciano T. de Oliveira,Universidade Federal de Lavras (UFLA),Universidade Federal de Lavras (UFLA)
8JMKD3MGP8W/3HHLNSB,3,"Carvalho, Luis Marcelo T. de",Luis Marcelo T. de Carvalho,Universidade Federal de Lavras (UFLA),Universidade Federal de Lavras (UFLA)
8JMKD3MGP8W/3HHGGB2,1,"Vivar, Juan C.",Juan C. Vivar,Universidade Federal do Rio de Janeiro (UFRJ),Universidade Federal do Rio de Janeiro (UFRJ)
8JMKD3MGP8W/3HHGGB2,2,"Ferreira, Marco A. R.",Marco A. R. Ferreira,Universidade Federal do Rio de Janeiro (UFRJ),Universidade Federal do Rio de Janeiro (UFRJ)
83LX3pFwXQZ3V9uMbiY/NiaVh,1,"Alves, Leonardo Lacerda",Leonardo Lacerda Alves,Pontifícia Universidade Católica de Minas Gerais (PUCMINAS),Pontifícia Universidade Católica de Minas Gerais (PUCMINAS)
83LX3pFwXQZ3V9uMbiY/NiaVh,2,"Davis Jr., Clodoveu A.",Clodoveu A. Davis Jr.,Pontifícia Universidade Católica de Minas Gerais (PUCMINAS),Pontifícia Universidade Católica de Minas Gerais (PUCMINAS)
83LX3pFwXQZ3V9uMbiY/NibwN,1,"Assunçăo, Renato M.",Renato M. Assunçăo,Universidade Federal de Minas Gerais (UFMG),Universidade Federal de Minas Gerais (UFMG)
83LX3pFwXQZ3V9uMbiY/NibwN,2,"Correa, Thaís",Thaís Correa,Universidade Federal de Minas Gerais (UFMG),Universidade Federal de Minas Gerais (UFMG)
83LX3pFwXQZ3V9uMbiY/NibBn,1,"Assunçăo, Renato M.",Renato M. Assunçăo,Universidade Federal de Minas Gerais (UFMG),Universidade Federal de Minas Gerais (UFMG)
83LX3pFwXQZ3V9uMbiY/NibBn,2,"Lopes, Danilo L.",Danilo L. Lopes,Universidade Federal de Minas Gerais (UFMG),Universidade Federal de Minas Gerais (UFMG)
83LX3pFwXQZ3V9uMbiY/Nij9G,1,"Azevedo, Victor H. M.",Victor H. M. Azevedo,Universidade do Estado do Rio de Janeiro (UERJ),Universidade do Estado do Rio de Janeiro (UERJ)
83LX3pFwXQZ3V9uMbiY/Nij9G,2,"Meirelles, Margareth S. P.",Margareth S. P. Meirelles,Universidade do Estado do Rio de Janeiro (UERJ),Universidade do Estado do Rio de Janeiro (UERJ)
83LX3pFwXQZ3V9uMbiY/Nij9G,3,"Ferraz, Rodrigo P. D.",Rodrigo P. D. Ferraz,Empresa Brasileira de Pesquisa Agropecuária (EMBRAPA),Empresa Brasileira de Pesquisa Agropecuária (EMBRAPA)
83LX3pFwXQZ3V9uMbiY/Nij9G,4,"Ramalho Filho, Antônio",Antônio Ramalho Filho,Empresa Brasileira de Pesquisa Agropecuária (EMBRAPA),Empresa Brasileira de Pesquisa Agropecuária (EMBRAPA)
83LX3pFwXQZ3V9uMbiY/NiagS,1,"Azevedo, Leonardo Guerreiro",Leonardo Guerreiro Azevedo,Universidade Federal do Rio de Janeiro (UFRJ),Universidade Federal do Rio de Janeiro (UFRJ)
83LX3pFwXQZ3V9uMbiY/NiagS,2,"Zimbrăo, Geraldo",Geraldo Zimbrăo,Universidade Federal do Rio de Janeiro (UFRJ),Universidade Federal do Rio de Janeiro (UFRJ)
83LX3pFwXQZ3V9uMbiY/NiagS,3,"Souza, Jano Moreira de",Jano Moreira de Souza,Universidade Federal do Rio de Janeiro (UFRJ),Universidade Federal do Rio de Janeiro (UFRJ)
83LX3pFwXQZ3V9uMbiY/Nib3w,1,"Brauner, Daniela F.",Daniela F. Brauner,Pontifícia Universidade Católica do Rio de Janeiro (PUC-Rio),Pontifícia Universidade Católica do Rio de Janeiro (PUC-Rio)
83LX3pFwXQZ3V9uMbiY/Nib3w,2,"Casanova, Marco A.",Marco A. Casanova,Pontifícia Universidade Católica do Rio de Janeiro (PUC-Rio),Pontifícia Universidade Católica do Rio de Janeiro (PUC-Rio)
83LX3pFwXQZ3V9uMbiY/Nib3w,3,"Milidiú, Ruy L.",Ruy L. Milidiú,Pontifícia Universidade Católica do Rio de Janeiro (PUC-Rio),Pontifícia Universidade Católica do Rio de Janeiro (PUC-Rio)
83LX3pFwXQZ3V9uMbiY/NiaA4,1,"Costa, Sérgio Souza",Sérgio Souza Costa,Instituto Nacional de Pesquisas Espaciais (INPE),Instituto Nacional de Pesquisas Espaciais (INPE)
83LX3pFwXQZ3V9uMbiY/NiaA4,2,"Câmara, Gilberto",Gilberto Câmara,Instituto Nacional de Pesquisas Espaciais (INPE),Instituto Nacional de Pesquisas Espaciais (INPE)
83LX3pFwXQZ3V9uMbiY/NiaA4,3,"Palomo, Danilo",Danilo Palomo,Instituto Nacional de Pesquisas Espaciais (INPE),Instituto Nacional de Pesquisas Espaciais (INPE)
83LX3pFwXQZ3V9uMbiY/NiaNt,1,"Duczmal, Luiz",Luiz Duczmal,Universidade Federal de Minas Gerais (UFMG),Universidade Federal de Minas Gerais (UFMG)
83LX3pFwXQZ3V9uMbiY/NiaNt,2,"Cançado, André L. F.",André L. F. Cançado,Universidade Federal de Minas Gerais (UFMG),Universidade Federal de Minas Gerais (UFMG)
83LX3pFwXQZ3V9uMbiY/NiaNt,3,"Takahashi, Ricardo H. C.",Ricardo H. C. Takahashi,Universidade Federal de Minas Gerais (UFMG),Universidade Federal de Minas Gerais (UFMG)
83LX3pFwXQZ3V9uMbiY/NiboS,1,"Fook, Karla Donato",Karla Donato Fook,Instituto Nacional de Pesquisas Espaciais (INPE),Instituto Nacional de Pesquisas Espaciais (INPE)
83LX3pFwXQZ3V9uMbiY/NiboS,2,"Monteiro, Antônio Miguel Vieira",Antônio Miguel Vieira Monteiro,Instituto Nacional de Pesquisas Espaciais (INPE),Instituto Nacional de Pesquisas Espaciais (INPE)
83LX3pFwXQZ3V9uMbiY/NiboS,3,"Câmara, Gilberto",Gilberto Câmara,Instituto Nacional de Pesquisas Espaciais (INPE),Instituto Nacional de Pesquisas Espaciais (INPE)
83LX3pFwXQZ3V9uMbiY/Niamr,1,"Fornari, Miguel",Miguel Fornari,Universidade Federal do Rio Grande do Sul (UFRGS),Universidade Federal do Rio Grande do Sul (UFRGS)
83LX3pFwXQZ3V9uMbiY/Niamr,2,"Comba, Joăo Luiz Dihl",Joăo Luiz Dihl Comba,Universidade Federal do Rio Grande do Sul (UFRGS),Universidade Federal do Rio Grande do Sul (UFRGS)
83LX3pFwXQZ3V9uMbiY/Niamr,3,"Iochpe, Cirano",Cirano Iochpe,Universidade Federal do Rio Grande do Sul (UFRGS),Universidade Federal do Rio Grande do Sul (UFRGS)
83LX3pFwXQZ3V9uMbiY/NiaRQ,1,"Francisco, Eduardo de Rezende",Eduardo de Rezende Francisco,Fundaçăo Getúlio Vargas (FGV),Fundaçăo Getúlio Vargas (FGV)
83LX3pFwXQZ3V9uMbiY/NiaRQ,2,"Aranha, Francisco",Francisco Aranha,Fundaçăo Getúlio Vargas (FGV),Fundaçăo Getúlio Vargas (FGV)
83LX3pFwXQZ3V9uMbiY/NiaRQ,3,"Zambaldi, Felipe",Felipe Zambaldi,Fundaçăo Getúlio Vargas (FGV),Fundaçăo Getúlio Vargas (FGV)
83LX3pFwXQZ3V9uMbiY/NiaRQ,4,"Goldszmidt, Rafael",Rafael Goldszmidt,Fundaçăo Getúlio Vargas (FGV),Fundaçăo Getúlio Vargas (FGV)
83LX3pFwXQZ3V9uMbiY/Nibrc,1,"Frozza, Angelo Augusto",Angelo Augusto Frozza,Universidade Federal de Santa Catarina (UFSC),Universidade Federal de Santa Catarina (UFSC)
83LX3pFwXQZ3V9uMbiY/Nibrc,2,"Mello, Ronaldo dos Santos",Ronaldo dos Santos Mello,Universidade Federal de Santa Catarina (UFSC),Universidade Federal de Santa Catarina (UFSC)
83LX3pFwXQZ3V9uMbiY/Nibz8,1,"Guidini, Maurício P.",Maurício P. Guidini,Instituto Tecnológico de Aeronáutica (ITA),Instituto Tecnológico de Aeronáutica (ITA)
83LX3pFwXQZ3V9uMbiY/Nibz8,2,"Ribeiro, Carlos H. C.",Carlos H. C. Ribeiro,Instituto Tecnológico de Aeronáutica (ITA),Instituto Tecnológico de Aeronáutica (ITA)
83LX3pFwXQZ3V9uMbiY/NiaFE,1,"Hess, Guillermo Nudelman",Guillermo Nudelman Hess,Universidade Federal do Rio Grande do Sul (UFRGS),Universidade Federal do Rio Grande do Sul (UFRGS)
83LX3pFwXQZ3V9uMbiY/NiaFE,2,"Iochpe, Cirano",Cirano Iochpe,Universidade Federal do Rio Grande do Sul (UFRGS),Universidade Federal do Rio Grande do Sul (UFRGS)
83LX3pFwXQZ3V9uMbiY/NiaFE,3,"Castano, Silvana",Silvana Castano,Procempa - Empresa da Tecnologia da Informaçăo e Comunicaçăo de Porto Alegre,Procempa - Empresa da Tecnologia da Informaçăo e Comunicaçăo de Porto Alegre
83LX3pFwXQZ3V9uMbiY/Nib6T,1,"Leite Júnior, Fábio Luiz",Fábio Luiz Leite Júnior,Universidade Federal de Campina Grande (UFCG),Universidade Federal de Campina Grande (UFCG)
83LX3pFwXQZ3V9uMbiY/Nib6T,2,"Baptista, Cláudio de Souza",Cláudio de Souza Baptista,Universidade Federal de Campina Grande (UFCG),Universidade Federal de Campina Grande (UFCG)
83LX3pFwXQZ3V9uMbiY/Nib6T,3,"Silva, Patrício de Alencar",Patrício de Alencar Silva,Universidade Federal de Campina Grande (UFCG),Universidade Federal de Campina Grande (UFCG)
83LX3pFwXQZ3V9uMbiY/Nib6T,4,"Silva, Elvis Rodrigues da",Elvis Rodrigues da Silva,Universidade Federal de Campina Grande (UFCG),Universidade Federal de Campina Grande (UFCG)
83LX3pFwXQZ3V9uMbiY/Nibkv,1,"Medina, Nelkis de la Orden",Nelkis de la Orden Medina,Cientistas Associados Desenvolvimento Tecnológico Ltda,Cientistas Associados Desenvolvimento Tecnológico Ltda
83LX3pFwXQZ3V9uMbiY/Nibkv,2,"Lapa, Rodrigo",Rodrigo Lapa,Cientistas Associados Desenvolvimento Tecnológico Ltda,Cientistas Associados Desenvolvimento Tecnológico Ltda
83LX3pFwXQZ3V9uMbiY/Nibkv,3,"Nero, Marcelo Antonio",Marcelo Antonio Nero,Cientistas Associados Desenvolvimento Tecnológico Ltda,Cientistas Associados Desenvolvimento Tecnológico Ltda
83LX3pFwXQZ3V9uMbiY/Nibkv,4,"Santos, Ricardo dos",Ricardo dos Santos,Cientistas Associados Desenvolvimento Tecnológico Ltda,Cientistas Associados Desenvolvimento Tecnológico Ltda
83LX3pFwXQZ3V9uMbiY/Nibkv,5,"Valerio Netto, Antonio",Antonio Valerio Netto,Cientistas Associados Desenvolvimento Tecnológico Ltda,Cientistas Associados Desenvolvimento Tecnológico Ltda
83LX3pFwXQZ3V9uMbiY/Nia2d,1,"Mello, Flávio L.",Flávio L. Mello,Centro Tecnológico do Exército,Centro Tecnológico do Exército
83LX3pFwXQZ3V9uMbiY/Nia2d,2,"Silva, Luiz Felipe C. Ferreira da",Luiz Felipe C. Ferreira da Silva,Instituto Militar de Engenharia (IME),Instituto Militar de Engenharia (IME)
83LX3pFwXQZ3V9uMbiY/NiawB,1,"Meyer, Wladimir S.",Wladimir S. Meyer,Universidade Federal do Rio de Janeiro (UFRJ),Universidade Federal do Rio de Janeiro (UFRJ)
83LX3pFwXQZ3V9uMbiY/NiawB,2,"Ramirez, Milton R.",Milton R. Ramirez,Universidade Federal do Rio de Janeiro (UFRJ),Universidade Federal do Rio de Janeiro (UFRJ)
83LX3pFwXQZ3V9uMbiY/NiawB,3,"Souza, Jano Moreira de",Jano Moreira de Souza,Universidade Federal do Rio de Janeiro (UFRJ),Universidade Federal do Rio de Janeiro (UFRJ)
83LX3pFwXQZ3V9uMbiY/Nibh9,1,"Rodrigues, Vinícius Lopes",Vinícius Lopes Rodrigues,Universidade Federal de Viçosa (UFV),Universidade Federal de Viçosa (UFV)
83LX3pFwXQZ3V9uMbiY/Nibh9,2,"Andrade, Marcus Vinícius Alvim",Marcus Vinícius Alvim Andrade,Universidade Federal de Viçosa (UFV),Universidade Federal de Viçosa (UFV)
83LX3pFwXQZ3V9uMbiY/Nibh9,3,"Queiroz, Gilberto Ribeiro de",Gilberto Ribeiro de Queiroz,Instituto Nacional de Pesquisas Espaciais (INPE),Instituto Nacional de Pesquisas Espaciais (INPE)
83LX3pFwXQZ3V9uMbiY/Nibh9,4,"Magalhăes, Mirella Antunes de",Mirella Antunes de Magalhăes,Universidade Federal de Viçosa (UFV),Universidade Federal de Viçosa (UFV)
83LX3pFwXQZ3V9uMbiY/Niabg,1,"Schwarz, Thomas",Thomas Schwarz,Universität Stuttgart,Universität Stuttgart
83LX3pFwXQZ3V9uMbiY/Niabg,2,"Grossmann, Matthias",Matthias Grossmann,Universität Stuttgart,Universität Stuttgart
83LX3pFwXQZ3V9uMbiY/Niabg,3,"Nicklas, Daniela",Daniela Nicklas,Universität Stuttgart,Universität Stuttgart
83LX3pFwXQZ3V9uMbiY/Niabg,4,"Mitschang, Bernhard",Bernhard Mitschang,Universität Stuttgart,Universität Stuttgart
83LX3pFwXQZ3V9uMbiY/Nia6G,1,"Silva, Adler C. G. da",Adler C. G. da Silva,Universidade Estadual de Campinas (UNICAMP),Universidade Estadual de Campinas (UNICAMP)
83LX3pFwXQZ3V9uMbiY/Nia6G,2,"Wu, Shin-Ting",Shin-Ting Wu,Universidade Estadual de Campinas (UNICAMP),Universidade Estadual de Campinas (UNICAMP)
83LX3pFwXQZ3V9uMbiY/NiaHU,1,"Viegas, Renata",Renata Viegas,Universidade Federal do Rio Grande do Norte (UFRN),Universidade Federal do Rio Grande do Norte (UFRN)
83LX3pFwXQZ3V9uMbiY/NiaHU,2,"Soares, Valéria",Valéria Soares,Universidade Federal da Paraíba (UFPB),Universidade Federal da Paraíba (UFPB)
83LX3pFwXQZ3V9uMbiY/LHUjj,1,"Almeida, Damiăo R.",Damiăo R. Almeida,Universidade Federal de Campina Grande (UFCG),Universidade Federal de Campina Grande (UFCG)
83LX3pFwXQZ3V9uMbiY/LHUjj,2,Cláudio S. Baptista,Cláudio S. Baptista,Universidade Federal de Campina Grande (UFCG),Universidade Federal de Campina Grande (UFCG)
83LX3pFwXQZ3V9uMbiY/LHUjj,3,"Silva, Elvis R. da",Elvis R. da Silva,Universidade Federal de Campina Grande (UFCG),Universidade Federal de Campina Grande (UFCG)
83LX3pFwXQZ3V9uMbiY/LHUjj,4,"Campelo, Cláudio E. C.",Cláudio E. C. Campelo,Universidade Federal de Campina Grande (UFCG),Universidade Federal de Campina Grande (UFCG)
83LX3pFwXQZ3V9uMbiY/LHUjj,5,"Nunes, Camilo P.",Camilo P. Nunes,Universidade Federal de Campina Grande (UFCG),Universidade Federal de Campina Grande (UFCG)
83LX3pFwXQZ3V9uMbiY/LHUjj,6,"Costa, Bruno A. D. da",Bruno A. D. da Costa,Universidade Federal de Campina Grande (UFCG),Universidade Federal de Campina Grande (UFCG)
83LX3pFwXQZ3V9uMbiY/LHUjj,7,"Andrade, Wilkerson de L.",Wilkerson de L. Andrade,Universidade Federal de Campina Grande (UFCG),Universidade Federal de Campina Grande (UFCG)
83LX3pFwXQZ3V9uMbiY/LHUjj,8,"Cabral, Jairson M.",Jairson M. Cabral,Universidade Federal de Campina Grande (UFCG),Universidade Federal de Campina Grande (UFCG)
83LX3pFwXQZ3V9uMbiY/LHUuu,1,"Andrade Neto, Pedro Ribeiro de",Pedro Ribeiro de Andrade Neto,Universidade Federal do Paraná (UFPR),Universidade Federal do Paraná (UFPR)
83LX3pFwXQZ3V9uMbiY/LHUuu,2,"Ribeiro Junior, Paulo Justiniano",Paulo Justiniano Ribeiro Junior,Universidade Federal do Paraná (UFPR),Universidade Federal do Paraná (UFPR)
83LX3pFwXQZ3V9uMbiY/LHUKe,1,"Andrade Neto, Pedro Ribeiro de",Pedro Ribeiro de Andrade Neto,Universidade Federal do Paraná (UFPR),Universidade Federal do Paraná (UFPR)
83LX3pFwXQZ3V9uMbiY/LHUKe,2,"Ribeiro Junior, Paulo Justiniano",Paulo Justiniano Ribeiro Junior,Instituto Nacional de Pesquisas Espaciais (INPE),Instituto Nacional de Pesquisas Espaciais (INPE)
83LX3pFwXQZ3V9uMbiY/LHUKe,3,"Fook, Karla Donato",Karla Donato Fook,Centro Federal de Educacaçăo Tecnologica do Maranhăo (CEFET/MA),Centro Federal de Educacaçăo Tecnologica do Maranhăo (CEFET/MA)
83LX3pFwXQZ3V9uMbiY/LHTxE,1,"Bagli, Vantier Veronezi",Vantier Veronezi Bagli,Instituto Nacional de Pesquisas Espaciais (INPE),Instituto Nacional de Pesquisas Espaciais (INPE)
83LX3pFwXQZ3V9uMbiY/LHTxE,2,"Fonseca, Leila M. G.",Leila M. G. Fonseca,Instituto Nacional de Pesquisas Espaciais (INPE),Instituto Nacional de Pesquisas Espaciais (INPE)
83LX3pFwXQZ3V9uMbiY/LHToB,1,"Cordeiro, Joăo Pedro",Joăo Pedro Cordeiro,Instituto Nacional de Pesquisas Espaciais (INPE),Instituto Nacional de Pesquisas Espaciais (INPE)
83LX3pFwXQZ3V9uMbiY/LHToB,2,"Câmara, Gilberto",Gilberto Câmara,Instituto Nacional de Pesquisas Espaciais (INPE),Instituto Nacional de Pesquisas Espaciais (INPE)
83LX3pFwXQZ3V9uMbiY/LHToB,3,"Moura, Ubirajara F.",Ubirajara F. Moura,"Fundaçăo de Cięncia, Aplicaçőes e Tecnologias Espaciais (FUNCATE)","Fundaçăo de Cięncia, Aplicaçőes e Tecnologias Espaciais (FUNCATE)"
83LX3pFwXQZ3V9uMbiY/LHToB,4,"Barbosa, Cláudio C.",Cláudio C. Barbosa,Instituto Nacional de Pesquisas Espaciais (INPE),Instituto Nacional de Pesquisas Espaciais (INPE)
83LX3pFwXQZ3V9uMbiY/LHToB,5,"Almeida, Felipe",Felipe Almeida,Instituto Tecnologico de Aeronáutica (ITA),Instituto Tecnologico de Aeronáutica (ITA)
83LX3pFwXQZ3V9uMbiY/LHS35,1,"Costa, Marcelo A.",Marcelo A. Costa,Universidade Federal de Minas Gerais (UFMG),Universidade Federal de Minas Gerais (UFMG)
83LX3pFwXQZ3V9uMbiY/LHS35,2,"Schrerrer, Luciano R.",Luciano R. Schrerrer,Universidade Federal de Minas Gerais (UFMG),Universidade Federal de Minas Gerais (UFMG)
83LX3pFwXQZ3V9uMbiY/LHS35,3,"Assunçăo, Renato M.",Renato M. Assunçăo,Universidade Federal de Minas Gerais (UFMG),Universidade Federal de Minas Gerais (UFMG)
83LX3pFwXQZ3V9uMbiY/LHT4o,1,"Couto, Leonardo M.",Leonardo M. Couto,,
83LX3pFwXQZ3V9uMbiY/LHT4o,2,"Casanova, Marco A.",Marco A. Casanova,,
83LX3pFwXQZ3V9uMbiY/LHT4o,3,"Schwabe, Daniel",Daniel Schwabe,,
83LX3pFwXQZ3V9uMbiY/LHUQQ,1,"Câmara, Gilberto",Gilberto Câmara,Instituto Nacional de Pesquisas Espaciais (INPE),Instituto Nacional de Pesquisas Espaciais (INPE)
83LX3pFwXQZ3V9uMbiY/LHUQQ,2,"Palomo, Danilo",Danilo Palomo,Instituto Nacional de Pesquisas Espaciais (INPE),Instituto Nacional de Pesquisas Espaciais (INPE)
83LX3pFwXQZ3V9uMbiY/LHUQQ,3,"Souza, Ricardo Cartaxo Modesto de",Ricardo Cartaxo Modesto de Souza,Instituto Nacional de Pesquisas Espaciais (INPE),Instituto Nacional de Pesquisas Espaciais (INPE)
83LX3pFwXQZ3V9uMbiY/LHUQQ,4,"Oliveira, Olga Regina Fradico de",Olga Regina Fradico de Oliveira,Instituto Nacional de Pesquisas Espaciais (INPE),Instituto Nacional de Pesquisas Espaciais (INPE)
83LX3pFwXQZ3V9uMbiY/LHUxR,1,"Davis Junior, Clodoveu A.",Clodoveu A. Davis Junior,Universidade Católica de Minas Gerais,Universidade Católica de Minas Gerais
83LX3pFwXQZ3V9uMbiY/LHUxR,2,"Alves, Leonardo Lacerda",Leonardo Lacerda Alves,Universidade Católica de Minas Gerais,Universidade Católica de Minas Gerais
83LX3pFwXQZ3V9uMbiY/LHUr8,1,"Ferreira, Karine Reis",Karine Reis Ferreira,Instituto Nacional de Pesquisas Espaciais (INPE),Instituto Nacional de Pesquisas Espaciais (INPE)
83LX3pFwXQZ3V9uMbiY/LHUr8,2,"Vinhas, Lúbia",Lúbia Vinhas,Instituto Nacional de Pesquisas Espaciais (INPE),Instituto Nacional de Pesquisas Espaciais (INPE)
83LX3pFwXQZ3V9uMbiY/LHUr8,3,"Queiroz, Gilberto Ribeiro de",Gilberto Ribeiro de Queiroz,Instituto Nacional de Pesquisas Espaciais (INPE),Instituto Nacional de Pesquisas Espaciais (INPE)
83LX3pFwXQZ3V9uMbiY/LHUr8,4,"Souza, Ricardo Cartaxo Modesto de",Ricardo Cartaxo Modesto de Souza,Instituto Nacional de Pesquisas Espaciais (INPE),Instituto Nacional de Pesquisas Espaciais (INPE)
83LX3pFwXQZ3V9uMbiY/LHUr8,5,"Câmara, Gilberto",Gilberto Câmara,Instituto Nacional de Pesquisas Espaciais (INPE),Instituto Nacional de Pesquisas Espaciais (INPE)
83LX3pFwXQZ3V9uMbiY/LHTNp,1,"Gibotti, Fernando Renier",Fernando Renier Gibotti,Instituto Nacional de Pesquisas Espaciais (INPE),Instituto Nacional de Pesquisas Espaciais (INPE)
83LX3pFwXQZ3V9uMbiY/LHTNp,2,"Câmara, Gilberto",Gilberto Câmara,Instituto Nacional de Pesquisas Espaciais (INPE),Instituto Nacional de Pesquisas Espaciais (INPE)
83LX3pFwXQZ3V9uMbiY/LHTNp,3,"Nogueira, Renato Almeida",Renato Almeida Nogueira,Information Systems Program - Mirassol College Mirassol SP,Information Systems Program - Mirassol College Mirassol SP
83LX3pFwXQZ3V9uMbiY/LHSV2,1,"Iochpe, Cirano",Cirano Iochpe,Universidade Federal do Rio Grande do Sul (UFRGS),Universidade Federal do Rio Grande do Sul (UFRGS)
83LX3pFwXQZ3V9uMbiY/LHSV2,2,"Hess, Guillermo N.",Guillermo N. Hess,Universidade Federal do Rio Grande do Sul (UFRGS),Universidade Federal do Rio Grande do Sul (UFRGS)
83LX3pFwXQZ3V9uMbiY/LHSV2,3,"Ruschel, Cláudio",Cláudio Ruschel,Universidade Federal do Rio Grande do Sul (UFRGS),Universidade Federal do Rio Grande do Sul (UFRGS)
83LX3pFwXQZ3V9uMbiY/LHSV2,4,"Binotto, Alécio P. D.",Alécio P. D. Binotto,Universidade Federal do Rio Grande do Sul (UFRGS),Universidade Federal do Rio Grande do Sul (UFRGS)
83LX3pFwXQZ3V9uMbiY/LHSV2,5,"Almeida, Márcia A. S. de",Márcia A. S. de Almeida,Universidade Federal do Rio Grande do Sul (UFRGS),Universidade Federal do Rio Grande do Sul (UFRGS)
83LX3pFwXQZ3V9uMbiY/LHSV2,6,"Rocha, Luciana V. da",Luciana V. da Rocha,Universidade Federal do Rio Grande do Sul (UFRGS),Universidade Federal do Rio Grande do Sul (UFRGS)
83LX3pFwXQZ3V9uMbiY/LHUFM,1,"Krainski, Elias Teixeira",Elias Teixeira Krainski,Universidade Federal do Paraná (UFPR),Universidade Federal do Paraná (UFPR)
83LX3pFwXQZ3V9uMbiY/LHUFM,2,"Ribeiro Júnior, Paulo Justiniano",Paulo Justiniano Ribeiro Júnior,Universidade Federal do Paraná (UFPR),Universidade Federal do Paraná (UFPR)
83LX3pFwXQZ3V9uMbiY/LHUFM,3,"Andrade Neto, Pedro Ribeiro",Pedro Ribeiro Andrade Neto,Universidade Federal do Paraná (UFPR),Universidade Federal do Paraná (UFPR)
83LX3pFwXQZ3V9uMbiY/LHUFM,4,"Bassanezi, Renato Beozzo",Renato Beozzo Bassanezi,Universidade Federal do Paraná (UFPR),Universidade Federal do Paraná (UFPR)
83LX3pFwXQZ3V9uMbiY/LHSQs,1,"Lima, Carlos M. de",Carlos M. de Lima,Universidade Federal do Rio Grande do Norte (UFRN),Universidade Federal do Rio Grande do Norte (UFRN)
83LX3pFwXQZ3V9uMbiY/LHSQs,2,"Gonçalves, Luiz M. G.",Luiz M. G. Gonçalves,Universidade Federal do Rio Grande do Norte (UFRN),Universidade Federal do Rio Grande do Norte (UFRN)
83LX3pFwXQZ3V9uMbiY/LHSQs,3,"Bentes, Cristiana",Cristiana Bentes,Universidade Federal do Rio de Janeiro (UFRJ),Universidade Federal do Rio de Janeiro (UFRJ)
83LX3pFwXQZ3V9uMbiY/LHSQs,4,"Farias, Ricardo",Ricardo Farias,Universidade Federal do Rio de Janeiro (UFRJ),Universidade Federal do Rio de Janeiro (UFRJ)
83LX3pFwXQZ3V9uMbiY/LHum9,1,"Meyer, Wladimir S.",Wladimir S. Meyer,Universidade Federal do Rio de Janeiro (UFRJ),Universidade Federal do Rio de Janeiro (UFRJ)
83LX3pFwXQZ3V9uMbiY/LHum9,2,"Souza, Jano Moreira de",Jano Moreira de Souza,Universidade Federal do Rio de Janeiro (UFRJ),Universidade Federal do Rio de Janeiro (UFRJ)
83LX3pFwXQZ3V9uMbiY/LHum9,3,"Ramirez, Milton Ramos",Milton Ramos Ramirez,Universidade Federal do Rio de Janeiro (UFRJ),Universidade Federal do Rio de Janeiro (UFRJ)
83LX3pFwXQZ3V9uMbiY/LHRRo,1,"Mota, Lia Toledo Moreira",Lia Toledo Moreira Mota,Universidade Estadual de Campinas (UNICAMP),Universidade Estadual de Campinas (UNICAMP)
83LX3pFwXQZ3V9uMbiY/LHRRo,2,"Mota, Alexandre de Assis",Alexandre de Assis Mota,Universidade Estadual de Campinas (UNICAMP),Universidade Estadual de Campinas (UNICAMP)
83LX3pFwXQZ3V9uMbiY/LHRRo,3,"Shin-Ting, Wu",Wu Shin-Ting,Universidade Estadual de Campinas (UNICAMP),Universidade Estadual de Campinas (UNICAMP)
83LX3pFwXQZ3V9uMbiY/LHUUh,1,"Rodrigues, Vinícius Lopes",Vinícius Lopes Rodrigues,Universidade Federal de Viçosa (UFV),Universidade Federal de Viçosa (UFV)
83LX3pFwXQZ3V9uMbiY/LHUUh,2,"Cavalier, Ângelo Sousa",Ângelo Sousa Cavalier,Universidade Federal de Viçosa (UFV),Universidade Federal de Viçosa (UFV)
83LX3pFwXQZ3V9uMbiY/LHUUh,3,"Andrade, Marcus Vinícius Alvim",Marcus Vinícius Alvim Andrade,Universidade Federal de Viçosa (UFV),Universidade Federal de Viçosa (UFV)
83LX3pFwXQZ3V9uMbiY/LHUUh,4,"Queiroz, Gilberto Ribeiro de",Gilberto Ribeiro de Queiroz,Instituto Nacional de Pesquisas Espaciais (INPE),Instituto Nacional de Pesquisas Espaciais (INPE)
83LX3pFwXQZ3V9uMbiY/LHTui,1,"Safar, Maytham",Maytham Safar,Kuwait University,Kuwait University
83LX3pFwXQZ3V9uMbiY/LHTui,2,"Al-Saleh, Ahmad",Ahmad Al-Saleh,Kuwait University,Kuwait University
83LX3pFwXQZ3V9uMbiY/LHTfF,1,"Santos, Joelma Carla",Joelma Carla Santos,Instituto Nacional de Pesquisas Espaciais (INPE),Instituto Nacional de Pesquisas Espaciais (INPE)
83LX3pFwXQZ3V9uMbiY/LHTfF,2,"Oliveira, Joăo Ricardo de F.",Joăo Ricardo de F. Oliveira,Instituto Nacional de Pesquisas Espaciais (INPE),Instituto Nacional de Pesquisas Espaciais (INPE)
83LX3pFwXQZ3V9uMbiY/LHTfF,3,"Dutra, Luciano V.",Luciano V. Dutra,Instituto Nacional de Pesquisas Espaciais (INPE),Instituto Nacional de Pesquisas Espaciais (INPE)
83LX3pFwXQZ3V9uMbiY/LHU82,1,"Santos, Alexandre E. dos",Alexandre E. dos Santos,Universidade Federal de Minas Gerais (UFMG),Universidade Federal de Minas Gerais (UFMG)
83LX3pFwXQZ3V9uMbiY/LHU82,2,"Rodrigues, Alexandre L.",Alexandre L. Rodrigues,Universidade Federal de Minas Gerais (UFMG),Universidade Federal de Minas Gerais (UFMG)
83LX3pFwXQZ3V9uMbiY/LHU82,3,"Lopes, Danilo L.",Danilo L. Lopes,Universidade Federal de Minas Gerais (UFMG),Universidade Federal de Minas Gerais (UFMG)
83LX3pFwXQZ3V9uMbiY/LHTbc,1,"Schimiguel, Juliano",Juliano Schimiguel,Universidade Estadual de Campinas (UNICAMP),Universidade Estadual de Campinas (UNICAMP)
83LX3pFwXQZ3V9uMbiY/LHTbc,2,"Baranauskas, M. Cecília C.",M. Cecília C. Baranauskas,Universidade Estadual de Campinas (UNICAMP),Universidade Estadual de Campinas (UNICAMP)
83LX3pFwXQZ3V9uMbiY/LHTbc,3,"Medeiros, Claudia Bauzer",Claudia Bauzer Medeiros,Universidade Estadual de Campinas (UNICAMP),Universidade Estadual de Campinas (UNICAMP)
83LX3pFwXQZ3V9uMbiY/LHUag,1,"Silva, Adler C. G. da",Adler C. G. da Silva,Universidade Estadual de Campinas (UNICAMP),Universidade Estadual de Campinas (UNICAMP)
83LX3pFwXQZ3V9uMbiY/LHUag,2,"Wu, Shin-Ting",Shin-Ting Wu,Universidade Estadual de Campinas (UNICAMP),Universidade Estadual de Campinas (UNICAMP)
83LX3pFwXQZ3V9uMbiY/LHTj8,1,"Simőes, Taynăna C.",Taynăna C. Simőes,Universidade Federal de Minas Gerais (UFMG),Universidade Federal de Minas Gerais (UFMG)
83LX3pFwXQZ3V9uMbiY/LHTj8,2,"Assunçăo, Renato M.",Renato M. Assunçăo,Universidade Federal de Minas Gerais (UFMG),Universidade Federal de Minas Gerais (UFMG)
83LX3pFwXQZ3V9uMbiY/LHUnF,1,"Sousa, Lirisnei Gomes de",Lirisnei Gomes de Sousa,Universidade Federal do Rio Grande do Norte (UFRN),Universidade Federal do Rio Grande do Norte (UFRN)
83LX3pFwXQZ3V9uMbiY/LHUnF,2,"Leite, Jair C.",Jair C. Leite,Universidade Federal do Rio Grande do Norte (UFRN),Universidade Federal do Rio Grande do Norte (UFRN)
83LX3pFwXQZ3V9uMbiY/LHUMt,1,"Vidal, Vânia",Vânia Vidal,Universidade Federal do Ceará (UFC),Universidade Federal do Ceará (UFC)
83LX3pFwXQZ3V9uMbiY/LHUMt,2,"Lemos, Fernando",Fernando Lemos,Universidade Federal do Ceará (UFC),Universidade Federal do Ceará (UFC)
83LX3pFwXQZ3V9uMbiY/LHUMt,3,"Feitosa, Fábio",Fábio Feitosa,Universidade Federal do Ceará (UFC),Universidade Federal do Ceará (UFC)
83LX3pFwXQZ3V9uMbiY/LHTK3,1,"Yamamoto, Missae",Missae Yamamoto,Instituto Nacional de Pesquisas Espaciais (INPE),Instituto Nacional de Pesquisas Espaciais (INPE)
83LX3pFwXQZ3V9uMbiY/LHTK3,2,"Camara, Gilberto",Gilberto Camara,Instituto Nacional de Pesquisas Espaciais (INPE),Instituto Nacional de Pesquisas Espaciais (INPE)
83LX3pFwXQZ3V9uMbiY/LHTK3,3,"Lorena, Luiz Antonio Nogueira",Luiz Antonio Nogueira Lorena,Instituto Nacional de Pesquisas Espaciais (INPE),Instituto Nacional de Pesquisas Espaciais (INPE)
83LX3pFwXQZ3V9uMbiY/LHS6r,1,"Zhou, Panfeng",Panfeng Zhou,Northeastern University,Northeastern University
83LX3pFwXQZ3V9uMbiY/LHS6r,2,"Gong, Jun",Jun Gong,Northeastern University,Northeastern University
83LX3pFwXQZ3V9uMbiY/MdK47,1,"Aguiar, Marilton S. de",Marilton S. de Aguiar,Universidade Católica de Pelotas (UCPEL),Universidade Católica de Pelotas (UCPEL)
83LX3pFwXQZ3V9uMbiY/MdK47,2,"Dimuro, Gracaliz P.",Gracaliz P. Dimuro,Universidade Católica de Pelotas (UCPEL),Universidade Católica de Pelotas (UCPEL)
83LX3pFwXQZ3V9uMbiY/MdK47,3,"Costa, Antônio C. da R.",Antônio C. da R. Costa,Universidade Católica de Pelotas (UCPEL),Universidade Católica de Pelotas (UCPEL)
83LX3pFwXQZ3V9uMbiY/MdK47,4,"Silva, Rafael K. S.",Rafael K. S. Silva,Universidade Católica de Pelotas (UCPEL),Universidade Católica de Pelotas (UCPEL)
83LX3pFwXQZ3V9uMbiY/MdK47,5,"Costa, Fabia A. da",Fabia A. da Costa,Universidade Católica de Pelotas (UCPEL),Universidade Católica de Pelotas (UCPEL)
83LX3pFwXQZ3V9uMbiY/MdK47,6,"Kreinovich, Vladik",Vladik Kreinovich,"Department of Computer Science, UTEP","Department of Computer Science, UTEP"
83LX3pFwXQZ3V9uMbiY/MdFRL,1,"Aragăo, Paulo",Paulo Aragăo,Universidade Estadual de Campinas (UNICAMP),Universidade Estadual de Campinas (UNICAMP)
83LX3pFwXQZ3V9uMbiY/MdFRL,2,"Medeiros, Cláudia M. Bauzer",Cláudia M. Bauzer Medeiros,Universidade Estadual de Campinas (UNICAMP),Universidade Estadual de Campinas (UNICAMP)
83LX3pFwXQZ3V9uMbiY/MdJMR,1,"Azevedo, Leonardo Guerreiro",Leonardo Guerreiro Azevedo,Universidade Federal do Rio de Janeiro (UFRJ),Universidade Federal do Rio de Janeiro (UFRJ)
83LX3pFwXQZ3V9uMbiY/MdJMR,2,"Monteiro, Rodrigo Salvador",Rodrigo Salvador Monteiro,Universidade Federal do Rio de Janeiro (UFRJ),Universidade Federal do Rio de Janeiro (UFRJ)
83LX3pFwXQZ3V9uMbiY/MdJMR,3,"Zimbrăo, Geraldo",Geraldo Zimbrăo,Universidade Federal do Rio de Janeiro (UFRJ),Universidade Federal do Rio de Janeiro (UFRJ)
83LX3pFwXQZ3V9uMbiY/MdJMR,4,"Souza, Jano Moreira de",Jano Moreira de Souza,Universidade Federal do Rio de Janeiro (UFRJ),Universidade Federal do Rio de Janeiro (UFRJ)
83LX3pFwXQZ3V9uMbiY/MdHbz,1,"Brauner, Daniela F.",Daniela F. Brauner,Pontifícia Universidade Católica do Rio de Janeiro (PUC-Rio),Pontifícia Universidade Católica do Rio de Janeiro (PUC-Rio)
83LX3pFwXQZ3V9uMbiY/MdHbz,2,"Casanova, Marco A.",Marco A. Casanova,Pontifícia Universidade Católica do Rio de Janeiro (PUC-Rio),Pontifícia Universidade Católica do Rio de Janeiro (PUC-Rio)
83LX3pFwXQZ3V9uMbiY/MdHbz,3,"Lucena, Carlos J. P. de",Carlos J. P. de Lucena,Pontifícia Universidade Católica do Rio de Janeiro (PUC-Rio),Pontifícia Universidade Católica do Rio de Janeiro (PUC-Rio)
83LX3pFwXQZ3V9uMbiY/Mc9St,1,"Campos, Jorge",Jorge Campos,Universidade Salvador (Unifacs),Universidade Salvador (Unifacs)
83LX3pFwXQZ3V9uMbiY/Mc9St,2,"Hornsby, Kathleen",Kathleen Hornsby,University of Maine,University of Maine
83LX3pFwXQZ3V9uMbiY/MdFGH,1,"Chelghoum, Nadjim",Nadjim Chelghoum,University of Versailles,University of Versailles
83LX3pFwXQZ3V9uMbiY/MdFGH,2,"Zeitouni, Karine",Karine Zeitouni,University of Versailles,University of Versailles
83LX3pFwXQZ3V9uMbiY/MdHuF,1,"Coelho, Alexandre",Alexandre Coelho,Universidade do Estado do Rio de Janeiro (UERJ),Universidade do Estado do Rio de Janeiro (UERJ)
83LX3pFwXQZ3V9uMbiY/MdHuF,2,"Nascimento, Marcio",Marcio Nascimento,Universidade do Estado do Rio de Janeiro (UERJ),Universidade do Estado do Rio de Janeiro (UERJ)
83LX3pFwXQZ3V9uMbiY/MdHuF,3,"Bentes, Cristiana",Cristiana Bentes,Universidade do Estado do Rio de Janeiro (UERJ),Universidade do Estado do Rio de Janeiro (UERJ)
83LX3pFwXQZ3V9uMbiY/MdHuF,4,"Castro, Maria Clicia Stelling de",Maria Clicia Stelling de Castro,Universidade do Estado do Rio de Janeiro (UERJ),Universidade do Estado do Rio de Janeiro (UERJ)
83LX3pFwXQZ3V9uMbiY/MdHuF,5,"Farias, Ricardo",Ricardo Farias,Universidade Federal do Rio de Janeiro (UFRJ),Universidade Federal do Rio de Janeiro (UFRJ)
83LX3pFwXQZ3V9uMbiY/MdJiz,1,"Daltio, Jaudete",Jaudete Daltio,Universidade Federal de Viçosa (UFV),Universidade Federal de Viçosa (UFV)
83LX3pFwXQZ3V9uMbiY/MdJiz,2,"Andrade, Marcus Vinícius Alvim",Marcus Vinícius Alvim Andrade,Universidade Federal de Viçosa (UFV),Universidade Federal de Viçosa (UFV)
83LX3pFwXQZ3V9uMbiY/MdJiz,3,"Queiroz, Gilberto Ribeiro de",Gilberto Ribeiro de Queiroz,Instituto Nacional de Pesquisas Espaciais (INPE),Instituto Nacional de Pesquisas Espaciais (INPE)
83LX3pFwXQZ3V9uMbiY/Mc9ry,1,"Essid, Mehdi",Mehdi Essid,Université Paul Cézanne Aix-Marseille III,Université Paul Cézanne Aix-Marseille III
83LX3pFwXQZ3V9uMbiY/Mc9ry,2,"Boucelma, Omar",Omar Boucelma,Université Paul Cézanne Aix-Marseille III,Université Paul Cézanne Aix-Marseille III
83LX3pFwXQZ3V9uMbiY/Mc9AB,1,"Feitosa, Flávia F.",Flávia F. Feitosa,Instituto Nacional de Pesquisas Espaciais (INPE),Instituto Nacional de Pesquisas Espaciais (INPE)
83LX3pFwXQZ3V9uMbiY/Mc9AB,2,"Câmara, Gilberto",Gilberto Câmara,Instituto Nacional de Pesquisas Espaciais (INPE),Instituto Nacional de Pesquisas Espaciais (INPE)
83LX3pFwXQZ3V9uMbiY/Mc9AB,3,"Monteiro, Antônio M. V.",Antônio M. V. Monteiro,Instituto Nacional de Pesquisas Espaciais (INPE),Instituto Nacional de Pesquisas Espaciais (INPE)
83LX3pFwXQZ3V9uMbiY/Mc9AB,4,"Koschitzki, Thomas",Thomas Koschitzki,Martin-Luther Universität Halle-Wittenberg. Institut für Geographie.,Martin-Luther Universität Halle-Wittenberg. Institut für Geographie.
83LX3pFwXQZ3V9uMbiY/Mc9AB,5,"Silva, Marcelino P. S.",Marcelino P. S. Silva,Instituto Nacional de Pesquisas Espaciais (INPE),Instituto Nacional de Pesquisas Espaciais (INPE)
83LX3pFwXQZ3V9uMbiY/MdHf2,1,"Hess, Guillermo Nudelman",Guillermo Nudelman Hess,Universidade Federal do Rio Grande do Sul (UFRGS),Universidade Federal do Rio Grande do Sul (UFRGS)
83LX3pFwXQZ3V9uMbiY/MdHf2,2,"Iochpe, Cirano",Cirano Iochpe,Universidade Federal do Rio Grande do Sul (UFRGS),Universidade Federal do Rio Grande do Sul (UFRGS)
83LX3pFwXQZ3V9uMbiY/MdH5T,1,"Iochpe, Cirano",Cirano Iochpe,Universidade Federal do Rio Grande do Sul (UFRGS),Universidade Federal do Rio Grande do Sul (UFRGS)
83LX3pFwXQZ3V9uMbiY/MdH5T,2,"Wagner, Flavio Rech",Flavio Rech Wagner,Universidade Federal do Rio Grande do Sul (UFRGS),Universidade Federal do Rio Grande do Sul (UFRGS)
83LX3pFwXQZ3V9uMbiY/MdH5T,3,"Bastos, André Dias",André Dias Bastos,Universidade Federal do Rio Grande do Sul (UFRGS),Universidade Federal do Rio Grande do Sul (UFRGS)
83LX3pFwXQZ3V9uMbiY/MdH5T,4,"Hess, Guillermo Nudelman",Guillermo Nudelman Hess,Universidade Federal do Rio Grande do Sul (UFRGS),Universidade Federal do Rio Grande do Sul (UFRGS)
83LX3pFwXQZ3V9uMbiY/MdH5T,5,"Almeida, Marcia Aparecida da Silva",Marcia Aparecida da Silva Almeida,Universidade Federal do Rio Grande do Sul (UFRGS),Universidade Federal do Rio Grande do Sul (UFRGS)
83LX3pFwXQZ3V9uMbiY/MdGuu,1,"Kirchner, Kathrin",Kathrin Kirchner,University of Jena,University of Jena
83LX3pFwXQZ3V9uMbiY/MdGuu,2,"Ruhland, Johannes",Johannes Ruhland,University of Jena,University of Jena
83LX3pFwXQZ3V9uMbiY/Mc8yb,1,"Mandolesi, Gustavo Henrique",Gustavo Henrique Mandolesi,CPqD Telecom & IT Solutions,CPqD Telecom & IT Solutions
83LX3pFwXQZ3V9uMbiY/Mc8yb,2,"Tambascia, Cláudia de Andrade",Cláudia de Andrade Tambascia,CPqD Telecom & IT Solutions,CPqD Telecom & IT Solutions
83LX3pFwXQZ3V9uMbiY/Mc8yb,3,"Gatto, Sandro Danilo",Sandro Danilo Gatto,CPqD Telecom & IT Solutions,CPqD Telecom & IT Solutions
83LX3pFwXQZ3V9uMbiY/Mc8yb,4,"Braga, Alexandre Melo",Alexandre Melo Braga,CPqD Telecom & IT Solutions,CPqD Telecom & IT Solutions
83LX3pFwXQZ3V9uMbiY/MdJTx,1,"Manica, Heloise",Heloise Manica,Universidade Federal de Santa Catarina (UFSC),Universidade Federal de Santa Catarina (UFSC)
83LX3pFwXQZ3V9uMbiY/MdJTx,2,"Camargo, Murilo S. de",Murilo S. de Camargo,Universidade de Brasília (UnB),Universidade de Brasília (UnB)
83LX3pFwXQZ3V9uMbiY/MdJTx,3,"Ciferri, Cristina Dutra de Aguiar",Cristina Dutra de Aguiar Ciferri,Universidade Estadual de Maringá (UEM),Universidade Estadual de Maringá (UEM)
83LX3pFwXQZ3V9uMbiY/MdJTx,4,"Ciferri, Ricardo Rodrigues",Ricardo Rodrigues Ciferri,Universidade Estadual de Maringá (UEM),Universidade Estadual de Maringá (UEM)
83LX3pFwXQZ3V9uMbiY/MdHjv,1,"Mathiak, Brigitte",Brigitte Mathiak,Institut für Informationssysteme - TU Braunschweig,Institut für Informationssysteme - TU Braunschweig
83LX3pFwXQZ3V9uMbiY/MdHjv,2,"Kupfer, Andreas",Andreas Kupfer,Institut für Informationssysteme - TU Braunschweig,Institut für Informationssysteme - TU Braunschweig
83LX3pFwXQZ3V9uMbiY/MdHjv,3,"Neumann, Karl",Karl Neumann,Institut für Informationssysteme - TU Braunschweig,Institut für Informationssysteme - TU Braunschweig
83LX3pFwXQZ3V9uMbiY/MdJcT,1,"Mello, Flávio",Flávio Mello,Universidade Federal do Rio de Janeiro (UFRJ),Universidade Federal do Rio de Janeiro (UFRJ)
83LX3pFwXQZ3V9uMbiY/MdJcT,2,"Strauss, Edilberto",Edilberto Strauss,Universidade Federal do Rio de Janeiro (UFRJ),Universidade Federal do Rio de Janeiro (UFRJ)
83LX3pFwXQZ3V9uMbiY/MdJcT,3,"Oliveira, Antônio",Antônio Oliveira,Universidade Federal do Rio de Janeiro (UFRJ),Universidade Federal do Rio de Janeiro (UFRJ)
83LX3pFwXQZ3V9uMbiY/MdJcT,4,"Gesualdi, Aline",Aline Gesualdi,Universidade Federal do Rio de Janeiro (UFRJ),Universidade Federal do Rio de Janeiro (UFRJ)
83LX3pFwXQZ3V9uMbiY/MdJHn,1,"Mendes, Joăo B.",Joăo B. Mendes,Universidade Federal de Viçosa (UFV),Universidade Federal de Viçosa (UFV)
83LX3pFwXQZ3V9uMbiY/MdJHn,2,"Ferreira, Cristiano D.",Cristiano D. Ferreira,Universidade Federal de Viçosa (UFV),Universidade Federal de Viçosa (UFV)
83LX3pFwXQZ3V9uMbiY/MdJHn,3,"Andrade, Marcus V. A.",Marcus V. A. Andrade,Universidade Federal de Viçosa (UFV),Universidade Federal de Viçosa (UFV)
83LX3pFwXQZ3V9uMbiY/Mc9P7,1,"Namikawa, Laércio M.",Laércio M. Namikawa,Instituto Nacional de Pesquisas Espaciais (INPE),Instituto Nacional de Pesquisas Espaciais (INPE)
83LX3pFwXQZ3V9uMbiY/Mc9P7,2,"Renschler, Chris S.",Chris S. Renschler,University at Buffalo,University at Buffalo
83LX3pFwXQZ3V9uMbiY/MdGsf,1,"Nicklas, Daniela",Daniela Nicklas,"Universität Stuttgart, Institute of Parallel and Distributed System","Universität Stuttgart, Institute of Parallel and Distributed System"
83LX3pFwXQZ3V9uMbiY/MdGsf,2,"Hönle, Nicola",Nicola Hönle,Universität Stuttgart,Universität Stuttgart
83LX3pFwXQZ3V9uMbiY/MdGsf,3,"Moltenbrey, Michael",Michael Moltenbrey,Universität Stuttgart,Universität Stuttgart
83LX3pFwXQZ3V9uMbiY/MdGsf,4,"Mitschang, Bernhard",Bernhard Mitschang,Universität Stuttgart,Universität Stuttgart
83LX3pFwXQZ3V9uMbiY/MdHzf,1,"Nóbrega, Eduardo",Eduardo Nóbrega,Universidade Federal de Pernambuco (UFPE),Universidade Federal de Pernambuco (UFPE)
83LX3pFwXQZ3V9uMbiY/MdHzf,2,"Rolim, José Tiago",José Tiago Rolim,Universidade Federal de Pernambuco (UFPE),Universidade Federal de Pernambuco (UFPE)
83LX3pFwXQZ3V9uMbiY/MdHzf,3,"Times, Valéria",Valéria Times,Universidade Federal de Pernambuco (UFPE),Universidade Federal de Pernambuco (UFPE)
83LX3pFwXQZ3V9uMbiY/MdM4u,1,"Pedrosa, Bianca Maria",Bianca Maria Pedrosa,Universidade Metodista de Piracicaba (UNIMEP),Universidade Metodista de Piracicaba (UNIMEP)
83LX3pFwXQZ3V9uMbiY/MdM4u,2,"Camolesi Jr., Luiz",Luiz Camolesi Jr.,Universidade Metodista de Piracicaba (UNIMEP),Universidade Metodista de Piracicaba (UNIMEP)
83LX3pFwXQZ3V9uMbiY/MdM4u,3,"Câmara, Gilberto",Gilberto Câmara,Instituto Nacional de Pesquisas Espaciais (INPE),Instituto Nacional de Pesquisas Espaciais (INPE)
83LX3pFwXQZ3V9uMbiY/MdM4u,4,"Vieira, Marina Teresa Pires",Marina Teresa Pires Vieira,Universidade Metodista de Piracicaba (UNIMEP),Universidade Metodista de Piracicaba (UNIMEP)
83LX3pFwXQZ3V9uMbiY/MdJ7h,1,"Queiroz-Neto, J. P.",J. P. Queiroz-Neto,Centro Federal de Educaçăo Tecnológica do Amazonas (CEFET/AM),Centro Federal de Educaçăo Tecnológica do Amazonas (CEFET/AM)
83LX3pFwXQZ3V9uMbiY/MdJ7h,2,"Campos, M. F. M.",M. F. M. Campos,Universidade Federal de Minas Gerais (UFMG),Universidade Federal de Minas Gerais (UFMG)
83LX3pFwXQZ3V9uMbiY/MdJ7h,3,"Nelson, B. W.",B. W. Nelson,INPA - Instituto Nacional de Pesquisas da Amazônia,INPA - Instituto Nacional de Pesquisas da Amazônia
83LX3pFwXQZ3V9uMbiY/MdJ7h,4,"Pio, J. L. S.",J. L. S. Pio,Universidade Federal do Amazonas (UFA),Universidade Federal do Amazonas (UFA)
83LX3pFwXQZ3V9uMbiY/Mekum,1,"Rocha, Lourena",Lourena Rocha,Instituto Nacional de Matemática Pura e Aplicada (IMPA),Instituto Nacional de Matemática Pura e Aplicada (IMPA)
83LX3pFwXQZ3V9uMbiY/Mekum,2,"Pinheiro, Sérgio",Sérgio Pinheiro,Instituto Nacional de Matemática Pura e Aplicada (IMPA),Instituto Nacional de Matemática Pura e Aplicada (IMPA)
83LX3pFwXQZ3V9uMbiY/Mekum,3,"Vieira, Marcelo B.",Marcelo B. Vieira,Instituto Nacional de Matemática Pura e Aplicada (IMPA),Instituto Nacional de Matemática Pura e Aplicada (IMPA)
83LX3pFwXQZ3V9uMbiY/Mekum,4,"Velho, Luiz",Luiz Velho,Instituto Nacional de Matemática Pura e Aplicada (IMPA),Instituto Nacional de Matemática Pura e Aplicada (IMPA)
83LX3pFwXQZ3V9uMbiY/MdFLa,1,"Rodrigues, Luiz Carlos de Abreu",Luiz Carlos de Abreu Rodrigues,Centro Federal de Educaçăo Tecnológica do Paraná (CEFET/PR),Centro Federal de Educaçăo Tecnológica do Paraná (CEFET/PR)
83LX3pFwXQZ3V9uMbiY/MdFLa,2,"Silva, Hideson Alves da",Hideson Alves da Silva,Centro Federal de Educaçăo Tecnológica do Paraná (CEFET/PR),Centro Federal de Educaçăo Tecnológica do Paraná (CEFET/PR)
83LX3pFwXQZ3V9uMbiY/MekBa,1,"Santanchč, André",André Santanchč,Universidade Estadual de Campinas (UNICAMP),Universidade Estadual de Campinas (UNICAMP)
83LX3pFwXQZ3V9uMbiY/MekBa,2,"Medeiros, Claudia Bauzer",Claudia Bauzer Medeiros,Universidade Estadual de Campinas (UNICAMP),Universidade Estadual de Campinas (UNICAMP)
83LX3pFwXQZ3V9uMbiY/MdGTa,1,"Schimiguel, Juliano",Juliano Schimiguel,Universidade Estadual de Campinas (UNICAMP),Universidade Estadual de Campinas (UNICAMP)
83LX3pFwXQZ3V9uMbiY/MdGTa,2,"Baranauskas, M. Cecília C.",M. Cecília C. Baranauskas,Universidade Estadual de Campinas (UNICAMP),Universidade Estadual de Campinas (UNICAMP)
83LX3pFwXQZ3V9uMbiY/MdGTa,3,"Medeiros, Claudia Bauzer",Claudia Bauzer Medeiros,Universidade Estadual de Campinas (UNICAMP),Universidade Estadual de Campinas (UNICAMP)
83LX3pFwXQZ3V9uMbiY/MdHME,1,"Schuenck, Michael",Michael Schuenck,Universidade Federal do Rio Grande do Norte (UFRN),Universidade Federal do Rio Grande do Norte (UFRN)
83LX3pFwXQZ3V9uMbiY/MdHME,2,"Soares, Valéria Gonçalves",Valéria Gonçalves Soares,Universidade Federal do Rio Grande do Norte (UFRN),Universidade Federal do Rio Grande do Norte (UFRN)
83LX3pFwXQZ3V9uMbiY/Mc9Hq,1,"Silva, Marcos Aurélio Santos da",Marcos Aurélio Santos da Silva,Empresa Brasileira de Pesquisa Agropecuária (EMBRAPA),Empresa Brasileira de Pesquisa Agropecuária (EMBRAPA)
83LX3pFwXQZ3V9uMbiY/Mc9Hq,2,"Monteiro, Antônio Miguel Vieira",Antônio Miguel Vieira Monteiro,Instituto Nacional de Pesquisas Espaciais (INPE),Instituto Nacional de Pesquisas Espaciais (INPE)
83LX3pFwXQZ3V9uMbiY/Mc9Hq,3,"Medeiros, José Simeăo",José Simeăo Medeiros,Instituto Nacional de Pesquisas Espaciais (INPE),Instituto Nacional de Pesquisas Espaciais (INPE)
83LX3pFwXQZ3V9uMbiY/MdHR7,1,"Silva, Grace Kelly de Castro",Grace Kelly de Castro Silva,Centro de Pesquisa e Desenvolvimento em Telecomunicaçőes (CPqD),Centro de Pesquisa e Desenvolvimento em Telecomunicaçőes (CPqD)
83LX3pFwXQZ3V9uMbiY/MdHR7,2,"Pereira, Patrícia Maria",Patrícia Maria Pereira,Centro de Pesquisa e Desenvolvimento em Telecomunicaçőes (CPqD),Centro de Pesquisa e Desenvolvimento em Telecomunicaçőes (CPqD)
83LX3pFwXQZ3V9uMbiY/MdHR7,3,"Magalhăes, Geovane Cayres",Geovane Cayres Magalhăes,Centro de Pesquisa e Desenvolvimento em Telecomunicaçőes (CPqD),Centro de Pesquisa e Desenvolvimento em Telecomunicaçőes (CPqD)
83LX3pFwXQZ3V9uMbiY/Mc4v6,1,"Silva, Joel da",Joel da Silva,Universidade Federal de Pernambuco (UFPE),Universidade Federal de Pernambuco (UFPE)
83LX3pFwXQZ3V9uMbiY/Mc4v6,2,"Times, Valéria C.",Valéria C. Times,Universidade Federal de Pernambuco (UFPE),Universidade Federal de Pernambuco (UFPE)
83LX3pFwXQZ3V9uMbiY/Mc4v6,3,"Fidalgo, Robson",Robson Fidalgo,Universidade Federal de Pernambuco (UFPE),Universidade Federal de Pernambuco (UFPE)
83LX3pFwXQZ3V9uMbiY/Mc4v6,4,"Barros, Roberto",Roberto Barros,Universidade Federal de Pernambuco (UFPE),Universidade Federal de Pernambuco (UFPE)
83LX3pFwXQZ3V9uMbiY/MekpM,1,"Silva, Joel da",Joel da Silva,Universidade Federal de Pernambuco (UFPE),Universidade Federal de Pernambuco (UFPE)
83LX3pFwXQZ3V9uMbiY/MekpM,2,"Times, Valéria C.",Valéria C. Times,Universidade Federal de Pernambuco (UFPE),Universidade Federal de Pernambuco (UFPE)
83LX3pFwXQZ3V9uMbiY/MekpM,3,"Salgado, Ana C.",Ana C. Salgado,Universidade Federal de Pernambuco (UFPE),Universidade Federal de Pernambuco (UFPE)
83LX3pFwXQZ3V9uMbiY/MekpM,4,"Fidalgo, Robson",Robson Fidalgo,Universidade Federal de Pernambuco (UFPE),Universidade Federal de Pernambuco (UFPE)
83LX3pFwXQZ3V9uMbiY/Mekki,1,"Souza, Ligiane A. de",Ligiane A. de Souza,Universidade Federal de Minas Gerais (UFMG),Universidade Federal de Minas Gerais (UFMG)
83LX3pFwXQZ3V9uMbiY/Mekki,2,"Delboni, Tiago M.",Tiago M. Delboni,Universidade Federal de Minas Gerais (UFMG),Universidade Federal de Minas Gerais (UFMG)
83LX3pFwXQZ3V9uMbiY/Mekki,3,"Borges, Karla A. V.",Karla A. V. Borges,Universidade Federal de Minas Gerais (UFMG),Universidade Federal de Minas Gerais (UFMG)
83LX3pFwXQZ3V9uMbiY/Mekki,4,"Davis Junior, Clodoveu A.",Clodoveu A. Davis Junior,Universidade Federal de Minas Gerais (UFMG),Universidade Federal de Minas Gerais (UFMG)
83LX3pFwXQZ3V9uMbiY/Mekki,5,"Laender, Alberto H. F.",Alberto H. F. Laender,Universidade Federal de Minas Gerais (UFMG),Universidade Federal de Minas Gerais (UFMG)
83LX3pFwXQZ3V9uMbiY/Mc8Q3,1,"Vidal, Vânia",Vânia Vidal,Universidade Federal do Ceará (UFC),Universidade Federal do Ceará (UFC)
83LX3pFwXQZ3V9uMbiY/Mc8Q3,2,"Teixeira, Marcel",Marcel Teixeira,Universidade Federal do Ceará (UFC),Universidade Federal do Ceará (UFC)
83LX3pFwXQZ3V9uMbiY/Mc8Q3,3,"Feitosa, Fábio",Fábio Feitosa,Universidade Federal do Ceará (UFC),Universidade Federal do Ceará (UFC)
83LX3pFwXQZ3V9uMbiY/MhU9d,1,"Aguiar, Ana Paula Dutra de",Ana Paula Dutra de Aguiar,Instituto Nacional de Pesquisas Espaciais (INPE),Instituto Nacional de Pesquisas Espaciais (INPE)
83LX3pFwXQZ3V9uMbiY/MhU9d,2,"Câmara, Gilberto",Gilberto Câmara,Instituto Nacional de Pesquisas Espaciais (INPE),Instituto Nacional de Pesquisas Espaciais (INPE)
83LX3pFwXQZ3V9uMbiY/MhU9d,3,"Monteiro, Antônio Miguel Vieira",Antônio Miguel Vieira Monteiro,Instituto Nacional de Pesquisas Espaciais (INPE),Instituto Nacional de Pesquisas Espaciais (INPE)
83LX3pFwXQZ3V9uMbiY/MhU9d,4,"Souza, Ricardo Cartaxo Modesto De",Ricardo Cartaxo Modesto De Souza,Instituto Nacional de Pesquisas Espaciais (INPE),Instituto Nacional de Pesquisas Espaciais (INPE)
83LX3pFwXQZ3V9uMbiY/MhUeP,1,"Assuncăo, Renato M.",Renato M. Assuncăo,Universidade Federal de Minas Gerais (UFMG),Universidade Federal de Minas Gerais (UFMG)
83LX3pFwXQZ3V9uMbiY/MhUeP,2,"Tavares, Andréa Iabrudi",Andréa Iabrudi Tavares,Universidade Federal de Minas Gerais (UFMG),Universidade Federal de Minas Gerais (UFMG)
83LX3pFwXQZ3V9uMbiY/MhUeP,3,"Kulldorff, Martin",Martin Kulldorff,Harvard Medical School,Harvard Medical School
83LX3pFwXQZ3V9uMbiY/MioRd,1,"Borges, Karla A. V.",Karla A. V. Borges,Universidade Federal de Minas Gerais (UFMG),Universidade Federal de Minas Gerais (UFMG)
83LX3pFwXQZ3V9uMbiY/MioRd,2,"Laender, Alberto H. F.",Alberto H. F. Laender,Universidade Federal de Minas Gerais (UFMG),Universidade Federal de Minas Gerais (UFMG)
83LX3pFwXQZ3V9uMbiY/MioRd,3,"Medeiros, Claudia B.",Claudia B. Medeiros,Universidade Estadual de Campinas (UNICAMP),Universidade Estadual de Campinas (UNICAMP)
83LX3pFwXQZ3V9uMbiY/MioRd,4,"Silva, Altigran S. da",Altigran S. da Silva,Universidade Federal do Amazonas (UFA),Universidade Federal do Amazonas (UFA)
83LX3pFwXQZ3V9uMbiY/MindJ,1,"Costa, Marcelo Azevedo",Marcelo Azevedo Costa,Universidade Federal de Minas Gerais (UFMG),Universidade Federal de Minas Gerais (UFMG)
83LX3pFwXQZ3V9uMbiY/MindJ,2,"Assuncăo, Renato Martins",Renato Martins Assuncăo,Universidade Federal de Minas Gerais (UFMG),Universidade Federal de Minas Gerais (UFMG)
83LX3pFwXQZ3V9uMbiY/MimPC,1,"Davis Júnior, Clodoveu Augusto",Clodoveu Augusto Davis Júnior,Empresa de Informática e Informaçăo do Município de Belo Horizonte (PRODABEL],Empresa de Informática e Informaçăo do Município de Belo Horizonte (PRODABEL]
83LX3pFwXQZ3V9uMbiY/MimPC,2,"Fonseca, Frederico Torres",Frederico Torres Fonseca,Pennsylvania State University,Pennsylvania State University
83LX3pFwXQZ3V9uMbiY/MimPC,3,"Borges, Karla Albuquerque de Vasconcelos",Karla Albuquerque de Vasconcelos Borges,Empresa de Informática e Informaçăo do Município de Belo Horizonte (PRODABEL],Empresa de Informática e Informaçăo do Município de Belo Horizonte (PRODABEL]
83LX3pFwXQZ3V9uMbiY/MimMo,1,"Dias, Fábio Meira de Oliveira",Fábio Meira de Oliveira Dias,Grupo de Tecnologia em Computaçăo Gráfica (TeCGraf),Grupo de Tecnologia em Computaçăo Gráfica (TeCGraf)
83LX3pFwXQZ3V9uMbiY/MimMo,2,"Carvalho, Marcelo Tílio Monteiro De",Marcelo Tílio Monteiro De Carvalho,Grupo de Tecnologia em Computaçăo Gráfica (TeCGraf),Grupo de Tecnologia em Computaçăo Gráfica (TeCGraf)
83LX3pFwXQZ3V9uMbiY/Mipec,1,"Ferreira, Karine Reis",Karine Reis Ferreira,Instituto Nacional de Pesquisas Espaciais (INPE),Instituto Nacional de Pesquisas Espaciais (INPE)
83LX3pFwXQZ3V9uMbiY/Mipec,2,"Paiva, Joăo Argemiro Carvalho",Joăo Argemiro Carvalho Paiva,Instituto Nacional de Pesquisas Espaciais (INPE),Instituto Nacional de Pesquisas Espaciais (INPE)
83LX3pFwXQZ3V9uMbiY/Mipec,3,"Câmara, Gilberto",Gilberto Câmara,Instituto Nacional de Pesquisas Espaciais (INPE),Instituto Nacional de Pesquisas Espaciais (INPE)
83LX3pFwXQZ3V9uMbiY/Miphy,1,"Fidalgo, Robson Do Nascimento",Robson Do Nascimento Fidalgo,Universidade Federal de Pernambuco (UFPE),Universidade Federal de Pernambuco (UFPE)
83LX3pFwXQZ3V9uMbiY/Miphy,2,"Silva, Joel da",Joel da Silva,Universidade Federal de Pernambuco (UFPE),Universidade Federal de Pernambuco (UFPE)
83LX3pFwXQZ3V9uMbiY/Miphy,3,"Times, Valéria C.",Valéria C. Times,Universidade Federal de Pernambuco (UFPE),Universidade Federal de Pernambuco (UFPE)
83LX3pFwXQZ3V9uMbiY/Miphy,4,"Souza, Fernando da F. de",Fernando da F. de Souza,Universidade Federal de Pernambuco (UFPE),Universidade Federal de Pernambuco (UFPE)
83LX3pFwXQZ3V9uMbiY/Miphy,5,"Barros, Roberto Souto M. de",Roberto Souto M. de Barros,Universidade Federal de Pernambuco (UFPE),Universidade Federal de Pernambuco (UFPE)
83LX3pFwXQZ3V9uMbiY/Mip9C,1,"Fornari, Miguel Rodrigues",Miguel Rodrigues Fornari,Universidade Federal do Rio Grande do Sul (UFRGS),Universidade Federal do Rio Grande do Sul (UFRGS)
83LX3pFwXQZ3V9uMbiY/Mip9C,2,"Iochpe, Cirano",Cirano Iochpe,Universidade Federal do Rio Grande do Sul (UFRGS),Universidade Federal do Rio Grande do Sul (UFRGS)
83LX3pFwXQZ3V9uMbiY/Min6V,1,"Heredia, Leonardo Rodriguez",Leonardo Rodriguez Heredia,Universidade Federal do Rio Grande do Sul (UFRGS),Universidade Federal do Rio Grande do Sul (UFRGS)
83LX3pFwXQZ3V9uMbiY/Min6V,2,"Iochpe, Cirano",Cirano Iochpe,Universidade Federal do Rio Grande do Sul (UFRGS),Universidade Federal do Rio Grande do Sul (UFRGS)
83LX3pFwXQZ3V9uMbiY/Min6V,3,"Comba, Joăo",Joăo Comba,Universidade Federal do Rio Grande do Sul (UFRGS),Universidade Federal do Rio Grande do Sul (UFRGS)
83LX3pFwXQZ3V9uMbiY/MimRS,1,"Hess, Guillermo Nudelman",Guillermo Nudelman Hess,Universidade Federal do Rio Grande do Sul (UFRGS),Universidade Federal do Rio Grande do Sul (UFRGS)
83LX3pFwXQZ3V9uMbiY/MimRS,2,"Iochpe, Cirano",Cirano Iochpe,Universidade Federal do Rio Grande do Sul (UFRGS),Universidade Federal do Rio Grande do Sul (UFRGS)
83LX3pFwXQZ3V9uMbiY/MhUoS,1,"Kriegel, Hans-Peter",Hans-Peter Kriegel,University of Munich,University of Munich
83LX3pFwXQZ3V9uMbiY/MhUoS,2,"Kunath, Peter",Peter Kunath,University of Munich,University of Munich
83LX3pFwXQZ3V9uMbiY/MhUoS,3,"Pfeifle, Martin",Martin Pfeifle,University of Munich,University of Munich
83LX3pFwXQZ3V9uMbiY/MhUoS,4,"Pötke, Marco",Marco Pötke,AG Software Design & Management,AG Software Design & Management
83LX3pFwXQZ3V9uMbiY/MhUoS,5,"Renz, Matthias",Matthias Renz,University of Munich,University of Munich
83LX3pFwXQZ3V9uMbiY/MhUoS,6,"Strauß, Petra-Maria",Petra-Maria Strauß,University of Munich,University of Munich
83LX3pFwXQZ3V9uMbiY/MhUjo,1,"Kriegel, Hans-Peter",Hans-Peter Kriegel,University of Munich,University of Munich
83LX3pFwXQZ3V9uMbiY/MhUjo,2,"Kunath, Peter",Peter Kunath,University of Munich,University of Munich
83LX3pFwXQZ3V9uMbiY/MhUjo,3,"Pfeifle, Martin",Martin Pfeifle,University of Munich,University of Munich
83LX3pFwXQZ3V9uMbiY/MhUjo,4,"Renz, Matthias",Matthias Renz,University of Munich,University of Munich
83LX3pFwXQZ3V9uMbiY/MhUcz,1,"Lima, Joăo Guilherme de Souza",Joăo Guilherme de Souza Lima,Universidade Estadual de Campinas (UNICAMP),Universidade Estadual de Campinas (UNICAMP)
83LX3pFwXQZ3V9uMbiY/MhUcz,2,"Medeiros, Claudia Bauzer",Claudia Bauzer Medeiros,Universidade Estadual de Campinas (UNICAMP),Universidade Estadual de Campinas (UNICAMP)
83LX3pFwXQZ3V9uMbiY/MhUcz,3,"Assad, Eduardo Delgado",Eduardo Delgado Assad,Empresa Brasileira de Pesquisa Agropecuária (EMBRAPA),Empresa Brasileira de Pesquisa Agropecuária (EMBRAPA)
83LX3pFwXQZ3V9uMbiY/MimK9,1,"Namikawa, Laércio Massaru",Laércio Massaru Namikawa,Instituto Nacional de Pesquisas Espaciais (INPE),Instituto Nacional de Pesquisas Espaciais (INPE)
83LX3pFwXQZ3V9uMbiY/MimK9,2,"Renschler, Chris S.",Chris S. Renschler,University at Buffalo,University at Buffalo
83LX3pFwXQZ3V9uMbiY/MipjN,1,"Oliveira, Juliano Lopes De",Juliano Lopes De Oliveira,Universidade Federal de Goiás (UFG),Universidade Federal de Goiás (UFG)
83LX3pFwXQZ3V9uMbiY/MipjN,2,"Silva, André Constantino Da",André Constantino Da Silva,Universidade Federal de Goiás (UFG),Universidade Federal de Goiás (UFG)
83LX3pFwXQZ3V9uMbiY/MipjN,3,"Hall, Bryon Richard",Bryon Richard Hall,Universidade Federal de Goiás (UFG),Universidade Federal de Goiás (UFG)
83LX3pFwXQZ3V9uMbiY/Min4F,1,"Ruschel, Cláudio",Cláudio Ruschel,Universidade Federal do Rio Grande do Sul (UFRGS),Universidade Federal do Rio Grande do Sul (UFRGS)
83LX3pFwXQZ3V9uMbiY/Min4F,2,"Iochpe, Cirano",Cirano Iochpe,Universidade Federal do Rio Grande do Sul (UFRGS),Universidade Federal do Rio Grande do Sul (UFRGS)
83LX3pFwXQZ3V9uMbiY/Min4F,3,"Lisboa Filho, Jugurta",Jugurta Lisboa Filho,Universidade Federal de Viçosa (UFV),Universidade Federal de Viçosa (UFV)
83LX3pFwXQZ3V9uMbiY/Mipqu,1,"Santos, André Ávila da C.",André Ávila da C. Santos,Universidade Federal de Minas Gerais (UFMG),Universidade Federal de Minas Gerais (UFMG)
83LX3pFwXQZ3V9uMbiY/Mipqu,2,"Assunçăo, Renato M.",Renato M. Assunçăo,Universidade Federal de Minas Gerais (UFMG),Universidade Federal de Minas Gerais (UFMG)
83LX3pFwXQZ3V9uMbiY/MimFG,1,"Shimabukuro, Milton Hirokazu",Milton Hirokazu Shimabukuro,Universidade de Săo Paulo (USP),Universidade de Săo Paulo (USP)
83LX3pFwXQZ3V9uMbiY/MimFG,2,"Branco, Vinícius Marques Alves",Vinícius Marques Alves Branco,Universidade de Săo Paulo (USP),Universidade de Săo Paulo (USP)
83LX3pFwXQZ3V9uMbiY/MimFG,3,"Oliveira, Maria Cristina Ferreira De",Maria Cristina Ferreira De Oliveira,Universidade de Săo Paulo (USP),Universidade de Săo Paulo (USP)
83LX3pFwXQZ3V9uMbiY/MimFG,4,"Flores, Edilson Ferreira",Edilson Ferreira Flores,Universidade Estadual Paulista (UNESP),Universidade Estadual Paulista (UNESP)
83LX3pFwXQZ3V9uMbiY/Min2r,1,"Silva, Edson Ricardo de Andrade",Edson Ricardo de Andrade Silva,Universidade Federal do Cearß (UFC),Universidade Federal do Cearß (UFC)
83LX3pFwXQZ3V9uMbiY/Min2r,2,"Vidal, Creto Augusto",Creto Augusto Vidal,Universidade Federal do Cearß (UFC),Universidade Federal do Cearß (UFC)
83LX3pFwXQZ3V9uMbiY/Min2r,3,"Neto, Joaquim Bento Cavalcante",Joaquim Bento Cavalcante Neto,Universidade Federal do Cearß (UFC),Universidade Federal do Cearß (UFC)
83LX3pFwXQZ3V9uMbiY/MhUig,1,"Souza, Ricardo Cartaxo Modesto De",Ricardo Cartaxo Modesto De Souza,Instituto Nacional de Pesquisas Espaciais (INPE),Instituto Nacional de Pesquisas Espaciais (INPE)
83LX3pFwXQZ3V9uMbiY/MhUig,2,"Câmara, Gilberto",Gilberto Câmara,Instituto Nacional de Pesquisas Espaciais (INPE),Instituto Nacional de Pesquisas Espaciais (INPE)
83LX3pFwXQZ3V9uMbiY/MhUig,3,"Vinhas, Lúbia",Lúbia Vinhas,Instituto Nacional de Pesquisas Espaciais (INPE),Instituto Nacional de Pesquisas Espaciais (INPE)
83LX3pFwXQZ3V9uMbiY/MipaK,1,"Venancio, Lauro Ramos",Lauro Ramos Venancio,Universidade Estadual de Campinas (UNICAMP),Universidade Estadual de Campinas (UNICAMP)
83LX3pFwXQZ3V9uMbiY/MipaK,2,"Fileto, Renato",Renato Fileto,Universidade Estadual de Campinas (UNICAMP),Universidade Estadual de Campinas (UNICAMP)
83LX3pFwXQZ3V9uMbiY/MipaK,3,"Medeiros, Cláudia Bauzer",Cláudia Bauzer Medeiros,Universidade Estadual de Campinas (UNICAMP),Universidade Estadual de Campinas (UNICAMP)
83LX3pFwXQZ3V9uMbiY/Mipn8,1,"Weiss, Gerson Mizuta",Gerson Mizuta Weiss,CPqD Telecom & IT Solutions,CPqD Telecom & IT Solutions
83LX3pFwXQZ3V9uMbiY/Mipn8,2,"Dias, Eliane Zambon Victorelli",Eliane Zambon Victorelli Dias,CPqD Telecom & IT Solutions,CPqD Telecom & IT Solutions
8JMKD3MGP8W/3GTEMJB,1,"Amaral, Silvana",Silvana Amaral,Instituto Nacional de Pesquisas Espaciais (INPE),Instituto Nacional de Pesquisas Espaciais (INPE)
8JMKD3MGP8W/3GTEMJB,2,"Monteiro, Antônio V.",Antônio V. Monteiro,Instituto Nacional de Pesquisas Espaciais (INPE),Instituto Nacional de Pesquisas Espaciais (INPE)
8JMKD3MGP8W/3GTEMJB,3,"Câmera, Gilberto",Gilberto Câmera,Instituto Nacional de Pesquisas Espaciais (INPE),Instituto Nacional de Pesquisas Espaciais (INPE)
8JMKD3MGP8W/3GTEMJB,4,"Quintanilha, José A.",José A. Quintanilha,Escola Politécnica da Universidade de Săo Paulo,Escola Politécnica da Universidade de Săo Paulo
8JMKD3MGP8W/3GTJ8DB,1,"Andrade, Marcus Vinícius A.",Marcus Vinícius A. Andrade,Universidade Federal de Viçosa (UFV),Universidade Federal de Viçosa (UFV)
8JMKD3MGP8W/3GTJ8DB,2,"Barros, Wagner F.",Wagner F. Barros,Universidade Federal de Viçosa (UFV),Universidade Federal de Viçosa (UFV)
8JMKD3MGP8W/3GTJ8DB,3,"Stolfi, Jorge",Jorge Stolfi,Universidade Estadual de Campinas (UNICAMP),Universidade Estadual de Campinas (UNICAMP)
8JMKD3MGP8W/3GTJA62,1,"Bassalo, Gisa Helena Melo",Gisa Helena Melo Bassalo,Universidade Federal do Pará (UFPA),Universidade Federal do Pará (UFPA)
8JMKD3MGP8W/3GTJA62,2,"Ionchpe, Cirano",Cirano Ionchpe,Universidade Federal do Rio Grande do Sul (UFRGS),Universidade Federal do Rio Grande do Sul (UFRGS)
8JMKD3MGP8W/3GTJA62,3,"Bigolin, Nara",Nara Bigolin,Universidade Federal do Rio Grande do Sul (UFRGS),Universidade Federal do Rio Grande do Sul (UFRGS)
8JMKD3MGP8W/3GTJ84E,1,"Baumann, Peter",Peter Baumann,Active Knowledge GmbH,Active Knowledge GmbH
8JMKD3MGP8W/3GTJ84E,2,"Glock, Clemens",Clemens Glock,Active Knowledge GmbH,Active Knowledge GmbH
8JMKD3MGP8W/3GTJ84E,3,"Hofner, Maximilian",Maximilian Hofner,Active Knowledge GmbH,Active Knowledge GmbH
8JMKD3MGP8W/3GTJ84E,4,"Schatz, Walter",Walter Schatz,Active Knowledge GmbH,Active Knowledge GmbH
8JMKD3MGP8W/3GTEM9E,1,"Braga, Luís Paulo Vieira",Luís Paulo Vieira Braga,Universidade Federal do Rio de Janeiro (UFRJ),Universidade Federal do Rio de Janeiro (UFRJ)
8JMKD3MGP8W/3GTEM9E,2,"Almeida, Cássio Freitas Pereira de",Cássio Freitas Pereira de Almeida,Instituto Brasileiro de Geografia e Estatística (IBGE),Instituto Brasileiro de Geografia e Estatística (IBGE)
8JMKD3MGP8W/3GTEM9E,3,"Bettini, Claudio",Claudio Bettini,Universidade Federal do Rio de Janeiro (UFRJ),Universidade Federal do Rio de Janeiro (UFRJ)
8JMKD3MGP8W/3GTEHQ5,1,"Burlamaqui, Claudia Sadeck",Claudia Sadeck Burlamaqui,Universidade de SŃo Paulo (USP),Universidade de SŃo Paulo (USP)
8JMKD3MGP8W/3GTEHQ5,2,"Cheng, Liang-Yee",Liang-Yee Cheng,Universidade de SŃo Paulo (USP),Universidade de SŃo Paulo (USP)
8JMKD3MGP8W/3GTEJES,1,"Cassanova, Marco Antônio",Marco Antônio Cassanova,Pontifícia Universidade Católica do Rio de Janeiro (PUC-Rio),Pontifícia Universidade Católica do Rio de Janeiro (PUC-Rio)
8JMKD3MGP8W/3GTEJES,2,"Coelho, Tatiana Almeida Souza",Tatiana Almeida Souza Coelho,Pontifícia Universidade Católica do Rio de Janeiro (PUC-Rio),Pontifícia Universidade Católica do Rio de Janeiro (PUC-Rio)
8JMKD3MGP8W/3GTEJES,3,"Carvalho, Marcelo Tílio Monteiro de",Marcelo Tílio Monteiro de Carvalho,Grupo de Tecnologia em Computaçăo Gráfica (TeCGraf),Grupo de Tecnologia em Computaçăo Gráfica (TeCGraf)
8JMKD3MGP8W/3GTEJES,4,"Corseuil, Eduardo Thadeu Leite",Eduardo Thadeu Leite Corseuil,Grupo de Tecnologia em Computaçăo Gráfica (TeCGraf),Grupo de Tecnologia em Computaçăo Gráfica (TeCGraf)
8JMKD3MGP8W/3GTEJES,5,"Nóbrega, Hérica",Hérica Nóbrega,Grupo de Tecnologia em Computaçăo Gráfica (TeCGraf),Grupo de Tecnologia em Computaçăo Gráfica (TeCGraf)
8JMKD3MGP8W/3GTEJES,6,"Dias, Fábio Meira",Fábio Meira Dias,Grupo de Tecnologia em Computaçăo Gráfica (TeCGraf),Grupo de Tecnologia em Computaçăo Gráfica (TeCGraf)
8JMKD3MGP8W/3GTEJES,7,"Levy, Carlos Henrique",Carlos Henrique Levy,Grupo de Tecnologia em Computaçăo Gráfica (TeCGraf),Grupo de Tecnologia em Computaçăo Gráfica (TeCGraf)
8JMKD3MGP8W/3GTEJ3P,1,"Granero, Juliano Chaves",Juliano Chaves Granero,Universidade Católica de Pelotas (UCPEL),Universidade Católica de Pelotas (UCPEL)
8JMKD3MGP8W/3GTEJ3P,2,"Plidori, Maurício Couto",Maurício Couto Plidori,Universidade Federal de Pelotas (UFPEL),Universidade Federal de Pelotas (UFPEL)
8JMKD3MGP8W/3GTJAAE,1,"Lima, Paulo",Paulo Lima,Instituto Nacional de Pesquisas Espaciais (INPE),Instituto Nacional de Pesquisas Espaciais (INPE)
8JMKD3MGP8W/3GTJAAE,2,"Câmara, Gilberto",Gilberto Câmara,Instituto Nacional de Pesquisas Espaciais (INPE),Instituto Nacional de Pesquisas Espaciais (INPE)
8JMKD3MGP8W/3GTJAAE,3,"Queiroz, Gilberto",Gilberto Queiroz,Instituto Nacional de Pesquisas Espaciais (INPE),Instituto Nacional de Pesquisas Espaciais (INPE)
8JMKD3MGP8W/3GTJAES,1,"Lisboa Filho, Jugurta",Jugurta Lisboa Filho,Universidade Federal de Viçosa (UFV),Universidade Federal de Viçosa (UFV)
8JMKD3MGP8W/3GTJAES,2,"Pereira, Marconi de Arruda",Marconi de Arruda Pereira,Universidade Federal de Viçosa (UFV),Universidade Federal de Viçosa (UFV)
8JMKD3MGP8W/3GTEK3E,1,"Lopes, Expedito Carlos",Expedito Carlos Lopes,Universidade Católica do Salvador (UCSAL),Universidade Católica do Salvador (UCSAL)
8JMKD3MGP8W/3GTEK3E,2,"Schiel, Ulrich",Ulrich Schiel,Universidade Federal de Campina Grande (UFCG),Universidade Federal de Campina Grande (UFCG)
8JMKD3MGP8W/3GTEMT8,1,"Mendes, Tatiana Sussel Gonsalves",Tatiana Sussel Gonsalves Mendes,Universidade Estadual Paulista (UNESP),Universidade Estadual Paulista (UNESP)
8JMKD3MGP8W/3GTEMT8,2,"Poz, Aluir Porfirio Dal",Aluir Porfirio Dal Poz,Universidade Estadual Paulista (UNESP),Universidade Estadual Paulista (UNESP)
8JMKD3MGP8W/3GTJBEH,1,"Miranda, Rodrigo A. Vilar",Rodrigo A. Vilar Miranda,Universidade Federal de Campina Grande (UFCG),Universidade Federal de Campina Grande (UFCG)
8JMKD3MGP8W/3GTJBEH,2,"Paulista, Cláudio S.",Cláudio S. Paulista,Universidade Federal de Campina Grande (UFCG),Universidade Federal de Campina Grande (UFCG)
8JMKD3MGP8W/3GTJBEH,3,"Almeida, Rodrigo R.",Rodrigo R. Almeida,Universidade Federal de Campina Grande (UFCG),Universidade Federal de Campina Grande (UFCG)
8JMKD3MGP8W/3GTJBEH,4,"Catăo, Bruto",Bruto Catăo,Universidade Federal de Campina Grande (UFCG),Universidade Federal de Campina Grande (UFCG)
8JMKD3MGP8W/3GTJBEH,5,"Pazinatto, Eder",Eder Pazinatto,Universidade Federal de Campina Grande (UFCG),Universidade Federal de Campina Grande (UFCG)
8JMKD3MGP8W/3GTJ9AP,1,"Neves, Marcos Corręa",Marcos Corręa Neves,Empresa Brasileira de Pesquisa Agropecuária (EMBRAPA),Empresa Brasileira de Pesquisa Agropecuária (EMBRAPA)
8JMKD3MGP8W/3GTJ9AP,2,"Câmara, Gilberto",Gilberto Câmara,Instituto Nacional de Pesquisas Espaciais (INPE),Instituto Nacional de Pesquisas Espaciais (INPE)
8JMKD3MGP8W/3GTJ9AP,3,"Assunçăo, Renato M.",Renato M. Assunçăo,Universidade Federal de Minas Gerais (UFMG),Universidade Federal de Minas Gerais (UFMG)
8JMKD3MGP8W/3GTJ9AP,4,"Freitas, Corina da Costa",Corina da Costa Freitas,Instituto Nacional de Pesquisas Espaciais (INPE),Instituto Nacional de Pesquisas Espaciais (INPE)
8JMKD3MGP8W/3GTELGE,1,"Pazinatto, Eder",Eder Pazinatto,Universidade Federal de Campina Grande (UFCG),Universidade Federal de Campina Grande (UFCG)
8JMKD3MGP8W/3GTELGE,2,"Baptista, Cláudio de Souza",Cláudio de Souza Baptista,Universidade Federal de Campina Grande (UFCG),Universidade Federal de Campina Grande (UFCG)
8JMKD3MGP8W/3GTELGE,3,"Miranda, Rodrigo A. V.",Rodrigo A. V. Miranda,Universidade Federal de Campina Grande (UFCG),Universidade Federal de Campina Grande (UFCG)
8JMKD3MGP8W/3GTJ9SB,1,"Pedrosa, Bianca",Bianca Pedrosa,Instituto Nacional de Pesquisas Espaciais (INPE),Instituto Nacional de Pesquisas Espaciais (INPE)
8JMKD3MGP8W/3GTJ9SB,2,"Câmara, Gilberto",Gilberto Câmara,Instituto Nacional de Pesquisas Espaciais (INPE),Instituto Nacional de Pesquisas Espaciais (INPE)
8JMKD3MGP8W/3GTJ9SB,3,"Fonseca, Frederico",Frederico Fonseca,School of Information Sciences and Technology,School of Information Sciences and Technology
8JMKD3MGP8W/3GTJ9SB,4,"Carneiro, Tiago",Tiago Carneiro,Instituto Nacional de Pesquisas Espaciais (INPE),Instituto Nacional de Pesquisas Espaciais (INPE)
8JMKD3MGP8W/3GTJ9SB,5,"Souza, Ricardo Cartaxo Modesto de",Ricardo Cartaxo Modesto de Souza,Instituto Nacional de Pesquisas Espaciais (INPE),Instituto Nacional de Pesquisas Espaciais (INPE)
8JMKD3MGP8W/3GTEHF8,1,"Pierre, Gustavo Moreira",Gustavo Moreira Pierre,Marinha do Brasil,Marinha do Brasil
8JMKD3MGP8W/3GTEHF8,2,"Gattas, Marcelo",Marcelo Gattas,PontifÝcia Universidade Catˇlica do Rio de Janeiro (PUC-Rio),PontifÝcia Universidade Catˇlica do Rio de Janeiro (PUC-Rio)
8JMKD3MGP8W/3GTEHF8,3,"Seixas, Roberto de Beauclair",Roberto de Beauclair Seixas,Instituto de Matemßtica Pura e Aplicada (IMPA),Instituto de Matemßtica Pura e Aplicada (IMPA)
8JMKD3MGP8W/3GTELRB,1,"Vaz, Wesley",Wesley Vaz,Universidade Estadual de Campinas (UNICAMP),Universidade Estadual de Campinas (UNICAMP)
8JMKD3MGP8W/3GTELRB,2,"Magalhőes, Geovane Cayres",Geovane Cayres Magalhőes,Universidade Estadual de Campinas (UNICAMP),Universidade Estadual de Campinas (UNICAMP)
8JMKD3MGP8W/3GTJ9KL,1,"Vinhas, Lúbia",Lúbia Vinhas,Instituto Nacional de Pesquisas Espaciais (INPE),Instituto Nacional de Pesquisas Espaciais (INPE)
8JMKD3MGP8W/3GTJ9KL,2,"Queiroz, Gilberto Ribeiro",Gilberto Ribeiro Queiroz,Instituto Nacional de Pesquisas Espaciais (INPE),Instituto Nacional de Pesquisas Espaciais (INPE)
8JMKD3MGP8W/3GTJ9KL,3,"Ferreira, Karine Reis",Karine Reis Ferreira,Instituto Nacional de Pesquisas Espaciais (INPE),Instituto Nacional de Pesquisas Espaciais (INPE)
8JMKD3MGP8W/3GTJ9KL,4,"Câmara, Gilberto",Gilberto Câmara,Instituto Nacional de Pesquisas Espaciais (INPE),Instituto Nacional de Pesquisas Espaciais (INPE)
8JMKD3MGP8W/3GTEJMH,1,"Yi, Bei",Bei Yi,Universidade Estadual de Campinas (UNICAMP),Universidade Estadual de Campinas (UNICAMP)
8JMKD3MGP8W/3GTEJMH,2,"Medeiros, Cláudia Bauzer",Cláudia Bauzer Medeiros,Universidade Estadual de Campinas (UNICAMP),Universidade Estadual de Campinas (UNICAMP)
8JMKD3MGP8W/3GQ6TMP,1,"Aguiar, Marilton Sanchotene de",Marilton Sanchotene de Aguiar,Universidade Federal do Rio Grande do Sul (UFRGS),Universidade Federal do Rio Grande do Sul (UFRGS)
8JMKD3MGP8W/3GQ6TMP,2,"Costa, Antônio Carlos da Rocha",Antônio Carlos da Rocha Costa,Universidade Católica de Pelotas (UCPEL),Universidade Católica de Pelotas (UCPEL)
8JMKD3MGP8W/3GQ6NA5,1,"Almeida, Cassio F. P. de",Cassio F. P. de Almeida,Escola Nacional de Cięncias Estatísticas (ENCE),Escola Nacional de Cięncias Estatísticas (ENCE)
8JMKD3MGP8W/3GQ6NA5,2,"Braga, Luiz Paulo Vieira",Luiz Paulo Vieira Braga,Universidade Federal do Rio de Janeiro (UFRJ),Universidade Federal do Rio de Janeiro (UFRJ)
8JMKD3MGP8W/3GQ6NA5,3,"Bettini, Claudio",Claudio Bettini,Universidade Federal do Rio de Janeiro (UFRJ),Universidade Federal do Rio de Janeiro (UFRJ)
8JMKD3MGP8W/3GQ75SP,1,"Amorim, Marcelo Dantas",Marcelo Dantas Amorim,Instituto Militar de Engenharia (IME),Instituto Militar de Engenharia (IME)
8JMKD3MGP8W/3GQ75SP,2,"Silva, Luiz Felipe Coutinho Ferreira da",Luiz Felipe Coutinho Ferreira da Silva,Instituto Militar de Engenharia (IME),Instituto Militar de Engenharia (IME)
8JMKD3MGP8W/3GQ75SP,3,"Strauch, Julia Mercedes",Julia Mercedes Strauch,Empresa Brasileira de Pesquisa Agropecuária (EMBRAPA),Empresa Brasileira de Pesquisa Agropecuária (EMBRAPA)
8JMKD3MGP8W/3GQ6PC2,1,"Araujo, Pedro Henrique de Moura",Pedro Henrique de Moura Araujo,Universidade Católica de Brasília (UCB),Universidade Católica de Brasília (UCB)
8JMKD3MGP8W/3GQ6PC2,2,"Nehme, Cláudio Chauke",Cláudio Chauke Nehme,Universidade Católica de Brasília (UCB),Universidade Católica de Brasília (UCB)
8JMKD3MGP8W/3GQ6P35,1,"Carvalho, Marcelo Tílio Monteiro de",Marcelo Tílio Monteiro de Carvalho,Grupo de Tecnologia em Computaçăo Gráfica (TeCGraf),Grupo de Tecnologia em Computaçăo Gráfica (TeCGraf)
8JMKD3MGP8W/3GQ6P35,2,"Freire, Juliana",Juliana Freire,Grupo de Tecnologia em Computaçăo Gráfica (TeCGraf),Grupo de Tecnologia em Computaçăo Gráfica (TeCGraf)
8JMKD3MGP8W/3GQ6P35,3,"Casanova, Marco Antonio",Marco Antonio Casanova,Pontifícia Universidade Católica do Rio de Janeiro (PUC-Rio),Pontifícia Universidade Católica do Rio de Janeiro (PUC-Rio)
8JMKD3MGP8W/3GQ6TCS,1,"Ciferri, Ricardo Rodrigues",Ricardo Rodrigues Ciferri,Universidade Estadual de Maringá (UEM),Universidade Estadual de Maringá (UEM)
8JMKD3MGP8W/3GQ6TCS,2,"Salgado, Ana Carolina",Ana Carolina Salgado,Universidade Federal de Pernambuco (UFPE),Universidade Federal de Pernambuco (UFPE)
8JMKD3MGP8W/3GQ6URS,1,"Cāmara, Gilberto",Gilberto Cāmara,Instituto Nacional de Pesquisas Espaciais (INPE),Instituto Nacional de Pesquisas Espaciais (INPE)
8JMKD3MGP8W/3GQ6URS,2,"Vinhas, Lśbia",Lśbia Vinhas,Instituto Nacional de Pesquisas Espaciais (INPE),Instituto Nacional de Pesquisas Espaciais (INPE)
8JMKD3MGP8W/3GQ6URS,3,"Souza, Ricardo Cartaxo Modesto de",Ricardo Cartaxo Modesto de Souza,Instituto Nacional de Pesquisas Espaciais (INPE),Instituto Nacional de Pesquisas Espaciais (INPE)
8JMKD3MGP8W/3GQ6URS,4,"Paiva, Joćo Argemiro",Joćo Argemiro Paiva,Instituto Nacional de Pesquisas Espaciais (INPE),Instituto Nacional de Pesquisas Espaciais (INPE)
8JMKD3MGP8W/3GQ6URS,5,"Monteiro, Antōnio Miguel Vieira",Antōnio Miguel Vieira Monteiro,Instituto Nacional de Pesquisas Espaciais (INPE),Instituto Nacional de Pesquisas Espaciais (INPE)
8JMKD3MGP8W/3GQ6URS,6,"Carvalho, Marcelo Tilio de",Marcelo Tilio de Carvalho,Computer Graphics Group (TECGRAF),Computer Graphics Group (TECGRAF)
8JMKD3MGP8W/3GQ6URS,7,"Raoult, Baudouin",Baudouin Raoult,European Centre for Medium-Range Weather Forecasts,European Centre for Medium-Range Weather Forecasts
8JMKD3MGP8W/3GQ6SSH,1,"Davis Júnior, Clodoveu Augusto",Clodoveu Augusto Davis Júnior,Empresa de Informática e Informaçăo do Município de Belo Horizonte (PRODABEL),Empresa de Informática e Informaçăo do Município de Belo Horizonte (PRODABEL)
8JMKD3MGP8W/3GQ6SSH,2,"Borges, Karla Albuquerque Vasconcelos",Karla Albuquerque Vasconcelos Borges,Empresa de Informática e Informaçăo do Município de Belo Horizonte (PRODABEL),Empresa de Informática e Informaçăo do Município de Belo Horizonte (PRODABEL)
8JMKD3MGP8W/3GQ6SSH,3,"Laender, Alberto Henrique Frade",Alberto Henrique Frade Laender,Universidade Federal de Minas Gerais (UFMG),Universidade Federal de Minas Gerais (UFMG)
8JMKD3MGP8W/3GQ73P2,1,"Dornelles, Liane Maria Azevedo",Liane Maria Azevedo Dornelles,Universidade Estadual do Rio de Janeiro (UERJ),Universidade Estadual do Rio de Janeiro (UERJ)
8JMKD3MGP8W/3GQ73P2,2,"Calache, Suzanna Carreiro",Suzanna Carreiro Calache,Universidade Estadual do Rio de Janeiro (UERJ),Universidade Estadual do Rio de Janeiro (UERJ)
8JMKD3MGP8W/3GQ73P2,3,"Dias, Anna Eliza Svartman",Anna Eliza Svartman Dias,Universidade Estadual do Rio de Janeiro (UERJ),Universidade Estadual do Rio de Janeiro (UERJ)
8JMKD3MGP8W/3GQ73P2,4,"Mendonça, Bárbara Santana",Bárbara Santana Mendonça,Universidade Estadual do Rio de Janeiro (UERJ),Universidade Estadual do Rio de Janeiro (UERJ)
8JMKD3MGP8W/3GQ73P2,5,"Cristello, Karla de Almeida",Karla de Almeida Cristello,Universidade Estadual do Rio de Janeiro (UERJ),Universidade Estadual do Rio de Janeiro (UERJ)
8JMKD3MGP8W/3GQ73P2,6,"Barros, Cristiano de Lima Maciel",Cristiano de Lima Maciel Barros,Universidade Estadual do Rio de Janeiro (UERJ),Universidade Estadual do Rio de Janeiro (UERJ)
8JMKD3MGP8W/3GQ74T5,1,"Fidalgo, Robson do Nascimento",Robson do Nascimento Fidalgo,Universidade Federal de Pernambuco (UFPE),Universidade Federal de Pernambuco (UFPE)
8JMKD3MGP8W/3GQ74T5,2,"Times, Valéria Cesário",Valéria Cesário Times,Universidade Federal de Pernambuco (UFPE),Universidade Federal de Pernambuco (UFPE)
8JMKD3MGP8W/3GQ74T5,3,"Souza, Fernando da Fonseca de",Fernando da Fonseca de Souza,Universidade Federal de Pernambuco (UFPE),Universidade Federal de Pernambuco (UFPE)
8JMKD3MGP8W/3GQ75FL,1,"Lima, Paulo",Paulo Lima,Instituto Nacional de Pesquisas Espaciais (INPE),Instituto Nacional de Pesquisas Espaciais (INPE)
8JMKD3MGP8W/3GQ75FL,2,"Cāmera, Gilberto",Gilberto Cāmera,Instituto Nacional de Pesquisas Espaciais (INPE),Instituto Nacional de Pesquisas Espaciais (INPE)
8JMKD3MGP8W/3GQ75FL,3,"Paiva, Joćo Argemiro",Joćo Argemiro Paiva,Instituto Nacional de Pesquisas Espaciais (INPE),Instituto Nacional de Pesquisas Espaciais (INPE)
8JMKD3MGP8W/3GQ75FL,4,"Monteiro, Antōnio Miguel Vieira",Antōnio Miguel Vieira Monteiro,Instituto Nacional de Pesquisas Espaciais (INPE),Instituto Nacional de Pesquisas Espaciais (INPE)
8JMKD3MGP8W/3GQ6T68,1,"Rafaeli Neto, Sílvio Luís",Sílvio Luís Rafaeli Neto,Universidade do Estado de Santa Catarina (UDESC),Universidade do Estado de Santa Catarina (UDESC)
8JMKD3MGP8W/3GQ6T68,2,"Rodrigues, Marcos",Marcos Rodrigues,Universidade de Săo Paulo (USP),Universidade de Săo Paulo (USP)
8JMKD3MGP8W/3GQ6Q52,1,"Ramirez, Milton Ramos",Milton Ramos Ramirez,Universidade Federal do Rio de Janeiro (UFRJ),Universidade Federal do Rio de Janeiro (UFRJ)
8JMKD3MGP8W/3GQ6Q52,2,"Souza, Jano Moreira de",Jano Moreira de Souza,Universidade Federal do Rio de Janeiro (UFRJ),Universidade Federal do Rio de Janeiro (UFRJ)
8JMKD3MGP8W/3GQ6PRB,1,"Rocha, Luciana Vargas da",Luciana Vargas da Rocha,Universidade Federal do Rio Grande do Sul (UFRGS),Universidade Federal do Rio Grande do Sul (UFRGS)
8JMKD3MGP8W/3GQ6PRB,2,"Edelweiss, Nina",Nina Edelweiss,Universidade Federal do Rio Grande do Sul (UFRGS),Universidade Federal do Rio Grande do Sul (UFRGS)
8JMKD3MGP8W/3GQ7592,1,"Rosim, Sergio",Sergio Rosim,Instituto Nacional de Pesquisas Espaciais (INPE),Instituto Nacional de Pesquisas Espaciais (INPE)
8JMKD3MGP8W/3GQ7592,2,"Pellegrino, Sergio Roberto Martiello",Sergio Roberto Martiello Pellegrino,Instituto Tecnológico de Aeronįutica (ITA),Instituto Tecnológico de Aeronįutica (ITA)
8JMKD3MGP8W/3GQ6SD8,1,"Seixas, Roberto de Beauclair",Roberto de Beauclair Seixas,Instituto de Matemática Pura e Aplicada (IMPA),Instituto de Matemática Pura e Aplicada (IMPA)
8JMKD3MGP8W/3GQ6SD8,2,"Figueiredo, Luiz Henrique de",Luiz Henrique de Figueiredo,Instituto de Matemática Pura e Aplicada (IMPA),Instituto de Matemática Pura e Aplicada (IMPA)
8JMKD3MGP8W/3GQ6SD8,3,"Silva, Claudio Antonio da",Claudio Antonio da Silva,,
8JMKD3MGP8W/3GQ766E,1,"Valencia, Luiz Iván Ortiz",Luiz Iván Ortiz Valencia,Universidade Federal do Rio de Janeiro (UFRJ),Universidade Federal do Rio de Janeiro (UFRJ)
8JMKD3MGP8W/3GQ766E,2,"Meirelles, Margareth Simőes",Margareth Simőes Meirelles,Universidade Estadual do Rio de Janeiro (UERJ),Universidade Estadual do Rio de Janeiro (UERJ)
8JMKD3MGP8W/3GQ766E,3,"Fuks, Suzana Druck",Suzana Druck Fuks,Empresa Brasileira de Pesquisa Agropecuária (EMBRAPA),Empresa Brasileira de Pesquisa Agropecuária (EMBRAPA)
83LX3pFwXQZ4BFjAq/mEoqM,1,"Ciferri, Ricardo Rodrigues",Ricardo Rodrigues Ciferri,Universidade Estadual de Maringá (UEM),Universidade Estadual de Maringá (UEM)
83LX3pFwXQZ4BFjAq/mEoqM,2,"Salgado, Ana Carolina",Ana Carolina Salgado,Universidade Federal de Pernambuco (UFPE),Universidade Federal de Pernambuco (UFPE)
83LX3pFwXQZ4BFjAq/mENBs,1,"CŌmara, Gilberto",Gilberto CŌmara,Instituto Nacional de Pesquisas Espaciais (INPE),Instituto Nacional de Pesquisas Espaciais (INPE)
83LX3pFwXQZ4BFjAq/mENBs,2,"Monteiro, Ant¶nio Miguel Vieira",Ant¶nio Miguel Vieira Monteiro,Instituto Nacional de Pesquisas Espaciais (INPE),Instituto Nacional de Pesquisas Espaciais (INPE)
83LX3pFwXQZ4BFjAq/mENBs,3,"Paiva, JoŃo Argemiro",JoŃo Argemiro Paiva,Instituto Nacional de Pesquisas Espaciais (INPE),Instituto Nacional de Pesquisas Espaciais (INPE)
83LX3pFwXQZ4BFjAq/mENBs,4,"Gomes, Jonas",Jonas Gomes,Instituto de Matemßtica Pura e Aplicada (IMPA),Instituto de Matemßtica Pura e Aplicada (IMPA)
83LX3pFwXQZ4BFjAq/mENBs,5,"Velho, Luiz",Luiz Velho,Instituto de Matemßtica Pura e Aplicada (IMPA),Instituto de Matemßtica Pura e Aplicada (IMPA)
83LX3pFwXQZ4BFjAq/mGafE,1,"Câmara, Gilberto",Gilberto Câmara,Instituto Nacional de Pesquisas Espaciais (INPE),Instituto Nacional de Pesquisas Espaciais (INPE)
83LX3pFwXQZ4BFjAq/mGafE,2,"Souza, Ricardo Cartaxo Modesto de",Ricardo Cartaxo Modesto de Souza,Instituto Nacional de Pesquisas Espaciais (INPE),Instituto Nacional de Pesquisas Espaciais (INPE)
83LX3pFwXQZ4BFjAq/mGafE,3,"Pedrosa, Bianca Maria",Bianca Maria Pedrosa,Instituto Nacional de Pesquisas Espaciais (INPE),Instituto Nacional de Pesquisas Espaciais (INPE)
83LX3pFwXQZ4BFjAq/mGafE,4,"Vinhas, Lúbia",Lúbia Vinhas,Instituto Nacional de Pesquisas Espaciais (INPE),Instituto Nacional de Pesquisas Espaciais (INPE)
83LX3pFwXQZ4BFjAq/mGafE,5,"Monteiro, Antônio Miguel Vieira",Antônio Miguel Vieira Monteiro,Instituto Nacional de Pesquisas Espaciais (INPE),Instituto Nacional de Pesquisas Espaciais (INPE)
83LX3pFwXQZ4BFjAq/mGafE,6,"Paiva, Joăo Argemiro",Joăo Argemiro Paiva,Instituto Nacional de Pesquisas Espaciais (INPE),Instituto Nacional de Pesquisas Espaciais (INPE)
83LX3pFwXQZ4BFjAq/mGafE,7,"Carvalho, Marcelo Tulio de",Marcelo Tulio de Carvalho,Pontifícia Universidade Católica do Rio de Janeiro (PUC-Rio),Pontifícia Universidade Católica do Rio de Janeiro (PUC-Rio)
83LX3pFwXQZ4BFjAq/mGafE,8,"Gattass, Marcelo",Marcelo Gattass,Pontifícia Universidade Católica do Rio de Janeiro (PUC-Rio),Pontifícia Universidade Católica do Rio de Janeiro (PUC-Rio)
83LX3pFwXQZ4BFjAq/mEpbj,1,"Davis Junir, Clodoveu A.",Clodoveu A. Davis Junir,PRODABEL,PRODABEL
83LX3pFwXQZ4BFjAq/mEpbj,2,"Laender, Alberto H. F.",Alberto H. F. Laender,Universidade Federal de Minas Gerais (UFMG),Universidade Federal de Minas Gerais (UFMG)
83LX3pFwXQZ4BFjAq/mG9TN,1,"Felgueiras, Carlos Alberto",Carlos Alberto Felgueiras,Instituto Nacional de Pesquisas Espaciais (INPE),Instituto Nacional de Pesquisas Espaciais (INPE)
83LX3pFwXQZ4BFjAq/mG9TN,2,"Fuks, Suzana Druck",Suzana Druck Fuks,Empresa Brasileira de Pesquisa Agropecuária (EMBRAPA),Empresa Brasileira de Pesquisa Agropecuária (EMBRAPA)
83LX3pFwXQZ4BFjAq/mG9TN,3,"Monteiro, Antônio Miguel Vieira",Antônio Miguel Vieira Monteiro,Instituto Nacional de Pesquisas Espaciais (INPE),Instituto Nacional de Pesquisas Espaciais (INPE)
83LX3pFwXQZ4BFjAq/mG9TN,4,"Camargo, Eduardo Celso Gerbi",Eduardo Celso Gerbi Camargo,Instituto Nacional de Pesquisas Espaciais (INPE),Instituto Nacional de Pesquisas Espaciais (INPE)
83LX3pFwXQZ4BFjAq/mxUqf,1,"Ferrari, Jose Antonio",Jose Antonio Ferrari,Instituto Geológico (IG),Instituto Geológico (IG)
83LX3pFwXQZ4BFjAq/mxUqf,2,"Mangin, Alain",Alain Mangin,Laboratoire Souterrain du Centre National de Recherche Scientifique,Laboratoire Souterrain du Centre National de Recherche Scientifique
83LX3pFwXQZ4BFjAq/mEp4v,1,"Fonseca, Frederico",Frederico Fonseca,University of Maine,University of Maine
83LX3pFwXQZ4BFjAq/mEp4v,2,"Egenhofer, Max",Max Egenhofer,University of Maine,University of Maine
83LX3pFwXQZ4BFjAq/mEp4v,3,"Borges, Karla A. V.",Karla A. V. Borges,PRODABEL,PRODABEL
83LX3pFwXQZ4BFjAq/mEPbJ,1,"Franńa, S¶nia VirgĒnia Alves",S¶nia VirgĒnia Alves Franńa,Universidade Tiradentes (UNIT),Universidade Tiradentes (UNIT)
83LX3pFwXQZ4BFjAq/mEPbJ,2,"Ferraz, Carlos Andrķ GuimarŃes",Carlos Andrķ GuimarŃes Ferraz,Universidade Federal de Pernambuco (UFPE),Universidade Federal de Pernambuco (UFPE)
83LX3pFwXQZ4BFjAq/mEpkn,1,"Gatti, Sandro Danilo",Sandro Danilo Gatti,Universidade Estadual de Campinas (UNICAMP),Universidade Estadual de Campinas (UNICAMP)
83LX3pFwXQZ4BFjAq/mEpkn,2,"Magalhăes, Geovane Cayres",Geovane Cayres Magalhăes,Universidade Estadual de Campinas (UNICAMP),Universidade Estadual de Campinas (UNICAMP)
83LX3pFwXQZ4BFjAq/mEoPs,1,"Kaster, Daniel dos Santos",Daniel dos Santos Kaster,Universidade Estadual de Campinas (UNICAMP),Universidade Estadual de Campinas (UNICAMP)
83LX3pFwXQZ4BFjAq/mEoPs,2,"Medeiros, Claudia Bauzer",Claudia Bauzer Medeiros,Universidade Estadual de Campinas (UNICAMP),Universidade Estadual de Campinas (UNICAMP)
83LX3pFwXQZ4BFjAq/mEoPs,3,"Rocha, Heloísa Vieira",Heloísa Vieira Rocha,Universidade Estadual de Campinas (UNICAMP),Universidade Estadual de Campinas (UNICAMP)
83LX3pFwXQZ4BFjAq/mEoEp,1,"Moreira, Lucimar",Lucimar Moreira,Empresa Brasileira de Pesquisa Agropecuária (EMBRAPA),Empresa Brasileira de Pesquisa Agropecuária (EMBRAPA)
83LX3pFwXQZ4BFjAq/mEoEp,2,"Assad, Eduardo Delgado",Eduardo Delgado Assad,Empresa Brasileira de Pesquisa Agropecuária (EMBRAPA),Empresa Brasileira de Pesquisa Agropecuária (EMBRAPA)
83LX3pFwXQZ4BFjAq/mGata,1,"Osses, José Roberto",José Roberto Osses,"Fundaçăo de Cięncia, Aplicaçőes e Tecnologia Espaciais (FUNCATE)","Fundaçăo de Cięncia, Aplicaçőes e Tecnologia Espaciais (FUNCATE)"
83LX3pFwXQZ4BFjAq/mGata,2,"Paiva, Joăo Argemiro de Carvalho",Joăo Argemiro de Carvalho Paiva,Instituto Nacional de Pesquisas Espaciais (INPE),Instituto Nacional de Pesquisas Espaciais (INPE)
83LX3pFwXQZ4BFjAq/mGata,3,"Câmara, Gilberto",Gilberto Câmara,Instituto Nacional de Pesquisas Espaciais (INPE),Instituto Nacional de Pesquisas Espaciais (INPE)
83LX3pFwXQZ4BFjAq/mANQ6,1,"Perez, Helio Alvaro de Mello",Helio Alvaro de Mello Perez,Instituto Militar de Engenharia (IME),Instituto Militar de Engenharia (IME)
83LX3pFwXQZ4BFjAq/mANQ6,2,"Moura, Ana Maria de Carvalho",Ana Maria de Carvalho Moura,Instituto Militar de Engenharia (IME),Instituto Militar de Engenharia (IME)
83LX3pFwXQZ4BFjAq/mANQ6,3,"Tanaka, Asterio Kiyoshi",Asterio Kiyoshi Tanaka,Universidade Federal do Rio de Janeiro (UFRJ),Universidade Federal do Rio de Janeiro (UFRJ)
83LX3pFwXQZ4BFjAq/mxUyb,1,"Poz, Aluir Porfirio Dal",Aluir Porfirio Dal Poz,Universidade Estadual Paulista (UNESP),Universidade Estadual Paulista (UNESP)
83LX3pFwXQZ4BFjAq/mxUyb,2,"Agouris, Peggy",Peggy Agouris,University of Maine,University of Maine
83LX3pFwXQZ4BFjAq/mxSNs,1,"Prado, Alysson Bolognesi",Alysson Bolognesi Prado,Universidade Estadual de Campinas (UNICAMP),Universidade Estadual de Campinas (UNICAMP)
83LX3pFwXQZ4BFjAq/mxSNs,2,"Baranauskas, M. Cecília C.",M. Cecília C. Baranauskas,Universidade Estadual de Campinas (UNICAMP),Universidade Estadual de Campinas (UNICAMP)
83LX3pFwXQZ4BFjAq/mxSNs,3,"Medeiros, Cláudia M. Bauzer",Cláudia M. Bauzer Medeiros,Universidade Estadual de Campinas (UNICAMP),Universidade Estadual de Campinas (UNICAMP)
83LX3pFwXQZ4BFjAq/mGagM,1,"Seixas, Roberto de Beauclair",Roberto de Beauclair Seixas,Instituto de Matemática Pura e Aplicada (IMPA),Instituto de Matemática Pura e Aplicada (IMPA)
83LX3pFwXQZ4BFjAq/mGagM,2,"Figueiredo, Luiz Henrique de",Luiz Henrique de Figueiredo,Instituto de Matemática Pura e Aplicada (IMPA),Instituto de Matemática Pura e Aplicada (IMPA)
83LX3pFwXQZ4BFjAq/mGagM,3,"Silva, Claudio Antonio",Claudio Antonio Silva,Instituto de Matemática Pura e Aplicada (IMPA),Instituto de Matemática Pura e Aplicada (IMPA)
83LX3pFwXQZ4BFjAq/mGagM,4,"Carvalho, Paulo Cezar Pinto.",Paulo Cezar Pinto. Carvalho,Instituto de Matemática Pura e Aplicada (IMPA),Instituto de Matemática Pura e Aplicada (IMPA)
83LX3pFwXQZ4BFjAq/mGa8R,1,"Vianna, Arlindo Cardarett",Arlindo Cardarett Vianna,Universidade Estácio de Sá,Universidade Estácio de Sá
83LX3pFwXQZ4BFjAq/mGa8R,2,"Paiva, Anselmo Cardoso de",Anselmo Cardoso de Paiva,Pontifícia Universidade Católica do Rio de Janeiro (PUC-Rio),Pontifícia Universidade Católica do Rio de Janeiro (PUC-Rio)
83LX3pFwXQZ4BFjAq/mGa8R,3,"Gattass, Marcelo",Marcelo Gattass,Pontifícia Universidade Católica do Rio de Janeiro (PUC-Rio),Pontifícia Universidade Católica do Rio de Janeiro (PUC-Rio)
83LX3pFwXQZ5Jpy/p2de5,1,"Campos, Jorge",Jorge Campos,Universidade Salvador (UNIFACS),Universidade Salvador (UNIFACS)
83LX3pFwXQZ5Jpy/p2de5,2,"Santanchč, André",André Santanchč,Universidade Salvador (UNIFACS),Universidade Salvador (UNIFACS)
83LX3pFwXQZ5Jpy/p2de5,3,"Teixeira, César",César Teixeira,Universidade Salvador (UNIFACS),Universidade Salvador (UNIFACS)
83LX3pFwXQZeBBx/oS8KP,1,"Câmara, Gilberto",Gilberto Câmara,Instituto Nacional de Pesquisas Espaciais (INPE),Instituto Nacional de Pesquisas Espaciais (INPE)
83LX3pFwXQZeBBx/oS8KP,2,"Souza, Ricardo Cartaxo Modesto de",Ricardo Cartaxo Modesto de Souza,Instituto Nacional de Pesquisas Espaciais (INPE),Instituto Nacional de Pesquisas Espaciais (INPE)
83LX3pFwXQZeBBx/oS8KP,3,"Monteiro, Antônio Miguel Vieira",Antônio Miguel Vieira Monteiro,Instituto Nacional de Pesquisas Espaciais (INPE),Instituto Nacional de Pesquisas Espaciais (INPE)
83LX3pFwXQZeBBx/oS8KP,4,"Paiva, Joăo Argemiro",Joăo Argemiro Paiva,Instituto Nacional de Pesquisas Espaciais (INPE),Instituto Nacional de Pesquisas Espaciais (INPE)
83LX3pFwXQZeBBx/oS8KP,5,"Garrido, Juan Carlos Pinto de",Juan Carlos Pinto de Garrido,Instituto Nacional de Pesquisas Espaciais (INPE),Instituto Nacional de Pesquisas Espaciais (INPE)
83LX3pFwXQZeBBx/oS9ox,1,"Davis Júnior, Clodoveu A.",Clodoveu A. Davis Júnior,PRODABEL,PRODABEL
83LX3pFwXQZeBBx/oS9ox,2,"Laender, Alberto H. F.",Alberto H. F. Laender,Universidade Federal de Minas Gerais (UFMG),Universidade Federal de Minas Gerais (UFMG)
83LX3pFwXQZ5Jpy/oSQam,1,"Felgueiras, Carlos Alberto",Carlos Alberto Felgueiras,Instituto Nacional de Pesquisas Espaciais (INPE),Instituto Nacional de Pesquisas Espaciais (INPE)
83LX3pFwXQZ5Jpy/oSQam,2,"Monteiro, Antônio Miguel Vieira",Antônio Miguel Vieira Monteiro,Instituto Nacional de Pesquisas Espaciais (INPE),Instituto Nacional de Pesquisas Espaciais (INPE)
83LX3pFwXQZ5Jpy/oSQam,3,"Camargo, Eduardo Celso Gerbi",Eduardo Celso Gerbi Camargo,Instituto Nacional de Pesquisas Espaciais (INPE),Instituto Nacional de Pesquisas Espaciais (INPE)
83LX3pFwXQZ5Jpy/oSQam,4,"Câmara Neto, Gilberto",Gilberto Câmara Neto,Instituto Nacional de Pesquisas Espaciais (INPE),Instituto Nacional de Pesquisas Espaciais (INPE)
83LX3pFwXQZ5Jpy/oSQam,5,"Fuks, Suzana Druck",Suzana Druck Fuks,Empresa Brasileira de Pesquisa Agropecuária (EMBRAPA),Empresa Brasileira de Pesquisa Agropecuária (EMBRAPA)
83LX3pFwXQZeBBx/oS6vP,1,"Gattass, Marcelo",Marcelo Gattass,Tecgraf – Computer Graphics Technology Group,Tecgraf – Computer Graphics Technology Group
83LX3pFwXQZeBBx/oS6vP,2,"Ferreira, Carla Cristina F.",Carla Cristina F. Ferreira,Tecgraf – Computer Graphics Technology Group,Tecgraf – Computer Graphics Technology Group
83LX3pFwXQZeBBx/oS6vP,3,"Vilar, Alexandre S.",Alexandre S. Vilar,Tecgraf – Computer Graphics Technology Group,Tecgraf – Computer Graphics Technology Group
83LX3pFwXQZeBBx/oS6vP,4,"Glasberg, Mark S.",Mark S. Glasberg,Tecgraf – Computer Graphics Technology Group,Tecgraf – Computer Graphics Technology Group
83LX3pFwXQZeBBx/oS9cf,1,"Lisboa Filho, Jugurta",Jugurta Lisboa Filho,Universidade Federal de Viçosa (UFV),Universidade Federal de Viçosa (UFV)
83LX3pFwXQZeBBx/oS9cf,2,"Costa, Andreia Castro",Andreia Castro Costa,Universidade Federal do Rio Grande do Sul (UFRGS),Universidade Federal do Rio Grande do Sul (UFRGS)
83LX3pFwXQZeBBx/oS9cf,3,"Iochpe, Cirano",Cirano Iochpe,Universidade Federal do Rio Grande do Sul (UFRGS),Universidade Federal do Rio Grande do Sul (UFRGS)
83LX3pFwXQZ5Jpy/p2cBt,1,"Medeiros, Claudia Bauzer",Claudia Bauzer Medeiros,Universidade Estadual de Campinas (UNICAMP),Universidade Estadual de Campinas (UNICAMP)
83LX3pFwXQZ5Jpy/p2cBt,2,"Alencar, Alexandre Carvalho de",Alexandre Carvalho de Alencar,Universidade Estadual de Campinas (UNICAMP),Universidade Estadual de Campinas (UNICAMP)
83LX3pFwXQZeBBx/oS7Az,1,"Soares, Valéria Gonçalves",Valéria Gonçalves Soares,Universidade Federal de Pernambuco (UFPE),Universidade Federal de Pernambuco (UFPE)
83LX3pFwXQZeBBx/oS7Az,2,"Salgado, Ana Carolina",Ana Carolina Salgado,Universidade Federal de Pernambuco (UFPE),Universidade Federal de Pernambuco (UFPE)
