instituicoes,ocorrencias,origem,nome_normalizado,possivel_duplicata
Instituto Nacional de Pesquisas Espaciais (INPE),194,geoinfo,instituto nacional de pesquisas espaciais inpe,False
Universidade Federal de Minas Gerais (UFMG),52,geoinfo,universidade federal de minas gerais ufmg,False
Universidade Federal de Viçosa (UFV),36,geoinfo,universidade federal de vicosa ufv,False
Universidade Estadual de Campinas (UNICAMP),31,geoinfo,universidade estadual de campinas unicamp,False
Universidade de São Paulo (USP),29,geoinfo,universidade de sao paulo usp,False
Universidade Federal de Campina Grande (UFCG),25,geoinfo,universidade federal de campina grande ufcg,False
Universidade Federal de Santa Catarina (UFSC),24,geoinfo,universidade federal de santa catarina ufsc,False
Universidade Federal do Rio de Janeiro (UFRJ),21,geoinfo,universidade federal do rio de janeiro ufrj,False
Empresa Brasileira de Pesquisa Agropecuária (EMBRAPA),20,geoinfo,empresa brasileira de pesquisa agropecuaria embrapa,False
Universidade Federal do Rio Grande do Sul (UFRGS),20,geoinfo,universidade federal do rio grande do sul ufrgs,False
Universidade Federal de Pernambuco (UFPE),18,geoinfo,universidade federal de pernambuco ufpe,False
Universidade Estadual Paulista (UNESP),17,geoinfo,universidade estadual paulista unesp,False
Pontifícia Universidade Católica do Rio de Janeiro (PUC-Rio),15,geoinfo,pontificia universidade catolica do rio de janeiro pucrio,False
Universidade Federal do Paraná (UFPR),15,geoinfo,universidade federal do parana ufpr,False
Universidade Federal de Ouro Preto (UFOP),14,geoinfo,universidade federal de ouro preto ufop,False
National Institute for Space Research (INPE),13,geoinfo,national institute for space research inpe,False
Universidade Federal do ABC (UFABC),13,geoinfo,universidade federal do abc ufabc,False
Universidade Federal de Goiás (UFG),12,geoinfo,universidade federal de goias ufg,False
Universidade Federal de São João Del Rei (UFSJ),12,geoinfo,universidade federal de sao joao del rei ufsj,False
Centro Nacional de Monitoramento e Alerta de Desastres Naturais (CEMADEN),11,geoinfo,centro nacional de monitoramento e alerta de desastres naturais cemaden,False
Universidade Federal de São Carlos (UFSCar),10,geoinfo,universidade federal de sao carlos ufscar,False
Instituto Militar de Engenharia (IME),8,geoinfo,instituto militar de engenharia ime,False
Universidade Federal de São Paulo (UNIFESP),7,geoinfo,universidade federal de sao paulo unifesp,False
Centro Nacional de Monitoramento e Alertas de Desastres Naturais (CEMADEN),7,geoinfo,centro nacional de monitoramento e alertas de desastres naturais cemaden,False
Universidade Federal de São João Del-Rei (UFSJ),7,geoinfo,universidade federal de sao joao delrei ufsj,False
Universidade Federal de Vińosa (UFV),7,geoinfo,universidade federal de vinosa ufv,False
Universidade Tecnológica Federal do Paraná (UTFPR),7,geoinfo,universidade tecnologica federal do parana utfpr,False
Universidade de Brasília (UnB),6,geoinfo,universidade de brasilia unb,False
Universidade Salvador (UNIFACS),5,geoinfo,universidade salvador unifacs,False
Universidade Federal do Rio Grande do Norte (UFRN),5,geoinfo,universidade federal do rio grande do norte ufrn,False
Universidade Federal de Lavras (UFLA),5,geoinfo,universidade federal de lavras ufla,False
Universidade Católica de Pelotas (UCPEL),4,geoinfo,universidade catolica de pelotas ucpel,False
Universität Stuttgart,4,geoinfo,universitat stuttgart,False
Embrapa Solos,4,geoinfo,embrapa solos,False
Instituto de Estudos Avançados (IEAv),4,geoinfo,instituto de estudos avancados ieav,False
Instituto Tecnológico de Aeronáutica (ITA),4,geoinfo,instituto tecnologico de aeronautica ita,False
Universidade Federal Fluminense (UFF),4,geoinfo,universidade federal fluminense uff,False
Embrapa Territorial,4,geoinfo,embrapa territorial,False
University of Maine,4,geoinfo,university of maine,False
Universidade do Estado do Rio de Janeiro (UERJ),4,geoinfo,universidade do estado do rio de janeiro uerj,False
University of Muenster,4,geoinfo,university of muenster,False
Grupo de Tecnologia em Computação Gráfica (TeCGraf),3,geoinfo,grupo de tecnologia em computacao grafica tecgraf,False
Instituto Federal do Paraná (IFPR),3,geoinfo,instituto federal do parana ifpr,False
Universidade Federal de Itajubá (UNIFEI),3,geoinfo,universidade federal de itajuba unifei,False
Universidade Federal do Pará (UFPA),3,geoinfo,universidade federal do para ufpa,False
UNIFACS,3,geoinfo,unifacs,False
Universidade Federal do Maranhão (UFMA),3,geoinfo,universidade federal do maranhao ufma,False
GoGeo,3,geoinfo,gogeo,False
University of São Paulo (USP),3,geoinfo,university of sao paulo usp,False
University of California,3,geoinfo,university of california,False
Pontifícia Universidade Católica de Minas Gerais (PUCMINAS),3,geoinfo,pontificia universidade catolica de minas gerais pucminas,False
Universidade Estadual de Maringá (UEM),3,geoinfo,universidade estadual de maringa uem,False
Empresa de Informática e Informação do Município de Belo Horizonte (PRODABEL),3,geoinfo,empresa de informatica e informacao do municipio de belo horizonte prodabel,False
PRODABEL,3,geoinfo,prodabel,False
Fundação Getúlio Vargas (FGV),3,geoinfo,fundacao getulio vargas fgv,False
Universidade do Estado de Santa Catarina (UDESC),3,geoinfo,universidade do estado de santa catarina udesc,False
Universidade Estadual do Rio de Janeiro (UERJ),3,geoinfo,universidade estadual do rio de janeiro uerj,False
Heidelberg University,3,geoinfo,heidelberg university,False
Universidade de Campinas (UNICAMP),3,geoinfo,universidade de campinas unicamp,False
Fundação Oswaldo Cruz (FIOCRUZ),3,geoinfo,fundacao oswaldo cruz fiocruz,False
Universidade Federal do Ceará (UFC),3,geoinfo,universidade federal do ceara ufc,False
Centro de Pesquisa e Desenvolvimento em Telecomunicaçőes (CPqD),2,geoinfo,centro de pesquisa e desenvolvimento em telecomunicacoes cpqd,False
University at Buffalo,2,geoinfo,university at buffalo,False
Instituto de Matemática Pura e Aplicada (IMPA),2,geoinfo,instituto de matematica pura e aplicada impa,False
Mississippi State University (MSU),2,geoinfo,mississippi state university msu,False
Universidade Federal do Amazonas (UFA),2,geoinfo,universidade federal do amazonas ufa,False
Universidade Federal do Espírito Santo (UFES),2,geoinfo,universidade federal do espirito santo ufes,False
Diretoria de Serviço Geográfico (DSG),2,geoinfo,diretoria de servico geografico dsg,False
Pontifícia Universidade Católica de Minas Gerais (PUC Minas),2,geoinfo,pontificia universidade catolica de minas gerais puc minas,False
University of Oxford,2,geoinfo,university of oxford,False
Secretaria de Estado do Ambiente e Sustentabilidade do Rio de Janeiro,2,geoinfo,secretaria de estado do ambiente e sustentabilidade do rio de janeiro,False
Pontifícia Universidade Cat¾lica do Rio de Janeiro (PUC-Rio),2,geoinfo,pontificia universidade cat34lica do rio de janeiro pucrio,False
CPqD Telecom & IT Solutions,2,geoinfo,cpqd telecom it solutions,False
Instituto Federal do Ceará (IFCE),2,geoinfo,instituto federal do ceara ifce,False
WeForest,2,geoinfo,weforest,False
Escola Nacional de Cięncias Estatísticas (ENCE),2,geoinfo,escola nacional de ciencias estatisticas ence,False
The Pennsylvania State University,2,geoinfo,the pennsylvania state university,False
Universidade Federal de Santa Catarina(UFSC),2,geoinfo,universidade federal de santa catarinaufsc,False
Universidade Federal do Estado do Rio de Janeiro (UNIRIO),2,geoinfo,universidade federal do estado do rio de janeiro unirio,False
Centro Gestor e Operacional do Sistema de Proteção da Amazônia (CENSIPAM),2,geoinfo,centro gestor e operacional do sistema de protecao da amazonia censipam,False
Barcelona Supercomputing Center (BSC),2,geoinfo,barcelona supercomputing center bsc,False
Rensselaer Polytechnic Institute,2,geoinfo,rensselaer polytechnic institute,False
"Fundação de Cięncia, Aplicaçőes e Tecnologia Espaciais (FUNCATE)",2,geoinfo,fundacao de ciencia aplicacoes e tecnologia espaciais funcate,False
Universidade Federal da Paraíba (UFPB),2,geoinfo,universidade federal da paraiba ufpb,False
Faculdade Governador Ozanam Coelho (FAGOC),2,geoinfo,faculdade governador ozanam coelho fagoc,False
Instituto Federal de São Paulo (IFSP),2,geoinfo,instituto federal de sao paulo ifsp,False
Universidade do Estado do MaranhŃo (UEMA),2,geoinfo,universidade do estado do maranhno uema,False
Universidade do Vale dos Sinos (UNISINOS),2,geoinfo,universidade do vale dos sinos unisinos,False
Universidade Federal de São Paulo (USP),2,geoinfo,universidade federal de sao paulo usp,False
Universidade Estadual de Londrina (UEL),2,geoinfo,universidade estadual de londrina uel,False
Universidade Federal de Sergipe (UFS),2,geoinfo,universidade federal de sergipe ufs,False
McMaster University Hamilton,2,geoinfo,mcmaster university hamilton,False
Universidade Federal do Amazonas (UFAM),2,geoinfo,universidade federal do amazonas ufam,False
Instituto de Matemßtica Pura e Aplicada (IMPA),2,geoinfo,instituto de matemßtica pura e aplicada impa,False
Instituto Brasileiro de Geografia e Estatística (IBGE),2,geoinfo,instituto brasileiro de geografia e estatistica ibge,False
Pennsylvania State University,2,geoinfo,pennsylvania state university,False
University of Munich,2,geoinfo,university of munich,False
National Center for Monitoring and Early Warning of Natural Disasters (CEMADEN),2,geoinfo,national center for monitoring and early warning of natural disasters cemaden,False
Federal University of Ouro Preto (UFOP),2,geoinfo,federal university of ouro preto ufop,False
Natural Disaster and Alert Monitoring Center – (CEMADEN),1,geoinfo,natural disaster and alert monitoring center cemaden,False
Institute of Mathematical and Computer Sciences – University of Sao Paulo,1,geoinfo,institute of mathematical and computer sciences university of sao paulo,False
Biosystems Engineering Department – University of Sao Paulo,1,geoinfo,biosystems engineering department university of sao paulo,False
Facid Wyden University Center,1,geoinfo,facid wyden university center,False
Instituto Federal Sul-Rio-Grandense (IFSUL),1,geoinfo,instituto federal sulriograndense ifsul,False
Universite libre de Bruxelles (ULB),1,geoinfo,universite libre de bruxelles ulb,False
Aeronautics Institute of Technology (ITA),1,geoinfo,aeronautics institute of technology ita,False
Harvard Medical School,1,geoinfo,harvard medical school,False
AG Software Design & Management,1,geoinfo,ag software design management,False
Universidade Federal do Cearß (UFC),1,geoinfo,universidade federal do cearß ufc,False
Escola Politécnica da Universidade de São Paulo,1,geoinfo,escola politecnica da universidade de sao paulo,False
Active Knowledge GmbH,1,geoinfo,active knowledge gmbh,False
Universidade Federal de Pelotas (UFPEL),1,geoinfo,universidade federal de pelotas ufpel,False
Universidade Católica do Salvador (UCSAL),1,geoinfo,universidade catolica do salvador ucsal,False
School of Information Sciences and Technology,1,geoinfo,school of information sciences and technology,False
Marinha do Brasil,1,geoinfo,marinha do brasil,False
Pontifícia Universidade Catˇlica do Rio de Janeiro (PUC-Rio),1,geoinfo,pontificia universidade catˇlica do rio de janeiro pucrio,False
Universidade Católica de Brasília (UCB),1,geoinfo,universidade catolica de brasilia ucb,False
Universidade Estadual do Maranhão (UEMA),1,geoinfo,universidade estadual do maranhao uema,False
ESPOL Polytechnic University - Guayaquil,1,geoinfo,espol polytechnic university guayaquil,False
Universidade Estadual de Roraima (UERR),1,geoinfo,universidade estadual de roraima uerr,False
Empresa Brasileira de Pesquisa Agropecuária (Embrapa Roraima),1,geoinfo,empresa brasileira de pesquisa agropecuaria embrapa roraima,False
Heidelberg Institute for Geoinformation Technology,1,geoinfo,heidelberg institute for geoinformation technology,False
Nigerian Defence Academy,1,geoinfo,nigerian defence academy,False
Kaduna Polytechnic,1,geoinfo,kaduna polytechnic,False
Instituto Federal da Paraíba (IFPB),1,geoinfo,instituto federal da paraiba ifpb,False
Universidade Federal do Pernambuco (UFPE),1,geoinfo,universidade federal do pernambuco ufpe,False
GeoMeridium,1,geoinfo,geomeridium,False
Instituto de Pesquisas Tecnológicas (IPT),1,geoinfo,instituto de pesquisas tecnologicas ipt,False
Embrapa Tabuleiros Costeiros,1,geoinfo,embrapa tabuleiros costeiros,False
UCLouvain,1,geoinfo,uclouvain,False
Stockholm Environment Institute,1,geoinfo,stockholm environment institute,False
Instituto Federal de Mato Grosso (IFMT),1,geoinfo,instituto federal de mato grosso ifmt,False
Instituto de Tecnologias Geo-Sociais AddressForAll,1,geoinfo,instituto de tecnologias geosociais addressforall,False
Universidade Federal de Sao Joao del-Rei (UFJR),1,geoinfo,universidade federal de sao joao delrei ufjr,False
Department of Research and development– IDGeo – Agricultural intelligence,1,geoinfo,department of research and development idgeo agricultural intelligence,False
Instituto Federal de Ciencia de Tecnologia da Paraķba (IFPB),1,geoinfo,instituto federal de ciencia de tecnologia da parakba ifpb,False
Universidade Federal Rural da Amazônia (UFRA),1,geoinfo,universidade federal rural da amazonia ufra,False
Deutsche Gesellschaft für Internationale Zusammenarbeit (GIZ),1,geoinfo,deutsche gesellschaft fur internationale zusammenarbeit giz,False
Empresa Brasileira de Pesquisa Agrecuária (EMBRAPA),1,geoinfo,empresa brasileira de pesquisa agrecuaria embrapa,False
Embraer,1,geoinfo,embraer,False
Centro de Estudos da Metrópole,1,geoinfo,centro de estudos da metropole,False
OpenGeoHub,1,geoinfo,opengeohub,False
Universidade Federal da Bahia (UFBA),1,geoinfo,universidade federal da bahia ufba,False
SOLPE - Oil Reservoir Solutions,1,geoinfo,solpe oil reservoir solutions,False
Instituto de Estudos Avanńados (IEAv),1,geoinfo,instituto de estudos avannados ieav,False
Institut de Recherche pour le Dķveloppement (IRD),1,geoinfo,institut de recherche pour le dkveloppement ird,False
Universidade Federal de Juiz de Fora (UFJF),1,geoinfo,universidade federal de juiz de fora ufjf,False
East China Normal University,1,geoinfo,east china normal university,False
Universidade Estadual do Norte Fluminense Darcy Ribeiro (UENF),1,geoinfo,universidade estadual do norte fluminense darcy ribeiro uenf,False
Universidad del Rosario - Bogotá,1,geoinfo,universidad del rosario bogota,False
Tetra Tech Brasil,1,geoinfo,tetra tech brasil,False
Universitat Politecnica de Valencia,1,geoinfo,universitat politecnica de valencia,False
Fondazione Centro Euro-Mediterraneo sui Cambiamenti Climatici (CMCC),1,geoinfo,fondazione centro euromediterraneo sui cambiamenti climatici cmcc,False
Universidade de Coimbra,1,geoinfo,universidade de coimbra,False
Politecnico di Milano,1,geoinfo,politecnico di milano,False
Universidade Tecnologia Federal do Paraná (UTFPR),1,geoinfo,universidade tecnologia federal do parana utfpr,False
University of Antioquia,1,geoinfo,university of antioquia,False
University of Warwick,1,geoinfo,university of warwick,False
University of Thessaly,1,geoinfo,university of thessaly,False
University of Almeria,1,geoinfo,university of almeria,False
Universidade Federal de São Paulo,1,geoinfo,universidade federal de sao paulo,False
Instituto Nacional do Semiárido (INSA),1,geoinfo,instituto nacional do semiarido insa,False
Universidade Federal do Paranß (UFPR),1,geoinfo,universidade federal do paranß ufpr,False
Universidade do Estado do Pará (UEA),1,geoinfo,universidade do estado do para uea,False
CENSIPAM,1,geoinfo,censipam,False
Universidade Estadual de Ponta Grossa (UEPG),1,geoinfo,universidade estadual de ponta grossa uepg,False
UFPB,1,geoinfo,ufpb,False
Emory University,1,geoinfo,emory university,False
Arquivo do Estado de Sao Paulo,1,geoinfo,arquivo do estado de sao paulo,False
Via Vale Sistemas,1,geoinfo,via vale sistemas,False
Faculdade Anhanguera,1,geoinfo,faculdade anhanguera,False
Centro Nacional de Monitoramento e Alerta de Desastre Naturais (CEMADEN),1,geoinfo,centro nacional de monitoramento e alerta de desastre naturais cemaden,False
Universidade do Estado da Bahia (UNEB),1,geoinfo,universidade do estado da bahia uneb,False
Universidade Federal da ParaĒba (UFPB),1,geoinfo,universidade federal da paraeba ufpb,False
Centro Federal de Educação e Tecnologia (CEFET-MG),1,geoinfo,centro federal de educacao e tecnologia cefetmg,False
Université Grenoble Alpes,1,geoinfo,universite grenoble alpes,False
Framework Digital,1,geoinfo,framework digital,False
Universidade Virtual de São Paulo (UNIVESP),1,geoinfo,universidade virtual de sao paulo univesp,False
Universidad Austral de Chile,1,geoinfo,universidad austral de chile,False
Instituto Nacional de Pesquisa da Amaz¶nia (INPA),1,geoinfo,instituto nacional de pesquisa da amaznia inpa,False
NASA Jet Propulsion Laboratory (JPL),1,geoinfo,nasa jet propulsion laboratory jpl,False
FATEC Cruzeiro,1,geoinfo,fatec cruzeiro,False
University of South Alabama,1,geoinfo,university of south alabama,False
McMaster University,1,geoinfo,mcmaster university,False
ESPOL Polytechnic University,1,geoinfo,espol polytechnic university,False
Espectro LTDA,1,geoinfo,espectro ltda,False
Universidade Federal de Santa Maria (UFSM),1,geoinfo,universidade federal de santa maria ufsm,False
Instituto Federal do Norte de Minas Gerais (IFNMG),1,geoinfo,instituto federal do norte de minas gerais ifnmg,False
Centro Universitário do Distrito Federal (UDF),1,geoinfo,centro universitario do distrito federal udf,False
Universidade Federal de Santa Catarian (UFSC),1,geoinfo,universidade federal de santa catarian ufsc,False
CENPES/PDGP/CMR - Petrobras,1,geoinfo,cenpespdgpcmr petrobras,False
Geologística,1,geoinfo,geologistica,False
World Bank Group,1,geoinfo,world bank group,False
Rensselaer Polytechnic Institute (RPI),1,geoinfo,rensselaer polytechnic institute rpi,False
Universidade Estadual da Bahia (UNEB),1,geoinfo,universidade estadual da bahia uneb,False
niversidade Federal do ABC (CECS/UFABC),1,geoinfo,niversidade federal do abc cecsufabc,False
Universidade Federal de Minas Gerais (CEDEPLAR/UFMG),1,geoinfo,universidade federal de minas gerais cedeplarufmg,False
nstituto Nacional de Pesquisas Espaciais (INPE),1,geoinfo,nstituto nacional de pesquisas espaciais inpe,False
"Fundação de Cięncias, Aplicaçőes e Tecnologias Espaciais (FUNCATE)",1,geoinfo,fundacao de ciencias aplicacoes e tecnologias espaciais funcate,False
"Divisão de Processamento de Imagens (DPI), Instituto Nacional de Pesquisas Espaciais (INPE)",1,geoinfo,divisao de processamento de imagens dpi instituto nacional de pesquisas espaciais inpe,False
Centro Federal de Educação Tecnológica de MG (CEFET-MG),1,geoinfo,centro federal de educacao tecnologica de mg cefetmg,False
Instituto Politécnico Nacional,1,geoinfo,instituto politecnico nacional,False
University of Piraeus (UPRC),1,geoinfo,university of piraeus uprc,False
Big Data Research Lab,1,geoinfo,big data research lab,False
CIRAD,1,geoinfo,cirad,False
"CIRAD, UPR AGIRs ""Animal et Gestion Intégrée des Risques""",1,geoinfo,cirad upr agirs animal et gestion integree des risques,False
Centro Federal de Educação Tecnológica de Minas Gerais (CEFET-MG),1,geoinfo,centro federal de educacao tecnologica de minas gerais cefetmg,False
IBM Research,1,geoinfo,ibm research,False
Universidade Federal de Goißs (UFG),1,geoinfo,universidade federal de goißs ufg,False
University of Punjab,1,geoinfo,university of punjab,False
University of Texas at Arlington,1,geoinfo,university of texas at arlington,False
Universidade Federal da Fronteira Sul (UFFS),1,geoinfo,universidade federal da fronteira sul uffs,False
Consiglio Nazionale delle Ricerche (CNR),1,geoinfo,consiglio nazionale delle ricerche cnr,False
Embrapa Roraima,1,geoinfo,embrapa roraima,False
Universidade Federal do Oeste da Bahia (UFOBA),1,geoinfo,universidade federal do oeste da bahia ufoba,False
Instituto Chico Mendes de Conservação da Biodiversidade (ICMBio),1,geoinfo,instituto chico mendes de conservacao da biodiversidade icmbio,False
Universidade do Estado do Rio Grande do Norte (UERN),1,geoinfo,universidade do estado do rio grande do norte uern,False
"Institute of Information Science and Technologies ""Alessandro Faedo"" (ISTI)",1,geoinfo,institute of information science and technologies alessandro faedo isti,False
The Boeing Company,1,geoinfo,the boeing company,False
KDD Lab,1,geoinfo,kdd lab,False
University of Pisa,1,geoinfo,university of pisa,False
"Instituto Federal de EducańŃo, CiĻncia e Tecnologia do MaranhŃo (IFMA)",1,geoinfo,instituto federal de educanno cilncia e tecnologia do maranhno ifma,False
Universidade de Lisboa,1,geoinfo,universidade de lisboa,False
"KDD LAB, ISTI-CNR",1,geoinfo,kdd lab isticnr,False
"Universite Paris-IX Dauphine, France",1,geoinfo,universite parisix dauphine france,False
"Instituto Federal de Educação, Cięncia e Tecnologia do Piauí - IFPI",1,geoinfo,instituto federal de educacao ciencia e tecnologia do piaui ifpi,False
"Instituto Federal de Educação, Cięncia e Tecnologia da Paraíba (IFCT-PB)",1,geoinfo,instituto federal de educacao ciencia e tecnologia da paraiba ifctpb,False
"Universidade de São Paulo, São Carlos, USP",1,geoinfo,universidade de sao paulo sao carlos usp,False
Instituto Federal de Educação Cięncia e Tecnologia da Paraíba (IFPB),1,geoinfo,instituto federal de educacao ciencia e tecnologia da paraiba ifpb,False
North - Initiative for Geospatial Open Source software GmbH,1,geoinfo,north initiative for geospatial open source software gmbh,False
FundańŃo Osvaldo Cruz (FIOCRUZ),1,geoinfo,fundanno osvaldo cruz fiocruz,False
KDD Laboratory - ISTI CNR,1,geoinfo,kdd laboratory isti cnr,False
"KDDLAB, ISTI-CNR, Italy",1,geoinfo,kddlab isticnr italy,False
Universidade Federal de Minas Gerias (UFMG),1,geoinfo,universidade federal de minas gerias ufmg,False
Fundação de Aplicação e Tecnologias Espaciais (FUNCATE),1,geoinfo,fundacao de aplicacao e tecnologias espaciais funcate,False
Companhia Paranaense de Energia (COPEL),1,geoinfo,companhia paranaense de energia copel,False
Pontifícia Universidade Católica do Paraná (PUC-PR),1,geoinfo,pontificia universidade catolica do parana pucpr,False
University of Bonn,1,geoinfo,university of bonn,False
University of Massachusetts,1,geoinfo,university of massachusetts,False
Rhode Island School of Design and Architecture,1,geoinfo,rhode island school of design and architecture,False
Universidad Tecnologica del Uruguay (UTEC),1,geoinfo,universidad tecnologica del uruguay utec,False
Federal University of Sao João Del-Rei (UFSJ),1,geoinfo,federal university of sao joao delrei ufsj,False
World Environmental Conservancy (WEC),1,geoinfo,world environmental conservancy wec,False
Instituto de Ciencia e Tecnologia UNESP,1,geoinfo,instituto de ciencia e tecnologia unesp,False
"Instituto de Matematica, Estatística e Computação Científica UNICAMP",1,geoinfo,instituto de matematica estatistica e computacao cientifica unicamp,False
Getulio Vargas Foundation (FGV),1,geoinfo,getulio vargas foundation fgv,False
University of Michigan (UofM),1,geoinfo,university of michigan uofm,False
Centro Federal de EducańŃo Tecnol¾gica do MaranhŃo (CEFET-MA),1,geoinfo,centro federal de educanno tecnol34gica do maranhno cefetma,False
Universidade Luterana do Brasil (ULBRA),1,geoinfo,universidade luterana do brasil ulbra,False
Faculdade Dom Bosco,1,geoinfo,faculdade dom bosco,False
GeoExplore,1,geoinfo,geoexplore,False
"Departamento de Informática, Universidade Federal do Pará (UFPA)",1,geoinfo,departamento de informatica universidade federal do para ufpa,False
"Núcleo de Cenários, Instituto de Desenvolvimento Econômico-Social do Pará (IDESP)",1,geoinfo,nucleo de cenarios instituto de desenvolvimento economicosocial do para idesp,False
"Centro de Cięncias do Sistema Terrestre (CST), Instituto Nacional de Pesquisas Espaciais (INPE)",1,geoinfo,centro de ciencias do sistema terrestre cst instituto nacional de pesquisas espaciais inpe,False
"Divisão de Processamento de Imagens (DPI), Instituto Nacional de Pesquisas Espaciais",1,geoinfo,divisao de processamento de imagens dpi instituto nacional de pesquisas espaciais,False
"Departamento de Antropologia, Museu Paraense Emílio Goeldi (MPEG)",1,geoinfo,departamento de antropologia museu paraense emilio goeldi mpeg,False
Carl von Ossietzky Universität Oldenburg,1,geoinfo,carl von ossietzky universitat oldenburg,False
Faculdade de Cięncias Humanas (ESUDA),1,geoinfo,faculdade de ciencias humanas esuda,False
Ca’ Foscari University,1,geoinfo,ca foscari university,False
FundańŃo CPqD,1,geoinfo,fundanno cpqd,False
Instituto Oswaldo Cruz,1,geoinfo,instituto oswaldo cruz,False
Procempa - Empresa da Tecnologia da Informação e Comunicação de Porto Alegre,1,geoinfo,procempa empresa da tecnologia da informacao e comunicacao de porto alegre,False
Cientistas Associados Desenvolvimento Tecnológico Ltda,1,geoinfo,cientistas associados desenvolvimento tecnologico ltda,False
Centro Tecnológico do Exército,1,geoinfo,centro tecnologico do exercito,False
Centro Federal de Educacação Tecnologica do Maranhão (CEFET/MA),1,geoinfo,centro federal de educacacao tecnologica do maranhao cefetma,False
"Fundação de Cięncia, Aplicaçőes e Tecnologias Espaciais (FUNCATE)",1,geoinfo,fundacao de ciencia aplicacoes e tecnologias espaciais funcate,False
Universidade Católica de Minas Gerais,1,geoinfo,universidade catolica de minas gerais,False
Information Systems Program - Mirassol College Mirassol SP,1,geoinfo,information systems program mirassol college mirassol sp,False
Kuwait University,1,geoinfo,kuwait university,False
Northeastern University,1,geoinfo,northeastern university,False
"Department of Computer Science, UTEP",1,geoinfo,department of computer science utep,False
University of Versailles,1,geoinfo,university of versailles,False
Federal University of Pernambuco (UFPE),1,geoinfo,federal university of pernambuco ufpe,False
Laboratório de Gestão de Riscos (LABGRIs),1,geoinfo,laboratorio de gestao de riscos labgris,False
Global Earth Observation (GlobEO),1,geoinfo,global earth observation globeo,False
Federal University of Santa Catarina (UFSC),1,geoinfo,federal university of santa catarina ufsc,False
Center for Monitoring and Early Warning of Natural Disasters (CEMADEN),1,geoinfo,center for monitoring and early warning of natural disasters cemaden,False
State University of Bahia (UNEB),1,geoinfo,state university of bahia uneb,False
Faculdades Senai Cimatec (SENAI),1,geoinfo,faculdades senai cimatec senai,False
Instituto Tecnologico da Aeronáutica (ITA),1,geoinfo,instituto tecnologico da aeronautica ita,False
Université Paul Cézanne Aix-Marseille III,1,geoinfo,universite paul cezanne aixmarseille iii,False
Martin-Luther Universität Halle-Wittenberg. Institut für Geographie.,1,geoinfo,martinluther universitat hallewittenberg institut fur geographie,False
University of Jena,1,geoinfo,university of jena,False
Institut für Informationssysteme - TU Braunschweig,1,geoinfo,institut fur informationssysteme tu braunschweig,False
"Universität Stuttgart, Institute of Parallel and Distributed System",1,geoinfo,universitat stuttgart institute of parallel and distributed system,False
Universidade Metodista de Piracicaba (UNIMEP),1,geoinfo,universidade metodista de piracicaba unimep,False
Centro Federal de Educação Tecnológica do Amazonas (CEFET/AM),1,geoinfo,centro federal de educacao tecnologica do amazonas cefetam,False
INPA - Instituto Nacional de Pesquisas da Amazônia,1,geoinfo,inpa instituto nacional de pesquisas da amazonia,False
Instituto Nacional de Matemática Pura e Aplicada (IMPA),1,geoinfo,instituto nacional de matematica pura e aplicada impa,False
Centro Federal de Educação Tecnológica do Paraná (CEFET/PR),1,geoinfo,centro federal de educacao tecnologica do parana cefetpr,False
Institute for Geoinformation and Cartography,1,geoinfo,institute for geoinformation and cartography,False
Computer Graphics Group (TECGRAF),1,geoinfo,computer graphics group tecgraf,False
European Centre for Medium-Range Weather Forecasts,1,geoinfo,european centre for mediumrange weather forecasts,False
Open Geo Hub (OGH),1,geoinfo,open geo hub ogh,False
University of British Columbia,1,geoinfo,university of british columbia,False
Instituto Geológico (IG),1,geoinfo,instituto geologico ig,False
Laboratoire Souterrain du Centre National de Recherche Scientifique,1,geoinfo,laboratoire souterrain du centre national de recherche scientifique,False
Universidade Tiradentes (UNIT),1,geoinfo,universidade tiradentes unit,False
Universidade Estácio de Sá,1,geoinfo,universidade estacio de sa,False
Tecgraf – Computer Graphics Technology Group,1,geoinfo,tecgraf computer graphics technology group,False
Instituto Nacional de Pesquisas Espaciais,165,citantes,instituto nacional de pesquisas espaciais,False
Universidade Federal de Minas Gerais,82,citantes,universidade federal de minas gerais,False
Pontifícia Universidade Católica do Rio de Janeiro,58,citantes,pontificia universidade catolica do rio de janeiro,False
Universidade Federal de Viçosa,47,citantes,universidade federal de vicosa,False
Universidade de São Paulo,41,citantes,universidade de sao paulo,False
Universidade Estadual de Campinas (UNICAMP),37,citantes,universidade estadual de campinas unicamp,False
Universidade Federal de Santa Catarina,37,citantes,universidade federal de santa catarina,False
Universidade Federal de São Carlos,30,citantes,universidade federal de sao carlos,False
Universidade Tecnológica Federal do Paraná,29,citantes,universidade tecnologica federal do parana,False
Universidade Federal de Goiás,27,citantes,universidade federal de goias,False
Universidade Federal de Ouro Preto,26,citantes,universidade federal de ouro preto,False
Universidade Federal do Paraná,24,citantes,universidade federal do parana,False
Universidade Federal de Pernambuco,22,citantes,universidade federal de pernambuco,False
Universidade Federal do Rio de Janeiro,20,citantes,universidade federal do rio de janeiro,False
Brazilian Agricultural Research Corporation,19,citantes,brazilian agricultural research corporation,False
Universidade Federal de Campina Grande,18,citantes,universidade federal de campina grande,False
Pontifícia Universidade Católica de Minas Gerais,16,citantes,pontificia universidade catolica de minas gerais,False
"University of California, Santa Barbara",15,citantes,university of california santa barbara,False
"Istituto di Scienza e Tecnologie dell'Informazione ""Alessandro Faedo""",15,citantes,istituto di scienza e tecnologie dellinformazione alessandro faedo,False
Universidade Estadual Paulista (UNESP),14,citantes,universidade estadual paulista unesp,False
University of Münster,13,citantes,university of munster,False
Chinese Academy of Sciences,13,citantes,chinese academy of sciences,False
Fundação Oswaldo Cruz,13,citantes,fundacao oswaldo cruz,False
"Instituto Federal de Educação, Ciência e Tecnologia de Santa Catarina",13,citantes,instituto federal de educacao ciencia e tecnologia de santa catarina,False
Universidade Federal do Estado do Rio de Janeiro,12,citantes,universidade federal do estado do rio de janeiro,False
Universidade Federal da Bahia,11,citantes,universidade federal da bahia,False
Universidade Federal do Rio Grande do Sul,11,citantes,universidade federal do rio grande do sul,False
Université Libre de Bruxelles,11,citantes,universite libre de bruxelles,False
Federal Institute of São Paulo,10,citantes,federal institute of sao paulo,False
Wuhan University,10,citantes,wuhan university,False
Universidade Federal do Rio Grande do Norte,10,citantes,universidade federal do rio grande do norte,False
Universidad Distrital Francisco José de Caldas,10,citantes,universidad distrital francisco jose de caldas,False
Pennsylvania State University,10,citantes,pennsylvania state university,False
Centro Nacional de Monitoramento e Alertas de Desastres Naturais,10,citantes,centro nacional de monitoramento e alertas de desastres naturais,False
Forschungszentrum Telekommunikation Wien,10,citantes,forschungszentrum telekommunikation wien,False
Instituto Federal de Educação Ciência e Tecnologia da Paraíba,10,citantes,instituto federal de educacao ciencia e tecnologia da paraiba,False
Universidade Federal de Itajubá,9,citantes,universidade federal de itajuba,False
Universidade de Brasília,9,citantes,universidade de brasilia,False
Universidade Federal do Ceará,9,citantes,universidade federal do ceara,False
Centre National de la Recherche Scientifique,9,citantes,centre national de la recherche scientifique,False
University of Stuttgart,8,citantes,university of stuttgart,False
Instituto Federal do Maranhão,8,citantes,instituto federal do maranhao,False
Federal University of São João del-Rei,8,citantes,federal university of sao joao delrei,False
Centro Universitário de Belo Horizonte,7,citantes,centro universitario de belo horizonte,False
Rensselaer Polytechnic Institute,7,citantes,rensselaer polytechnic institute,False
University of Thessaly,7,citantes,university of thessaly,False
The University of Texas at El Paso,7,citantes,the university of texas at el paso,False
"Instituto Federal de Educação, Ciência e Tecnologia do Pará",7,citantes,instituto federal de educacao ciencia e tecnologia do para,False
University of Tehran,7,citantes,university of tehran,False
Federal Center for Technological Education of Minas Gerais,7,citantes,federal center for technological education of minas gerais,False
Universitat Politècnica de València,7,citantes,universitat politecnica de valencia,False
Institute of Computing Technology,7,citantes,institute of computing technology,False
Universidade do Estado do Rio de Janeiro,7,citantes,universidade do estado do rio de janeiro,False
National University of Comahue,6,citantes,national university of comahue,False
University of Lisbon,6,citantes,university of lisbon,False
Norwegian University of Science and Technology,6,citantes,norwegian university of science and technology,False
University of Hassan II Casablanca,6,citantes,university of hassan ii casablanca,False
University of Verona,6,citantes,university of verona,False
University of Castilla-La Mancha,6,citantes,university of castillala mancha,False
Universidade Federal Fluminense,6,citantes,universidade federal fluminense,False
Universidade Federal do ABC,6,citantes,universidade federal do abc,False
"National University of Ireland, Maynooth",6,citantes,national university of ireland maynooth,False
Instituto Nacional de Pesquisas da Amazônia,6,citantes,instituto nacional de pesquisas da amazonia,False
Université Grenoble Alpes,6,citantes,universite grenoble alpes,False
Nanjing Normal University,6,citantes,nanjing normal university,False
Universidade Nova de Lisboa,6,citantes,universidade nova de lisboa,False
Faculdades Guarulhos,6,citantes,faculdades guarulhos,False
Henan Polytechnic University,5,citantes,henan polytechnic university,False
Universidade Federal de Mato Grosso,5,citantes,universidade federal de mato grosso,False
Universidade Federal de Pelotas,5,citantes,universidade federal de pelotas,False
Centro Nacional de Información Geográfica,5,citantes,centro nacional de informacion geografica,False
Universidade Federal do Maranhão,5,citantes,universidade federal do maranhao,False
Silesian University of Technology,5,citantes,silesian university of technology,False
Utrecht University,5,citantes,utrecht university,False
Universidad Filadelfia de México,5,citantes,universidad filadelfia de mexico,False
Institut de Recherche de l’École Navale,5,citantes,institut de recherche de lecole navale,False
Instituto Politécnico Nacional,5,citantes,instituto politecnico nacional,False
University of Almería,5,citantes,university of almeria,False
Military Institute of Engineering,5,citantes,military institute of engineering,False
Kwame Nkrumah University of Science and Technology,5,citantes,kwame nkrumah university of science and technology,False
Universidade Federal de Rondônia,5,citantes,universidade federal de rondonia,False
"University of Maryland, College Park",5,citantes,university of maryland college park,False
Jiangsu Center for Collaborative Innovation in Geographical Information Resource Development and Application,5,citantes,jiangsu center for collaborative innovation in geographical information resource development and application,False
University of Wisconsin–Milwaukee,5,citantes,university of wisconsinmilwaukee,False
University of Tennessee at Knoxville,5,citantes,university of tennessee at knoxville,False
University of Agder,5,citantes,university of agder,False
Universidad Nacional de Colombia,5,citantes,universidad nacional de colombia,False
Instituto Tecnológico de Buenos Aires (ITBA),5,citantes,instituto tecnologico de buenos aires itba,False
Universitat Jaume I,5,citantes,universitat jaume i,False
Universidade Estadual do Oeste do Paraná,4,citantes,universidade estadual do oeste do parana,False
China University of Geosciences,4,citantes,china university of geosciences,False
University of Warwick,4,citantes,university of warwick,False
The Ohio State University,4,citantes,the ohio state university,False
Universidade Federal de Alagoas,4,citantes,universidade federal de alagoas,False
Fundação de Apoio à Universidade Federal de São Paulo,4,citantes,fundacao de apoio a universidade federal de sao paulo,False
Cardiff University,4,citantes,cardiff university,False
Institute of Geographic Sciences and Natural Resources Research,4,citantes,institute of geographic sciences and natural resources research,False
Universidade Federal da Paraíba,4,citantes,universidade federal da paraiba,False
Colorado State University,4,citantes,colorado state university,False
Universidad Politécnica de Madrid,4,citantes,universidad politecnica de madrid,False
Jet Propulsion Laboratory,4,citantes,jet propulsion laboratory,False
"Bases, Corpus, Langage",4,citantes,bases corpus langage,False
University of Edinburgh,4,citantes,university of edinburgh,False
University of Canterbury,4,citantes,university of canterbury,False
University of Turin,4,citantes,university of turin,False
University of Ottawa,4,citantes,university of ottawa,False
University of Connecticut,4,citantes,university of connecticut,False
Instituto Federal do Paraná,4,citantes,instituto federal do parana,False
University of Maine,4,citantes,university of maine,False
University of Southern California,4,citantes,university of southern california,False
University of Calgary,4,citantes,university of calgary,False
Athena Research and Innovation Center In Information Communication & Knowledge Technologies,4,citantes,athena research and innovation center in information communication knowledge technologies,False
Brazilian Society of Computational and Applied Mathematics,4,citantes,brazilian society of computational and applied mathematics,False
Delft University of Technology,4,citantes,delft university of technology,False
Eindhoven University of Technology,4,citantes,eindhoven university of technology,False
Universidade Estadual do Maranhão,4,citantes,universidade estadual do maranhao,False
"Instituto Federal de Educação, Ciência e Tecnologia de Minas Gerais",4,citantes,instituto federal de educacao ciencia e tecnologia de minas gerais,False
Kola Science Centre,4,citantes,kola science centre,False
TU Wien,4,citantes,tu wien,False
Peking University,4,citantes,peking university,False
Ghent University,4,citantes,ghent university,False
Murmansk Arctic State University,4,citantes,murmansk arctic state university,False
Universidade Federal Rural do Rio de Janeiro,4,citantes,universidade federal rural do rio de janeiro,False
Universidade Estadual da Paraíba,4,citantes,universidade estadual da paraiba,False
The University of Texas at Dallas,4,citantes,the university of texas at dallas,False
Universidad de Buenos Aires,4,citantes,universidad de buenos aires,False
Transnational University Limburg,4,citantes,transnational university limburg,False
Nanjing University,4,citantes,nanjing university,False
Hasselt University,4,citantes,hasselt university,False
"Instituto Federal de Educação, Ciência e Tecnologia do Rio Grande do Sul",3,citantes,instituto federal de educacao ciencia e tecnologia do rio grande do sul,False
Leibniz University Hannover,3,citantes,leibniz university hannover,False
King Abdulaziz University,3,citantes,king abdulaziz university,False
Universidade Federal Rural de Pernambuco,3,citantes,universidade federal rural de pernambuco,False
Curtin University,3,citantes,curtin university,False
University of West Bohemia in Pilsen,3,citantes,university of west bohemia in pilsen,False
Hospital de Clínicas da Unicamp,3,citantes,hospital de clinicas da unicamp,False
University of Peloponnese,3,citantes,university of peloponnese,False
Polytechnic José Antonio Echeverría,3,citantes,polytechnic jose antonio echeverria,False
Centre Hospitalier Universitaire de Tours,3,citantes,centre hospitalier universitaire de tours,False
Universidad de Extremadura,3,citantes,universidad de extremadura,False
Graz University of Technology,3,citantes,graz university of technology,False
Goddard Space Flight Center,3,citantes,goddard space flight center,False
Brazilian Institute of Geography and Statistics,3,citantes,brazilian institute of geography and statistics,False
Institut Scientifique de Service Public,3,citantes,institut scientifique de service public,False
Massey University,3,citantes,massey university,False
Universidade Federal de Santa Maria,3,citantes,universidade federal de santa maria,False
San Francisco State University,3,citantes,san francisco state university,False
Leipzig University,3,citantes,leipzig university,False
University of Alicante,3,citantes,university of alicante,False
Centre National d'Études Spatiales,3,citantes,centre national detudes spatiales,False
Institute of Computer Science,3,citantes,institute of computer science,False
Instituto de Engenharia de Sistemas e Computadores Investigação e Desenvolvimento,3,citantes,instituto de engenharia de sistemas e computadores investigacao e desenvolvimento,False
University of Seoul,3,citantes,university of seoul,False
University of Illinois Urbana-Champaign,3,citantes,university of illinois urbanachampaign,False
University of Chinese Academy of Sciences,3,citantes,university of chinese academy of sciences,False
Georgia State University,3,citantes,georgia state university,False
Technical University of Munich,3,citantes,technical university of munich,False
Cadi Ayyad University,3,citantes,cadi ayyad university,False
Universidade Federal do Amazonas,3,citantes,universidade federal do amazonas,False
Instituto Superior de Teologia Aplicada,3,citantes,instituto superior de teologia aplicada,False
Imperial College London,3,citantes,imperial college london,False
State Key Laboratory of Resources and Environmental Information System,3,citantes,state key laboratory of resources and environmental information system,False
Aalto University,3,citantes,aalto university,False
University of Salford,3,citantes,university of salford,False
University of Information Science,3,citantes,university of information science,False
Instituto de Saúde,3,citantes,instituto de saude,False
Universidade Federal de Sergipe,3,citantes,universidade federal de sergipe,False
Pontifícia Universidade Católica do Rio Grande do Sul,3,citantes,pontificia universidade catolica do rio grande do sul,False
University of Iowa,3,citantes,university of iowa,False
Ocean University of China,3,citantes,ocean university of china,False
Universidade do Estado da Bahia,3,citantes,universidade do estado da bahia,False
Petrobras (Brazil),3,citantes,petrobras brazil,False
Instituto Tecnológico de Aeronáutica,3,citantes,instituto tecnologico de aeronautica,False
Universidade Federal de Uberlândia,3,citantes,universidade federal de uberlandia,False
Universidade Federal Rural da Amazônia,3,citantes,universidade federal rural da amazonia,False
"Instituto Federal de Educação, Ciência e Tecnologia do Ceará",3,citantes,instituto federal de educacao ciencia e tecnologia do ceara,False
University of Virginia,3,citantes,university of virginia,False
Universidade Federal de São Paulo,3,citantes,universidade federal de sao paulo,False
"University of Maryland, Baltimore County",3,citantes,university of maryland baltimore county,False
Instituto Federal de Educação Ciência e Tecnologia do Norte de Minas Gerais,3,citantes,instituto federal de educacao ciencia e tecnologia do norte de minas gerais,False
"University of California, Los Angeles",3,citantes,university of california los angeles,False
CRC for Spatial information,3,citantes,crc for spatial information,False
Instituto de Tecnologia e Pesquisa,3,citantes,instituto de tecnologia e pesquisa,False
University of Wisconsin–Madison,3,citantes,university of wisconsinmadison,False
Universitat Politècnica de Catalunya,3,citantes,universitat politecnica de catalunya,False
Université Clermont Auvergne,3,citantes,universite clermont auvergne,False
Universidade Federal de Lavras,3,citantes,universidade federal de lavras,False
Institute of Applied Economic Research,3,citantes,institute of applied economic research,False
Dalhousie University,3,citantes,dalhousie university,False
State Key Laboratory of Information Engineering in Surveying Mapping and Remote Sensing,3,citantes,state key laboratory of information engineering in surveying mapping and remote sensing,False
Universidade do Porto,3,citantes,universidade do porto,False
Universidad Nacional Autónoma de México,3,citantes,universidad nacional autonoma de mexico,False
University of Reading,3,citantes,university of reading,False
Beihang University,3,citantes,beihang university,False
Emory University,3,citantes,emory university,False
Governo do Estado de São Paulo,3,citantes,governo do estado de sao paulo,False
University of Stirling,3,citantes,university of stirling,False
Departamento de Ciência e Tecnologia,3,citantes,departamento de ciencia e tecnologia,False
Universidad Autónoma de Ciudad Juárez,3,citantes,universidad autonoma de ciudad juarez,False
Huazhong University of Science and Technology,3,citantes,huazhong university of science and technology,False
University of Notre Dame,3,citantes,university of notre dame,False
Amazon (United States),3,citantes,amazon united states,False
Humboldt-Universität zu Berlin,3,citantes,humboldtuniversitat zu berlin,False
University College Dublin,3,citantes,university college dublin,False
Universidade Federal do Oeste da Bahia,2,citantes,universidade federal do oeste da bahia,False
Nagoya University,2,citantes,nagoya university,False
Microsoft (United States),2,citantes,microsoft united states,False
Institut Supérieur de Gestion de Tunis,2,citantes,institut superieur de gestion de tunis,False
Swansea University,2,citantes,swansea university,False
Tunis University,2,citantes,tunis university,False
Lancaster University,2,citantes,lancaster university,False
Deutsches Zentrum für Luft- und Raumfahrt e. V. (DLR),2,citantes,deutsches zentrum fur luft und raumfahrt e v dlr,False
Ministry of Natural Resources,2,citantes,ministry of natural resources,False
Instituto Federal Goiano,2,citantes,instituto federal goiano,False
University of Nebraska–Lincoln,2,citantes,university of nebraskalincoln,False
Universidade Estadual de Londrina,2,citantes,universidade estadual de londrina,False
University of Georgia,2,citantes,university of georgia,False
Universidade Federal do Pampa,2,citantes,universidade federal do pampa,False
Centre d'Études Spatiales de la Biosphère,2,citantes,centre detudes spatiales de la biosphere,False
Technische Universität Dresden,2,citantes,technische universitat dresden,False
European Organisation for Research and Treatment of Cancer,2,citantes,european organisation for research and treatment of cancer,False
Hospital Ana Nery,2,citantes,hospital ana nery,False
Universidade Federal da Grande Dourados,2,citantes,universidade federal da grande dourados,False
Universidade Fundação Mineira de Educação e Cultura,2,citantes,universidade fundacao mineira de educacao e cultura,False
McMaster University,2,citantes,mcmaster university,False
Institut Supérieur de l'Électronique et du Numérique,2,citantes,institut superieur de lelectronique et du numerique,False
Laboratoire d'Informatique Fondamentale et Appliquée de Tours,2,citantes,laboratoire dinformatique fondamentale et appliquee de tours,False
Centro de Estudos e Pesquisa em Saúde Coletiva,2,citantes,centro de estudos e pesquisa em saude coletiva,False
National Research Council,2,citantes,national research council,False
Vale Technological Institute,2,citantes,vale technological institute,False
Duke University,2,citantes,duke university,False
Tecnológico Nacional de México,2,citantes,tecnologico nacional de mexico,False
University of Augsburg,2,citantes,university of augsburg,False
Feng Chia University,2,citantes,feng chia university,False
University of Waterloo,2,citantes,university of waterloo,False
Tsinghua University,2,citantes,tsinghua university,False
Amec Foster Wheeler (United States),2,citantes,amec foster wheeler united states,False
Central Maine Community College,2,citantes,central maine community college,False
Dalian University of Technology,2,citantes,dalian university of technology,False
Barcelona Supercomputing Center,2,citantes,barcelona supercomputing center,False
UCLouvain,2,citantes,uclouvain,False
Technologies et systèmes d'information pour les agrosystèmes,2,citantes,technologies et systemes dinformation pour les agrosystemes,False
Secretaria do Meio Ambiente,2,citantes,secretaria do meio ambiente,False
Technical University of Denmark,2,citantes,technical university of denmark,False
Guangxi Normal University,2,citantes,guangxi normal university,False
Istanbul Aydın University,2,citantes,istanbul aydın university,False
University of Arkansas at Fayetteville,2,citantes,university of arkansas at fayetteville,False
Research Studios Austria,2,citantes,research studios austria,False
Wrocław University of Environmental and Life Sciences,2,citantes,wrocław university of environmental and life sciences,False
University of the Philippines Diliman,2,citantes,university of the philippines diliman,False
Google (United States),2,citantes,google united states,False
Hassania School of Public Works,2,citantes,hassania school of public works,False
New College,2,citantes,new college,False
University of Oxford,2,citantes,university of oxford,False
Cary Institute of Ecosystem Studies,2,citantes,cary institute of ecosystem studies,False
"University of California, Berkeley",2,citantes,university of california berkeley,False
Instituto Politécnico de Lisboa,2,citantes,instituto politecnico de lisboa,False
Institut polytechnique de Grenoble,2,citantes,institut polytechnique de grenoble,False
Beijing University of Posts and Telecommunications,2,citantes,beijing university of posts and telecommunications,False
TH Köln - University of Applied Sciences,2,citantes,th koln university of applied sciences,False
University of Portsmouth,2,citantes,university of portsmouth,False
"Institut Supérieur d’Informatique, de Modélisation et de leurs Applications",2,citantes,institut superieur dinformatique de modelisation et de leurs applications,False
"Laboratoire d'Informatique, de Modélisation et d'Optimisation des Systèmes",2,citantes,laboratoire dinformatique de modelisation et doptimisation des systemes,False
"Instituto Federal de Educação, Ciência e Tecnologia de Alagoas",2,citantes,instituto federal de educacao ciencia e tecnologia de alagoas,False
University of Surrey,2,citantes,university of surrey,False
Central South University,2,citantes,central south university,False
Michigan State University,2,citantes,michigan state university,False
Universidade Salvador,2,citantes,universidade salvador,False
University of Minnesota,2,citantes,university of minnesota,False
National Education and Research Network,2,citantes,national education and research network,False
VeDeCoM Institute,2,citantes,vedecom institute,False
Shenzhen University,2,citantes,shenzhen university,False
National Science Library,2,citantes,national science library,False
Universidad de Oriente,2,citantes,universidad de oriente,False
"Littoral, Environnement, Télédétection, Géomatique",2,citantes,littoral environnement teledetection geomatique,False
Higher Institute of Management,2,citantes,higher institute of management,False
Universidad de Medellín,2,citantes,universidad de medellin,False
Institute of Informatics of the Slovak Academy of Sciences,2,citantes,institute of informatics of the slovak academy of sciences,False
Hashemite University,2,citantes,hashemite university,False
Open University of Cyprus,2,citantes,open university of cyprus,False
Arizona State University,2,citantes,arizona state university,False
Universidade Federal do Piauí,2,citantes,universidade federal do piaui,False
University of Chester,2,citantes,university of chester,False
Université de Sherbrooke,2,citantes,universite de sherbrooke,False
Instituto Superior Técnico,2,citantes,instituto superior tecnico,False
Oak Ridge National Laboratory,2,citantes,oak ridge national laboratory,False
Massachusetts Institute of Technology,2,citantes,massachusetts institute of technology,False
Universidad de Antioquia,2,citantes,universidad de antioquia,False
University of Twente,2,citantes,university of twente,False
GITAM University,2,citantes,gitam university,False
"Jawaharlal Nehru Technological University, Hyderabad",2,citantes,jawaharlal nehru technological university hyderabad,False
Secretaria de Agricultura e Abastecimento,2,citantes,secretaria de agricultura e abastecimento,False
Lyon 1 Université,2,citantes,lyon 1 universite,False
Hokkaido University,2,citantes,hokkaido university,False
University of Utah,2,citantes,university of utah,False
Universidade Federal do Recôncavo da Bahia,2,citantes,universidade federal do reconcavo da bahia,False
Stony Brook University,2,citantes,stony brook university,False
Ca' Foscari University of Venice,2,citantes,ca foscari university of venice,False
University of Piraeus,2,citantes,university of piraeus,False
University of Genoa,2,citantes,university of genoa,False
Universidade do Estado do Rio Grande do Norte,2,citantes,universidade do estado do rio grande do norte,False
University of British Columbia,2,citantes,university of british columbia,False
École Polytechnique Fédérale de Lausanne,2,citantes,ecole polytechnique federale de lausanne,False
Communication University of Zhejiang,2,citantes,communication university of zhejiang,False
ETH Zurich,2,citantes,eth zurich,False
University of Zurich,2,citantes,university of zurich,False
Association of British Orchestras,2,citantes,association of british orchestras,False
Associação de Assistência à Criança Deficiente,2,citantes,associacao de assistencia a crianca deficiente,False
University of Évora,2,citantes,university of evora,False
Wright State University,2,citantes,wright state university,False
University of Otago,2,citantes,university of otago,False
National Technical University of Athens,2,citantes,national technical university of athens,False
Louisiana Tech University,2,citantes,louisiana tech university,False
Tribunal de Contas,2,citantes,tribunal de contas,False
Nagoya Institute of Technology,2,citantes,nagoya institute of technology,False
University of Tasmania,2,citantes,university of tasmania,False
State Key Laboratory of Remote Sensing Science,2,citantes,state key laboratory of remote sensing science,False
The University of Texas at Arlington,2,citantes,the university of texas at arlington,False
Institut National des Sciences Appliquées de Lyon,2,citantes,institut national des sciences appliquees de lyon,False
University of New Brunswick,2,citantes,university of new brunswick,False
Al-Ahliyya Amman University,2,citantes,alahliyya amman university,False
Fundação Getulio Vargas,2,citantes,fundacao getulio vargas,False
Laboratoire d'Informatique de Paris-Nord,2,citantes,laboratoire dinformatique de parisnord,False
University of Pisa,2,citantes,university of pisa,False
North China Electric Power University,2,citantes,north china electric power university,False
Lawrence Berkeley National Laboratory,2,citantes,lawrence berkeley national laboratory,False
China University of Mining and Technology,2,citantes,china university of mining and technology,False
Agricultural Sciences and Natural Resources University of Khuzestan,2,citantes,agricultural sciences and natural resources university of khuzestan,False
Universidad de la República de Uruguay,2,citantes,universidad de la republica de uruguay,False
Alzahra University,2,citantes,alzahra university,False
Fraunhofer Institute for Intelligent Analysis and Information Systems,2,citantes,fraunhofer institute for intelligent analysis and information systems,False
University of Coimbra,2,citantes,university of coimbra,False
The University of Melbourne,2,citantes,the university of melbourne,False
George Mason University,2,citantes,george mason university,False
Chinese Academy of Forestry,2,citantes,chinese academy of forestry,False
Universidad de Málaga,2,citantes,universidad de malaga,False
KU Leuven,2,citantes,ku leuven,False
Clemson University,2,citantes,clemson university,False
National Cheng Kung University,2,citantes,national cheng kung university,False
Shenyang Jianzhu University,2,citantes,shenyang jianzhu university,False
National University of Defense Technology,2,citantes,national university of defense technology,False
Hospital Regional de Presidente Prudente,2,citantes,hospital regional de presidente prudente,False
Hong Kong Polytechnic University,2,citantes,hong kong polytechnic university,False
Escola Nacional de Saúde Pública,2,citantes,escola nacional de saude publica,False
Universidade de Ribeirão Preto,2,citantes,universidade de ribeirao preto,False
Aarhus University,2,citantes,aarhus university,False
"University of California, Riverside",2,citantes,university of california riverside,False
Universidade Federal de Mato Grosso do Sul,2,citantes,universidade federal de mato grosso do sul,False
Instituto do Coração,2,citantes,instituto do coracao,False
Universidade Federal do Espírito Santo,2,citantes,universidade federal do espirito santo,False
HES-SO University of Applied Sciences and Arts Western Switzerland,2,citantes,hesso university of applied sciences and arts western switzerland,False
Universidade Federal do Rio Grande,2,citantes,universidade federal do rio grande,False
Laboratoire d'Informatique de Grenoble,2,citantes,laboratoire dinformatique de grenoble,False
University of Salento,2,citantes,university of salento,False
University of Oklahoma,2,citantes,university of oklahoma,False
Texas A&M University,2,citantes,texas am university,False
Universidade Nove de Julho,2,citantes,universidade nove de julho,False
Martin Luther University Halle-Wittenberg,2,citantes,martin luther university hallewittenberg,False
Ministry of Health,2,citantes,ministry of health,False
University of Warsaw,2,citantes,university of warsaw,False
Francisco Gavidia University,2,citantes,francisco gavidia university,False
Advanced Technologies Application Center,2,citantes,advanced technologies application center,False
Universidad de Murcia,2,citantes,universidad de murcia,False
Serviço Geológico do Brasil - CPRM,2,citantes,servico geologico do brasil cprm,False
Carl von Ossietzky Universität Oldenburg,2,citantes,carl von ossietzky universitat oldenburg,False
University of Minho,2,citantes,university of minho,False
Qazvin Islamic Azad University,2,citantes,qazvin islamic azad university,False
Universidade Politecnica,2,citantes,universidade politecnica,False
University of Sheffield,2,citantes,university of sheffield,False
Universidade Católica de Pelotas,2,citantes,universidade catolica de pelotas,False
Stada Arzneimittel (Germany),2,citantes,stada arzneimittel germany,False
La Trobe University,2,citantes,la trobe university,False
Faesa Centro Universitario,2,citantes,faesa centro universitario,False
Loyola University Maryland,2,citantes,loyola university maryland,False
Politecnico di Milano,2,citantes,politecnico di milano,False
Methodist University of Piracicaba,2,citantes,methodist university of piracicaba,False
Universidade Candido Mendes,2,citantes,universidade candido mendes,False
Exelixis (United States),2,citantes,exelixis united states,False
CapeSym (United States),2,citantes,capesym united states,False
Faculdade de Tecnologia e Ciências,2,citantes,faculdade de tecnologia e ciencias,False
Centre for Research and Development in Telecommunications (Brazil),2,citantes,centre for research and development in telecommunications brazil,False
Shandong University,2,citantes,shandong university,False
Centro de Referência em Informação Ambiental,2,citantes,centro de referencia em informacao ambiental,False
Amazon (Germany),2,citantes,amazon germany,False
Universidade Estadual de Montes Claros,2,citantes,universidade estadual de montes claros,False
Konkuk University,2,citantes,konkuk university,False
James Cook University,2,citantes,james cook university,False
"Instituto Federal de Educação, Ciência e Tecnologia de Rondônia",2,citantes,instituto federal de educacao ciencia e tecnologia de rondonia,False
Manouba University,2,citantes,manouba university,False
"Department of Physics, Mathematics and Informatics",2,citantes,department of physics mathematics and informatics,False
Consejería de Educación de la Junta de Castilla y León,2,citantes,consejeria de educacion de la junta de castilla y leon,False
"Centro Tecnológico de Investigación, Desarrollo e Innovación en tecnologías de la Información y las Comunicaciones (TIC)",2,citantes,centro tecnologico de investigacion desarrollo e innovacion en tecnologias de la informacion y las comunicaciones tic,False
Agricultural Research Service,2,citantes,agricultural research service,False
Instituto Federal Sul-rio-grandense,2,citantes,instituto federal sulriograndense,False
Istituto Superiore per la Protezione e la Ricerca Ambientale,2,citantes,istituto superiore per la protezione e la ricerca ambientale,False
Universidade Federal do Pará,2,citantes,universidade federal do para,False
Cyprus University of Technology,1,citantes,cyprus university of technology,False
Maritime Institute of Eastern Mediterranean,1,citantes,maritime institute of eastern mediterranean,False
Laboratoire des Sciences et Techniques de l’Information de la Communication et de la Connaissance,1,citantes,laboratoire des sciences et techniques de linformation de la communication et de la connaissance,False
North Atlantic Treaty Organization,1,citantes,north atlantic treaty organization,False
Harbin Electric Corporation (China),1,citantes,harbin electric corporation china,False
University of Łódź,1,citantes,university of łodz,False
University Ferhat Abbas of Setif,1,citantes,university ferhat abbas of setif,False
Universidade Federal de Alfenas,1,citantes,universidade federal de alfenas,False
Université de Rennes,1,citantes,universite de rennes,False
University of Isfahan,1,citantes,university of isfahan,False
Instituto Nacional de Investigaciones Forestales Agrícolas y Pecuarias,1,citantes,instituto nacional de investigaciones forestales agricolas y pecuarias,False
James Hutton Institute,1,citantes,james hutton institute,False
University of Wuppertal,1,citantes,university of wuppertal,False
Deakin University,1,citantes,deakin university,False
Queensland University of Technology,1,citantes,queensland university of technology,False
University of South Carolina,1,citantes,university of south carolina,False
Sheffield Hallam University,1,citantes,sheffield hallam university,False
Universidad de Oviedo,1,citantes,universidad de oviedo,False
Zonguldak Bülent Ecevit University,1,citantes,zonguldak bulent ecevit university,False
Colorado School of Mines,1,citantes,colorado school of mines,False
Saudi Aramco (Saudi Arabia),1,citantes,saudi aramco saudi arabia,False
Perdana University,1,citantes,perdana university,False
Vladimir State University,1,citantes,vladimir state university,False
Murmansk State Technical University,1,citantes,murmansk state technical university,False
Chalmers University of Technology,1,citantes,chalmers university of technology,False
Singapore Management University,1,citantes,singapore management university,False
Intel (United States),1,citantes,intel united states,False
Beni-Suef University,1,citantes,benisuef university,False
Cairo University,1,citantes,cairo university,False
PES University,1,citantes,pes university,False
National Commission for the Knowledge and Use of Biodiversity,1,citantes,national commission for the knowledge and use of biodiversity,False
Jamia Millia Islamia,1,citantes,jamia millia islamia,False
Universidade do Estado de Santa Catarina,1,citantes,universidade do estado de santa catarina,False
Hunan Police Academy,1,citantes,hunan police academy,False
Ministry of Public Security of the People's Republic of China,1,citantes,ministry of public security of the peoples republic of china,False
Second Hospital of Liaohe Oilfield,1,citantes,second hospital of liaohe oilfield,False
Gumma Paz College,1,citantes,gumma paz college,False
Hokuriku University,1,citantes,hokuriku university,False
Nippon Dental University,1,citantes,nippon dental university,False
University of Tsukuba,1,citantes,university of tsukuba,False
Institute for Global Environmental Strategies,1,citantes,institute for global environmental strategies,False
Délégation Paris 5,1,citantes,delegation paris 5,False
Laboratoire Informatique Paris Descartes,1,citantes,laboratoire informatique paris descartes,False
Université Paris Cité,1,citantes,universite paris cite,False
Hitachi (United Kingdom),1,citantes,hitachi united kingdom,False
South China Normal University,1,citantes,south china normal university,False
AndroScience (United States),1,citantes,androscience united states,False
Empresa de Desenvolvimento Mineiro (Portugal),1,citantes,empresa de desenvolvimento mineiro portugal,False
Eos Neuroscience (United States),1,citantes,eos neuroscience united states,False
Institut National de Prévention et d’Education pour la Santé,1,citantes,institut national de prevention et deducation pour la sante,False
Planned Parenthood,1,citantes,planned parenthood,False
Universidad de la Empresa,1,citantes,universidad de la empresa,False
Kunsan National University,1,citantes,kunsan national university,False
Biologie Labor,1,citantes,biologie labor,False
Swinburne University of Technology,1,citantes,swinburne university of technology,False
Instituto Tecnológico de Tijuana,1,citantes,instituto tecnologico de tijuana,False
International Center for Tropical Agriculture,1,citantes,international center for tropical agriculture,False
Institute of Mathematics and Computer Science,1,citantes,institute of mathematics and computer science,False
Chuzhou University,1,citantes,chuzhou university,False
Shenhua Group (China),1,citantes,shenhua group china,False
Clermont Université,1,citantes,clermont universite,False
Instituto Federal do Rio Grande do Norte,1,citantes,instituto federal do rio grande do norte,False
Hunan Normal University,1,citantes,hunan normal university,False
Pangasinan State University,1,citantes,pangasinan state university,False
Urdaneta City University,1,citantes,urdaneta city university,False
Hebrew University of Jerusalem,1,citantes,hebrew university of jerusalem,False
At Bristol,1,citantes,at bristol,False
European Incoherent Scatter Scientific Association,1,citantes,european incoherent scatter scientific association,False
University of Bath,1,citantes,university of bath,False
East China Normal University,1,citantes,east china normal university,False
Kazan State Technical University named after A. N. Tupolev,1,citantes,kazan state technical university named after a n tupolev,False
University of Nebraska at Omaha,1,citantes,university of nebraska at omaha,False
Hellenic Open University,1,citantes,hellenic open university,False
Ionian University,1,citantes,ionian university,False
Astro Space Center,1,citantes,astro space center,False
Russian Academy of Sciences,1,citantes,russian academy of sciences,False
AT&T (United States),1,citantes,att united states,False
Heidelberg University,1,citantes,heidelberg university,False
Forschungszentrum Jülich,1,citantes,forschungszentrum julich,False
Friedrich-Alexander-Universität Erlangen-Nürnberg,1,citantes,friedrichalexanderuniversitat erlangennurnberg,False
University of Maribor,1,citantes,university of maribor,False
Computer Algorithms for Medicine,1,citantes,computer algorithms for medicine,False
Center for Massive Data Algorithmics,1,citantes,center for massive data algorithmics,False
University of Hawaiʻi at Mānoa,1,citantes,university of hawaiʻi at manoa,False
NTT (Japan),1,citantes,ntt japan,False
Shimane University,1,citantes,shimane university,False
Hanyang University,1,citantes,hanyang university,False
Information Technology Institute,1,citantes,information technology institute,False
"National Academies of Sciences, Engineering, and Medicine",1,citantes,national academies of sciences engineering and medicine,False
Agricultural & Applied Economics Association,1,citantes,agricultural applied economics association,False
Chosun University,1,citantes,chosun university,False
University of Science and Technology of China,1,citantes,university of science and technology of china,False
Narsee Monjee Institute of Management Studies,1,citantes,narsee monjee institute of management studies,False
Shri Vile Parle Kelavani Mandal,1,citantes,shri vile parle kelavani mandal,False
Instituto Tecnológico de Apizaco,1,citantes,instituto tecnologico de apizaco,False
University of Kurdistan,1,citantes,university of kurdistan,False
University of Lagos,1,citantes,university of lagos,False
K.N.Toosi University of Technology,1,citantes,kntoosi university of technology,False
Information Systems Laboratories (United States),1,citantes,information systems laboratories united states,False
National Research Centre,1,citantes,national research centre,False
Tunisia Polytechnic School,1,citantes,tunisia polytechnic school,False
Université de Pau et des Pays de l'Adour,1,citantes,universite de pau et des pays de ladour,False
European Corporate Governance Institute,1,citantes,european corporate governance institute,False
Stockholm University,1,citantes,stockholm university,False
GeoInformation (United Kingdom),1,citantes,geoinformation united kingdom,False
United States Geological Survey,1,citantes,united states geological survey,False
University of Colorado Boulder,1,citantes,university of colorado boulder,False
Shenzhen Institutes of Advanced Technology,1,citantes,shenzhen institutes of advanced technology,False
Shenzhen Polytechnic University,1,citantes,shenzhen polytechnic university,False
"University of California, Davis",1,citantes,university of california davis,False
Institute of Scientific and Technical Information of China,1,citantes,institute of scientific and technical information of china,False
Polydoro Ernani de São Thiago University Hospital,1,citantes,polydoro ernani de sao thiago university hospital,False
Southern University of Science and Technology,1,citantes,southern university of science and technology,False
Masaryk University,1,citantes,masaryk university,False
Universidade Federal de Rondonópolis,1,citantes,universidade federal de rondonopolis,False
Fairleigh Dickinson University,1,citantes,fairleigh dickinson university,False
Secretaria da Saúde,1,citantes,secretaria da saude,False
University of Manitoba,1,citantes,university of manitoba,False
École de Technologie Supérieure,1,citantes,ecole de technologie superieure,False
École Navale,1,citantes,ecole navale,False
University of South Australia,1,citantes,university of south australia,False
Délégation Provence et Corse,1,citantes,delegation provence et corse,False
Lamsade,1,citantes,lamsade,False
Seoul National University,1,citantes,seoul national university,False
Joint Research Centre,1,citantes,joint research centre,False
International Institute of Information Technology,1,citantes,international institute of information technology,False
Sciences Po Toulouse,1,citantes,sciences po toulouse,False
Toulouse Mathematics Institute,1,citantes,toulouse mathematics institute,False
Toulouse School of Economics,1,citantes,toulouse school of economics,False
Lund University,1,citantes,lund university,False
Stanford University,1,citantes,stanford university,False
South China Sea Institute Of Oceanology,1,citantes,south china sea institute of oceanology,False
IPB University,1,citantes,ipb university,False
University of Indonesia,1,citantes,university of indonesia,False
Institute of Remote Sensing and Digital Earth,1,citantes,institute of remote sensing and digital earth,False
"Institut National de Recherche pour l'Agriculture, l'Alimentation et l'Environnement",1,citantes,institut national de recherche pour lagriculture lalimentation et lenvironnement,False
Agrosystèmes tropicaux,1,citantes,agrosystemes tropicaux,False
Embrapa Rice and Beans,1,citantes,embrapa rice and beans,False
University of Foggia,1,citantes,university of foggia,False
Fraunhofer Institute for Computer Graphics Research,1,citantes,fraunhofer institute for computer graphics research,False
University of Nottingham,1,citantes,university of nottingham,False
National Rehabilitation Center for Persons with Disabilities,1,citantes,national rehabilitation center for persons with disabilities,False
Environmental Earth Observation Information Technology (Austria),1,citantes,environmental earth observation information technology austria,False
Damascus University,1,citantes,damascus university,False
Nanjing Forestry University,1,citantes,nanjing forestry university,False
Xidian University,1,citantes,xidian university,False
Fraunhofer-Gesellschaft,1,citantes,fraunhofergesellschaft,False
Motorola (United States),1,citantes,motorola united states,False
Ain Shams University,1,citantes,ain shams university,False
The University of Sydney,1,citantes,the university of sydney,False
University of Glasgow,1,citantes,university of glasgow,False
Helsinki Institute for Information Technology,1,citantes,helsinki institute for information technology,False
Shahid Rajaee Teacher Training University,1,citantes,shahid rajaee teacher training university,False
University of Birjand,1,citantes,university of birjand,False
Information Technology University,1,citantes,information technology university,False
Universitat Pompeu Fabra,1,citantes,universitat pompeu fabra,False
University of Helsinki,1,citantes,university of helsinki,False
Ludwig-Maximilians-Universität München,1,citantes,ludwigmaximiliansuniversitat munchen,False
Green Technology,1,citantes,green technology,False
University of Padua,1,citantes,university of padua,False
Universidade Cruzeiro do Sul,1,citantes,universidade cruzeiro do sul,False
Universidade Federal do Acre,1,citantes,universidade federal do acre,False
Exército Brasileiro,1,citantes,exercito brasileiro,False
Centre d'Analyse et de Mathématique Sociales,1,citantes,centre danalyse et de mathematique sociales,False
University of Klagenfurt,1,citantes,university of klagenfurt,False
Siemens (Austria),1,citantes,siemens austria,False
École nationale des ponts et chaussées,1,citantes,ecole nationale des ponts et chaussees,False
Académie de Paris,1,citantes,academie de paris,False
Capital Fund Management (France),1,citantes,capital fund management france,False
Laboratoire d'Hydrodynamique de l'École polytechnique,1,citantes,laboratoire dhydrodynamique de lecole polytechnique,False
École Polytechnique,1,citantes,ecole polytechnique,False
Bank of Italy,1,citantes,bank of italy,False
Institute for New Economic Thinking,1,citantes,institute for new economic thinking,False
Siemens (Germany),1,citantes,siemens germany,False
VRVis GmbH (Austria),1,citantes,vrvis gmbh austria,False
Department of Higher Education,1,citantes,department of higher education,False
Nature Conservation Foundation,1,citantes,nature conservation foundation,False
Association of the Technological Integrated Systems Laboratory,1,citantes,association of the technological integrated systems laboratory,False
Brazilian Network Information Center,1,citantes,brazilian network information center,False
DWG Arquitetura e Sistemas (Brazil),1,citantes,dwg arquitetura e sistemas brazil,False
Fundación Biodiversidad,1,citantes,fundacion biodiversidad,False
Knowledge Integration (United Kingdom),1,citantes,knowledge integration united kingdom,False
Laboratoire d'Informatique Gaspard-Monge,1,citantes,laboratoire dinformatique gaspardmonge,False
Université Gustave Eiffel,1,citantes,universite gustave eiffel,False
Pontificia Universidad Católica de Valparaíso,1,citantes,pontificia universidad catolica de valparaiso,False
University of Auckland,1,citantes,university of auckland,False
Truman State University,1,citantes,truman state university,False
Instituto de Investigação Científica Tropical,1,citantes,instituto de investigacao cientifica tropical,False
Agencia Catalana de L'Aigua,1,citantes,agencia catalana de laigua,False
Danubius University,1,citantes,danubius university,False
Finnish Meteorological Institute,1,citantes,finnish meteorological institute,False
Institut de Recherche pour le Développement,1,citantes,institut de recherche pour le developpement,False
Institut des Géosciences de l'Environnement,1,citantes,institut des geosciences de lenvironnement,False
Vaughn College of Aeronautics and Technology,1,citantes,vaughn college of aeronautics and technology,False
Southeast Watershed Research Laboratory,1,citantes,southeast watershed research laboratory,False
Universidade Federal do Amapá,1,citantes,universidade federal do amapa,False
Purdue University West Lafayette,1,citantes,purdue university west lafayette,False
Liverpool John Moores University,1,citantes,liverpool john moores university,False
Korea Advanced Institute of Science and Technology,1,citantes,korea advanced institute of science and technology,False
Samsung (South Korea),1,citantes,samsung south korea,False
"Westerdals Oslo School of Arts, Communication and Technology",1,citantes,westerdals oslo school of arts communication and technology,False
Université de Technologie de Troyes,1,citantes,universite de technologie de troyes,False
Jilin University,1,citantes,jilin university,False
Institut Universitaire Européen de la Mer,1,citantes,institut universitaire europeen de la mer,False
Laboratoire des Sciences de l'Environnement Marin,1,citantes,laboratoire des sciences de lenvironnement marin,False
Terra,1,citantes,terra,False
Environment Agency,1,citantes,environment agency,False
Candid,1,citantes,candid,False
Museu Paraense Emílio Goeldi,1,citantes,museu paraense emilio goeldi,False
Austral University of Chile,1,citantes,austral university of chile,False
Fundación Chile,1,citantes,fundacion chile,False
University of Concepción,1,citantes,university of concepcion,False
San Diego State University,1,citantes,san diego state university,False
La Rochelle Université,1,citantes,la rochelle universite,False
University of Laghouat,1,citantes,university of laghouat,False
University of Boumerdes,1,citantes,university of boumerdes,False
University of Sciences and Technology Houari Boumediene,1,citantes,university of sciences and technology houari boumediene,False
Czech University of Life Sciences Prague,1,citantes,czech university of life sciences prague,False
University of Calabria,1,citantes,university of calabria,False
University of Messina,1,citantes,university of messina,False
Jaramogi Oginga Odinga University of Science and Technology,1,citantes,jaramogi oginga odinga university of science and technology,False
Bolu Abant İzzet Baysal University,1,citantes,bolu abant izzet baysal university,False
COMSATS University Islamabad,1,citantes,comsats university islamabad,False
Masinde Muliro University of Science and Technology,1,citantes,masinde muliro university of science and technology,False
Nanjing University of Aeronautics and Astronautics,1,citantes,nanjing university of aeronautics and astronautics,False
South China Botanical Garden,1,citantes,south china botanical garden,False
Reservoir Labs (United States),1,citantes,reservoir labs united states,False
Makerere University,1,citantes,makerere university,False
Norwegian University of Life Sciences,1,citantes,norwegian university of life sciences,False
IBM (United States),1,citantes,ibm united states,False
Université de Versailles Saint-Quentin-en-Yvelines,1,citantes,universite de versailles saintquentinenyvelines,False
UiT The Arctic University of Norway,1,citantes,uit the arctic university of norway,False
University of Inland Norway,1,citantes,university of inland norway,False
NOAA National Severe Storms Laboratory,1,citantes,noaa national severe storms laboratory,False
State Key Laboratory of Software Engineering,1,citantes,state key laboratory of software engineering,False
Naval University of Engineering,1,citantes,naval university of engineering,False
King Khaled Hospital,1,citantes,king khaled hospital,False
Met Office,1,citantes,met office,False
Abcam (United States),1,citantes,abcam united states,False
Higher Institute of Food Industries of Tunis,1,citantes,higher institute of food industries of tunis,False
Universidad del Rosario,1,citantes,universidad del rosario,False
Universidade da Região de Joinville,1,citantes,universidade da regiao de joinville,False
Universidade Estadual da Região Tocantina do Maranhão,1,citantes,universidade estadual da regiao tocantina do maranhao,False
Institut Polytechnique de Bordeaux,1,citantes,institut polytechnique de bordeaux,False
Institut de Recherche en Informatique de Toulouse,1,citantes,institut de recherche en informatique de toulouse,False
Université Toulouse - Jean Jaurès,1,citantes,universite toulouse jean jaures,False
Université Toulouse III - Paul Sabatier,1,citantes,universite toulouse iii paul sabatier,False
Université Toulouse-I-Capitole,1,citantes,universite toulouseicapitole,False
Vale (Brazil),1,citantes,vale brazil,False
Secretaria da Educação do Estado da Bahia,1,citantes,secretaria da educacao do estado da bahia,False
Universidade Estadual de Santa Cruz,1,citantes,universidade estadual de santa cruz,False
Escuela Superior Politecnica del Litoral,1,citantes,escuela superior politecnica del litoral,False
University of Sharjah,1,citantes,university of sharjah,False
IRC International Water and Sanitation Centre,1,citantes,irc international water and sanitation centre,False
Koforidua Technical University,1,citantes,koforidua technical university,False
Kwame Nkrumah University,1,citantes,kwame nkrumah university,False
Government Medical College,1,citantes,government medical college,False
University of Batna 1,1,citantes,university of batna 1,False
Rashtrasant Tukadoji Maharaj Nagpur University,1,citantes,rashtrasant tukadoji maharaj nagpur university,False
Texas Tech University,1,citantes,texas tech university,False
Centro Universitário do Sul de Minas,1,citantes,centro universitario do sul de minas,False
Bangladesh University of Engineering and Technology,1,citantes,bangladesh university of engineering and technology,False
Chinese University of Hong Kong,1,citantes,chinese university of hong kong,False
University of Massachusetts Lowell,1,citantes,university of massachusetts lowell,False
Engineering Systems (United States),1,citantes,engineering systems united states,False
National Research and Innovation Agency,1,citantes,national research and innovation agency,False
Fırat University,1,citantes,fırat university,False
Yıldız Technical University,1,citantes,yıldız technical university,False
Desert Research Institute,1,citantes,desert research institute,False
British University in Dubai,1,citantes,british university in dubai,False
Charles University,1,citantes,charles university,False
Dublin City University,1,citantes,dublin city university,False
Heinrich Heine University Düsseldorf,1,citantes,heinrich heine university dusseldorf,False
United States Department of Agriculture,1,citantes,united states department of agriculture,False
Biocom,1,citantes,biocom,False
Centre d’Economie rurale,1,citantes,centre deconomie rurale,False
Instituto Federal do Sudeste de Minas Gerais,1,citantes,instituto federal do sudeste de minas gerais,False
Universidade Estadual de Mato Grosso do Sul,1,citantes,universidade estadual de mato grosso do sul,False
Port Said University,1,citantes,port said university,False
McGill University,1,citantes,mcgill university,False
Smithsonian Conservation Biology Institute,1,citantes,smithsonian conservation biology institute,False
Hospital Universitário da Universidade de São Paulo,1,citantes,hospital universitario da universidade de sao paulo,False
University of Córdoba,1,citantes,university of cordoba,False
Southern Oregon University,1,citantes,southern oregon university,False
Akenten Appiah-Menka University of Skills Training and Entrepreneurial Development,1,citantes,akenten appiahmenka university of skills training and entrepreneurial development,False
Manchester Airport,1,citantes,manchester airport,False
Korea Aerospace Research Institute,1,citantes,korea aerospace research institute,False
Korea Environment Institute,1,citantes,korea environment institute,False
Delhi Technological University,1,citantes,delhi technological university,False
National Center for Supercomputing Applications,1,citantes,national center for supercomputing applications,False
Institute of Soil Science,1,citantes,institute of soil science,False
Gdańsk University of Technology,1,citantes,gdansk university of technology,False
Wuhan Municipal Engineering Design & Research Institute,1,citantes,wuhan municipal engineering design research institute,False
Defence Research and Development Organisation,1,citantes,defence research and development organisation,False
Maulana Azad National Institute of Technology,1,citantes,maulana azad national institute of technology,False
"Institut des langues et cultures d'Europe, Amérique, Afrique, Asie et Australie",1,citantes,institut des langues et cultures deurope amerique afrique asie et australie,False
AGH University of Krakow,1,citantes,agh university of krakow,False
Wrocław University of Science and Technology,1,citantes,wrocław university of science and technology,False
GIPSA-Lab,1,citantes,gipsalab,False
Institut national de recherche en sciences et technologies du numérique,1,citantes,institut national de recherche en sciences et technologies du numerique,False
Laboratoire Interuniversitaire de Biologie de la Motricité,1,citantes,laboratoire interuniversitaire de biologie de la motricite,False
NOAA National Weather Service,1,citantes,noaa national weather service,False
University of Khartoum,1,citantes,university of khartoum,False
University of Sopron,1,citantes,university of sopron,False
NOAA National Weather Service Southern Region,1,citantes,noaa national weather service southern region,False
Nanyang Technological University,1,citantes,nanyang technological university,False
RMIT University,1,citantes,rmit university,False
Hong Kong University of Science and Technology,1,citantes,hong kong university of science and technology,False
University of California San Diego,1,citantes,university of california san diego,False
"University of Nevada, Reno",1,citantes,university of nevada reno,False
Qingdao Binhai University,1,citantes,qingdao binhai university,False
Karlsruhe Institute of Technology,1,citantes,karlsruhe institute of technology,False
Zhejiang University of Science and Technology,1,citantes,zhejiang university of science and technology,False
United Food and Commercial Workers,1,citantes,united food and commercial workers,False
Columbia University,1,citantes,columbia university,False
Moscow Institute of Thermal Technology,1,citantes,moscow institute of thermal technology,False
Istituto di Analisi dei Sistemi ed Informatica Antonio Ruberti,1,citantes,istituto di analisi dei sistemi ed informatica antonio ruberti,False
University of Hormozgan,1,citantes,university of hormozgan,False
Technical University of Sofia,1,citantes,technical university of sofia,False
Mody University of Science and Technology,1,citantes,mody university of science and technology,False
Centrum Wiskunde & Informatica,1,citantes,centrum wiskunde informatica,False
New York University,1,citantes,new york university,False
Halmstad University,1,citantes,halmstad university,False
Malmö University,1,citantes,malmo university,False
Beijing Institute of Technology,1,citantes,beijing institute of technology,False
Qom University of Technology,1,citantes,qom university of technology,False
Zhejiang Radio and Television University,1,citantes,zhejiang radio and television university,False
Petra Christian University,1,citantes,petra christian university,False
Swiss Data Science Center,1,citantes,swiss data science center,False
Sepuluh Nopember Institute of Technology,1,citantes,sepuluh nopember institute of technology,False
Canterbury Christ Church University,1,citantes,canterbury christ church university,False
Plateau State University,1,citantes,plateau state university,False
Teesside University,1,citantes,teesside university,False
Institute for Health Metrics and Evaluation,1,citantes,institute for health metrics and evaluation,False
University of Washington,1,citantes,university of washington,False
University of Jos,1,citantes,university of jos,False
"California State University, Monterey Bay",1,citantes,california state university monterey bay,False
Institut Mines-Télécom,1,citantes,institut minestelecom,False
Laboratoire Traitement et Communication de l’Information,1,citantes,laboratoire traitement et communication de linformation,False
Télécom Paris,1,citantes,telecom paris,False
Marine Hydrophysical Institute,1,citantes,marine hydrophysical institute,False
Nikita Botanical Gardens,1,citantes,nikita botanical gardens,False
Research Institute of Agriculture of Crimea,1,citantes,research institute of agriculture of crimea,False
União Dinâmica de Faculdades Cataratas,1,citantes,uniao dinamica de faculdades cataratas,False
King Mongkut's Institute of Technology Ladkrabang,1,citantes,king mongkuts institute of technology ladkrabang,False
University of Malaya,1,citantes,university of malaya,False
The Alan Turing Institute,1,citantes,the alan turing institute,False
"Université des Sciences, des Techniques et des Technologies de Bamako",1,citantes,universite des sciences des techniques et des technologies de bamako,False
Loughborough University,1,citantes,loughborough university,False
University College London,1,citantes,university college london,False
Data61,1,citantes,data61,False
TU Dortmund University,1,citantes,tu dortmund university,False
Escola Superior de Propaganda e Marketing,1,citantes,escola superior de propaganda e marketing,False
Dar es Salaam Institute of Technology,1,citantes,dar es salaam institute of technology,False
Management Research Institute,1,citantes,management research institute,False
Ministry of Environment,1,citantes,ministry of environment,False
Watershed,1,citantes,watershed,False
Universiti Sains Islam Malaysia,1,citantes,universiti sains islam malaysia,False
Agrico (Netherlands),1,citantes,agrico netherlands,False
Cooxupé,1,citantes,cooxupe,False
University of Waikato,1,citantes,university of waikato,False
University of Trento,1,citantes,university of trento,False
Huazhong Agricultural University,1,citantes,huazhong agricultural university,False
Instituto Maria e Joao Aleixo,1,citantes,instituto maria e joao aleixo,False
Anhanguera-Uniderp University,1,citantes,anhanguerauniderp university,False
Kent State University,1,citantes,kent state university,False
University School of Milwaukee,1,citantes,university school of milwaukee,False
Huanggang Normal University,1,citantes,huanggang normal university,False
Zhengzhou University,1,citantes,zhengzhou university,False
Institut national de l’information géographique et forestière,1,citantes,institut national de linformation geographique et forestiere,False
Diputación Foral de Gipuzkoa,1,citantes,diputacion foral de gipuzkoa,False
University of Milan,1,citantes,university of milan,False
Universidad de Sevilla,1,citantes,universidad de sevilla,False
Ningxia University,1,citantes,ningxia university,False
"Islamic Azad University, Abadan",1,citantes,islamic azad university abadan,False
"Islamic Azad University, Tehran",1,citantes,islamic azad university tehran,False
"Islamic Azad University, Science and Research Branch",1,citantes,islamic azad university science and research branch,False
University of the Basque Country,1,citantes,university of the basque country,False
Centre Universitaire de Mila,1,citantes,centre universitaire de mila,False
Nanjing Tech University,1,citantes,nanjing tech university,False
Erzincan Binali Yıldırım University,1,citantes,erzincan binali yıldırım university,False
North University of China,1,citantes,north university of china,False
University of Faisalabad,1,citantes,university of faisalabad,False
China National Institute of Standardization,1,citantes,china national institute of standardization,False
Institute for Computational Linguistics “A. Zampolli”,1,citantes,institute for computational linguistics a zampolli,False
"Département mathématiques, informatique, sciences de la donnée et technologies du numérique",1,citantes,departement mathematiques informatique sciences de la donnee et technologies du numerique,False
Laboratoire de Mathématiques Blaise Pascal,1,citantes,laboratoire de mathematiques blaise pascal,False
National and Kapodistrian University of Athens,1,citantes,national and kapodistrian university of athens,False
Northeastern University,1,citantes,northeastern university,False
Jadavpur University,1,citantes,jadavpur university,False
Norwegian School of Economics,1,citantes,norwegian school of economics,False
Instituto Federal do Piauí,1,citantes,instituto federal do piaui,False
University of Cape Town,1,citantes,university of cape town,False
Idaho State University,1,citantes,idaho state university,False
China United Network Communications Group (China),1,citantes,china united network communications group china,False
University of the Philippines System,1,citantes,university of the philippines system,False
Universidade do Vale do Rio dos Sinos,1,citantes,universidade do vale do rio dos sinos,False
Ferrari (Italy),1,citantes,ferrari italy,False
University of Wollongong,1,citantes,university of wollongong,False
University of Modena and Reggio Emilia,1,citantes,university of modena and reggio emilia,False
Police Department,1,citantes,police department,False
Southern University and Agricultural and Mechanical College,1,citantes,southern university and agricultural and mechanical college,False
University Transportation Center for Alabama,1,citantes,university transportation center for alabama,False
University of Alabama,1,citantes,university of alabama,False
University of Dhaka,1,citantes,university of dhaka,False
Finnish Environment Institute,1,citantes,finnish environment institute,False
Institute of Environmental Engineering,1,citantes,institute of environmental engineering,False
Institute of Geophysics Polish Academy of Sciences,1,citantes,institute of geophysics polish academy of sciences,False
Polish Academy of Sciences,1,citantes,polish academy of sciences,False
Warsaw University of Life Sciences,1,citantes,warsaw university of life sciences,False
Amazon Research Foundation,1,citantes,amazon research foundation,False
École Nationale Supérieure d'Architecture de Grenoble,1,citantes,ecole nationale superieure darchitecture de grenoble,False
École Nationale Supérieure d'Architecture de Nantes,1,citantes,ecole nationale superieure darchitecture de nantes,False
October University of Modern Sciences and Arts,1,citantes,october university of modern sciences and arts,False
CMCC Foundation - Euro-Mediterranean Center on Climate Change,1,citantes,cmcc foundation euromediterranean center on climate change,False
Parthenope University of Naples,1,citantes,parthenope university of naples,False
Sidi Mohamed Ben Abdellah University,1,citantes,sidi mohamed ben abdellah university,False
Instituto Chico Mendes de Conservação da Biodiversidade,1,citantes,instituto chico mendes de conservacao da biodiversidade,False
Universidad de Zaragoza,1,citantes,universidad de zaragoza,False
Ningxia Academy of Agriculture and Forestry Sciences,1,citantes,ningxia academy of agriculture and forestry sciences,False
Seoul Metropolitan Government,1,citantes,seoul metropolitan government,False
Universitatea Națională de Știință și Tehnologie Politehnica București,1,citantes,universitatea nationala de stiinta si tehnologie politehnica bucuresti,False
Instituto Butantan,1,citantes,instituto butantan,False
Texas A&M University – Corpus Christi,1,citantes,texas am university corpus christi,False
Shanghai University,1,citantes,shanghai university,False
Shanghai University of Engineering Science,1,citantes,shanghai university of engineering science,False
Institute of Forest Resource Information Techniques,1,citantes,institute of forest resource information techniques,False
Centro Universitário do Leste de Minas Gerais,1,citantes,centro universitario do leste de minas gerais,False
University of Illinois Chicago,1,citantes,university of illinois chicago,False
Grambling State University,1,citantes,grambling state university,False
Auckland University of Technology,1,citantes,auckland university of technology,False
Incheon National University,1,citantes,incheon national university,False
Myongji University,1,citantes,myongji university,False
Pontifícia Universidade Católica de Campinas,1,citantes,pontificia universidade catolica de campinas,False
Pontifícia Universidade Católica de São Paulo,1,citantes,pontificia universidade catolica de sao paulo,False
Auburn University,1,citantes,auburn university,False
University of Tübingen,1,citantes,university of tubingen,False
Aristotle University of Thessaloniki,1,citantes,aristotle university of thessaloniki,False
Universidad Autónoma de Baja California,1,citantes,universidad autonoma de baja california,False
University of Hong Kong,1,citantes,university of hong kong,False
Carleton University,1,citantes,carleton university,False
UNSW Sydney,1,citantes,unsw sydney,False
Coordenação de Aperfeicoamento de Pessoal de Nível Superior,1,citantes,coordenacao de aperfeicoamento de pessoal de nivel superior,False
Universidad San Carlos,1,citantes,universidad san carlos,False
Universidade de Santiago de Compostela,1,citantes,universidade de santiago de compostela,False
Université du Québec à Trois-Rivières,1,citantes,universite du quebec a troisrivieres,False
Associação Brasileira de Saúde Coletiva,1,citantes,associacao brasileira de saude coletiva,False
Environmental Earth Sciences,1,citantes,environmental earth sciences,False
Hospital das Clínicas da Universidade Federal de Minas Gerais,1,citantes,hospital das clinicas da universidade federal de minas gerais,False
The University of Queensland,1,citantes,the university of queensland,False
Centro Científico Tecnológico - San Luis,1,citantes,centro cientifico tecnologico san luis,False
Universidade Brasil,1,citantes,universidade brasil,False
Imazon,1,citantes,imazon,False
University of Manchester,1,citantes,university of manchester,False
Universidade Federal de Ciências da Saúde de Porto Alegre,1,citantes,universidade federal de ciencias da saude de porto alegre,False
Universidade Estadual de Maringá,1,citantes,universidade estadual de maringa,False
Universidade Federal do Sul da Bahia,1,citantes,universidade federal do sul da bahia,False
Nottingham Trent University,1,citantes,nottingham trent university,False
Trinity College Dublin,1,citantes,trinity college dublin,False
Universidade Tiradentes,1,citantes,universidade tiradentes,False
Universidade do Oeste Paulista,1,citantes,universidade do oeste paulista,False
Universidade Estadual do Paraná,1,citantes,universidade estadual do parana,False
Universidade São Francisco,1,citantes,universidade sao francisco,False
Post Graduate Institute of Medical Education and Research,1,citantes,post graduate institute of medical education and research,False
Nirma University,1,citantes,nirma university,False
"Instituto Federal de Educação, Ciência e Tecnologia de Pernambuco",1,citantes,instituto federal de educacao ciencia e tecnologia de pernambuco,False
National University of Ireland,1,citantes,national university of ireland,False
Departamento de Epidemiología,1,citantes,departamento de epidemiologia,False
University of Vienna,1,citantes,university of vienna,False
University of Rostock,1,citantes,university of rostock,False
Thapar Institute of Engineering & Technology,1,citantes,thapar institute of engineering technology,False
The University of Texas at San Antonio,1,citantes,the university of texas at san antonio,False
Pacific Northwest National Laboratory,1,citantes,pacific northwest national laboratory,False
Brno University of Technology,1,citantes,brno university of technology,False
Czech Technical University in Prague,1,citantes,czech technical university in prague,False
BMW (Germany),1,citantes,bmw germany,False
University of Udine,1,citantes,university of udine,False
University of Dallas,1,citantes,university of dallas,False
Osaka Electro-Communication University,1,citantes,osaka electrocommunication university,False
Polytechnique Montréal,1,citantes,polytechnique montreal,False
École Normale Supérieure - PSL,1,citantes,ecole normale superieure psl,False
Gebze Technical University,1,citantes,gebze technical university,False
University of Tennessee System,1,citantes,university of tennessee system,False
Abdelmalek Essaâdi University,1,citantes,abdelmalek essaadi university,False
Centre Inria de l'Université Grenoble Alpes,1,citantes,centre inria de luniversite grenoble alpes,False
New Mexico State University,1,citantes,new mexico state university,False
Universidad de Cádiz,1,citantes,universidad de cadiz,False
Universidade do Planalto Catarinense,1,citantes,universidade do planalto catarinense,False
Universitat de València,1,citantes,universitat de valencia,False
Mohammed V University,1,citantes,mohammed v university,False
University of Redlands,1,citantes,university of redlands,False
University of Tikrit,1,citantes,university of tikrit,False
École de management de Lyon,1,citantes,ecole de management de lyon,False
University of Copenhagen,1,citantes,university of copenhagen,False
Universität Innsbruck,1,citantes,universitat innsbruck,False
Qingdao National Laboratory for Marine Science and Technology,1,citantes,qingdao national laboratory for marine science and technology,False
Laoshan Laboratory,1,citantes,laoshan laboratory,False
Institute of Oceanographic Instrumentation,1,citantes,institute of oceanographic instrumentation,False
Institute of Space Sciences,1,citantes,institute of space sciences,False
Tianjin University,1,citantes,tianjin university,False
University of Massachusetts Dartmouth,1,citantes,university of massachusetts dartmouth,False
Wageningen University & Research,1,citantes,wageningen university research,False
Jiangxi Science and Technology Normal University,1,citantes,jiangxi science and technology normal university,False
Wilfrid Laurier University,1,citantes,wilfrid laurier university,False
University of Craiova,1,citantes,university of craiova,False
Jiujiang University,1,citantes,jiujiang university,False
University of Milano-Bicocca,1,citantes,university of milanobicocca,False
Northeast Forestry University,1,citantes,northeast forestry university,False
Universidad Nacional del Sur,1,citantes,universidad nacional del sur,False
China University of Labor Relations,1,citantes,china university of labor relations,False
Agricultural University of Havana,1,citantes,agricultural university of havana,False
University of Bari Aldo Moro,1,citantes,university of bari aldo moro,False
University of Sfax,1,citantes,university of sfax,False
University of Havana,1,citantes,university of havana,False
Institute of Flight,1,citantes,institute of flight,False
Universidade Federal do Vale do São Francisco,1,citantes,universidade federal do vale do sao francisco,False
Asian Institute of Technology,1,citantes,asian institute of technology,False
National Electronics and Computer Technology Center,1,citantes,national electronics and computer technology center,False
University of Bisha,1,citantes,university of bisha,False
University of Bamberg,1,citantes,university of bamberg,False
Polytechnic Institute of Cávado and Ave,1,citantes,polytechnic institute of cavado and ave,False
Technische Universität Braunschweig,1,citantes,technische universitat braunschweig,False
Nanjing University of Science and Technology,1,citantes,nanjing university of science and technology,False
University of Missouri,1,citantes,university of missouri,False
Ben-Gurion University of the Negev,1,citantes,bengurion university of the negev,False
Saint Louis University,1,citantes,saint louis university,False
"Rutgers, The State University of New Jersey",1,citantes,rutgers the state university of new jersey,False
University of Minnesota System,1,citantes,university of minnesota system,False
Jomo Kenyatta University of Agriculture and Technology,1,citantes,jomo kenyatta university of agriculture and technology,False
KCA University,1,citantes,kca university,False
National Science and Technology Center for Disaster Reduction,1,citantes,national science and technology center for disaster reduction,False
Universidad Autónoma Metropolitana,1,citantes,universidad autonoma metropolitana,False
Asia University,1,citantes,asia university,False
Kun Shan University,1,citantes,kun shan university,False
Muhammadiyah University of Surakarta,1,citantes,muhammadiyah university of surakarta,False
Universidade Estadual de Feira de Santana,1,citantes,universidade estadual de feira de santana,False
Agência Paulista de Tecnologia dos Agronegócios,1,citantes,agencia paulista de tecnologia dos agronegocios,False
Chennai Mathematical Institute,1,citantes,chennai mathematical institute,False
"University of Maryland, Baltimore",1,citantes,university of maryland baltimore,False
Universitat Autònoma de Barcelona,1,citantes,universitat autonoma de barcelona,False
University of Geneva,1,citantes,university of geneva,False
University of Bremen,1,citantes,university of bremen,False
Instituto Florestal,1,citantes,instituto florestal,False
École Supérieure de Management,1,citantes,ecole superieure de management,False
Instituto Evandro Chagas,1,citantes,instituto evandro chagas,False
Carnegie Mellon University,1,citantes,carnegie mellon university,False
INESC TEC,1,citantes,inesc tec,False
Institute of Criminology,1,citantes,institute of criminology,False
Luther University,1,citantes,luther university,False
Microsoft Research (United Kingdom),1,citantes,microsoft research united kingdom,False
Indian Institute of Remote Sensing,1,citantes,indian institute of remote sensing,False
Louisiana State University,1,citantes,louisiana state university,False
University Frères Mentouri Constantine 1,1,citantes,university freres mentouri constantine 1,False
University of Patras,1,citantes,university of patras,False
University of Toronto,1,citantes,university of toronto,False
Institute of Himalayan Bioresource Technology,1,citantes,institute of himalayan bioresource technology,False
Los Angeles County Department of Public Health,1,citantes,los angeles county department of public health,False
National Aerospace Laboratories,1,citantes,national aerospace laboratories,False
University of Regina,1,citantes,university of regina,False
Centro de Estudos em Geografia e Ordenamento do Territorio,1,citantes,centro de estudos em geografia e ordenamento do territorio,False
Escola Superior de Enfermagem da Universidade de Lisboa,1,citantes,escola superior de enfermagem da universidade de lisboa,False
Laboratório Associado TERRA,1,citantes,laboratorio associado terra,False
Government of Western Australia Department of Health,1,citantes,government of western australia department of health,False
Health Information Management,1,citantes,health information management,False
Instituto Federal Catarinense,1,citantes,instituto federal catarinense,False
Texas State University,1,citantes,texas state university,False
University of Prishtina,1,citantes,university of prishtina,False
Kharazmi University,1,citantes,kharazmi university,False
California Southern University,1,citantes,california southern university,False
University of Vermont,1,citantes,university of vermont,False
Southwest Watershed Research Center,1,citantes,southwest watershed research center,False
University of Arizona,1,citantes,university of arizona,False
Montclair State University,1,citantes,montclair state university,False
Associação Fundo de Incentivo à Pesquisa,1,citantes,associacao fundo de incentivo a pesquisa,False
Diagram (Netherlands),1,citantes,diagram netherlands,False
Federal Institute of Hydrology,1,citantes,federal institute of hydrology,False
Flemish Institute for Technological Research,1,citantes,flemish institute for technological research,False
Infram (Czechia),1,citantes,infram czechia,False
Osnabrück University,1,citantes,osnabruck university,False
Research Institute for Knowledge Systems,1,citantes,research institute for knowledge systems,False
Krakow University of Economics,1,citantes,krakow university of economics,False
Indian Institute of Technology Kanpur,1,citantes,indian institute of technology kanpur,False
Universidade Federal da Integração Latino-Americana,1,citantes,universidade federal da integracao latinoamericana,False
Catholic University of America,1,citantes,catholic university of america,False
Harokopio University of Athens,1,citantes,harokopio university of athens,False
Arts et Métiers,1,citantes,arts et metiers,False
Agricultural Research Corporation,1,citantes,agricultural research corporation,False
University of Illinois System,1,citantes,university of illinois system,False
National Technical University of Ukraine “Igor Sikorsky Kyiv Polytechnic Institute”,1,citantes,national technical university of ukraine igor sikorsky kyiv polytechnic institute,False
Instituto Nacional de Matemática Pura e Aplicada,1,citantes,instituto nacional de matematica pura e aplicada,False
Universidade Estadual de Ponta Grossa,1,citantes,universidade estadual de ponta grossa,False
University of Pretoria,1,citantes,university of pretoria,False
National Water Agency,1,citantes,national water agency,False
Federal Center for Technological Education Celso Suckow da Fonseca,1,citantes,federal center for technological education celso suckow da fonseca,False
Universidad Católica de Murcia,1,citantes,universidad catolica de murcia,False
"State University ""Kyiv Aviation Institute""",1,citantes,state university kyiv aviation institute,False
Beijing Institute of Big Data Research,1,citantes,beijing institute of big data research,False
International Research Center of Big Data for Sustainable Development Goals,1,citantes,international research center of big data for sustainable development goals,False
Luleå University of Technology,1,citantes,lulea university of technology,False
Capital University of Economics and Business,1,citantes,capital university of economics and business,False
PLA Information Engineering University,1,citantes,pla information engineering university,False
Aberdeen Royal Infirmary,1,citantes,aberdeen royal infirmary,False
Université de Tours,1,citantes,universite de tours,False
London Metropolitan University,1,citantes,london metropolitan university,False
Sapienza University of Rome,1,citantes,sapienza university of rome,False
Inha University,1,citantes,inha university,False
École Centrale de Nantes,1,citantes,ecole centrale de nantes,False
Google (Switzerland),1,citantes,google switzerland,False
Government of Khyber Pakhtunkhwa,1,citantes,government of khyber pakhtunkhwa,False
King Saud University,1,citantes,king saud university,False
"The University of Agriculture, Peshawar",1,citantes,the university of agriculture peshawar,False
University of Peshawar,1,citantes,university of peshawar,False
Université Ibn Zohr,1,citantes,universite ibn zohr,False
Université Laval,1,citantes,universite laval,False
Shiraz University,1,citantes,shiraz university,False
Cornell University,1,citantes,cornell university,False
Ministério da Saúde,1,citantes,ministerio da saude,False
Instituto de Biología Marina y Pesquera Almirante Storni,1,citantes,instituto de biologia marina y pesquera almirante storni,False
Portland State University,1,citantes,portland state university,False
Iranian Research Institute for Information Science and Technology,1,citantes,iranian research institute for information science and technology,False
Iranian Research Organization for Science and Technology,1,citantes,iranian research organization for science and technology,False
Oregon Health & Science University,1,citantes,oregon health science university,False
Walker (United States),1,citantes,walker united states,False
Florida State University,1,citantes,florida state university,False
The University of Texas at Austin,1,citantes,the university of texas at austin,False
National Nuclear Energy Commission,1,citantes,national nuclear energy commission,False
Shijiazhuang Tiedao University,1,citantes,shijiazhuang tiedao university,False
Assembleia Legislativa de São Paulo,1,citantes,assembleia legislativa de sao paulo,False
Anhui Normal University,1,citantes,anhui normal university,False
Dominican University College,1,citantes,dominican university college,False
Instituto Geográfico Nacional,1,citantes,instituto geografico nacional,False
OSRAM (United States),1,citantes,osram united states,False
Serviço Nacional de Aprendizagem Comercial,1,citantes,servico nacional de aprendizagem comercial,False
Universidade Federal do Tocantins,1,citantes,universidade federal do tocantins,False
"Instituto de Artes Visuais, Design e Marketing",1,citantes,instituto de artes visuais design e marketing,False
Instituto de Pesquisas Jardim Botânico do Rio de Janeiro,1,citantes,instituto de pesquisas jardim botanico do rio de janeiro,False
Maxim Integrated (United Kingdom),1,citantes,maxim integrated united kingdom,False
Northwestern Polytechnic,1,citantes,northwestern polytechnic,False
Saudi Electronic University,1,citantes,saudi electronic university,False
Infection et inflammation,1,citantes,infection et inflammation,False
Centre For Cold Ocean Resources Engineering,1,citantes,centre for cold ocean resources engineering,False
Memorial University of Newfoundland,1,citantes,memorial university of newfoundland,False
SUNY College of Environmental Science and Forestry,1,citantes,suny college of environmental science and forestry,False
State University of New York,1,citantes,state university of new york,False
Texas Department of Transportation,1,citantes,texas department of transportation,False
Ministerio de Medio Ambiente y Recursos Naturales,1,citantes,ministerio de medio ambiente y recursos naturales,False
Tennessee Department of Transportation,1,citantes,tennessee department of transportation,False
Al-Qasim Green University,1,citantes,alqasim green university,False
Green Cross International,1,citantes,green cross international,False
West Chester University,1,citantes,west chester university,False
University of Central Florida,1,citantes,university of central florida,False
ITMO University,1,citantes,itmo university,False
Universidad Europea de Madrid,1,citantes,universidad europea de madrid,False
Commonwealth Scientific and Industrial Research Organisation,1,citantes,commonwealth scientific and industrial research organisation,False
Instituto Brasileiro de Informação em Ciência e Tecnologia,1,citantes,instituto brasileiro de informacao em ciencia e tecnologia,False
Ministerio de Ganadería Agricultura y Pesca,1,citantes,ministerio de ganaderia agricultura y pesca,False
Ministério da Agricultura,1,citantes,ministerio da agricultura,False
Universidad de las Artes,1,citantes,universidad de las artes,False
Centro Universitário Leonardo da Vinci,1,citantes,centro universitario leonardo da vinci,False
Universidad de Alcalá,1,citantes,universidad de alcala,False
National Laboratory for Civil Engineering,1,citantes,national laboratory for civil engineering,False
Bournemouth University,1,citantes,bournemouth university,False
OsloMet – Oslo Metropolitan University,1,citantes,oslomet oslo metropolitan university,False
Radboud University Nijmegen,1,citantes,radboud university nijmegen,False
University of Oslo,1,citantes,university of oslo,False
Southern Cross University,1,citantes,southern cross university,False
Heriot-Watt University,1,citantes,heriotwatt university,False
The Open University,1,citantes,the open university,False
Universidade do Estado de Mato Grosso,1,citantes,universidade do estado de mato grosso,False
