id_geoinfo,id_citante,titulo,ano,autores,instituicoes,veiculo_publicacao,url,tipo_documento,topico,subcampo,campo,dominio_tematico,fonte_publicacao,status_acesso_aberto,openalex_id,fonte_dados,ano_geoinfo
83LX3pFwXQZ3V9uMbiY/MdJMR,0018 2009 indexacao em bancos de dados espaciais|2009,0018 2009 indexacao em bancos de dados espaciais,2009,"MS Veloso, FA Baião, LG Azevedo - RelaTe-DIA, 2009",,,,,,,,,,,,Google Scholar; OpenAlex,2004
83LX3pFwXQZ3V9uMbiY/MdHjv,10 disseminacao de dados geograficos na internet|2005,10 disseminacao de dados geograficos na internet,2005,"CA Davis Jr, LA de Souza… - Bancos de Dados …, 2005",,bibdigital.sid.inpe.br,http://bibdigital.sid.inpe.br/sid.inpe.br/iris@1912/2005/07.01.19.10#page=351,,,,,,,,,Google Scholar; OpenAlex,2004
8JMKD3MGPDW34P/487MF52,10.1002/met.70174,fine tuning lightning nowcasting for a new domain,2026,"AAS Jorge, J Cintineo, IC Costa… - Meteorological …, 2026",Centro Nacional de Monitoramento e Alertas de Desastres Naturais; Instituto Nacional de Pesquisas Espaciais; NOAA National Severe Storms Laboratory,Wiley Online Library,https://rmets.onlinelibrary.wiley.com/doi/abs/10.1002/met.70174,article,Lightning and Electromagnetic Phenomena,Astronomy and Astrophysics,Physics and Astronomy,Physical Sciences,Meteorological Applications,gold,https://openalex.org/W7142366545,OpenAlex,2022
8JMKD3MGPDW34P/4ADCN3L,10.1002/ps.6455,evidence for rice tolerance to tibraca limbativentris hemiptera pentatomidae,2021,"AC de Sousa Almeida, FG de Jesus… - Pest Management …, 2021",Brazilian Agricultural Research Corporation; Embrapa Rice and Beans; Instituto Federal Goiano; University of Nebraska–Lincoln,Wiley Online Library,https://scijournals.onlinelibrary.wiley.com/doi/abs/10.1002/ps.6455,article,Hemiptera Insect Studies,"Ecology, Evolution, Behavior and Systematics",Agricultural and Biological Sciences,Life Sciences,Pest Management Science,green,https://openalex.org/W3157361242,OpenAlex,2023
8JMKD3MGPDW34P/4ADCNAB,10.1007/s10661-025-14973-9,environmental indicators of forest health under contrasting management regimes in a tropical rainforest of kenya,2026,"VO Suba, E Oluoch, A Akter, O Iheme, L Sikuku… - Environmental …, 2026",Chinese Academy of Sciences; Jaramogi Oginga Odinga University of Science and Technology; Masinde Muliro University of Science and Technology; South China Botanical Garden; University of Chinese Academy of Sciences,Springer,https://link.springer.com/article/10.1007/s10661-025-14973-9,article,"Conservation, Biodiversity, and Resource Management",Global and Planetary Change,Environmental Science,Physical Sciences,Environmental Monitoring and Assessment,closed,https://openalex.org/W7118239363,OpenAlex,2023
8JMKD3MGPDW34P/487M7M2,10.1007/s41748-026-01204-5,climate resilience beyond borders the role of amazonian protected areas in south america,2026,"PR Zanin, RBL Cavalcante… - Earth Systems and …, 2026",Vale (Brazil); Vale Technological Institute,Springer,https://link.springer.com/article/10.1007/s41748-026-01204-5,article,"Climate Change, Adaptation, Migration",Sociology and Political Science,Social Sciences,Social Sciences,Earth Systems and Environment,closed,https://openalex.org/W7160925012,OpenAlex,2022
8JMKD3MGPDW34P/4ADCD28,10.1016/j.asoc.2026.115242,leveraging graph neural networks and mobility data for covid 19 forecasting,2026,"FHO Duarte, GJP Moreira, EJS Luz, LBL Santos… - Applied Soft …, 2026",Centro Nacional de Monitoramento e Alertas de Desastres Naturais; Universidade Federal de Ouro Preto,Elsevier,https://www.sciencedirect.com/science/article/pii/S1568494626006903,article,Human Mobility and Location-Based Analysis,Transportation,Social Sciences,Social Sciences,Applied Soft Computing,hybrid,https://openalex.org/W4406730429,OpenAlex,2023
8JMKD3MGPDW34P/4ADCMS8,10.1016/j.uclim.2024.101954,assessment of daytime and nighttime surface urban heat islands across local climate zones a case study in florianopolis brazil,2024,"B Rech, RN Moreira, TAG Mello, T Klouček, J Komárek - Urban Climate, 2024",Czech University of Life Sciences Prague; Universidade Federal de Minas Gerais; Universidade Federal de Santa Catarina; Universidade Federal do ABC,Elsevier,https://www.sciencedirect.com/science/article/pii/S2212095524001500,article,Urban Heat Island Mitigation,Environmental Engineering,Environmental Science,Physical Sciences,Urban Climate,closed,https://openalex.org/W4396626970,OpenAlex,2023
8JMKD3MGPDW34P/45U7K7E,10.1021/acs.est.5c05842,addressing the sustainable aviation fuel grand challenge economic and environmental insights from feedstock optimization,2025,"BJ Limb, JP Smith, S Simske… - Environmental Science & …, 2025",Colorado State University; Engineering Systems (United States),ACS Publications,https://pubs.acs.org/doi/abs/10.1021/acs.est.5c05842,article,Global Energy and Sustainability Research,"Renewable Energy, Sustainability and the Environment",Energy,Physical Sciences,Environmental Science & Technology,closed,https://openalex.org/W4413493449,OpenAlex,2021
8JMKD3MGPDW34P/4ADBQ9P,10.1038/s43247-024-01542-0,unaccounted for nonforest vegetation loss in the brazilian amazon,2024,"CG Messias, CA de Almeida, DE Silva… - … Earth & Environment, 2024",Brazilian Agricultural Research Corporation; Instituto Nacional de Pesquisas Espaciais; Universidade Federal do Oeste da Bahia; Universidade de Brasília,nature.com,https://www.nature.com/articles/s43247-024-01542-0,article,"Conservation, Biodiversity, and Resource Management",Global and Planetary Change,Environmental Science,Physical Sciences,Communications Earth & Environment,gold,https://openalex.org/W4401757387,OpenAlex,2023
8JMKD3MGPDW34P/4ADCN3L,10.1079/cabicompendium.53851,tibraca limbativentris rice stem bug,2022,"MA Dueñas-López - CABI Compendium, 2022",,cabidigitallibrary.org,https://www.cabidigitallibrary.org/doi/pdf/10.1079/cabicompendium.53851,dataset,Hemiptera Insect Studies,"Ecology, Evolution, Behavior and Systematics",Agricultural and Biological Sciences,Life Sciences,CABI Compendium,hybrid,https://openalex.org/W4312581384,OpenAlex,2023
8JMKD3MGPDW34P/4ADBK2H,10.1080/13658816.2026.2620025,qqespm gs an efficient solution for geo textual search parameterized by graph based spatial patterns,2026,"CVAM Pontes, CEC Campelo… - International Journal of …, 2026",Universidade Federal de Campina Grande,Taylor & Francis,https://www.tandfonline.com/doi/abs/10.1080/13658816.2026.2620025,article,Data Management and Algorithms,Signal Processing,Computer Science,Physical Sciences,International Journal of Geographical Information Systems,closed,https://openalex.org/W7128510121,OpenAlex,2023
8JMKD3MGPDW34P/4ADCN3L,10.1093/ee/nvaa091,predicting rice stem stink bug population dynamics based on gamlss models,2020,"EJ Seidel, JB Pazini, VLD Tomazella… - Environmental …, 2020",Brazilian Agricultural Research Corporation; Universidade Federal de Pelotas; Universidade Federal de Santa Maria; Universidade Federal de São Carlos; Universidade Federal do Pampa,academic.oup.com,https://academic.oup.com/ee/article-abstract/49/5/1145/5908825,article,Hemiptera Insect Studies,"Ecology, Evolution, Behavior and Systematics",Agricultural and Biological Sciences,Life Sciences,Environmental Entomology,closed,https://openalex.org/W3087078417,OpenAlex,2023
8JMKD3MGPDW34P/4ADBK2H,10.1109/icdew61823.2024.00054,the future of graph based spatial pattern matching vision paper,2024,"NR Schneider, K O'Sullivan… - 2024 IEEE 40th …, 2024","University of Maryland, College Park",ieeexplore.ieee.org,https://ieeexplore.ieee.org/abstract/document/10555097/,conference-paper,Data Management and Algorithms,Signal Processing,Computer Science,Physical Sciences,,closed,https://openalex.org/W4399728766,OpenAlex,2023
8JMKD3MGPDW34P/45U7KBS,10.1109/icsscna68616.2026.11546818,distributed schema analyzer enabled machine learning model for text review prediction using not only structure query language database,2026,"PL Balley, SV Sonekar - … Systems, and Computing for Next-Gen …, 2026",Government Medical College; Rashtrasant Tukadoji Maharaj Nagpur University,ieeexplore.ieee.org,https://ieeexplore.ieee.org/abstract/document/11546818/,conference-paper,Sentiment Analysis and Opinion Mining,Artificial Intelligence,Computer Science,Physical Sciences,,closed,https://openalex.org/W7164043903,OpenAlex,2021
8JMKD3MGPDW34P/4ADBR52,10.1109/ipdpsw63119.2024.00154,parallelizing accelerographic records processing,2024,"R Canizales, L Mixco, J McClurg - 2024 IEEE International …, 2024",Colorado State University; Ministerio de Medio Ambiente y Recursos Naturales,ieeexplore.ieee.org,https://ieeexplore.ieee.org/abstract/document/10596464/,conference-paper,Parallel Computing and Optimization Techniques,Hardware and Architecture,Computer Science,Physical Sciences,,closed,https://openalex.org/W4401019047,OpenAlex,2023
8JMKD3MGPDW34P/487M565,10.1109/iwssip58668.2023.10180269,a combined noisy borehole image log segmentation method,2023,"LDS Bomfim, H Pedrini, AC Vidal - 2023 30th International …, 2023",Universidade Estadual de Campinas (UNICAMP),ieeexplore.ieee.org,https://ieeexplore.ieee.org/abstract/document/10180269/,conference-paper,Image Enhancement Techniques,Computer Vision and Pattern Recognition,Computer Science,Physical Sciences,,closed,https://openalex.org/W4384702652,OpenAlex,2022
8JMKD3MGPDW34P/4ADCRLE,10.1109/jstars.2025.3603983,sam2 elnet label enhancement and automatic annotation for remote sensing segmentation,2025,"J Yang, W Yu, Y Lv, J Sun, B Sun… - IEEE Journal of Selected …, 2025",Jilin University,ieeexplore.ieee.org,https://ieeexplore.ieee.org/abstract/document/11143946/,article,Atmospheric and Environmental Gas Dynamics,Global and Planetary Change,Environmental Science,Physical Sciences,IEEE Journal of Selected Topics in Applied Earth Observations and Remote Sensing,gold,https://openalex.org/W4413785619,OpenAlex,2023
8JMKD3MGPDW34P/4ADBJJE,10.1109/mdm61037.2024.00039,understanding human mobility dynamics insights from summarized semantic trajectories,2024,"C Pugliese, F Lettich, F Pinelli… - 2024 25th IEEE …, 2024","Istituto di Scienza e Tecnologie dell'Informazione ""Alessandro Faedo""",ieeexplore.ieee.org,https://ieeexplore.ieee.org/abstract/document/10591689/,conference-paper,Human Mobility and Location-Based Analysis,Transportation,Social Sciences,Social Sciences,,closed,https://openalex.org/W4400727735,OpenAlex,2023
8JMKD3MGPDW34P/487M7GH,10.1111/tgis.13169,uncertainty propagation analysis for distributed hydrological forecasting using a neural network,2024,"JAJP Soares, MM Diniz, L Bacelar… - Transactions in …, 2024",Centro Nacional de Monitoramento e Alertas de Desastres Naturais; Duke University; Federal Institute of São Paulo; Instituto Nacional de Pesquisas Espaciais,Wiley Online Library,https://onlinelibrary.wiley.com/doi/abs/10.1111/tgis.13169,article,Flood Risk Assessment and Management,Global and Planetary Change,Environmental Science,Physical Sciences,Transactions in GIS,closed,https://openalex.org/W4395693989,OpenAlex,2022
8JMKD3MGPDW34P/4ADBK2H,10.1145/3678717.3691227,graph based spatial pattern matching a theoretical comparison,2024,"NR Schneider, K O'Sullivan, H Samet - Proceedings of the 32nd ACM …, 2024","University of Maryland, College Park",dl.acm.org,https://dl.acm.org/doi/abs/10.1145/3678717.3691227,conference-paper,Data Management and Algorithms,Signal Processing,Computer Science,Physical Sciences,,gold,https://openalex.org/W4404611693,OpenAlex,2023
8JMKD3MGPDW34P/4ADBK2H,10.1145/3748636.3766525,spatial pattern search through language models,2025,"NR Schneider - Proceedings of the 33rd ACM International Conference …, 2025","University of Maryland, College Park",dl.acm.org,https://dl.acm.org/doi/abs/10.1145/3748636.3766525,conference-paper,Constraint Satisfaction and Optimization,Computer Networks and Communications,Computer Science,Physical Sciences,,gold,https://openalex.org/W7114921612,OpenAlex,2023
8JMKD2USPTW34P/4DK73E2,10.1186/s40562-025-00448-9,beyond the reporting of disturbed areas the use of deter to analyze the spatiotemporal patterns of forest degradation in the amazon,2026,"W Leal Filho, FC Alves, MS Reis, VL Camilotti… - Geoscience Letters, 2026",Instituto Nacional de Pesquisas Espaciais; Universidade Federal do Oeste da Bahia,Springer,https://link.springer.com/article/10.1186/s40562-025-00448-9,article,"Conservation, Biodiversity, and Resource Management",Global and Planetary Change,Environmental Science,Physical Sciences,Geoscience Letters,gold,https://openalex.org/W7119509551,OpenAlex,2025
8JMKD3MGPDW34P/487M6EL,10.1186/s41182-024-00615-2,descriptive analyses of knowledge attitudes and practices regarding rabies transmission and prevention in rural communities near wildlife reserves in uganda a,2024,"CGK Atuheire, J Okwee-Acai, M Taremwa… - Tropical Medicine and …, 2024",Makerere University; Norwegian University of Life Sciences; UiT The Arctic University of Norway; University of Inland Norway,Springer,https://link.springer.com/article/10.1186/s41182-024-00615-2,article,Rabies epidemiology and control,Virology,Immunology and Microbiology,Life Sciences,Tropical Medicine and Health,gold,https://openalex.org/W4400837584,OpenAlex,2022
8JMKD3MGPDW34P/4ADCN3L,10.1371/journal.pone.0246855,responses to environmental variability by herbivorous insects and their natural enemies within a bioenergy crop miscanthus x giganteus,2021,"AW Coffin, DM Olson, L Seymour, DD Bosch… - Plos one, 2021",Southeast Watershed Research Laboratory; University of Georgia,journals.plos.org,https://journals.plos.org/plosone/article?id=10.1371/journal.pone.0246855,article,Bioenergy crop production and management,Agronomy and Crop Science,Agricultural and Biological Sciences,Life Sciences,PLoS ONE,gold,https://openalex.org/W3132517026,OpenAlex,2023
8JMKD3MGPDW34P/487M565,10.14393/rbcv75n0a-68352,a computational tool for geometric characterization of pores and fractures in microtomography rock images,2023,"IM de Rochas - Rev. Bras. Cartogr, 2023",Reservoir Labs (United States); Universidade Estadual de Campinas (UNICAMP); Universidade Federal da Grande Dourados,researchgate.net,https://www.researchgate.net/profile/Leticia-Bomfim-2/publication/375552297_A_Computational_Tool_for_Geometric_Characterization_of_Pores_and_Fractures_in_Microtomography_Rock_Images/links/654e6a25b1398a779d76b5d5/A-Computational-Tool-for-Geometric-Characterization-of-Pores-and-Fractures-in-Microtomography-Rock-Images.pdf,article,Enhanced Oil Recovery Techniques,Ocean Engineering,Engineering,Physical Sciences,Revista Brasileira de Cartografia,diamond,https://openalex.org/W4390592757,OpenAlex,2022
8JMKD3MGPDW34P/487MCAE,10.14393/rbcv75n0a-68393,burned area mapping in different data products for the southwest of the brazilian amazon,2023,"DJ Dutra, PM Fearnside, AM Yanai, P Graça… - Rev. Bras …, 2023",Centro Nacional de Monitoramento e Alertas de Desastres Naturais; Instituto Nacional de Pesquisas Espaciais; Instituto Nacional de Pesquisas da Amazônia; Jet Propulsion Laboratory; Met Office; Universidade Federal de Santa Catarina,plutao.sid.inpe.br,http://plutao.sid.inpe.br/attachment.cgi/sid.inpe.br/plutao/2023/12.11.15.47.56/doc/68393.pdf,article,Fire effects on ecosystems,Global and Planetary Change,Environmental Science,Physical Sciences,Revista Brasileira de Cartografia,diamond,https://openalex.org/W4390592579,OpenAlex,2022
8JMKD3MGPDW34P/45U7LQS,10.14393/rbcv75n0a-68545,seasonal study on changing trends in climatic extremes indicators in the brazilian territory,2023,"T Brasileiro - Rev. Bras. Cartogr, 2023",Federal University of São João del-Rei; Universidade Federal de Minas Gerais,researchgate.net,https://www.researchgate.net/profile/Marconi-Pereira-4/publication/376513171_Seasonal_Study_on_Changing_Trends_in_Climatic_Extremes_Indicators_in_the_Brazilian_Territory_Estudo_Sazonal_sobre_Mudanca_de_Tendencias_em_Indicadores_de_Extremos_Climaticos_no_Territorio_Brasileiro/links/657b09dacbd2c535ea28e8d4/Seasonal-Study-on-Changing-Trends-in-Climatic-Extremes-Indicators-in-the-Brazilian-Territory-Estudo-Sazonal-sobre-Mudanca-de-Tendencias-em-Indicadores-de-Extremos-Climaticos-no-Territorio-Brasileiro.pdf,article,Environmental and biological studies,Ecology,Environmental Science,Physical Sciences,Revista Brasileira de Cartografia,diamond,https://openalex.org/W4390592595,OpenAlex,2021
8JMKD3MGPDW34P/4ADC83S,10.14393/rbcv76n0a-72592,comparing the segment anything model with region growing algorithms in the detection of irrigated croplands,2024,"FG Petrone, DT Da Silva, AB Maia, IDA Sanches… - Rev. Bras. Cartogr, 2024",Instituto Nacional de Pesquisas Espaciais; Universidade Estadual Paulista (Unesp),seer.ufu.br,https://seer.ufu.br/index.php/revistabrasileiracartografia/article/download/72592/39685/350364,article,Smart Agriculture and AI,Plant Science,Agricultural and Biological Sciences,Life Sciences,Revista Brasileira de Cartografia,diamond,https://openalex.org/W4408695964,OpenAlex,2023
8JMKD3MGPDW34P/4ADBMKL,10.14393/rbcv77n0a-72619,detection of forest removal in prodes mata atlantica discussion on the transition from visual to semiautomatic interpretation,2024,"F de Oliveira Passos¹, BV Adorno, RS do Carmo - Rev. Bras. Cartogr, 2024",,seer.ufu.br,https://seer.ufu.br/index.php/revistabrasileiracartografia/article/download/72619/41367/366867,article,Geography and Environmental Studies,Water Science and Technology,Environmental Science,Physical Sciences,Revista Brasileira de Cartografia,diamond,https://openalex.org/W4411194656,OpenAlex,2023
8JMKD2USPTW34P/4DK6SD5,10.14393/rbcv77n0a-79281,itacart an equal area parallelogram discrete global grid system for terrestrial cadastral mapping designed for usability and blockchain integration,2025,"IN da Silva, G Dietzsch, EH Shiguemori - Rev. Bras. Cartogr, 2025",Instituto Tecnológico de Aeronáutica; Vaughn College of Aeronautics and Technology,seer.ufu.br,https://seer.ufu.br/index.php/revistabrasileiracartografia/article/download/79281/42432/378873,article,Geographic Information Systems Studies,"Geography, Planning and Development",Social Sciences,Social Sciences,Revista Brasileira de Cartografia,diamond,https://openalex.org/W4417399354,OpenAlex,2025
8JMKD3MGPDW34P/4ADCP7P,10.15210/pjr-rau.v2i12.21581,centralidade e distribuicao espacial do comercio varejista em porto alegre rs,2021,"JL Souza, C Maraschin - Projectare, 2021",Universidade Federal do Rio Grande do Sul,revistas.ufpel.edu.br,https://revistas.ufpel.edu.br/index.php/Projectare/article/view/21581,article,Social and Economic Solidarity,Sociology and Political Science,Social Sciences,Social Sciences,Projectare Revista de Arquitetura e Urbanismo,hybrid,https://openalex.org/W4404858462,OpenAlex,2023
8JMKD3MGPDW34P/4ADCN3L,10.15628/holos.2025.15955,variabilidade regional do vento no estado do rio grande do sul brasil,2025,"SD Santos, IS Leonardi, M de Dineque Cassenote… - HOLOS, 2025",Universidade Federal de Santa Maria,ifrn.edu.br,https://www2.ifrn.edu.br/ojs/index.php/HOLOS/article/view/15955,article,Environmental and biological studies,Ecology,Environmental Science,Physical Sciences,Holos,diamond,https://openalex.org/W7117685511,OpenAlex,2023
8JMKD3MGPDW34P/4ADCN3L,10.1590/s1982-21702026000100004,radial basis functions applied to the spatial interpolation of categorical variables effect of parameters neighborhood and number of categories,2026,"RM Lima, EJ Seidel - Boletim de Ciências Geodésicas, 2026",Universidade Federal do Amapá,SciELO Brasil,https://www.scielo.br/j/bcg/a/qcgCVDZ4kWR9khTj9vsqy6x/?lang=en,article,Soil Geostatistics and Mapping,Environmental Engineering,Environmental Science,Physical Sciences,Boletim de Ciências Geodésicas,diamond,https://openalex.org/W7162792366,OpenAlex,2023
8JMKD3MGPDW34P/4ADCMKH,10.20944/preprints202512.1800.v1,ontology driven semantic alignment assessing the reasoning capabilities of large language models in geospatial contexts,2025,"FA Souza, SP Camboim",Hospital Ana Nery; Universidade Federal da Bahia; Universidade Federal do Paraná,2025,https://www.preprints.org/manuscript/202512.1800,preprint,Geographic Information Systems Studies,"Geography, Planning and Development",Social Sciences,Social Sciences,Preprints.org,green,https://openalex.org/W7117260022,OpenAlex,2023
8JMKD3MGPDW34P/4ADC9GS,10.21203/rs.3.rs-9297461/v1,short term sentinel 2 spectral signature characterization for suspended sediment assessment in low turbidity shatt al hilla river iraq,2026,"OA Al-Obaidi, AZ Al-Qaisi, H Dibs",Al-Qasim Green University; Green Cross International,2026,https://assets-eu.researchsquare.com/files/rs-9297461/v1_covered_5ecdf1d9-779c-4f6f-aad4-34624e2522fe.pdf,preprint,Remote Sensing in Agriculture,Ecology,Environmental Science,Physical Sciences,Research Square,green,https://openalex.org/W7151978414,OpenAlex,2023
8JMKD3MGPDW34P/4ADCMKH,10.3390/ijgi15020087,reasoning over heterogeneous geospatial schemas aligning authoritative taxonomies and collaborative folksonomies through large language models,2026,"FA Souza, SP Camboim - ISPRS International Journal of Geo-Information, 2026",Universidade Federal da Bahia; Universidade Federal do Paraná,mdpi.com,https://www.mdpi.com/2220-9964/15/2/87,article,Geographic Information Systems Studies,"Geography, Planning and Development",Social Sciences,Social Sciences,ISPRS International Journal of Geo-Information,gold,https://openalex.org/W7130330446,OpenAlex,2023
8JMKD3MGPDW34P/487M2DP,10.3390/rs15123102,identifying urban and socio environmental patterns of brazilian amazonian cities by remote sensing and machine learning,2023,"BD dos Santos, CMD de Pinho, A Páez, S Amaral - Remote Sensing, 2023",Instituto Nacional de Pesquisas Espaciais; McMaster University; Universidade Federal do ABC,mdpi.com,https://www.mdpi.com/2072-4292/15/12/3102,article,Land Use and Ecosystem Services,Global and Planetary Change,Environmental Science,Physical Sciences,Remote Sensing,gold,https://openalex.org/W4380684581,OpenAlex,2022
8JMKD3MGPDW34P/487M9FS,10.5194/isprs-annals-x-3-w4-2025-49-2026,detecting urban change with open source gis programs a case study in guayaquil,2026,"D Castro-Rodas… - ISPRS Annals of …, 2026",Centro Nacional de Monitoramento e Alertas de Desastres Naturais; Escuela Superior Politecnica del Litoral; Universidade Estadual Paulista (Unesp); University of Augsburg,opus.bibliothek.uni-augsburg.de,https://opus.bibliothek.uni-augsburg.de/opus4/frontdoor/index/index/docId/131581,article,Land Use and Ecosystem Services,Global and Planetary Change,Environmental Science,Physical Sciences,"ISPRS annals of the photogrammetry, remote sensing and spatial information sciences",diamond,https://openalex.org/W7135218402,OpenAlex,2022
8JMKD3MGPDW34P/45U7KBS,10.5220/0012606300003690,similarity slim extension reducing financial and computational costs of similarity queries in document collections in nosql databases,2024,"WZ Silva, IAR Eleutério, LR Teixeira, AJM Traina… - …, 2024",Universidade de São Paulo,repositorio.usp.br,https://repositorio.usp.br/directbitstream/a66169b1-06c4-440e-9997-d2f8ce39e20d/3194358.pdf,conference-paper,Cloud Computing and Resource Management,Information Systems,Computer Science,Physical Sciences,,gold,https://openalex.org/W4396573355,OpenAlex,2021
8JMKD3MGPDW34P/487MF52,10.5753/kdmile.2024.244469,evaluating past horizons for u net based precipitation nowcasting with radar data in southeastern para brazil,2024,"R Rocha, E Carvalho, E Oliveira… - … Discovery, Mining and …, 2024",,sol.sbc.org.br,https://sol.sbc.org.br/index.php/kdmile/article/view/30947,conference-paper,Precipitation Measurement and Analysis,Atmospheric Science,Earth and Planetary Sciences,Physical Sciences,,gold,https://openalex.org/W4404524726,OpenAlex,2022
8JMKD3MGPDW34P/487M29B,10.5753/sbbd.2024.240245,mastermobilitydb a persistence and manipulation layer for trajectories of multiple aspects,2024,"FR Feller, R dos Santos Mello - … Brasileiro de Banco de Dados (SBBD …, 2024",Universidade Federal de Santa Catarina,sol.sbc.org.br,https://sol.sbc.org.br/index.php/sbbd/article/view/30722,conference-paper,Data Management and Algorithms,Signal Processing,Computer Science,Physical Sciences,,gold,https://openalex.org/W4403824043,OpenAlex,2022
8JMKD3MGPDW34P/4ADBJJE,10.5753/sbbd.2024.242016,measuring similarity between groups of trajectory data with multiple aspects,2024,"VL Machado, TT Portela, L Vanini… - Simpósio Brasileiro de …, 2024","Instituto Federal Sul-rio-grandense; Instituto Federal de Educação, Ciência e Tecnologia do Pará; Instituto Federal de Educação, Ciência e Tecnologia do Rio Grande do Sul; Instituto Federal do Paraná; Universidade Federal de Santa Catarina",sol.sbc.org.br,https://sol.sbc.org.br/index.php/sbbd/article/view/30748,conference-paper,Data Management and Algorithms,Signal Processing,Computer Science,Physical Sciences,,gold,https://openalex.org/W4403816747,OpenAlex,2023
8JMKD3MGPDW34P/4ADCN3L,10.7160/aol.2021.130301,forecasting grain production and static capacity of warehouses using the natural neighbor and multiquadric equations,2021,"EG Cima, WF da Rocha-Junior… - AGRIS on-line …, 2021",Universidade Estadual do Oeste do Paraná; Universidade Tecnológica Federal do Paraná,ageconsearch.umn.edu,https://ageconsearch.umn.edu/record/320264/,article,Agricultural and Food Sciences,Forestry,Agricultural and Biological Sciences,Life Sciences,Agris on-line Papers in Economics and Informatics,diamond,https://openalex.org/W3203999038,OpenAlex,2023
83LX3pFwXQZ3V9uMbiY/Mekki,11 o open geospatial consortium|2005,11 o open geospatial consortium,2005,"CA Davis Jr, KAV Borges, LA de Souza… - Bancos de Dados …, 2005",,bibdigital.sid.inpe.br,http://bibdigital.sid.inpe.br/sid.inpe.br/iris@1912/2005/07.01.19.10#page=377,,,,,,,,,Google Scholar; OpenAlex,2004
83LX3pFwXQZ3V9uMbiY/Mipec,12 descricao da terralib|2005,12 descricao da terralib,2005,"L Vinhas, KR Ferreira - Bancos de Dados Geográficos, 2005",,bibdigital.sid.inpe.br,http://bibdigital.sid.inpe.br/sid.inpe.br/iris@1912/2005/07.01.19.10#page=394,,,,,,,,,Google Scholar; OpenAlex,2003
83LX3pFwXQZ4BFjAq/mGafE,13 tratamento de dados matriciais na terralib|2005,13 tratamento de dados matriciais na terralib,2005,"L Vinhas, RCM de Souza - Bancos de Dados Geográficos, 2005",,bibdigital.sid.inpe.br,http://bibdigital.sid.inpe.br/sid.inpe.br/iris@1912/2005/07.01.19.10#page=438,,,,,,,,,Google Scholar; OpenAlex,2000
8JMKD3MGPDW34P/3SEURDB,3 resultados e discussao|2011,3 resultados e discussao,2011,"VM SILVA - Residência Multiprofissional em …, 2011",,publicacoes.abennacional.org.br,https://publicacoes.abennacional.org.br/wp-content/uploads/2023/01/e18-residencia-cap.pdf#page=84,,,,,,,,,Google Scholar; OpenAlex,2018
8JMKD3MGP8W/3FCBR3B,3d webgis from visualization to analysis an efficient browser based 3d line of sight analysis|2018,3d webgis from visualization to analysis an efficient browser based 3d line of sight analysis,2018,"M Auer, A Zipf - ISPRS International Journal of Geo-Information, 2018",,mdpi.com,https://www.mdpi.com/2220-9964/7/7/279,,,,,,,,,Google Scholar; OpenAlex,2013
83LX3pFwXQZ3V9uMbiY/LHUxR,4d open spatial information infrastructure supporting participatory urban planning monitoring|2019,4d open spatial information infrastructure supporting participatory urban planning monitoring,2019,A Indrajit,,2019,https://www.gdmc.nl/publications/reports/GISt76.pdf,,,,,,,,,Google Scholar; OpenAlex,2005
8JMKD3MGPDW34R/3UFE9F8,a 60 ghz millimeter wave fmcw radar system for real time observations in remote outdoor environments|2025,a 60 ghz millimeter wave fmcw radar system for real time observations in remote outdoor environments,2025,"I Marković, H Yao, S Wielandt - 2025 IEEE Sensors …, 2025",,ieeexplore.ieee.org,https://ieeexplore.ieee.org/abstract/document/11105201/,,,,,,,,,Google Scholar; OpenAlex,2019
83LX3pFwXQZ3V9uMbiY/MipaK,a abordagem poesia para a integracao de dados e servicos na web semantica|2003,a abordagem poesia para a integracao de dados e servicos na web semantica,2003,R Fileto,,2003,https://repositorio.unicamp.br/Busca/Download?codigoArquivo=489719&tipoMidia=0,,,,,,,,,Google Scholar; OpenAlex,2003
8JMKD3MGP8W/3GTJAES,a case tool for geographic database design supporting analysis patterns|2004,a case tool for geographic database design supporting analysis patterns,2004,"J Lisboa Filho, V de Freitas Sodré, J Daltio… - … on Conceptual Modeling, 2004",,Springer,https://link.springer.com/chapter/10.1007/978-3-540-30466-1_5,,,,,,,,,Google Scholar; OpenAlex,2002
8JMKD3MGP8W/3B2274B,a cellular automata modeling for visualizing and predicting spreading patterns of dengue fever|2016,a cellular automata modeling for visualizing and predicting spreading patterns of dengue fever,2016,"PE Hosen, T Djatna, H Khusun - … Computing Electronics and …, 2016",,telkomnika.uad.ac.id,https://www.telkomnika.uad.ac.id/index.php/TELKOMNIKA/article/view/2404,,,,,,,,,Google Scholar; OpenAlex,2011
8JMKD3MGPDW34P/3KJKF3P,a century of french railways the value of remote sensing and vgi in the fusion of historical data|2021,a century of french railways the value of remote sensing and vgi in the fusion of historical data,2021,"R Jeansoulin - ISPRS International Journal of Geo-Information, 2021",,mdpi.com,https://www.mdpi.com/2220-9964/10/3/154,,,,,,,,,Google Scholar; OpenAlex,2008
8JMKD3MGPDW34P/3KK5L2S,a collaborative learning approach for geographic information retrieval based on social networks|2015,a collaborative learning approach for geographic information retrieval based on social networks,2015,"F Mata-Rivera, M Torres-Ruiz, G Guzman… - Computers in human …, 2015",,Elsevier,https://www.sciencedirect.com/science/article/pii/S0747563214006876,,,,,,,,,Google Scholar; OpenAlex,2010
8JMKD3MGPDW34P/487M565,a combined noisy borehole image log segmentation method|2023,a combined noisy borehole image log segmentation method,2023,"LDS Bomfim, H Pedrini, AC Vidal - 2023 30th International …, 2023",,ieeexplore.ieee.org,https://ieeexplore.ieee.org/abstract/document/10180269/,,,,,,,,,Google Scholar,2022
83LX3pFwXQZ3V9uMbiY/NiaFE,a common framework for visually reconciling geographic data semantics in geospatial data mapping portals|2010,a common framework for visually reconciling geographic data semantics in geospatial data mapping portals,2010,"O Ahlqvist - … : The International Journal for Geographic Information …, 2010",,utppublishing.com,https://utppublishing.com/doi/abs/10.3138/carto.45.2.140,,,,,,,,,Google Scholar; OpenAlex,2006
8JMKD3MGP8W/3FCF4P8,a comparative analysis of development environments for voluntary geographical information web systems|2014,a comparative analysis of development environments for voluntary geographical information web systems,2014,"JHS Câmara, TT de Almeida, DR Carvalho… - GeoInfo, 2014",,mtc-m21b.sid.inpe.br,http://mtc-m21b.sid.inpe.br/col/sid.inpe.br/mtc-m21b/2020/05.21.14.01/doc/camara_comparative.pdf,,,,,,,,,Google Scholar; OpenAlex,2013
83LX3pFwXQZ3V9uMbiY/Mc9AB,a complex systems approach to understand the influence of community based interventions in spatial segregation patterns in colombia|2023,a complex systems approach to understand the influence of community based interventions in spatial segregation patterns in colombia,2023,AF Useche Luque,,2023,https://repositorio.uniandes.edu.co/entities/publication/91db47da-981d-474a-96e8-ac12bd67d498,,,,,,,,,Google Scholar; OpenAlex,2004
83LX3pFwXQZ3V9uMbiY/NiaVh,a component based 3d geographic simulation framework and its integration with a legacy gis|2011,a component based 3d geographic simulation framework and its integration with a legacy gis,2011,"ZS Guo, Y Tanaka - … Advances in Adaptive and Intelligent Assistant …, 2011",,igi-global.com,https://www.igi-global.com/chapter/component-based-geographic-simulation-framework/46285,,,,,,,,,Google Scholar; OpenAlex,2006
8JMKD3MGPDW34P/487M565,a computational tool for geometric characterization of pores and fractures in microtomography rock images|2023,a computational tool for geometric characterization of pores and fractures in microtomography rock images,2023,"IM de Rochas - Rev. Bras. Cartogr, 2023",,researchgate.net,https://www.researchgate.net/profile/Leticia-Bomfim-2/publication/375552297_A_Computational_Tool_for_Geometric_Characterization_of_Pores_and_Fractures_in_Microtomography_Rock_Images/links/654e6a25b1398a779d76b5d5/A-Computational-Tool-for-Geometric-Characterization-of-Pores-and-Fractures-in-Microtomography-Rock-Images.pdf,,,,,,,,,Google Scholar,2022
8JMKD3MGPDW34P/3KLNJTH,a conceptual analysis of resolution|2012,a conceptual analysis of resolution,2012,"A Degbelo, W Kuhn - GEOINFO, 2012",,academia.edu,https://www.academia.edu/download/30839383/degbelo.pdf,,,,,,,,,Google Scholar; OpenAlex,2011
8JMKD3MGP8W/3HHLNQ5,a conceptual trajectory multidimensional model an application to public transportation|2011,a conceptual trajectory multidimensional model an application to public transportation,2011,"F Moreno, F Arango - Dyna, 2011",,scielo.org.co,http://www.scielo.org.co/scielo.php?pid=S0012-73532011000200017&script=sci_arttext,,,,,,,,,Google Scholar; OpenAlex,2007
83LX3pFwXQZ3V9uMbiY/LHUjj,a context aware big data analytics service centric process modeling approach|2020,a context aware big data analytics service centric process modeling approach,2020,"A Sarkar Mondal, S Chattopadhyay - Smart Cities: A Data Analytics …, 2020",,Springer,https://link.springer.com/chapter/10.1007/978-3-030-60922-1_2,,,,,,,,,Google Scholar; OpenAlex,2005
83LX3pFwXQZ3V9uMbiY/LHUjj,a convergence of context awareness and service orientation in ubiquitous computing|2007,a convergence of context awareness and service orientation in ubiquitous computing,2007,"H Yoon - International Journal of Computer Science and …, 2007",,,,,,,,,,,,Google Scholar; OpenAlex,2005
8JMKD3MGPDW34P/3KJKHE8,a crisis management serious game for responding extreme weather event|2017,a crisis management serious game for responding extreme weather event,2017,"J Radianti, MN Tronslien, ME Moland… - … on information systems …, 2017",,Springer,https://link.springer.com/chapter/10.1007/978-3-319-67633-3_11,,,,,,,,,Google Scholar; OpenAlex,2008
8JMKD3MGP8W/3GQ75L5,a cross platform data mart synchronization model for high availability in dual cloud architectures|2021,a cross platform data mart synchronization model for high availability in dual cloud architectures,2021,"BP Okare, TD Aduloju, OO Ajayi, O Onunka, L Azah - Journal of Advanced Education …, 2021",,,,,,,,,,,,Google Scholar; OpenAlex,2001
83LX3pFwXQZ3V9uMbiY/MdGsf,a customizable framework for pervasive games|2010,a customizable framework for pervasive games,2010,C Stach,,2010,https://www.ipvs.uni-stuttgart.de/departments/as/publications/stachch/icps_10_gamework.pdf,,,,,,,,,Google Scholar; OpenAlex,2004
83LX3pFwXQZ4BFjAq/mEoPs,a decision support methodology for the control of alternative penalties a case based reasoning approach|2009,a decision support methodology for the control of alternative penalties a case based reasoning approach,2009,"EC Lopes, U Schiel… - … on Information, Process …, 2009",,ieeexplore.ieee.org,https://ieeexplore.ieee.org/abstract/document/4782568/,,,,,,,,,Google Scholar; OpenAlex,2000
8JMKD3MGP3W34P/3N2U8K2,a deep learning approach for forecasting non stationary big remote sensing time series|2020,a deep learning approach for forecasting non stationary big remote sensing time series,2020,"M Rhif, A Ben Abbes, B Martinez, IR Farah - Arabian Journal of …, 2020",,Springer,https://link.springer.com/article/10.1007/s12517-020-06140-w,,,,,,,,,Google Scholar; OpenAlex,2016
8JMKD3MGP8W/3FCF4GH,a denoising hybrid model for anomaly detection in trajectory sequences|2021,a denoising hybrid model for anomaly detection in trajectory sequences,2021,"M Liatsikou, S Papadopoulos, L Apostolidis… - EDBT/ICDT …, 2021",,mever.gr,https://mever.gr/publications/A%20Denoising%20Hybrid%20Model%20for%20Anomaly%20Detection%20in%20Trajectory%20Sequences.pdf,,,,,,,,,Google Scholar; OpenAlex,2013
83LX3pFwXQZ3V9uMbiY/LHUxR,a description method for spatial data service integration by resources virtualization|2012,a description method for spatial data service integration by resources virtualization,2012,"L Huang, X Zhu, W Guo, M Shui - … International Conference on …, 2012",,ieeexplore.ieee.org,https://ieeexplore.ieee.org/abstract/document/6414113/,,,,,,,,,Google Scholar; OpenAlex,2005
8JMKD3MGP8W/3GQ6URS,a design pattern approach to cartography with big geospatial data|2017,a design pattern approach to cartography with big geospatial data,2017,"S Coetzee, V Rautenbach - The Cartographic Journal, 2017",,Taylor & Francis,https://www.tandfonline.com/doi/abs/10.1080/00087041.2017.1400199,,,,,,,,,Google Scholar; OpenAlex,2001
83LX3pFwXQZeBBx/oS63E,a dialogue based mobile virtual assistant for tourists the spacebook project|2018,a dialogue based mobile virtual assistant for tourists the spacebook project,2018,"P Bartie, W Mackaness, O Lemon, T Dalmas… - … Environment and Urban …, 2018",,Elsevier,https://www.sciencedirect.com/science/article/pii/S0198971517303174,,,,,,,,,Google Scholar; OpenAlex,1999
83LX3pFwXQZ3V9uMbiY/LHUxR,a distributed spatial data sharing and management system for forest farms|2010,a distributed spatial data sharing and management system for forest farms,2010,"X Yu, Y Yang, H Liu, X Li… - … Intelligence and Software …, 2010",,ieeexplore.ieee.org,https://ieeexplore.ieee.org/abstract/document/5677028/,,,,,,,,,Google Scholar; OpenAlex,2005
83LX3pFwXQZ3V9uMbiY/LHUxR,a dublin core application profile for documenting analysis patterns in a reuse infrastructure|2013,a dublin core application profile for documenting analysis patterns in a reuse infrastructure,2013,"LFM Vegi, J Lisboa-Filho… - International …, 2013",,inderscienceonline.com,https://www.inderscienceonline.com/doi/abs/10.1504/IJMSO.2013.058403,,,,,,,,,Google Scholar; OpenAlex,2005
8JMKD3MGP8W/3GTELGE,a flexible addressing system for approximate geocoding|2003,a flexible addressing system for approximate geocoding,2003,"CA Davis Jr, FT Fonseca, KAV Borges - GEOINFO, 2003",,mtc-m16c.sid.inpe.br,http://mtc-m16c.sid.inpe.br/col/dpi.inpe.br/geoinfo@80/2006/08.29.12.24/doc/A%20Flexible%20Addressing%20System%20for%20Approximate%20Geocoding.pdf,,,,,,,,,Google Scholar; OpenAlex,2002
83LX3pFwXQZ3V9uMbiY/NiaVh,a framework for integrating 3d geographical simulation systems and related geo information web resources|2009,a framework for integrating 3d geographical simulation systems and related geo information web resources,2009,"ZS Guo, M Itoh, Y Tanaka - 2009 International Conference on …, 2009",,ieeexplore.ieee.org,https://ieeexplore.ieee.org/abstract/document/4782697/,,,,,,,,,Google Scholar; OpenAlex,2006
8JMKD3MGP8W/3B2274B,a framework for modeling and simulating aedes aegypti and dengue fever dynamics|2014,a framework for modeling and simulating aedes aegypti and dengue fever dynamics,2014,"T Lima, T Carneiro, L Silva, R Lana… - Proceedings of the …, 2014",,ieeexplore.ieee.org,https://ieeexplore.ieee.org/abstract/document/7020001/,,,,,,,,,Google Scholar; OpenAlex,2011
8JMKD3MGP8W/3GQ6URS,a framework for real time terrain visualization with adaptive semi regular meshes|2004,a framework for real time terrain visualization with adaptive semi regular meshes,2004,"L Rocha, S Pinheiro, MB Vieira, L Velho - GEOINFO, 2004",,academia.edu,https://www.academia.edu/download/45549482/A_Framework_for_Real-Time_Terrain_Visual20160511-6902-3rohr7.pdf,,,,,,,,,Google Scholar; OpenAlex,2001
8JMKD3MGP8W/3HHLNQ5,a framework for the trajectory data warehouse conceptual modeling support a mobile hospital trajectory case study|2015,a framework for the trajectory data warehouse conceptual modeling support a mobile hospital trajectory case study,2015,"W Oueslati, J Akaichi - Network Modeling Analysis in Health Informatics …, 2015",,Springer,https://link.springer.com/article/10.1007/s13721-015-0083-4,,,,,,,,,Google Scholar; OpenAlex,2007
8JMKD3MGPDW34P/3KJKMCS,a framework for web and mobile volunteered geographic information applications|2013,a framework for web and mobile volunteered geographic information applications,2013,"CA Davis Jr, H de Souza Vellozo, MB Pinheiro - GeoInfo, 2013",,mtc-m16c.sid.inpe.br,http://mtc-m16c.sid.inpe.br/attachment.cgi/sid.inpe.br/mtc-m18/2013/12.11.12.10/doc/paper16.pdf,,,,,,,,,Google Scholar; OpenAlex,2008
8JMKD3MGPDW34P/43PLCP5,a framework to automatic detect center pivots using land use and land cover data|2021,a framework to automatic detect center pivots using land use and land cover data,2021,"ML Rodrigues, TS Körting, GR de Queiroz - Rev. Bras. Cartogr, 2021",,seer.ufu.br,https://seer.ufu.br/index.php/revistabrasileiracartografia/article/download/60553/32716,,,,,,,,,Google Scholar; OpenAlex,2020
83LX3pFwXQZeBBx/oS63E,a framework to guide the design of environments coupling mobile and situated technologies|2010,a framework to guide the design of environments coupling mobile and situated technologies,2010,BD Bedwell,,2010,,,,,,,,,,Google Scholar; OpenAlex,1999
8JMKD3MGP8W/3HHGF2E,a framework to process complex biodiversity queries|2008,a framework to process complex biodiversity queries,2008,"J Daltio, CB Medeiros, L Gomes Jr… - Proceedings of the 2008 …, 2008",,dl.acm.org,https://dl.acm.org/doi/abs/10.1145/1363686.1364231,,,,,,,,,Google Scholar; OpenAlex,2007
83LX3pFwXQZ4BFjAq/mGafE,a fuzzy cellular automata for sir compartmental models|2013,a fuzzy cellular automata for sir compartmental models,2013,"W Da Costa, L Medeiros, S Sandri - International Workshop on Fuzzy …, 2013",,Springer,https://link.springer.com/chapter/10.1007/978-3-319-03200-9_24,,,,,,,,,Google Scholar; OpenAlex,2000
8JMKD3MGPDW34P/3NDC42E,a fuzzy generalisation of the hamming distance for temporal sequences|2021,a fuzzy generalisation of the hamming distance for temporal sequences,2021,"C Moreau, T Devogele, C De Runz… - … on Fuzzy Systems …, 2021",,ieeexplore.ieee.org,https://ieeexplore.ieee.org/abstract/document/9494445/,,,,,,,,,Google Scholar; OpenAlex,2016
8JMKD3MGP8W/3FCBNQB,a fuzzy model of directional relationships from the phi descriptor|2019,a fuzzy model of directional relationships from the phi descriptor,2019,"M Naeem, N Ahmad, S Khan… - Turkish Journal of …, 2019",,journals.tubitak.gov.tr,https://journals.tubitak.gov.tr/elektrik/vol27/iss1/23/,,,,,,,,,Google Scholar; OpenAlex,2013
8JMKD3MGP8W/3D62DH8,a gazetteer for biodiversity data as a linked open data solution|2014,a gazetteer for biodiversity data as a linked open data solution,2014,"SD Cardoso, KJ Serique, FK Amanqui… - 2014 IEEE 23rd …, 2014",,ieeexplore.ieee.org,https://ieeexplore.ieee.org/abstract/document/6927097/,,,,,,,,,Google Scholar; OpenAlex,2012
8JMKD3MGPDW34P/3KLNKDS,a general vector based algorithm to generate weighted voronoi diagrams based on arcgis engine|2015,a general vector based algorithm to generate weighted voronoi diagrams based on arcgis engine,2015,"T Song, X Cui, G Yu - 2015 IEEE International Conference on …, 2015",,ieeexplore.ieee.org,https://ieeexplore.ieee.org/abstract/document/7237612/,,,,,,,,,Google Scholar; OpenAlex,2011
8JMKD3MGPDW34P/3NDDJ8P,a generic and efficient framework for flash aware spatial indexing|2019,a generic and efficient framework for flash aware spatial indexing,2019,"AC Carniel, RR Ciferri, CDA Ciferri - Information Systems, 2019",,Elsevier,https://www.sciencedirect.com/science/article/pii/S0306437918300899,,,,,,,,,Google Scholar; OpenAlex,2016
8JMKD3MGPDW34P/3NDDJ8P,a generic and efficient framework for spatial indexing on flash based solid state drives|2017,a generic and efficient framework for spatial indexing on flash based solid state drives,2017,"AC Carniel, RR Ciferri, CD de Aguiar Ciferri - European Conference on …, 2017",,Springer,https://link.springer.com/chapter/10.1007/978-3-319-66917-5_16,,,,,,,,,Google Scholar; OpenAlex,2016
8JMKD3MGPDW34P/3KP333E,a genetic algorithm to autonomous vehicles designation|2019,a genetic algorithm to autonomous vehicles designation,2019,"E de Barros Alcântara, M de Arruda Pereira - GEOINFO, 2019",,mtc-m16d.sid.inpe.br,http://mtc-m16d.sid.inpe.br/col/sid.inpe.br/mtc-m16d/2019/11.27.18.17/doc/194-199.pdf,,,,,,,,,Google Scholar; OpenAlex,2015
83LX3pFwXQZ3V9uMbiY/MhU9d,a gentle introduction to terrame|2007,a gentle introduction to terrame,2007,"T Carneiro, G CÂMARA",,2007,https://www.academia.edu/download/44384580/A_gentle_introduction_to_TerraME20160404-841-zcs84v.pdf,,,,,,,,,Google Scholar; OpenAlex,2003
83LX3pFwXQZ3V9uMbiY/NiaFE,a geo service semantic integration in spatial data infrastructures|2009,a geo service semantic integration in spatial data infrastructures,2009,"L Vaccari, P Shvaiko… - International Journal of …, 2009",,ijsdir.sadl.kuleuven.be,https://ijsdir.sadl.kuleuven.be/index.php/ijsdir/article/view/107,,,,,,,,,Google Scholar; OpenAlex,2006
83LX3pFwXQZ3V9uMbiY/Nib3w,a geo temporal web gazetteer integrating data from multiple sources|2008,a geo temporal web gazetteer integrating data from multiple sources,2008,"H Manguinhas, B Martins… - 2008 Third international …, 2008",,ieeexplore.ieee.org,https://ieeexplore.ieee.org/abstract/document/4746788/,,,,,,,,,Google Scholar; OpenAlex,2006
8JMKD3MGP8W/3HHGDJL,a geocoding algorithm based on a comparative study of address matching techniques|2013,a geocoding algorithm based on a comparative study of address matching techniques,2013,BA Ranzijn,,2013,https://thesis.eur.nl/pub/14891,,,,,,,,,Google Scholar; OpenAlex,2007
83LX3pFwXQZ3V9uMbiY/MimPC,a geocoding method implemented for hierarchical areal addressing system in korea|2006,a geocoding method implemented for hierarchical areal addressing system in korea,2006,"JY Lee, HY Kim - Spatial Information Research, 2006",,scholar.kyobobook.co.kr,https://scholar.kyobobook.co.kr/article/detail/4040015113970,,,,,,,,,Google Scholar; OpenAlex,2003
83LX3pFwXQZ3V9uMbiY/MdJ7h,a geometric and radiometric simultaneous correction model grscm framework for high accuracy remotely sensed image preprocessing|2017,a geometric and radiometric simultaneous correction model grscm framework for high accuracy remotely sensed image preprocessing,2017,"C Li, H Xiong - Photogrammetric Engineering & Remote …, 2017",,ingentaconnect.com,https://www.ingentaconnect.com/content/asprs/pers/2017/00000083/00000009/art00012,,,,,,,,,Google Scholar; OpenAlex,2004
83LX3pFwXQZ3V9uMbiY/LHUKe,a gis based approach to embedded fire modelling a south african case study|2012,a gis based approach to embedded fire modelling a south african case study,2012,"B Sibolla, JL Smit - Earth Observation of Global Changes (EOGC), 2012",,Springer,https://link.springer.com/chapter/10.1007/978-3-642-32714-8_16,,,,,,,,,Google Scholar; OpenAlex,2005
83LX3pFwXQZ3V9uMbiY/LHTK3,a greedy randomized adaptive search procedure for the point feature cartographic label placement|2008,a greedy randomized adaptive search procedure for the point feature cartographic label placement,2008,"GL Cravo, GM Ribeiro, LAN Lorena - Computers & Geosciences, 2008",,Elsevier,https://www.sciencedirect.com/science/article/pii/S0098300407001033,,,,,,,,,Google Scholar; OpenAlex,2005
83LX3pFwXQZ3V9uMbiY/NiaFE,a heterogeneous web service integration method based on middleware|2013,a heterogeneous web service integration method based on middleware,2013,"J He, N Chen, W Mi - Geo-Informatics in Resource Management and …, 2013",,Springer,https://link.springer.com/chapter/10.1007/978-3-642-45025-9_71,,,,,,,,,Google Scholar; OpenAlex,2006
8JMKD3MGP8W/3GTJ8DB,a heuristic strategy for spherical point location|2005,a heuristic strategy for spherical point location,2005,"Y Wu, YJ He, HM Cai - Journal of Software, 2005",,sciengine.com,https://www.sciengine.com/doi/10.0000/1000-9825-20051115,,,,,,,,,Google Scholar; OpenAlex,2002
8JMKD3MGPDW34P/3NDC42E,a hierarchical indoor and outdoor model for semantic trajectories|2022,a hierarchical indoor and outdoor model for semantic trajectories,2022,"H Noureddine, C Ray, C Claramunt - Transactions in GIS, 2022",,Wiley Online Library,https://onlinelibrary.wiley.com/doi/abs/10.1111/tgis.12841,,,,,,,,,Google Scholar; OpenAlex,2016
83LX3pFwXQZ3V9uMbiY/NiaFE,a holistic framework of geographical semantic web aligning|2016,a holistic framework of geographical semantic web aligning,2016,"L Yu, X Liu, M Li, P Peng, F Lu - Proceedings of the 10th Workshop on …, 2016",,dl.acm.org,https://dl.acm.org/doi/abs/10.1145/3003464.3003465,,,,,,,,,Google Scholar; OpenAlex,2006
8JMKD3MGPDW34P/3KK5LLL,a hybrid approach to disseminate large volume sensor data for monitoring global change|2012,a hybrid approach to disseminate large volume sensor data for monitoring global change,2012,"T Foerster, A Remke, G Kaspar - Earth Observation of Global Changes …, 2012",,Springer,https://link.springer.com/chapter/10.1007/978-3-642-32714-8_11,,,,,,,,,Google Scholar; OpenAlex,2010
8JMKD3MGP8W/3FCF4P8,a hybrid architecture for mobile geographical data acquisition and validation systems|2014,a hybrid architecture for mobile geographical data acquisition and validation systems,2014,"CH Bogossian, KR Ferreira, AMV Monteiro… - GeoInfo, 2014",,mtc-m21b.sid.inpe.br,http://mtc-m21b.sid.inpe.br/attachment.cgi/sid.inpe.br/mtc-m21b/2020/05.21.14.03/doc/bogossian_hybrid.pdf,,,,,,,,,Google Scholar; OpenAlex,2013
83LX3pFwXQZ3V9uMbiY/Mc9Hq,a hybrid geospatial data clustering method for hotspot analysis|2010,a hybrid geospatial data clustering method for hotspot analysis,2010,"M KEYVANPOUR, M Javideh, MR Ebrahimi",,2010,https://www.sid.ir/en/VEWSSID/J_pdf/53000020100206.pdf,,,,,,,,,Google Scholar; OpenAlex,2004
83LX3pFwXQZ3V9uMbiY/MdK47,a hybrid parallel version of ictm for cluster of numa machines|2011,a hybrid parallel version of ictm for cluster of numa machines,2011,"M Raeder, D Griebler, N Ribeiro… - IADIS International …, 2011",,gmap.pucrs.br,https://gmap.pucrs.br/dalvan/papers/2011/CR_IADIS_2011.pdf,,,,,,,,,Google Scholar; OpenAlex,2004
83LX3pFwXQZ4BFjAq/mGafE,a hydrogeological approach in urban underground infrastructures|2016,a hydrogeological approach in urban underground infrastructures,2016,A Serrano Juan,,2016,https://upcommons.upc.edu/entities/publication/fcd51d1d-3f03-4288-961c-4e88f291f5ed,,,,,,,,,Google Scholar; OpenAlex,2000
83LX3pFwXQZeBBx/oS7Az,a importancia dos metadados no uso das geotecnologias e na difusao da cartografia digital|2005,a importancia dos metadados no uso das geotecnologias e na difusao da cartografia digital,2005,"ACM Moura - SEMINÁRIO NACIONAL SOBRE MAPEAMENTO …, 2005",,researchgate.net,https://www.researchgate.net/profile/Ana-Clara-Moura/publication/228601250_A_importancia_dos_metadados_no_uso_das_Geotecnologias_e_na_difusao_da_Cartografia_Digital/links/55e625a908aec74dbe74e427/A-importancia-dos-metadados-no-uso-das-Geotecnologias-e-na-difusao-da-Cartografia-Digital.pdf,,,,,,,,,Google Scholar; OpenAlex,1999
83LX3pFwXQZ4BFjAq/mGafE,a language for spatial data manipulation|2003,a language for spatial data manipulation,2003,"B Howe, D Maier, A Baptista - Journal of …, 2003",,homes.cs.washington.edu,https://homes.cs.washington.edu/~billhowe/pubs/howemaier_envdatamanip.pdf,,,,,,,,,Google Scholar; OpenAlex,2000
8JMKD3MGPDW34P/3KJKGPE,a language to describe geographic physical processes|2009,a language to describe geographic physical processes,2009,BH Hofer,,2009,https://repositum.tuwien.at/handle/20.500.12708/11765,,,,,,,,,Google Scholar; OpenAlex,2008
83LX3pFwXQZeBBx/oS63E,a lightweight 3d visualization approach for mobile city exploration|2008,a lightweight 3d visualization approach for mobile city exploration,2008,"M Baldauf, P Fröhlich, P Musialski - … Workshop on Trends in Pervasive and …, 2008",,vrvis.at,https://www.vrvis.at/en/publications/pdfs/PB-VRVis-2008-035.pdf,,,,,,,,,Google Scholar; OpenAlex,1999
83LX3pFwXQZ3V9uMbiY/LHUxR,a machine processable dublin core application profile for analysis patterns to provide linked data|2012,a machine processable dublin core application profile for analysis patterns to provide linked data,2012,"LF da Matta, J Lisboa-Filho… - … on Dublin Core …, 2012",,dcpapers-data.dublincore.org,https://dcpapers-data.dublincore.org/articles/dc-2012/952135943/files/dcmi-952135943.pdf,,,,,,,,,Google Scholar; OpenAlex,2005
83LX3pFwXQZ3V9uMbiY/LHUQQ,a map algebra inspired approach for interacting with wireless sensor networks cyber physical systems or internet of things|2023,a map algebra inspired approach for interacting with wireless sensor networks cyber physical systems or internet of things,2023,DM Almeida,,2023,https://search.proquest.com/openview/8da87a62f767190926367a501e03af58/1?pq-origsite=gscholar&cbl=18750&diss=y,,,,,,,,,Google Scholar; OpenAlex,2005
8JMKD3MGP8W/3GQ6TMP,a maquina geometrica modelo computacional para concorrencia e nao determinismo usando como estrutura espacos coerentes|2002,a maquina geometrica modelo computacional para concorrencia e nao determinismo usando como estrutura espacos coerentes,2002,RHS Reiser,,2002,https://lume.ufrgs.br/handle/10183/10417,,,,,,,,,Google Scholar; OpenAlex,2001
8JMKD3MGPDW34P/45U7CE8,a meta classification based approach for outlier identification in gnss networks|2025,a meta classification based approach for outlier identification in gnss networks,2025,"SS Suraci, LC de Oliveira, I Klein, RR Goldschmidt… - GPS Solutions, 2025",,Springer,https://link.springer.com/article/10.1007/s10291-024-01775-8,,,,,,,,,Google Scholar; OpenAlex,2021
8JMKD3MGPDW34P/3Q5DQ6H,a meta learning framework for imputing missing values in weather time series|2020,a meta learning framework for imputing missing values in weather time series,2020,"VHA Alves, MA Pereira - GEOINFO, 2020",,mtc-m16c.sid.inpe.br,http://mtc-m16c.sid.inpe.br/attachment.cgi/sid.inpe.br/mtc-m16c/2020/12.14.11.52/doc/p6.pdf,,,,,,,,,Google Scholar; OpenAlex,2017
8JMKD3MGP8W/3HHLNQ5,a method for calculating shape similarity among trajectory of moving object based on statistical correlation of angular deflection vectors|2016,a method for calculating shape similarity among trajectory of moving object based on statistical correlation of angular deflection vectors,2016,"AA de Melo, G Scheibel, F Baldo, FJ Braz - GEOProcessing 2016, 2016",,academia.edu,https://www.academia.edu/download/80864817/download_full.pdf#page=75,,,,,,,,,Google Scholar; OpenAlex,2007
83LX3pFwXQZ3V9uMbiY/MdHbz,a method for defining semantic similarities between gml schemas|2007,a method for defining semantic similarities between gml schemas,2007,"AA Frozza, RS Mello - … in Geoinformatics: VIII Brazilian Symposium on …, 2007",,Springer,https://link.springer.com/chapter/10.1007/978-3-540-73414-7_11,,,,,,,,,Google Scholar; OpenAlex,2004
8JMKD3MGP3W34P/42GRQ78,a method to detect and classify inconsistencies of moving objects stops with requested and reported tasks|2015,a method to detect and classify inconsistencies of moving objects stops with requested and reported tasks,2015,"FP da Silva, R Fileto - Journal of Information and Data …, 2015",,journals-sol.sbc.org.br,https://journals-sol.sbc.org.br/index.php/jidm/article/view/1557,,,,,,,,,Google Scholar; OpenAlex,2014
8JMKD3MGPDW34P/3KP3262,a method to identify defensive assignments in team based invasion sports using spatiotemporal trajectories|2021,a method to identify defensive assignments in team based invasion sports using spatiotemporal trajectories,2021,"YE Leichsenring, RS Parpinelli… - International Journal of …, 2021",,Taylor & Francis,https://www.tandfonline.com/doi/abs/10.1080/13658816.2020.1813735,,,,,,,,,Google Scholar; OpenAlex,2015
83LX3pFwXQZeBBx/oS63E,a mobile application framework for the geospatial web|2007,a mobile application framework for the geospatial web,2007,"R Simon, P Fröhlich - Proceedings of the 16th international conference …, 2007",,dl.acm.org,https://dl.acm.org/doi/abs/10.1145/1242572.1242624,,,,,,,,,Google Scholar; OpenAlex,1999
83LX3pFwXQZeBBx/oS63E,a mobile geo wand enabling gesture based poi search an user generated directional poi photography|2009,a mobile geo wand enabling gesture based poi search an user generated directional poi photography,2009,"Z Lei, P Coulton - Proceedings of the International Conference on …, 2009",,dl.acm.org,https://dl.acm.org/doi/abs/10.1145/1690388.1690469,,,,,,,,,Google Scholar; OpenAlex,1999
8JMKD3MGP8W/3HHLNQ5,a mobile hospital trajectory data warehouse modeling and querying to detect the breast cancer disease|2015,a mobile hospital trajectory data warehouse modeling and querying to detect the breast cancer disease,2015,"W Oueslati, H Hamdi, J Akaichi - Proceedings of the International …, 2015",,dl.acm.org,https://dl.acm.org/doi/abs/10.1145/2816839.2816932,,,,,,,,,Google Scholar; OpenAlex,2007
8JMKD3MGP8W/3HHFPFE,a model based clustering of expectation maximization and k means algorithms in crime hotspot analysis|2022,a model based clustering of expectation maximization and k means algorithms in crime hotspot analysis,2022,"SK Appiah, K Wirekoh, EN Aidoo, SD Oduro… - Research in …, 2022",,Taylor & Francis,https://www.tandfonline.com/doi/abs/10.1080/27684830.2022.2073662,,,,,,,,,Google Scholar; OpenAlex,2007
83LX3pFwXQZeBBx/oS63E,a model for mobile spatial services|2009,a model for mobile spatial services,2009,É Linehan,,2009,https://www.tara.tcd.ie/tara8/server/api/core/bitstreams/84919910-dd64-4cf5-ab4c-29ff23fd1340/content,,,,,,,,,Google Scholar; OpenAlex,1999
83LX3pFwXQZ3V9uMbiY/LHUQQ,a modelling framework for simulating large geographical systems of agents and fields|2022,a modelling framework for simulating large geographical systems of agents and fields,2022,K de Jong,,2022,https://research-portal.uu.nl/en/publications/a-modelling-framework-for-simulating-large-geographical-systems-o/,,,,,,,,,Google Scholar; OpenAlex,2005
83LX3pFwXQZ3V9uMbiY/MdJiz,a more efficient method for map overlay in terralib|2007,a more efficient method for map overlay in terralib,2007,"VL Rodrigues, MVA Andrade, GR de Queiroz… - … in Geoinformatics: VIII …, 2007",,Springer,https://link.springer.com/chapter/10.1007/978-3-540-73414-7_3,,,,,,,,,Google Scholar; OpenAlex,2004
83LX3pFwXQZ3V9uMbiY/LHU82,a mortalidade por agressoes e acidentes de transporte no brasil de 2003 a 2007|2010,a mortalidade por agressoes e acidentes de transporte no brasil de 2003 a 2007,2010,"SC Hess, AP Alvarenga - Revista Brasileira de Segurança Pública, 2010",,redalyc.org,https://www.redalyc.org/pdf/6888/688876711001.pdf,,,,,,,,,Google Scholar; OpenAlex,2005
83LX3pFwXQZ3V9uMbiY/LHU82,a mortalidade por neoplasias no brasil de 2003 a 2007|2011,a mortalidade por neoplasias no brasil de 2003 a 2007,2011,"SC Hess, OP Trevisan, AP Alvarenga… - Revista Baiana de …, 2011",,rbsp.sesab.ba.gov.br,https://rbsp.sesab.ba.gov.br/index.php/rbsp/article/view/318,,,,,,,,,Google Scholar; OpenAlex,2005
8JMKD3MGP8W/3FCBNQB,a most versatile relative position descriptor|2016,a most versatile relative position descriptor,2016,M Naeem,,2016,https://atrium.lib.uoguelph.ca/bitstream/10214/9783/2/Naeem_Mohammad_201607_PhD.pdf,,,,,,,,,Google Scholar; OpenAlex,2013
83LX3pFwXQZ3V9uMbiY/Nia6G,a multi resolution model of curve for progressive transmission over the internet|2013,a multi resolution model of curve for progressive transmission over the internet,2013,"CAO Zhenzhou, LI Manchun - Conference of the 2nd …, 2013",,atlantis-press.com,https://www.atlantis-press.com/proceedings/iccsee-13/4894,,,,,,,,,Google Scholar; OpenAlex,2006
8JMKD3MGPDW34P/3SEURDB,a multicriteria optimization framework for the definition of the spatial granularity of urban social media analytics|2021,a multicriteria optimization framework for the definition of the spatial granularity of urban social media analytics,2021,"SC de Andrade, C Restrepo-Estrada… - International Journal …, 2021",,Taylor & Francis,https://www.tandfonline.com/doi/abs/10.1080/13658816.2020.1755039,,,,,,,,,Google Scholar; OpenAlex,2018
83LX3pFwXQZ3V9uMbiY/LHToB,a multidimensional model representing continuous fields in spatial data warehouses|2009,a multidimensional model representing continuous fields in spatial data warehouses,2009,"A Vaisman, E Zimányi - Proceedings of the 17th ACM SIGSPATIAL …, 2009",,dl.acm.org,https://dl.acm.org/doi/abs/10.1145/1653771.1653797,,,,,,,,,Google Scholar; OpenAlex,2005
83LX3pFwXQZ3V9uMbiY/Nib3w,a mutimodal framework for geocoding digital objects|2014,a mutimodal framework for geocoding digital objects,2014,TL Lin,,2014,http://repositorio.unicamp.br/acervo/detalhe/926513,,,,,,,,,Google Scholar; OpenAlex,2006
8JMKD3MGPDW34P/3KP2T4E,a national scale big data analytics pipeline to assess the potential impacts of flooding on critical infrastructures and communities|2020,a national scale big data analytics pipeline to assess the potential impacts of flooding on critical infrastructures and communities,2020,"N Donratanapat, S Samadi, JM Vidal… - Environmental Modelling & …, 2020",,Elsevier,https://www.sciencedirect.com/science/article/pii/S1364815220308859,,,,,,,,,Google Scholar; OpenAlex,2015
83LX3pFwXQZ3V9uMbiY/LHUag,a new approach and procedure for generalising vector based maps of real world features|2013,a new approach and procedure for generalising vector based maps of real world features,2013,"S Shi, M Charlton - GIScience & Remote Sensing, 2013",,Taylor & Francis,https://www.tandfonline.com/doi/abs/10.1080/15481603.2013.820060,,,,,,,,,Google Scholar; OpenAlex,2005
83LX3pFwXQZ3V9uMbiY/MimPC,a new approach for geocoding postal code based data in health related studies|2014,a new approach for geocoding postal code based data in health related studies,2014,A Rosu,,2014,https://central.bac-lac.gc.ca/.item?id=TC-OKQ-12437&op=pdf&app=Library&is_thesis=1&oclc_number=1032942100,,,,,,,,,Google Scholar; OpenAlex,2003
83LX3pFwXQZ3V9uMbiY/MdHuF,a new approach to grid computing for distributed rendering|2011,a new approach to grid computing for distributed rendering,2011,"C Glez-Morcillo, D Vallejo, J Albusac… - … Conference on P2P …, 2011",,ieeexplore.ieee.org,https://ieeexplore.ieee.org/abstract/document/6103132/,,,,,,,,,Google Scholar; OpenAlex,2004
8JMKD3MGPDW34P/3KKHK8H,a new decision support system for the historical analysis of integrated pest management activities on olive crops based on climatic data|2018,a new decision support system for the historical analysis of integrated pest management activities on olive crops based on climatic data,2018,"C Zaza, S Bimonte, N Faccilongo, P La Sala… - … and electronics in …, 2018",,Elsevier,https://www.sciencedirect.com/science/article/pii/S0168169918301881,,,,,,,,,Google Scholar; OpenAlex,2010
83LX3pFwXQZ4BFjAq/mGafE,a new graph based approach for urban image segmentation|2008,a new graph based approach for urban image segmentation,2008,"TS Korting, LG Fonseca, LV Dutra… - Proceedings of the 16th …, 2008",,plutao.sid.inpe.br,http://plutao.sid.inpe.br/col/dpi.inpe.br/plutao@80/2008/12.04.13.34.35/doc/korting_a%20new.pdf,,,,,,,,,Google Scholar; OpenAlex,2000
8JMKD3MGPDW34P/3KK5KM2,a new ontology based approach for human activity recognition from gps data|2017,a new ontology based approach for human activity recognition from gps data,2017,"A Mousavi, A Sheikh Mohammad Zadeh… - Journal of AI and …, 2017",,jad.shahroodut.ac.ir,https://jad.shahroodut.ac.ir/article_889_00.html,,,,,,,,,Google Scholar; OpenAlex,2010
8JMKD3MGPDW34P/3KP2RBP,a new platform for time series analysis of remote sensing images in a distributed computing environment|2016,a new platform for time series analysis of remote sensing images in a distributed computing environment,2016,"SST de Oliveira, M de Castro Cardoso… - GeoInfo, 2016",,mtc-m16c.sid.inpe.br,http://mtc-m16c.sid.inpe.br/col/sid.inpe.br/mtc-m16c/2017/02.21.12.56/doc/128-139oliveira.pdf,,,,,,,,,Google Scholar; OpenAlex,2015
8JMKD3MGP3W34P/3N2U8K2,a non stationary ndvi time series with big data a deep learning approach|2019,a non stationary ndvi time series with big data a deep learning approach,2019,"M Rhif, AB Abbes, IR Farah - Conference of the Arabian Journal of …, 2019",,Springer,https://link.springer.com/chapter/10.1007/978-3-030-72896-0_81,,,,,,,,,Google Scholar; OpenAlex,2016
8JMKD3MGPDW34P/45U7KBS,a novel approach to reduce the financial and computational costs of similarity queries over document collections in nosql databases|2024,a novel approach to reduce the financial and computational costs of similarity queries over document collections in nosql databases,2024,"WZ Silva, IAR Eleutério, LR Teixeira… - International Conference …, 2024",SEM_MATCH,Springer,https://link.springer.com/chapter/10.1007/978-3-032-08573-3_6,,,,,,,,,Google Scholar; OpenAlex,2021
83LX3pFwXQZ3V9uMbiY/NiaRQ,a novel error output recurrent two layer extreme learning machine for multi step time series prediction|2021,a novel error output recurrent two layer extreme learning machine for multi step time series prediction,2021,"Z Liu, CK Loo, K Pasupa - Sustainable Cities and Society, 2021",,Elsevier,https://www.sciencedirect.com/science/article/pii/S2210670720308301,,,,,,,,,Google Scholar; OpenAlex,2006
8JMKD3MGP8W/3HHFPFE,a novel hybridization of expectation maximization and k means algorithms for better clustering performance|2016,a novel hybridization of expectation maximization and k means algorithms for better clustering performance,2016,"DR Kishor, NB Venkateswarlu - International Journal of Ambient …, 2016",,igi-global.com,https://www.igi-global.com/article/a-novel-hybridization-of-expectation-maximization-and-k-means-algorithms-for-better-clustering-performance/160125,,,,,,,,,Google Scholar; OpenAlex,2007
8JMKD3MGP8W/3FCF4GH,a novel matrix for location categorization in human mobility mining|2018,a novel matrix for location categorization in human mobility mining,2018,"C Bhadane, K Shah - 2018 IEEE Punecon, 2018",,ieeexplore.ieee.org,https://ieeexplore.ieee.org/abstract/document/8745402/,,,,,,,,,Google Scholar; OpenAlex,2013
8JMKD3MGPDW34P/3NDC42E,a novel similarity measure for multiple aspect trajectory clustering|2021,a novel similarity measure for multiple aspect trajectory clustering,2021,"I Varlamis, C Sardianos, V Bogorny… - Proceedings of the 36th …, 2021",,dl.acm.org,https://dl.acm.org/doi/abs/10.1145/3412841.3441935,,,,,,,,,Google Scholar; OpenAlex,2016
83LX3pFwXQZ4BFjAq/mGafE,a package based architecture for customized gis|2013,a package based architecture for customized gis,2013,"A Pazos, J Poveda, M Gould - Geographic Information Systems …, 2013",,igi-global.com,https://www.igi-global.com/chapter/content/70458,,,,,,,,,Google Scholar; OpenAlex,2000
8JMKD3MGPDW34P/3Q5DKPP,a parallel and distributed approach to the analysis of time series on remote sensing big data|2019,a parallel and distributed approach to the analysis of time series on remote sensing big data,2019,"SST de Oliveira, LML Pascoal… - … of Information and …, 2019",,journals-sol.sbc.org.br,https://journals-sol.sbc.org.br/index.php/jidm/article/view/1628,,,,,,,,,Google Scholar; OpenAlex,2017
8JMKD3MGP8W/3HHGCCB,a parallel computing approach to viewshed analysis of large terrain data using graphics processing units|2013,a parallel computing approach to viewshed analysis of large terrain data using graphics processing units,2013,"Y Zhao, A Padmanabhan, S Wang - International Journal of …, 2013",,Taylor & Francis,https://www.tandfonline.com/doi/abs/10.1080/13658816.2012.692372,,,,,,,,,Google Scholar; OpenAlex,2007
8JMKD3MGPDW34P/3Q5DRKH,a platform for collaborative historical research based on volunteered geographical information|2018,a platform for collaborative historical research based on volunteered geographical information,2018,"KR Ferreira, L Ferla, GR de Queiroz… - … of Information and …, 2018",,journals-sol.sbc.org.br,https://journals-sol.sbc.org.br/index.php/jidm/article/view/2046,,,,,,,,,Google Scholar; OpenAlex,2017
83LX3pFwXQZ4BFjAq/mGafE,a possible land cover eagle approach to overcome remote sensing limitations in the alps based on sentinel 1 and sentinel 2 the case of aosta valley nw|2022,a possible land cover eagle approach to overcome remote sensing limitations in the alps based on sentinel 1 and sentinel 2 the case of aosta valley nw,2022,"T Orusa, D Cammareri, E Borgogno Mondino - Remote Sensing, 2022",,mdpi.com,https://www.mdpi.com/2072-4292/15/1/178,,,,,,,,,Google Scholar; OpenAlex,2000
8JMKD3MGP8W/3GQ6SSH,a postgis extension to support advanced spatial data types and integrity constraints|2017,a postgis extension to support advanced spatial data types and integrity constraints,2017,"LEO Lizardo, CA Davis Jr - Proceedings of the 25th ACM SIGSPATIAL …, 2017",,dl.acm.org,https://dl.acm.org/doi/abs/10.1145/3139958.3140020,,,,,,,,,Google Scholar; OpenAlex,2001
83LX3pFwXQZ4BFjAq/mxSNs,a pratica de desenvolvimento de software e a abordagem da semiotica organizacional|2003,a pratica de desenvolvimento de software e a abordagem da semiotica organizacional,2003,CAC Simoni,,2003,https://repositorio.unicamp.br/Busca/Download?codigoArquivo=489713&tipoMidia=0,,,,,,,,,Google Scholar; OpenAlex,2000
8JMKD3MGP8W/3D62AJ8,a proactive application to monitor truck fleets|2013,a proactive application to monitor truck fleets,2013,"F da Costa Albuquerque, MA Casanova… - 2013 IEEE 14th …, 2013",,ieeexplore.ieee.org,https://ieeexplore.ieee.org/abstract/document/6569151/,,,,,,,,,Google Scholar; OpenAlex,2012
8JMKD3MGPDW34P/3KJKF3P,a probabilistic approach to mining geospatial knowledge from social annotations|2012,a probabilistic approach to mining geospatial knowledge from social annotations,2012,"S Intagorn, K Lerman - SIGSPATIAL Special, 2012",,dl.acm.org,https://dl.acm.org/doi/abs/10.1145/2429177.2429178,,,,,,,,,Google Scholar; OpenAlex,2008
83LX3pFwXQZ3V9uMbiY/LHUKe,a process and environment for embedding the r software into terralib|2005,a process and environment for embedding the r software into terralib,2005,"PR de Andrade Neto, PJ Ribeiro Jr - GEOINFO, 2005",,leg.est.ufpr.br,http://leg.est.ufpr.br/aRT/docs/p70.pdf,,,,,,,,,Google Scholar; OpenAlex,2005
83LX3pFwXQZ3V9uMbiY/MimPC,a production of graphic lighting system for the entrance to the university of benin benin city|2025,a production of graphic lighting system for the entrance to the university of benin benin city,2025,AO ALABA,,2025,https://repository.uniben.edu/sites/default/files/2026-04/Graphic%20digits%20%20fiinal%20project_2.pdf,,,,,,,,,Google Scholar; OpenAlex,2003
8JMKD3MGP8W/3HHFQQ2,a progressive transmission strategy for gis vector data under the precondition of pixel losslessness|2015,a progressive transmission strategy for gis vector data under the precondition of pixel losslessness,2015,"M Chen, Y Wen, S Yue - Arabian Journal of Geosciences, 2015",,Springer,https://link.springer.com/article/10.1007/s12517-014-1467-y,,,,,,,,,Google Scholar; OpenAlex,2007
8JMKD3MGPDW34P/3KJKH5B,a progressive vector map browser for the web|2009,a progressive vector map browser for the web,2009,"JAS Ramos, C Esperança, EWG Clua - Journal of the Brazilian …, 2009",,SciELO Brasil,https://www.scielo.br/j/jbcos/a/k4y9txW6pLL69XyyhTf7gZF/?lang=en,,,,,,,,,Google Scholar; OpenAlex,2008
8JMKD3MGPDW34P/3NDC8RH,a proposal for multi scale topographic map symbols for roads and buildings in brazilian urban areas|2023,a proposal for multi scale topographic map symbols for roads and buildings in brazilian urban areas,2023,"VS Araujo, AF Andrade, SP Camboim - The Cartographic Journal, 2023",,Taylor & Francis,https://www.tandfonline.com/doi/abs/10.1080/00087041.2022.2152977,,,,,,,,,Google Scholar; OpenAlex,2016
8JMKD3MGP8W/3HHLNQ5,a proposal of spatio temporal pattern queries|2010,a proposal of spatio temporal pattern queries,2010,"M Gorawski, P Jureczek - 2010 International Conference on …, 2010",,ieeexplore.ieee.org,https://ieeexplore.ieee.org/abstract/document/5447538/,,,,,,,,,Google Scholar; OpenAlex,2007
8JMKD3MGPDW34P/3Q5DTTP,a proposal to minimize the cost of processing big geospatial data in public cloud providers|2021,a proposal to minimize the cost of processing big geospatial data in public cloud providers,2021,"J Bachiega Jr, M Holanda, APF Araujo - Transactions in GIS, 2021",,Wiley Online Library,https://onlinelibrary.wiley.com/doi/abs/10.1111/tgis.12754,,,,,,,,,Google Scholar; OpenAlex,2017
8JMKD3MGPDW34P/3KQ6N2L,a provenance based approach to evaluate data quality in escience|2014,a provenance based approach to evaluate data quality in escience,2014,"JEG Malaverri, A Santanchè… - International journal of …, 2014",,inderscienceonline.com,https://www.inderscienceonline.com/doi/abs/10.1504/IJMSO.2014.059127,,,,,,,,,Google Scholar; OpenAlex,2012
8JMKD3MGP8W/3FCBN8P,a proximity based semantic enrichment approach of volunteered geographic information a study case of waste of water|2019,a proximity based semantic enrichment approach of volunteered geographic information a study case of waste of water,2019,"LS da Costa, IL Oliveira, A Moreira, J Lisboa-Filho - Information, 2019",,mdpi.com,https://www.mdpi.com/2078-2489/10/7/234,,,,,,,,,Google Scholar; OpenAlex,2013
8JMKD3MGPDW34P/3KQ6Q6E,a rapid approach for automated comparison of independently derived stream networks|2015,a rapid approach for automated comparison of independently derived stream networks,2015,"LV Stanislawski, BP Buttenfield… - Cartography and …, 2015",,Taylor & Francis,https://www.tandfonline.com/doi/abs/10.1080/15230406.2015.1060869,,,,,,,,,Google Scholar; OpenAlex,2012
83LX3pFwXQZ3V9uMbiY/LHUxR,a relevancia das ide para a governanca analise comparada brasil portugal|2021,a relevancia das ide para a governanca analise comparada brasil portugal,2021,"RL Silva, RP Julião - XIII Congresso Da Geografia Portuguesa, 2021",,researchgate.net,https://www.researchgate.net/profile/Rafael-Lopes-Da-Silva-3/publication/356430709_A_relevancia_das_IDE_para_a_governanca_analise_comparada_Brasil-Portugal/links/619b8a7ad7d1af224b16c9a6/A-relevancia-das-IDE-para-a-governanca-analise-comparada-Brasil-Portugal.pdf,,,,,,,,,Google Scholar; OpenAlex,2005
83LX3pFwXQZ3V9uMbiY/Mc9St,a research agenda|2008,a research agenda,2008,"M Yuan, KS Hornsby",,2008,https://www.researchgate.net/profile/May-Yuan/publication/220694185_Computation_and_Visualization_for_Understanding_Dynamics_in_Geographic_Domains_A_Research_Agenda/links/545264260cf26d5090a370fd/Computation-and-Visualization-for-Understanding-Dynamics-in-Geographic-Domains-A-Research-Agenda.pdf,,,,,,,,,Google Scholar; OpenAlex,2004
83LX3pFwXQZ3V9uMbiY/NiaRQ,a residential consumer payment capability index based on fuzzy logic inference|2013,a residential consumer payment capability index based on fuzzy logic inference,2013,"RC Souza, JFM Pessanha… - Journal of Intelligent & …, 2013",,journals.sagepub.com,https://journals.sagepub.com/doi/abs/10.3233/IFS-120672,,,,,,,,,Google Scholar; OpenAlex,2006
8JMKD3MGPDW34P/3KQ6N2L,a review of automated decision support techniques for improving tillage operations|2019,a review of automated decision support techniques for improving tillage operations,2019,"H Fawzia, D Ahmeda, SA Mostafac, MFM Fudzeec… - Revista Aus, 2019",,researchgate.net,https://www.researchgate.net/profile/Subhi-Zeebaree/publication/338544639_A_REVIEW_OF_AUTOMATED_DECISION_SUPPORT_TECHNIQUES_FOR_IMPROVING_TILLAGE_OPERATIONS_UNA_REVISION_DE_LAS_TECNICAS_DE_APOYO_A_LA_DECISION_AUTOMATIZADA_PARA_MEJORAR_LAS_OPERACIONES_DE_TRABAJO/links/5e1b75404585159aa4cb50de/A-REVIEW-OF-AUTOMATED-DECISION-SUPPORT-TECHNIQUES-FOR-IMPROVING-TILLAGE-OPERATIONS-UNA-REVISION-DE-LAS-TECNICAS-DE-APOYO-A-LA-DECISION-AUTOMATIZADA-PARA-MEJORAR-LAS-OPERACIONES-DE-TRABAJO.pdf,,,,,,,,,Google Scholar; OpenAlex,2012
8JMKD3MGPDW34P/3KJKHE8,a review of digital serious games for tsunami risk communication|2021,a review of digital serious games for tsunami risk communication,2021,"S Hawthorn, R Jesus… - International …, 2021",,journal.seriousgamessociety.org,http://journal.seriousgamessociety.org/index.php/IJSG/article/view/411,,,,,,,,,Google Scholar; OpenAlex,2008
8JMKD3MGPDW34P/3KP2RBP,a review on the 3d cartographic and spatiotemporal gis models for safety of accidents in deep underground coal mines|2024,a review on the 3d cartographic and spatiotemporal gis models for safety of accidents in deep underground coal mines,2024,"P Eksert, H Akcin - Mining, Metallurgy & Exploration, 2024",,Springer,https://link.springer.com/article/10.1007/s42461-024-00977-5,,,,,,,,,Google Scholar; OpenAlex,2015
8JMKD3MGPDW34P/4ADBJJE,a robust measure for evaluating representativeness of summarized trajectories with multiple aspects|2025,a robust measure for evaluating representativeness of summarized trajectories with multiple aspects,2025,"VL Machado, TT Portela, L Vanini… - … of Information and …, 2025",SEM_MATCH,journals-sol.sbc.org.br,https://journals-sol.sbc.org.br/index.php/jidm/article/view/4082,,,,,,,,,Google Scholar; OpenAlex,2023
83LX3pFwXQZ3V9uMbiY/MimPC,a robust unified model for national street gazetteer based on land register and gis for the republic of kosovo|2023,a robust unified model for national street gazetteer based on land register and gis for the republic of kosovo,2023,"P AMET, D Sanchez - Geographia Technica, 2023",,technicalgeography.org,https://technicalgeography.org/pdf/2_2023/13_ameti.pdf,,,,,,,,,Google Scholar; OpenAlex,2003
8JMKD3MGP8W/3HHGCCB,a route based visibility analysis for landscape management|2013,a route based visibility analysis for landscape management,2013,"BC Chamberlain, MJ Meitner - Landscape and Urban Planning, 2013",,Elsevier,https://www.sciencedirect.com/science/article/pii/S016920461200326X,,,,,,,,,Google Scholar; OpenAlex,2007
83LX3pFwXQZ4BFjAq/mEpkn,a rule based optimizer for spatial join algorithms|2006,a rule based optimizer for spatial join algorithms,2006,"M Fornari, JLD Comba, C Iochpe - … 2006, Campos do Jordão (SP), Brazil …, 2007",,Springer,https://link.springer.com/chapter/10.1007/978-3-540-73414-7_6,,,,,,,,,Google Scholar; OpenAlex,2000
83LX3pFwXQZ3V9uMbiY/MdGsf,a schema based approach to enable data integration on the fly|2017,a schema based approach to enable data integration on the fly,2017,"D Nicklas, T Schwarz, B Mitschang - International Journal of …, 2017",,World Scientific,https://www.worldscientific.com/doi/abs/10.1142/S0218843016500106,,,,,,,,,Google Scholar; OpenAlex,2004
8JMKD3MGP8W/3GQ75L5,a schema matching based approach to propagating updates between heterogeneous spatial databases|2008,a schema matching based approach to propagating updates between heterogeneous spatial databases,2008,"Y Wang, F Wei - Geoinformatics 2008 and Joint Conference on …, 2008",,spiedigitallibrary.org,https://www.spiedigitallibrary.org/conference-proceedings-of-spie/7146/714605/A-schema-matching-based-approach-to-propagating-updates-between-heterogeneous/10.1117/12.813096.short,,,,,,,,,Google Scholar; OpenAlex,2001
83LX3pFwXQZ3V9uMbiY/MdHf2,a semantic based architecture for supporting geographic e services|2009,a semantic based architecture for supporting geographic e services,2009,"A Buccella, A Cechich - Proceedings of the 3rd international conference …, 2009",,dl.acm.org,https://dl.acm.org/doi/abs/10.1145/1693042.1693049,,,,,,,,,Google Scholar; OpenAlex,2004
8JMKD3MGPDW34P/3KQ2JSL,a semantic graph based approach for automating big spatial data interoperability used in decision support|2017,a semantic graph based approach for automating big spatial data interoperability used in decision support,2017,HT Ferguson,,2017,https://curate.nd.edu/articles/thesis/A_Semantic_Graph_Based_Approach_for_Automating_Big_Spatial_Data_Interoperability_Used_in_Decision_Support/24837477/1,,,,,,,,,Google Scholar; OpenAlex,2012
8JMKD3MGP8W/3GQ75L5,a semantic heterogeneity oriented approach to updating gis client database|2009,a semantic heterogeneity oriented approach to updating gis client database,2009,"Y Wang, S Hu - 2009 WASE International Conference on …, 2009",,ieeexplore.ieee.org,https://ieeexplore.ieee.org/abstract/document/5211150/,,,,,,,,,Google Scholar; OpenAlex,2001
8JMKD3MGP8W/3FCF4GH,a semantic interpretation of unusual behaviors extracted from outliers of moving objects trajectories|2017,a semantic interpretation of unusual behaviors extracted from outliers of moving objects trajectories,2017,"EL Salah - International Journal of Advanced Computer Science …, 2017",,academia.edu,https://www.academia.edu/download/89227920/Paper_19-A_Semantic_Interpretation_of_Unusual_Behaviors.pdf,,,,,,,,,Google Scholar; OpenAlex,2013
8JMKD3MGP3W34P/42GRQJB,a semantic model for movement data warehouses|2014,a semantic model for movement data warehouses,2014,"R Fileto, A Raffaetà, A Roncato, JAP Sacenti… - Proceedings of the 17th …, 2014",,dl.acm.org,https://dl.acm.org/doi/abs/10.1145/2666158.2666180,,,,,,,,,Google Scholar; OpenAlex,2014
8JMKD3MGP8W/3HHLNQ5,a semantic trajectory data warehouse for improving nursing productivity|2020,a semantic trajectory data warehouse for improving nursing productivity,2020,"G Garani, GK Adam - Health Information Science and Systems, 2020",,Springer,https://link.springer.com/article/10.1007/s13755-020-00117-5,,,,,,,,,Google Scholar; OpenAlex,2007
8JMKD3MGPDW34P/3KP2T4E,a service oriented middleware for integrated management of crowdsourced and sensor data streams in disaster management|2018,a service oriented middleware for integrated management of crowdsourced and sensor data streams in disaster management,2018,"LF FG de Assis, F EA Horita, E P. de Freitas, J Ueyama… - Sensors, 2018",,mdpi.com,https://www.mdpi.com/1424-8220/18/6/1689,,,,,,,,,Google Scholar; OpenAlex,2015
8JMKD3MGP3W34P/42GRQBL,a software framework for cluster lifecycle analysis in transportation|2018,a software framework for cluster lifecycle analysis in transportation,2018,"I Portugal, P Alencar, D Cowan - 2018 IEEE International …, 2018",,ieeexplore.ieee.org,https://ieeexplore.ieee.org/abstract/document/8622576/,,,,,,,,,Google Scholar; OpenAlex,2014
8JMKD3MGPDW34P/3Q5DQSH,a solution for vegetation analysis separation and geolocation of management zones using aerial images by uavs|2019,a solution for vegetation analysis separation and geolocation of management zones using aerial images by uavs,2019,"SG Santos, JC Melo, RG Constantino… - 2019 IX Brazilian …, 2019",,ieeexplore.ieee.org,https://ieeexplore.ieee.org/abstract/document/9046079/,,,,,,,,,Google Scholar; OpenAlex,2017
8JMKD3MGP3W34P/42H34L2,a spatial and temporal sentiment analysis approach applied to twitter microtexts|2015,a spatial and temporal sentiment analysis approach applied to twitter microtexts,2015,"ALF Alves, C de Souza Baptista… - … of Information and …, 2015",,journals-sol.sbc.org.br,https://journals-sol.sbc.org.br/index.php/jidm/article/view/1563,,,,,,,,,Google Scholar; OpenAlex,2014
83LX3pFwXQZ4BFjAq/mEpkn,a spatial hash join algorithm suited for small buffer size|2004,a spatial hash join algorithm suited for small buffer size,2004,"MR Fornari, C Iochpe - Proceedings of the 12th annual ACM …, 2004",,dl.acm.org,https://dl.acm.org/doi/abs/10.1145/1032222.1032241,,,,,,,,,Google Scholar; OpenAlex,2000
83LX3pFwXQZ3V9uMbiY/NiawB,a spatial query scheduler in a distributed environment|2008,a spatial query scheduler in a distributed environment,2008,"C Zhou, X Zhu, Y Xia, K Su - … and Joint Conference on GIS and …, 2008",,spiedigitallibrary.org,https://www.spiedigitallibrary.org/conference-proceedings-of-spie/7143/71430O/A-spatial-query-scheduler-in-a-distributed-environment/10.1117/12.812547.short,,,,,,,,,Google Scholar; OpenAlex,2006
8JMKD3MGP3W34P/3N2UABL,a spatio temporal bayesian network approach for deforestation prediction in an amazon rainforest expansion frontier|2020,a spatio temporal bayesian network approach for deforestation prediction in an amazon rainforest expansion frontier,2020,"ACO Silva, LMG Fonseca, TS Körting, MIS Escada - Spatial statistics, 2020",,Elsevier,https://www.sciencedirect.com/science/article/pii/S2211675319301447,,,,,,,,,Google Scholar; OpenAlex,2016
8JMKD3MGP8W/3HHLNQ5,a spatio temporal multidimensional model and a query language for seasons|2010,a spatio temporal multidimensional model and a query language for seasons,2010,FJM Arboleda,,2010,https://minas.medellin.unal.edu.co/images/Centro-Editorial/Modelo_multifuncional_espacio-temporal_y_lenguaje_de_consulta_para_temporadas.pdf,,,,,,,,,Google Scholar; OpenAlex,2007
8JMKD3MGP3W34P/42GRRJ2,a spatiotemporal analysis of brazilian science from the perspective of researchers career trajectories|2015,a spatiotemporal analysis of brazilian science from the perspective of researchers career trajectories,2015,"CA Furtado, CA Davis Jr, MA Gonçalves… - PLoS …, 2015",,journals.plos.org,https://journals.plos.org/plosone/article?id=10.1371/journal.pone.0141528,,,,,,,,,Google Scholar; OpenAlex,2014
8JMKD3MGP3W34P/42H34L2,a spatiotemporal approach for social media sentiment analysis|2021,a spatiotemporal approach for social media sentiment analysis,2021,"A Alves, C de Souza Baptista, DOS de Andrade… - First Monday, 2021",,firstmonday.org,https://firstmonday.org/ojs/index.php/fm/article/view/10757,,,,,,,,,Google Scholar; OpenAlex,2014
8JMKD3MGPDW34P/3KP33M8,a sql extension to support advanced spatial data types and integrity constraints|2017,a sql extension to support advanced spatial data types and integrity constraints,2017,LEO Lizardo,,2017,https://repositorio.ufmg.br/items/938d1ca9-ec44-4ab3-8681-0e8905f90e3e,,,,,,,,,Google Scholar; OpenAlex,2015
83LX3pFwXQZ3V9uMbiY/LHRRo,a standards based approach for auto drawing single line diagram of multivendor smart distribution systems|2018,a standards based approach for auto drawing single line diagram of multivendor smart distribution systems,2018,"A Hussain, M Aslam, SM Arif - International Journal of Electrical Power & …, 2018",,Elsevier,https://www.sciencedirect.com/science/article/pii/S0142061517302697,,,,,,,,,Google Scholar; OpenAlex,2005
83LX3pFwXQZ3V9uMbiY/LHToB,a state of the art in spatio temporal data warehousing olap and mining|2013,a state of the art in spatio temporal data warehousing olap and mining,2013,"L Gómez, B Kuijpers, B Moelans… - Data Mining: Concepts …, 2013",,igi-global.com,https://www.igi-global.com/chapter/content/73533,,,,,,,,,Google Scholar; OpenAlex,2005
8JMKD3MGPDW34P/3Q5DNG5,a statistical method for detecting move stop and noise a case study with bus trajectories|2018,a statistical method for detecting move stop and noise a case study with bus trajectories,2018,"TP Nogueira, C Celes, H Martin… - … of Information and …, 2018",,journals-sol.sbc.org.br,https://journals-sol.sbc.org.br/index.php/jidm/article/view/2041,,,,,,,,,Google Scholar; OpenAlex,2017
8JMKD3MGPDW34P/3KK5KM2,a statistical method for detecting move stop and noise episodes in trajectories|2017,a statistical method for detecting move stop and noise episodes in trajectories,2017,"TP Nogueira, H Martin, RMC Andrade - GEOINFO, 2017",,mtc-m16c.sid.inpe.br,http://mtc-m16c.sid.inpe.br/attachment.cgi/sid.inpe.br/mtc-m16c/2017/12.01.19.44/doc/29nogueira_andrade.pdf,,,,,,,,,Google Scholar; OpenAlex,2010
83LX3pFwXQZ3V9uMbiY/LHUKe,a strategy for integrating open source gis toolboxes for geoprocessing and data analysis|2012,a strategy for integrating open source gis toolboxes for geoprocessing and data analysis,2012,"Y Cao, DP Ames",,2012,https://scholarsarchive.byu.edu/iemssconference/2012/Stream-B/303/,,,,,,,,,Google Scholar; OpenAlex,2005
8JMKD3MGP8W/3HHGDJL,a supervised machine learning approach for duplicate detection over gazetteer records|2011,a supervised machine learning approach for duplicate detection over gazetteer records,2011,"B Martins - International Conference on GeoSpatial Sematics, 2011",,Springer,https://link.springer.com/chapter/10.1007/978-3-642-20630-6_3,,,,,,,,,Google Scholar; OpenAlex,2007
8JMKD3MGPDW34P/3KJKE6B,a survey of appliactions and researches on schema matching between gis spatial data|2015,a survey of appliactions and researches on schema matching between gis spatial data,2015,"YH Wang, HB Zhang, J Xu - … Archives of the …, 2015",,isprs-archives.copernicus.org,https://isprs-archives.copernicus.org/articles/XL-7-W4/175/2015/isprsarchives-XL-7-W4-175-2015.html,,,,,,,,,Google Scholar; OpenAlex,2008
83LX3pFwXQZ3V9uMbiY/NiaRQ,a survey of energy use behaviour in apartment buildings in east and west malaysia|2022,a survey of energy use behaviour in apartment buildings in east and west malaysia,2022,"HL Khalid, M Bujang - Borneo Journal of Sciences and …, 2022",,bjost.uts.edu.my,https://bjost.uts.edu.my/bjost/article/view/311,,,,,,,,,Google Scholar; OpenAlex,2006
83LX3pFwXQZ3V9uMbiY/LHTK3,a survey of label placements in visualizations|2023,a survey of label placements in visualizations,2023,"Y Fan, S Lyu, J Guo, F Zhou - Journal of Computer-Aided Design & …, 2023",,sciengine.com,https://www.sciengine.com/doi/10.3724/SP.J.1089.2023.19913,,,,,,,,,Google Scholar; OpenAlex,2005
8JMKD3MGP8W/3HHGDRB,a survey of modern classification techniques in remote sensing for improved image classification|2017,a survey of modern classification techniques in remote sensing for improved image classification,2017,M Salah,,2017,https://www.academia.edu/download/81345176/016.pdf,,,,,,,,,Google Scholar; OpenAlex,2007
8JMKD3MGP3W34P/42GRQJB,a survey on big data for trajectory analytics|2020,a survey on big data for trajectory analytics,2020,"D Ribeiro de Almeida, C de Souza Baptista… - … International Journal of …, 2020",,mdpi.com,https://www.mdpi.com/2220-9964/9/2/88,,,,,,,,,Google Scholar; OpenAlex,2014
8JMKD3MGPDW34P/3SEUQFS,a survey on spatio temporal data analytics systems|2022,a survey on spatio temporal data analytics systems,2022,"MM Alam, L Torgo, A Bifet - ACM Computing Surveys, 2022",,dl.acm.org,https://dl.acm.org/doi/abs/10.1145/3507904,,,,,,,,,Google Scholar; OpenAlex,2018
8JMKD3MGPDW34P/3KJKF3P,a survey on the geographic scope of textual documents|2016,a survey on the geographic scope of textual documents,2016,"BR Monteiro, CA Davis Jr, F Fonseca - Computers & Geosciences, 2016",,Elsevier,https://www.sciencedirect.com/science/article/pii/S0098300416301972,,,,,,,,,Google Scholar; OpenAlex,2008
8JMKD3MGP8W/3HHLNQ5,a survey on trajectory data warehouse t alsahfi et al|2020,a survey on trajectory data warehouse t alsahfi et al,2020,"T Alsahfi, M Almotairi, R Elmasri - Spatial Information Research, 2020",,Springer,https://link.springer.com/article/10.1007/s41324-019-00269-x,,,,,,,,,Google Scholar; OpenAlex,2007
8JMKD3MGPDW34P/3KK5MJ5,a susceptible infected model for exploring the effects of neighborhood structures on epidemic processes a segregation analysis|2011,a susceptible infected model for exploring the effects of neighborhood structures on epidemic processes a segregation analysis,2011,"LBL Santos, RV Maretto, LC de Castro Medeiros… - GEOINFO, 2011",,researchgate.net,https://www.researchgate.net/profile/Flavia-Feitosa/publication/230855772_A_Susceptible-Infected_Model_for_Exploring_the_Effects_of_Neighborhood_Structures_on_Epidemic_Processes_A_Segregation_Analysis/links/0912f51007167c3ff4000000/A-Susceptible-Infected-Model-for-Exploring-the-Effects-of-Neighborhood-Structures-on-Epidemic-Processes-A-Segregation-Analysis.pdf,,,,,,,,,Google Scholar; OpenAlex,2010
83LX3pFwXQZ3V9uMbiY/NiaRQ,a temporal approach to characterizing electrical peak demand assessment of ghg emissions at the supply side and identification of dominant household factors at|2019,a temporal approach to characterizing electrical peak demand assessment of ghg emissions at the supply side and identification of dominant household factors at,2019,I Khan,,2019,https://ourarchive.otago.ac.nz/esploro/outputs/doctoral/A-Temporal-Approach-to-Characterizing-Electrical/9926480009301891,,,,,,,,,Google Scholar; OpenAlex,2006
8JMKD3MGP3W34P/42GRQ78,a temporal contextual analysis of urban dynamics using location based data|2015,a temporal contextual analysis of urban dynamics using location based data,2015,"AY Grinberger, N Shoval - International Journal of Geographical …, 2015",,Taylor & Francis,https://www.tandfonline.com/doi/abs/10.1080/13658816.2015.1049951,,,,,,,,,Google Scholar; OpenAlex,2014
8JMKD3MGPDW34P/3KK5LE2,a temporal search engine to improve geographic data retrieval in spatial data infrastructures|2012,a temporal search engine to improve geographic data retrieval in spatial data infrastructures,2012,"FG de Andrade, C de Souza Baptista, U Schiel - ICEIS (1), 2012",,scitepress.org,https://www.scitepress.org/Papers/2012/40018/40018.pdf,,,,,,,,,Google Scholar; OpenAlex,2010
83LX3pFwXQZeBBx/oS63E,a theoretical framework of the influence of mobility in continued usage intention of smart mobile device|2014,a theoretical framework of the influence of mobility in continued usage intention of smart mobile device,2014,"V Cho, E Ngai - Computer Science Information Technology (CS IT), 2014",,airccj.org,https://airccj.org/CSCP/vol4/csit42403.pdf,,,,,,,,,Google Scholar; OpenAlex,1999
8JMKD3MGP3W34P/42GRQJB,a topological model of trajectories with road network space|2022,a topological model of trajectories with road network space,2022,"T Wu, Y Zhu, L Xiang, J Qin, Y Wan - Transactions in GIS, 2022",,Wiley Online Library,https://onlinelibrary.wiley.com/doi/abs/10.1111/tgis.12930,,,,,,,,,Google Scholar; OpenAlex,2014
8JMKD3MGPDW34P/3NDC4BB,a tourist behavior analysis using probabilistic based tourist trip inference from taxi gps and social media data|2025,a tourist behavior analysis using probabilistic based tourist trip inference from taxi gps and social media data,2025,"P Krataithong, C Anutariya, M Buranarach - New Generation Computing, 2025",,Springer,https://link.springer.com/article/10.1007/s00354-025-00300-w,,,,,,,,,Google Scholar; OpenAlex,2016
8JMKD3MGP8W/3HHLNQ5,a trajectory ontology design pattern for semantic trajectory data warehouses behavior analysis and animal tracking case studies|2019,a trajectory ontology design pattern for semantic trajectory data warehouses behavior analysis and animal tracking case studies,2019,"M Manaa, T Sakouhi, J Akaichi - Emerging perspectives in big data …, 2019",,igi-global.com,https://www.igi-global.com/viewtitle.aspx?titleid=231009,,,,,,,,,Google Scholar; OpenAlex,2007
8JMKD3MGP8W/3HHLNQ5,a trajectory uml profile for modeling trajectory data a mobile hospital use case|2011,a trajectory uml profile for modeling trajectory data a mobile hospital use case,2011,"W Oueslati, J Akaichi - arXiv preprint arXiv:1102.4429, 2011",,arxiv.org,https://arxiv.org/abs/1102.4429,,,,,,,,,Google Scholar; OpenAlex,2007
8JMKD3MGP8W/3HHLNQ5,a unified model for trajectory data warehouses use cases|2014,a unified model for trajectory data warehouses use cases,2014,"M Manaa, J Akaichi - 2014 World Congress on Computer …, 2014",,ieeexplore.ieee.org,https://ieeexplore.ieee.org/abstract/document/6916547/,,,,,,,,,Google Scholar; OpenAlex,2007
8JMKD3MGPDW34P/3KP32ES,a user personalized model for real time destination and route prediction|2016,a user personalized model for real time destination and route prediction,2016,"FDN Neto, CDS Baptista… - 2016 IEEE 19th …, 2016",,ieeexplore.ieee.org,https://ieeexplore.ieee.org/abstract/document/7795586/,,,,,,,,,Google Scholar; OpenAlex,2015
8JMKD3MGP8W/3GQ75L5,a virtual community centric model for coordination in the south african public sector|2014,a virtual community centric model for coordination in the south african public sector,2014,GA Thomas,,2014,https://search.proquest.com/openview/423897a21c2b0f65980491304e15d6ae/1?pq-origsite=gscholar&cbl=2026366&diss=y,,,,,,,,,Google Scholar; OpenAlex,2001
8JMKD3MGP3W34P/42H363P,a visual and computational analysis approach for exploring significant locations and time periods along a bus route|2016,a visual and computational analysis approach for exploring significant locations and time periods along a bus route,2016,"JD Mazimpaka, S Timpf - Proceedings of the 9th ACM SIGSPATIAL …, 2016",,dl.acm.org,https://dl.acm.org/doi/abs/10.1145/3003965.3003970,,,,,,,,,Google Scholar; OpenAlex,2014
83LX3pFwXQZ3V9uMbiY/LHU82,abordagem bayesiana na epidemiologia espacial de notificacoes de casos de dengue no estado de goias|2013,abordagem bayesiana na epidemiologia espacial de notificacoes de casos de dengue no estado de goias,2013,"FG Nunes - Anais do XVI Simpósio Brasileiro de …, 2013",,bibdigital.sid.inpe.br,http://bibdigital.sid.inpe.br/dpi.inpe.br/marte2/2013/05.28.23.33.42,,,,,,,,,Google Scholar; OpenAlex,2005
8JMKD3MGP8W/3GQ6T68,abordagem espaco temporal aplicada a estimacao de demanda de gas natural|2012,abordagem espaco temporal aplicada a estimacao de demanda de gas natural,2012,JH de Castro,,2012,http://objdig.ufrj.br/60/teses/coppe_d/JorgeHenriqueDeCastro.pdf,,,,,,,,,Google Scholar; OpenAlex,2001
8JMKD3MGP8W/3FCBR3B,accelerating line of sight analysis algorithms with parallel programming|2017,accelerating line of sight analysis algorithms with parallel programming,2017,G Yılmaz,,2017,https://search.proquest.com/openview/fd210283451afd964234522772e8449e/1?pq-origsite=gscholar&cbl=2026366&diss=y,,,,,,,,,Google Scholar; OpenAlex,2013
8JMKD3MGPDW34P/4ADCRLE,accelerating traditional object detection methods on sophisticated embedded systems|2024,accelerating traditional object detection methods on sophisticated embedded systems,2024,"K Sehairi, A Bouhafs, IM Boucherit… - … on Intelligent Systems …, 2024",SEM_MATCH,Springer,https://link.springer.com/chapter/10.1007/978-3-031-82153-0_17,,,,,,,,,Google Scholar; OpenAlex,2023
83LX3pFwXQZ3V9uMbiY/MimPC,accessible and practical geocoding method for traffic collision record mapping quebec canada case study|2014,accessible and practical geocoding method for traffic collision record mapping quebec canada case study,2014,"S Burns, L Miranda-Moreno… - Transportation …, 2014",,journals.sagepub.com,https://journals.sagepub.com/doi/abs/10.3141/2460-05,,,,,,,,,Google Scholar; OpenAlex,2003
83LX3pFwXQZeBBx/oS63E,accessible mobile navigation convenience to some is independence for others|2018,accessible mobile navigation convenience to some is independence for others,2018,"A Mathew - Technology and Innovation, 2018",,Taylor & Francis,https://www.tandfonline.com/doi/abs/10.21300/20.1-2.2018.95,,,,,,,,,Google Scholar; OpenAlex,1999
83LX3pFwXQZ3V9uMbiY/NiaRQ,actions attitudes and beliefs of occupants in managing dampness in buildings|2019,actions attitudes and beliefs of occupants in managing dampness in buildings,2019,"K Blay, K Agyekum, A Opoku - International Journal of Building …, 2019",,emerald.com,https://www.emerald.com/ijbpa/article-abstract/37/1/42/242429,,,,,,,,,Google Scholar; OpenAlex,2006
8JMKD3MGPDW34P/3NDC4BB,activity knowledge discovery detecting collective and individual activities with digital footprints and open source geographic data|2021,activity knowledge discovery detecting collective and individual activities with digital footprints and open source geographic data,2021,"X Liu, Q Huang, S Gao, J Xia - Computers, Environment and Urban Systems, 2021",,Elsevier,https://www.sciencedirect.com/science/article/pii/S0198971520302842,,,,,,,,,Google Scholar; OpenAlex,2016
8JMKD3MGP8W/3HHGCGP,adaptative matching of database web services export schemas|2008,adaptative matching of database web services export schemas,2008,"DF Brauner, A Gazola, MA Casanova, KK Breitman - ICEIS (1), 2008",,academia.edu,https://www.academia.edu/download/102142793/17069.pdf,,,,,,,,,Google Scholar; OpenAlex,2007
83LX3pFwXQZ3V9uMbiY/NiagS,adaptive main memory indexing for high performance point polygon joins|2020,adaptive main memory indexing for high performance point polygon joins,2020,"AHV RaulAlexandruPersa, C Zacharatou…",,2020,,,,,,,,,,Google Scholar; OpenAlex,2006
8JMKD3MGP8W/3GTEJES,adding flexibility to workflows through incremental planning|2007,adding flexibility to workflows through incremental planning,2007,"A Fernandes, AEM Ciarlini, AL Furtado… - Innovations in Systems …, 2007",,Springer,https://link.springer.com/article/10.1007/s11334-007-0035-y,,,,,,,,,Google Scholar; OpenAlex,2002
83LX3pFwXQZeBBx/oS63E,adding space to location in mobile emergency response technologies|2007,adding space to location in mobile emergency response technologies,2007,"P Fröhlich, R Simon, C Kaufmann - International Workshop on Mobile …, 2007",,Springer,https://link.springer.com/chapter/10.1007/978-3-540-75668-2_8,,,,,,,,,Google Scholar; OpenAlex,1999
83LX3pFwXQZ3V9uMbiY/MimPC,address points of landmarks and paratransit services as a credible reference database for geocoding|2021,address points of landmarks and paratransit services as a credible reference database for geocoding,2021,"G Dumedah - Transactions in GIS, 2021",,Wiley Online Library,https://onlinelibrary.wiley.com/doi/abs/10.1111/tgis.12716,,,,,,,,,Google Scholar; OpenAlex,2003
8JMKD3MGPDW34P/45U7K7E,addressing the sustainable aviation fuel grand challenge economic and environmental insights from feedstock optimization|2025,addressing the sustainable aviation fuel grand challenge economic and environmental insights from feedstock optimization,2025,"BJ Limb, JP Smith, S Simske… - Environmental Science & …, 2025",,ACS Publications,https://pubs.acs.org/doi/abs/10.1021/acs.est.5c05842,,,,,,,,,Google Scholar,2021
8JMKD3MGPDW34P/3NDDJ25,adopting and incorporating crowdsourced traffic data in advanced transportation management systems|2018,adopting and incorporating crowdsourced traffic data in advanced transportation management systems,2018,M Amin-Naseri,,2018,https://search.proquest.com/openview/4f014158ed7e67c7d0a266e8b7e3acbb/1?pq-origsite=gscholar&cbl=18750,,,,,,,,,Google Scholar; OpenAlex,2016
8JMKD3MGP8W/3HHLNQ5,advanced data warehouses|2009,advanced data warehouses,2009,"M Gorawski - Studia Informatica, 2009",,,,,,,,,,,,Google Scholar; OpenAlex,2007
83LX3pFwXQZ3V9uMbiY/MhUoS,advanced information and knowledge processing|2009,advanced information and knowledge processing,2009,"L Jain, X Wu",,2009,https://link.springer.com/content/pdf/10.1007/978-1-84882-628-1.pdf,,,,,,,,,Google Scholar; OpenAlex,2003
8JMKD3MGPDW34P/3NDC42E,advanced methods for semantic enrichment and summarization of mobility data|2025,advanced methods for semantic enrichment and summarization of mobility data,2025,C Pugliese,,2025,https://tesidottorato.depositolegale.it/handle/20.500.14242/216385,,,,,,,,,Google Scholar; OpenAlex,2016
8JMKD3MGPDW34P/3SEUN7L,advances on urban mobility using innovative data driven models|2020,advances on urban mobility using innovative data driven models,2020,"MO Rosa, KVO Fonseca, NP Kozievitch… - Handbook of smart …, 2020",,Springer,https://link.springer.com/content/pdf/10.1007/978-3-030-15145-4_57-1.pdf,,,,,,,,,Google Scholar; OpenAlex,2018
83LX3pFwXQZ3V9uMbiY/NiagS,advancing analytical database systems|2020,advancing analytical database systems,2020,AM Kipf,,2020,https://mediatum.ub.tum.de/1525981,,,,,,,,,Google Scholar; OpenAlex,2006
8JMKD3MGPDW34P/3KK5M2H,advancing urban roof segmentation transformative deep learning models from cnns to transformers for scalable and accurate urban imaging solutions|2025,advancing urban roof segmentation transformative deep learning models from cnns to transformers for scalable and accurate urban imaging solutions,2025,"H Saadaoui, S Farah, H Lechgar, A Ghennioui… - Technologies, 2025",,mdpi.com,https://www.mdpi.com/2227-7080/13/10/452,,,,,,,,,Google Scholar; OpenAlex,2010
83LX3pFwXQZ3V9uMbiY/Mc4v6,affordable web based spatio temporal applications for ad hoc decisions|2006,affordable web based spatio temporal applications for ad hoc decisions,2006,"VH Ernst - OTM Confederated International Conferences"" On the …, 2006",,Springer,https://link.springer.com/chapter/10.1007/11915072_67,,,,,,,,,Google Scholar; OpenAlex,2004
8JMKD3MGPDW34P/45U7K7E,agent based modeling for the multi objective optimization of energy production pathways integrated techno economics and life cycle assessment|2026,agent based modeling for the multi objective optimization of energy production pathways integrated techno economics and life cycle assessment,2026,J Quinn,,2026,,,,,,,,,,Google Scholar; OpenAlex,2021
8JMKD3MGP3W34P/42H35HE,agentgeo multi agent system of satellite images mining|2016,agentgeo multi agent system of satellite images mining,2016,"NCA De Freitas, PP Reboucas Filho… - IEEE Latin America …, 2016",,ieeexplore.ieee.org,https://ieeexplore.ieee.org/abstract/document/7459619/,,,,,,,,,Google Scholar; OpenAlex,2014
8JMKD3MGP8W/3D62DML,agora geodash a geosensor dashboard for real time flood risk monitoring|2014,agora geodash a geosensor dashboard for real time flood risk monitoring,2014,"FEA Horita, MC Fava, EM Mendiondo, J Rotava… - ISCRAM, 2014",,academia.edu,https://www.academia.edu/download/110233118/horita_etal_iscram2014_geodashboard.pdf,,,,,,,,,Google Scholar; OpenAlex,2012
8JMKD3MGPDW34P/3KJKL25,agregacao hierarquica de geo objetos uma abordagem baseada em software livre|2016,agregacao hierarquica de geo objetos uma abordagem baseada em software livre,2016,"LCO de Andrade, P Borba, MCM de Paulo - Revista Brasileira de …, 2016",,seer.ufu.br,https://seer.ufu.br/index.php/revistabrasileiracartografia/article/download/44377/23456/184334,,,,,,,,,Google Scholar; OpenAlex,2008
8JMKD3MGP8W/3GTJ9AP,agricultores como sujeitos da producao do territorio patrimonio ensaio metodologico para o planejamento territorial na regiao metropolitana do vale do|2021,agricultores como sujeitos da producao do territorio patrimonio ensaio metodologico para o planejamento territorial na regiao metropolitana do vale do,2021,"NIR Martins - CEP, 2021",,bibdigital.sid.inpe.br,http://bibdigital.sid.inpe.br/sid.inpe.br/mtc-m21d/2021/10.02.15.31,,,,,,,,,Google Scholar; OpenAlex,2002
8JMKD3MGP8W/3GTJ9AP,agrupamento de conjuntos de instancias uma aplicacao ao enem|2014,agrupamento de conjuntos de instancias uma aplicacao ao enem,2014,VM Furtado,,2014,https://pesc.coppe.ufrj.br/uploadfile/1417018604.pdf,,,,,,,,,Google Scholar; OpenAlex,2002
8JMKD3MGP8W/3GTJ9AP,agrupamento de regioes uma abordagem utilizando acessibilidade|2008,agrupamento de regioes uma abordagem utilizando acessibilidade,2008,CER de Mello,,2008,https://pesc.coppe.ufrj.br/uploadfile/publicacao/1840.pdf,,,,,,,,,Google Scholar; OpenAlex,2002
8JMKD3MGP8W/3B2274B,agua como elemento conceitual na interface entre desastres e epidemiologia|2017,agua como elemento conceitual na interface entre desastres e epidemiologia,2017,"AN Marteli, LBL Santos… - … E REDUÇÃO DE …, 2017",,cemaden.gov.br,http://www.cemaden.gov.br/wp-content/uploads/2017/08/aliceMarteli_eixo1_poster.pdf,,,,,,,,,Google Scholar; OpenAlex,2011
83LX3pFwXQZ4BFjAq/mGafE,ajuste de parametros em algoritmos de segmentacao de imagens por crescimento de regioes|2006,ajuste de parametros em algoritmos de segmentacao de imagens por crescimento de regioes,2006,"GM De Espindola - … de Pesquisas Espaciais. http://www. dpi …, 2006",,mtc-m16b.sid.inpe.br,http://mtc-m16b.sid.inpe.br/col/sid.inpe.br/MTC-m13@80/2006/12.21.11.14/doc/publicacao.pdf,,,,,,,,,Google Scholar; OpenAlex,2000
8JMKD3MGPDW34P/3KK5KM2,algorithms for finding a middle trajectory|2013,algorithms for finding a middle trajectory,2013,T Vermeulen,,2013,https://research.tue.nl/files/46952334/762758-1.pdf,,,,,,,,,Google Scholar; OpenAlex,2010
8JMKD3MGPDW34P/3KK5KM2,algorithms for hotspot computation on trajectory data|2013,algorithms for hotspot computation on trajectory data,2013,"J Gudmundsson, M van Kreveld, F Staals - Proceedings of the 21st ACM …, 2013",,dl.acm.org,https://dl.acm.org/doi/abs/10.1145/2525314.2525359,,,,,,,,,Google Scholar; OpenAlex,2010
83LX3pFwXQZ3V9uMbiY/LHTK3,algorithms for map generation and spatial data visualization in life|2016,algorithms for map generation and spatial data visualization in life,2016,YC Lin,,2016,https://ul.qucosa.de/id/qucosa:17233,,,,,,,,,Google Scholar; OpenAlex,2005
83LX3pFwXQZ3V9uMbiY/MimPC,algoritmi euristici per la risoluzione di problemi logistici nell ambito dei trasporti|2007,algoritmi euristici per la risoluzione di problemi logistici nell ambito dei trasporti,2007,D Mancini,,2007,,,,,,,,,,Google Scholar; OpenAlex,2003
8JMKD3MGP3W34P/3N2UAT8,algoritmo de mineria de datos busqueda de patrones periodicos en funcion del tiempo en base de datos espacio temporales|2018,algoritmo de mineria de datos busqueda de patrones periodicos en funcion del tiempo en base de datos espacio temporales,2018,"F Flores, G Rafael, R Arévalo, D Andrés",,2018,,,,,,,,,,Google Scholar; OpenAlex,2016
8JMKD3MGPDW34P/3KKHMA5,algoritmo de otimizacao multinivel aplicado a problemas de planejamento de redes|2012,algoritmo de otimizacao multinivel aplicado a problemas de planejamento de redes,2012,HA da Silva,,2012,https://search.proquest.com/openview/bd390289d30a9c7c0b5d32dc8949ac1c/1?pq-origsite=gscholar&cbl=2026366&diss=y,,,,,,,,,Google Scholar; OpenAlex,2010
8JMKD3MGPDW34P/3KKHMA5,algoritmo de otimizacao multinivel|2012,algoritmo de otimizacao multinivel,2012,HA DA SILVA,,2012,https://www.inf.ufpr.br/lesoliveira/download/TeseHideson.pdf,,,,,,,,,Google Scholar; OpenAlex,2010
8JMKD3MGPDW34R/3UFDG6B,algoritmo paralelo para processamento de series temporais de sensoriamento remoto com aplicacao na classificacao do uso e cobertura do solo|2021,algoritmo paralelo para processamento de series temporais de sensoriamento remoto com aplicacao na classificacao do uso e cobertura do solo,2021,RU Paiva,,2021,https://ww2.inf.ufg.br/ppgcc/sites/inf.ufg.br.ppgcc/files/uploads/Dissertacoes/dissertacao_RobertoUrzeda.pdf,,,,,,,,,Google Scholar; OpenAlex,2019
8JMKD3MGPDW34P/3KKHJUS,algoritmo paralelo usando gpu para o posicionamento de observadores em terrenos|2013,algoritmo paralelo usando gpu para o posicionamento de observadores em terrenos,2013,"GC Pena, SVG Magalhaes… - Anais do XIV …, 2013",,mtc-m16c.sid.inpe.br,http://mtc-m16c.sid.inpe.br/col/sid.inpe.br/mtc-m18/2013/12.10.18.26/doc/paper10.pdf,,,,,,,,,Google Scholar; OpenAlex,2010
83LX3pFwXQZ3V9uMbiY/MdJiz,algoritmos exatos para a manipulacao de mapas na terralib|2005,algoritmos exatos para a manipulacao de mapas na terralib,2005,"VL Rodrigues, ÂS Cavalier, MVA Andrade… - GEOINFO, 2005",,bibdigital.sid.inpe.br,http://bibdigital.sid.inpe.br/dpi.inpe.br/geoinfo@80/2006/07.11.14.09,,,,,,,,,Google Scholar; OpenAlex,2004
83LX3pFwXQZ3V9uMbiY/MhUig,algoritmos geometricos para bancos de dados geograficos da teoria a pratica na terralib|2003,algoritmos geometricos para bancos de dados geograficos da teoria a pratica na terralib,2003,GR de Queiroz,,2003,http://www.dpi.inpe.br/gilberto/teses/dissertacao_gribeiro.pdf,,,,,,,,,Google Scholar; OpenAlex,2003
83LX3pFwXQZ3V9uMbiY/Nib3w,aliem ferramenta de recomendacao para alinhamento de esquemas|2010,aliem ferramenta de recomendacao para alinhamento de esquemas,2010,"GVS Figueiredo, AD da Costa, CJP Lucena… - AUTOSOFT 2010",,,,,,,,,,,,Google Scholar; OpenAlex,2006
83LX3pFwXQZ3V9uMbiY/NiaFE,alineamiento de ontologıas en el dominio geoespacial|2009,alineamiento de ontologıas en el dominio geoespacial,2009,"F Vera Voronisky, E Garea Llano - Reporte Técnico. Reconocimiento de Patrones …, 2009",,,,,,,,,,,,Google Scholar; OpenAlex,2006
8JMKD3MGP8W/3HHGCGP,alinhamento de esquemas baseado em instancias|2008,alinhamento de esquemas baseado em instancias,2008,MA Casanova,,2008,https://web.tecgraf.puc-rio.br/press/publication/Brauner2008a/Brauner2008a.pdf,,,,,,,,,Google Scholar; OpenAlex,2007
83LX3pFwXQZ3V9uMbiY/Nib3w,alinhamento de nomes de coautores de publicacoes cientificas uma abordagem pratica|2016,alinhamento de nomes de coautores de publicacoes cientificas uma abordagem pratica,2016,"DF Brauner, RM Araújo, GRM Santos - … Florianópolis, SC. Vol. 5, n. 13 …, 2016",,lume.ufrgs.br,https://lume.ufrgs.br/handle/10183/169161,,,,,,,,,Google Scholar; OpenAlex,2006
8JMKD3MGP8W/3D62CSE,alocacao dos alunos nas escolas uma abordagem de algoritmos de pareamento para analise do efeito do cadastro escolar de belo horizonte na proficiencia dos|2013,alocacao dos alunos nas escolas uma abordagem de algoritmos de pareamento para analise do efeito do cadastro escolar de belo horizonte na proficiencia dos,2013,VMS Delgado,,2013,https://repositorio.ufmg.br/items/f438dd9c-bfde-4e67-be30-b33c057ef267,,,,,,,,,Google Scholar; OpenAlex,2012
8JMKD3MGPDW34P/3KJKHE8,alternate reality game for emergency response training a review of research|2016,alternate reality game for emergency response training a review of research,2016,"Z Zhou, JSK Chang, J Pan… - Journal of Interactive …, 2016",,learntechlib.org,https://www.learntechlib.org/p/149770/,,,,,,,,,Google Scholar; OpenAlex,2008
83LX3pFwXQZeBBx/oS63E,alysson bolognesi prado|2000,alysson bolognesi prado,2000,"MCC Baranauskas - ACM-GIS …, 2000",,Association for Computing …,,,,,,,,,,Google Scholar; OpenAlex,1999
8JMKD3MGP8W/3HHGCGP,ambient intelligence management of distributed and heterogeneous context knowledge|2008,ambient intelligence management of distributed and heterogeneous context knowledge,2008,"J Viterbo, L Mazuel, Y Charif, M Endler… - CRC Studies in …, 2008",,www-di.inf.puc-rio.br,https://www-di.inf.puc-rio.br/~endler/paperlinks/WaltenegusChapter-final.pdf,,,,,,,,,Google Scholar; OpenAlex,2007
83LX3pFwXQZ4BFjAq/mGafE,ambiente computacional para modelagem dinamica espacial|2003,ambiente computacional para modelagem dinamica espacial,2003,BM Pedrosa,,2003,http://bibdigital.sid.inpe.br/sid.inpe.br/jeferson/2003/10.08.14.50,,,,,,,,,Google Scholar; OpenAlex,2000
83LX3pFwXQZ4BFjAq/mGafE,ambiente computacional para modelagem espacial dinamica|2001,ambiente computacional para modelagem espacial dinamica,2001,"BM Pedrosa, G Câmara, AMV Monteiro - Relatório Técnico, 2001",,,,,,,,,,,,Google Scholar; OpenAlex,2000
8JMKD3MGP8W/3GQ75L5,ambiente de gerenciamento de imagens e dados espaciais para desenvolvimento de aplicacoes em biodiversidade|2004,ambiente de gerenciamento de imagens e dados espaciais para desenvolvimento de aplicacoes em biodiversidade,2004,"RS Torres, CB Medeiros, AX Falcao",,2004,https://lis-unicamp.github.io/wp-content/uploads/2014/09/torres05ctd.pdf,,,,,,,,,Google Scholar; OpenAlex,2001
8JMKD3MGPDW34P/3NDC4QL,an algebra for modeling and simulation of continuous spatial changes|2018,an algebra for modeling and simulation of continuous spatial changes,2018,"AF Amâncio… - Journal of Information …, 2018",,journals-sol.sbc.org.br,https://journals-sol.sbc.org.br/index.php/jidm/article/view/2045,,,,,,,,,Google Scholar; OpenAlex,2016
8JMKD3MGP8W/3FCBR3B,an algorithm for counting line segments intersections using planar partitions|2014,an algorithm for counting line segments intersections using planar partitions,2014,"M Ohdan, Y Ueno, K Aizawa - 2014 6th International …, 2014",,ieeexplore.ieee.org,https://ieeexplore.ieee.org/abstract/document/6877833/,,,,,,,,,Google Scholar; OpenAlex,2013
8JMKD3MGP3W34R/42GRPC2,an algorithm for mining moving flock patterns from pedestrian trajectories|2016,an algorithm for mining moving flock patterns from pedestrian trajectories,2016,"Y Cao, J Zhu, F Gao - Asia-Pacific Web Conference, 2016",,Springer,https://link.springer.com/chapter/10.1007/978-3-319-45835-9_27,,,,,,,,,Google Scholar; OpenAlex,2015
8JMKD3MGPDW34P/3Q5DT7P,an analysis of morphological pattern variations in street networks within and surrounding slums in sao paulo brazil|2026,an analysis of morphological pattern variations in street networks within and surrounding slums in sao paulo brazil,2026,"Y Perez, PHT Schimit, FH Pereira - Cities, 2026",,Elsevier,https://www.sciencedirect.com/science/article/pii/S0264275126003689,,,,,,,,,Google Scholar; OpenAlex,2017
83LX3pFwXQZ3V9uMbiY/MimPC,an approach for automatic matching of descriptive addresses|2020,an approach for automatic matching of descriptive addresses,2020,"A Javidaneh, F Karimipour - Journal of Geomatics Science and …, 2020",,jgst.issgeac.ir,http://jgst.issgeac.ir/browse.php?a_code=A-10-568-1&slc_lang=en&sid=1,,,,,,,,,Google Scholar; OpenAlex,2003
8JMKD3MGP8W/3FCBN8P,an approach for semantically enriching volunteered geographic data with linked data|2017,an approach for semantically enriching volunteered geographic data with linked data,2017,"LS da Costa, IL Oliveira, A Moreira… - … Science and Its …, 2017",,Springer,https://link.springer.com/chapter/10.1007/978-3-319-62398-6_21,,,,,,,,,Google Scholar; OpenAlex,2013
8JMKD3MGPDW34P/3Q5DSEP,an approach to classify burned areas using few previously validated samples|2020,an approach to classify burned areas using few previously validated samples,2020,"OO Bittencourt, F Morelli, CAS Júnior… - … on Computational Science …, 2020",,Springer,https://link.springer.com/chapter/10.1007/978-3-030-58814-4_17,,,,,,,,,Google Scholar; OpenAlex,2017
83LX3pFwXQZeBBx/oS8KP,an approach to decompose and evaluate a complex gis application design to a simple lightweight user centered app based design using user experience|2020,an approach to decompose and evaluate a complex gis application design to a simple lightweight user centered app based design using user experience,2020,"D Kammerhofer, J Scholz - ISPRS International Journal of Geo …, 2020",,mdpi.com,https://www.mdpi.com/2220-9964/9/9/505,,,,,,,,,Google Scholar; OpenAlex,1999
83LX3pFwXQZ3V9uMbiY/MimPC,an approach to geocoding based on volunteered spatial data|2010,an approach to geocoding based on volunteered spatial data,2010,"C Amelunxen - Geoinformatik, 2010",,,,,,,,,,,,Google Scholar; OpenAlex,2003
8JMKD3MGP8W/3AUUQ5E,an architecture for retrieval of animal sound recordings based on context variables|2013,an architecture for retrieval of animal sound recordings based on context variables,2013,"DC Cugler, CB Medeiros… - … and Computation: Practice …, 2013",,Wiley Online Library,https://onlinelibrary.wiley.com/doi/abs/10.1002/cpe.2865,,,,,,,,,Google Scholar; OpenAlex,2011
83LX3pFwXQZeBBx/oS63E,an architecture for surroundings discovery by linking 3d models and lod cloud|2013,an architecture for surroundings discovery by linking 3d models and lod cloud,2013,"B Aydin, J Gensel, P Genoud, S Calabretto… - Proceedings of the …, 2013",,dl.acm.org,https://dl.acm.org/doi/abs/10.1145/2534190.2534198,,,,,,,,,Google Scholar; OpenAlex,1999
8JMKD3MGP8W/3GTEJES,an assembly model for service workflows navigated by metadata|2006,an assembly model for service workflows navigated by metadata,2006,"YL Wang, WJ Wang, YW Luo, XL Wang… - CHINESE JOURNAL OF …, 2006",,cjc.ict.ac.cn,http://cjc.ict.ac.cn/eng/qwjse/view.asp?id=2078,,,,,,,,,Google Scholar; OpenAlex,2002
83LX3pFwXQZ3V9uMbiY/Mc9Hq,an automated approach to historical and social explanation|2009,an automated approach to historical and social explanation,2009,"JA Barceló - Computational Intelligence in Archaeology, 2009",,igi-global.com,https://www.igi-global.com/chapter/computational-intelligence-archaeology/6827,,,,,,,,,Google Scholar; OpenAlex,2004
8JMKD3MGP8W/3HHGCGP,an automatic matcher and linker for transportation datasets|2017,an automatic matcher and linker for transportation datasets,2017,"A Masri, K Zeitouni, Z Kedad, B Leroy - ISPRS International Journal of …, 2017",,mdpi.com,https://www.mdpi.com/2220-9964/6/1/29,,,,,,,,,Google Scholar; OpenAlex,2007
83LX3pFwXQZ3V9uMbiY/Mc9AB,an ecological study of the relationship between socioeconomic isolation and mental health in the most deprived areas in auckland new zealand|2013,an ecological study of the relationship between socioeconomic isolation and mental health in the most deprived areas in auckland new zealand,2013,"AL Pearson, E Griffin, A Davies, S Kingham - Health & place, 2013",,Elsevier,https://www.sciencedirect.com/science/article/pii/S135382921200192X,,,,,,,,,Google Scholar; OpenAlex,2004
83LX3pFwXQZ3V9uMbiY/MimPC,an effective and efficient approach for manually improving geocoded data|2008,an effective and efficient approach for manually improving geocoded data,2008,"DW Goldberg, JP Wilson, CA Knoblock, B Ritz… - International journal of …, 2008",,Springer,https://link.springer.com/article/10.1186/1476-072X-7-60,,,,,,,,,Google Scholar; OpenAlex,2003
8JMKD3MGP8W/3FCBR3B,an efficient algorithm for the 1d total visibility index problem and its parallelization|2018,an efficient algorithm for the 1d total visibility index problem and its parallelization,2018,"P Afshani, MD Berg, H Casanova, B Karsin…",,2018,https://dl.acm.org/doi/abs/10.1145/3209685,,,,,,,,,Google Scholar; OpenAlex,2013
8JMKD3MGP8W/3FCBR3B,an efficient algorithm for the 1d total visibility index problem|2017,an efficient algorithm for the 1d total visibility index problem,2017,"P Afshani, M De Berg, H Casanova, B Karsin… - 2017 Proceedings of the …, 2017",,SIAM,https://epubs.siam.org/doi/abs/10.1137/1.9781611974768.18,,,,,,,,,Google Scholar; OpenAlex,2013
8JMKD3MGPDW34P/3NDC3R2,an efficient and exact parallel algorithm for intersecting large 3 d triangular meshes using arithmetic filters|2020,an efficient and exact parallel algorithm for intersecting large 3 d triangular meshes using arithmetic filters,2020,"SVG de Magalhães, WR Franklin, MVA Andrade - Computer-Aided Design, 2020",,Elsevier,https://www.sciencedirect.com/science/article/pii/S0010448519305330,,,,,,,,,Google Scholar; OpenAlex,2016
83LX3pFwXQZ3V9uMbiY/LHUag,an efficient and topologically correct map generalization heuristic|2015,an efficient and topologically correct map generalization heuristic,2015,"MG Gruppi, SVG Magalhães, MVA Andrade… - ICEIS (1), 2015",,scitepress.org,https://www.scitepress.org/Papers/2015/53981/53981.pdf,,,,,,,,,Google Scholar; OpenAlex,2005
8JMKD3MGPDW34P/3KKHJUS,an efficient gpu multiple observer siting method based on sparse matrix multiplication|2014,an efficient gpu multiple observer siting method based on sparse matrix multiplication,2014,"GC Pena, SVG Magalhães, MVA Andrade… - Proceedings of the 3rd …, 2014",,dl.acm.org,https://dl.acm.org/doi/abs/10.1145/2676536.2676544,,,,,,,,,Google Scholar; OpenAlex,2010
83LX3pFwXQZ3V9uMbiY/LHTK3,an efficient popmusic based approach to the point feature label placement problem|2007,an efficient popmusic based approach to the point feature label placement problem,2007,"ACF Alvim, ÉD Taillard - Proceedings of the MIC 2007, 2007",,arodes.hes-so.ch,https://arodes.hes-so.ch/record/8195?v=pdf,,,,,,,,,Google Scholar; OpenAlex,2005
8JMKD3MGPDW34R/3UFDG6B,an efficient solution to generate meta features for classification with remote sensing time series|2020,an efficient solution to generate meta features for classification with remote sensing time series,2020,"RU Paiva, SST de Oliveira, LML Pascoal… - …, 2020",,mtc-m16c.sid.inpe.br,http://mtc-m16c.sid.inpe.br/attachment.cgi/sid.inpe.br/mtc-m16c/2020/12.14.11.50/doc/p5.pdf,,,,,,,,,Google Scholar; OpenAlex,2019
83LX3pFwXQZeBBx/oS63E,an egocentric spatial data model for intelligent mobile geographic information systems|2003,an egocentric spatial data model for intelligent mobile geographic information systems,2003,CE Frank,,2003,https://digitalcommons.library.umaine.edu/etd/574/,,,,,,,,,Google Scholar; OpenAlex,1999
83LX3pFwXQZ3V9uMbiY/NiaFE,an emergent semantics approach to semantic integration of geo services and geo metadata in spatial data infrastructures|2008,an emergent semantics approach to semantic integration of geo services and geo metadata in spatial data infrastructures,2008,L Vaccari,,2008,https://www.academia.edu/download/34853478/IJSDIR_SUBMIT_v3.pdf,,,,,,,,,Google Scholar; OpenAlex,2006
8JMKD3MGPDW34P/3KP2RBP,an essay on the importance efficacy and management of spatiotemporal data|2026,an essay on the importance efficacy and management of spatiotemporal data,2026,"J Crompton, TC Coburn, M Maucec - Applied Spatiotemporal Data …, 2026",,intechopen.com,https://www.intechopen.com/chapters/89846,,,,,,,,,Google Scholar; OpenAlex,2015
8JMKD3MGPDW34P/3KQ6L5H,an extensible real time visualization pipeline for dynamic spatial modelling|2013,an extensible real time visualization pipeline for dynamic spatial modelling,2013,"AJC Rodrigues, TGS Carneiro… - Journal of Information …, 2013",,journals-sol.sbc.org.br,https://journals-sol.sbc.org.br/index.php/jidm/article/view/1488,,,,,,,,,Google Scholar; OpenAlex,2012
8JMKD3MGP3W34R/42GRPC2,an improved base algorithm for online discovery of flock patterns in trajectories|2016,an improved base algorithm for online discovery of flock patterns in trajectories,2016,"PS Tanaka, MR Vieira… - Journal of Information and …, 2016",,journals-sol.sbc.org.br,https://journals-sol.sbc.org.br/index.php/jidm/article/view/1576,,,,,,,,,Google Scholar; OpenAlex,2015
8JMKD3MGPDW34P/3KKHJUS,an improved parallel algorithm using gpu for siting observers on terrain|2014,an improved parallel algorithm using gpu for siting observers on terrain,2014,"GC Pena, MVA Andrade, SVG Magalhaes… - International …, 2014",,scitepress.org,https://www.scitepress.org/PublishedPapers/2014/48843/,,,,,,,,,Google Scholar; OpenAlex,2010
83LX3pFwXQZ3V9uMbiY/LHUxR,an infrastructure oriented for cataloging services and reuse of analysis patterns|2011,an infrastructure oriented for cataloging services and reuse of analysis patterns,2011,"LF da Matta Vegi, DA Peixoto, LS Soares… - … Conference on Business …, 2011",,Springer,https://link.springer.com/chapter/10.1007/978-3-642-28115-0_32,,,,,,,,,Google Scholar; OpenAlex,2005
83LX3pFwXQZ3V9uMbiY/NiaFE,an instance based approach for matching export schemas of geographical database web services|2007,an instance based approach for matching export schemas of geographical database web services,2007,"DF Brauner, C Intrator, JC Freitas, MA Casanova - GeoInfo, 2007",,academia.edu,https://www.academia.edu/download/105615803/S5P3.pdf,,,,,,,,,Google Scholar; OpenAlex,2006
83LX3pFwXQZ3V9uMbiY/Nib6T,an integrated information system for real estate agency based on service oriented architecture|2008,an integrated information system for real estate agency based on service oriented architecture,2008,"LY Lin, CH Huang - 2008 IEEE International Symposium on …, 2008",,ieeexplore.ieee.org,https://ieeexplore.ieee.org/abstract/document/4730484/,,,,,,,,,Google Scholar; OpenAlex,2006
83LX3pFwXQZ3V9uMbiY/NiaFE,an interoperable spatial decision support system based on geospatial semantic web technologies|2008,an interoperable spatial decision support system based on geospatial semantic web technologies,2008,"C Zhang, T Zhao, W Li - … 2008 and Joint Conference on GIS …, 2008",,spiedigitallibrary.org,https://www.spiedigitallibrary.org/conference-proceedings-of-spie/7144/71442B/An-interoperable-spatial-decision-support-system-based-on-geospatial-semantic/10.1117/12.812831.short,,,,,,,,,Google Scholar; OpenAlex,2006
83LX3pFwXQZ3V9uMbiY/MhUig,an investigation on hybrid computing for competent data storage and secure access for geo spatial applications|2016,an investigation on hybrid computing for competent data storage and secure access for geo spatial applications,2016,"K Sankar, P Sevugan - Institute of Integrative Omics and Applied …, 2016",,academia.edu,https://www.academia.edu/download/81543381/IIOABJ_75139-149.pdf,,,,,,,,,Google Scholar; OpenAlex,2003
83LX3pFwXQZ4BFjAq/mEp4v,an object oriented meta model as ontology for describing domains and problems for planning space applications planning|2010,an object oriented meta model as ontology for describing domains and problems for planning space applications planning,2010,"R Silva, MG Ferreira, N Vijaykumar - … on the Dream Hosted by NASA …, 2010",,arc.aiaa.org,https://arc.aiaa.org/doi/pdf/10.2514/6.2010-2172,,,,,,,,,Google Scholar; OpenAlex,2000
8JMKD3MGP3W34P/42H35D2,an ontological analysis of observation collections|2011,an ontological analysis of observation collections,2011,"A Degbelo - Semantic Web, 2011",,semantic-web-journal.net,https://semantic-web-journal.net/system/files/swj1423.pdf,,,,,,,,,Google Scholar; OpenAlex,2014
8JMKD3MGPDW34P/3KK5L2S,an ontological gazetteer and its application for place name disambiguation in text|2011,an ontological gazetteer and its application for place name disambiguation in text,2011,"IMR Machado, RO de Alencar, RO Campos Jr… - Journal of the Brazilian …, 2011",,Springer,https://link.springer.com/article/10.1007/s13173-011-0044-4,,,,,,,,,Google Scholar; OpenAlex,2010
8JMKD3MGPDW34P/3KJKF3P,an ontological gazetter for geographic information retrieval|2010,an ontological gazetter for geographic information retrieval,2010,"IM Machado, RO de Alencar, ROC Junior… - GeoInfo, 2010",,mtc-m16c.sid.inpe.br,http://mtc-m16c.sid.inpe.br/col/sid.inpe.br/mtc-m16c/2015/11.16.17.10/doc/proceedings_geoinfo2010.21_33.pdf,,,,,,,,,Google Scholar; OpenAlex,2008
8JMKD3MGPDW34P/3KQ2JSL,an ontology based approach for distributed dynamic decision support integration via environmental and risk analysis|2016,an ontology based approach for distributed dynamic decision support integration via environmental and risk analysis,2016,HT Ferguson,,2016,,,,,,,,,,Google Scholar; OpenAlex,2012
8JMKD3MGPDW34P/3KK5LE2,an ontology based approach to support information discovery in spatial data infrastructures|2013,an ontology based approach to support information discovery in spatial data infrastructures,2013,"FG de Andrade, CDS Baptista - Integrated Information and …, 2013",,igi-global.com,https://www.igi-global.com/chapter/ontology-based-approach-support-information/70618,,,,,,,,,Google Scholar; OpenAlex,2010
8JMKD3MGP8W/3GQ75L5,an ontology based methodology for geospatial data integration|2010,an ontology based methodology for geospatial data integration,2010,JX He,,2010,https://ruor.uottawa.ca/items/127f20d3-30a5-409e-bd5b-95bd4a82def1,,,,,,,,,Google Scholar; OpenAlex,2001
8JMKD3MGPDW34P/3KQ2JSL,an ontology design pattern for cartographic map scaling|2013,an ontology design pattern for cartographic map scaling,2013,"D Carral, S Scheider, K Janowicz, C Vardeman… - Extended Semantic Web …, 2013",,Springer,https://link.springer.com/chapter/10.1007/978-3-642-38288-8_6,,,,,,,,,Google Scholar; OpenAlex,2012
8JMKD3MGPDW34P/3KQ2JSL,an ontology design pattern for dynamic relative relationships|2015,an ontology design pattern for dynamic relative relationships,2015,"H Ferguson, A Krisnadhi, C Vardeman - WOP, 2015",,academia.edu,https://www.academia.edu/download/81345943/WOP2015_paper_3.pdf,,,,,,,,,Google Scholar; OpenAlex,2012
8JMKD3MGPDW34P/3KQ2JSL,an ontology design pattern for geovisualization content description|2021,an ontology design pattern for geovisualization content description,2021,"A Degbelo - Advances in pattern-based ontology …, 2021",,journals.sagepub.com,https://journals.sagepub.com/doi/pdf/10.3233/SSW51#page=289,,,,,,,,,Google Scholar; OpenAlex,2012
8JMKD3MGP8W/3GTEJES,an ontology driven architecture for flexible workflow execution|2004,an ontology driven architecture for flexible workflow execution,2004,"TASC Vieira, MA Casanova… - WebMedia and LA-Web …, 2004",,ieeexplore.ieee.org,https://ieeexplore.ieee.org/abstract/document/1348150/,,,,,,,,,Google Scholar; OpenAlex,2002
83LX3pFwXQZ3V9uMbiY/Mc4v6,an open source and web based framework for geographic and multidimensional processing|2006,an open source and web based framework for geographic and multidimensional processing,2006,"J da Silva, VC Times, AC Salgado - … of the 2006 ACM symposium on …, 2006",,dl.acm.org,https://dl.acm.org/doi/abs/10.1145/1141277.1141292,,,,,,,,,Google Scholar; OpenAlex,2004
8JMKD3MGP3W34P/3N2U8K2,an overview of platforms for big earth observation data management and analysis|2020,an overview of platforms for big earth observation data management and analysis,2020,"VCF Gomes, GR Queiroz, KR Ferreira - Remote Sensing, 2020",,mdpi.com,https://www.mdpi.com/2072-4292/12/8/1253,,,,,,,,,Google Scholar; OpenAlex,2016
8JMKD3MGPDW34R/3UFDFDB,an overview of proposals towards the privacy preserving publication of trajectory data a miranda pascual et al|2024,an overview of proposals towards the privacy preserving publication of trajectory data a miranda pascual et al,2024,"À Miranda-Pascual, P Guerra-Balboa… - International journal of …, 2024",,Springer,https://link.springer.com/article/10.1007/s10207-024-00894-0,,,,,,,,,Google Scholar; OpenAlex,2019
83LX3pFwXQZ4BFjAq/mGafE,an overview on current free and open source desktop gis developments|2009,an overview on current free and open source desktop gis developments,2009,"S Steiniger, E Bocher - International Journal of Geographical …, 2009",,Taylor & Francis,https://www.tandfonline.com/doi/abs/10.1080/13658810802634956,,,,,,,,,Google Scholar; OpenAlex,2000
8JMKD3MGPDW34P/3KQ6N2L,analisador de estruturas de bases de dados para o agronegocio com dimensoes de qualidade de dados|2021,analisador de estruturas de bases de dados para o agronegocio com dimensoes de qualidade de dados,2021,"CS Junior, CF Dorneles - Simpósio Brasileiro de Banco de Dados …, 2021",,sol.sbc.org.br,https://sol.sbc.org.br/index.php/sbbd_estendido/article/view/18164,,,,,,,,,Google Scholar; OpenAlex,2012
8JMKD3MGPDW34P/3Q5DUR8,analise comparativa do mapeamento de vegetacao secundaria dos projetos terraclass e mapbiomas|2019,analise comparativa do mapeamento de vegetacao secundaria dos projetos terraclass e mapbiomas,2019,"LO Junior, S Nunes, CS Junior… - Anais Do XIX …, 2019",,marte2.sid.inpe.br,http://marte2.sid.inpe.br/attachment.cgi/sid.inpe.br/marte2/2019/09.06.16.51/doc/97358.pdf,,,,,,,,,Google Scholar; OpenAlex,2017
8JMKD3MGPDW34P/3Q5E2J8,analise da area de inundacao do reservatorio da uhe camargos|2023,analise da area de inundacao do reservatorio da uhe camargos,2023,"EM Gonçalves - … E TECNOLÓGICA E 14º SIMPÓSIO DE …, 2023",,josif.ifsuldeminas.edu.br,https://josif.ifsuldeminas.edu.br/ojs/index.php/anais/article/view/844,,,,,,,,,Google Scholar; OpenAlex,2017
83LX3pFwXQZ3V9uMbiY/LHS35,analise da distribuicao espacial da tuberculose no municipio de joao pessoa pb em 2011|2014,analise da distribuicao espacial da tuberculose no municipio de joao pessoa pb em 2011,2014,"FF Ribeiro, JG Rodriges, J de Araújo Ferreira",,2014,https://copec.eu/congresses/shewc2014/proc/works/58.pdf,,,,,,,,,Google Scholar; OpenAlex,2005
83LX3pFwXQZ3V9uMbiY/LHU82,analise da distribuicao geografica de doencas causadoras de obitos na cidade de sao paulo utilizando aprendizado de maquina|2023,analise da distribuicao geografica de doencas causadoras de obitos na cidade de sao paulo utilizando aprendizado de maquina,2023,G Martinelli,,2023,https://teses.usp.br/teses/disponiveis/45/45134/tde-24112023-144503/en.html,,,,,,,,,Google Scholar; OpenAlex,2005
8JMKD3MGP8W/3GTEMJB,analise da estrutura horizontal por densidade de kernel como subsidio ao manejo florestal na amazonia|2021,analise da estrutura horizontal por densidade de kernel como subsidio ao manejo florestal na amazonia,2021,"MF Oliveira, PP de Mattos… - Pesquisa Florestal …, 2021",,pfb.sede.embrapa.br,https://pfb.sede.embrapa.br/pfb/article/view/2098,,,,,,,,,Google Scholar; OpenAlex,2002
8JMKD3MGPDW34P/3NDC97E,analise da precipitacao pluviometrica por meio de dados chirps e google earth engine|2024,analise da precipitacao pluviometrica por meio de dados chirps e google earth engine,2024,"L MENDES, MRM Romeiro, LJL Pimenta, W OLIVEIRA… - Caminhos de Geografia, 2024",,,,,,,,,,,,Google Scholar; OpenAlex,2016
83LX3pFwXQZ3V9uMbiY/LHTbc,analise de alternativas de design de mapas para tv digital brasileira baseada em multicriterios|2012,analise de alternativas de design de mapas para tv digital brasileira baseada em multicriterios,2012,"DA Chagas, ES Furtado, J Nobre Jr - Proceedings of the 11th …, 2012",,researchgate.net,https://www.researchgate.net/profile/Daniel-Chagas-10/publication/262241904_Analise_de_alternativas_de_design_de_mapas_para_TV_digital_brasileira_baseada_em_multicriterios/links/6282509b4c05cb0540aa78cd/Analise-de-alternativas-de-design-de-mapas-para-TV-digital-brasileira-baseada-em-multicriterios.pdf,,,,,,,,,Google Scholar; OpenAlex,2005
8JMKD3MGP8W/3FCBREE,analise de comportamento de motoristas atraves de trajetorias de objetos moveis|2014,analise de comportamento de motoristas atraves de trajetorias de objetos moveis,2014,EM Carboni,,2014,https://repositorio.ufsc.br/handle/123456789/129503,,,,,,,,,Google Scholar; OpenAlex,2013
83LX3pFwXQZ4BFjAq/mEoqM,analise de desempenho no processamento de dados geograficos irregularmente distribuidos provenientes de um sensor lidar|2008,analise de desempenho no processamento de dados geograficos irregularmente distribuidos provenientes de um sensor lidar,2008,PFM Pinto,,2008,https://search.proquest.com/openview/c4cfb1b15eb7784eb8e8839c435901a2/1.pdf?pq-origsite=gscholar&cbl=2026366&diss=y,,,,,,,,,Google Scholar; OpenAlex,2000
83LX3pFwXQZ4BFjAq/mGafE,analise de ferramentas de suporte tecnologico para simulacao da dinamica da cobertura e uso do solo|2018,analise de ferramentas de suporte tecnologico para simulacao da dinamica da cobertura e uso do solo,2018,"JSA Ferreira, APL Ferreira - … de Computação Aplicada à Gestão do …, 2018",,sol.sbc.org.br,https://sol.sbc.org.br/index.php/wcama/article/view/2932,,,,,,,,,Google Scholar; OpenAlex,2000
8JMKD3MGP8W/3GQ6NA5,analise de incertezas em modelos geometricos de depositos minerais usando geoestatistica e esquema de planejamento de experimentos|2008,analise de incertezas em modelos geometricos de depositos minerais usando geoestatistica e esquema de planejamento de experimentos,2008,SM Ferreira,,2008,https://pantheon.ufrj.br/handle/11422/4274,,,,,,,,,Google Scholar; OpenAlex,2001
8JMKD3MGPDW34R/3UFDG6B,analise de metacaracteristicas para classificacao de uso e cobertura do solo utilizando random forest|2020,analise de metacaracteristicas para classificacao de uso e cobertura do solo utilizando random forest,2020,"R Paiva - Anais do Workshop de Computação Aplicada à Gestão …, 2020",,academia.edu,https://www.academia.edu/download/93698000/10892.pdf,,,,,,,,,Google Scholar; OpenAlex,2019
8JMKD3MGPDW34P/43PQU8E,analise de redes de precipitacao baseadas em series temporais de um radar meteorologico|2021,analise de redes de precipitacao baseadas em series temporais de um radar meteorologico,2021,"I da Silva Diniz, AAS Jorge… - … Series of the …, 2021",,proceedings.sbmac.org.br,https://proceedings.sbmac.org.br/sbmac/article/download/133907/3773,,,,,,,,,Google Scholar; OpenAlex,2020
8JMKD3MGP8W/3HHGCPE,analise de textura urbana para mapeamento da precariedade habitacional|2011,analise de textura urbana para mapeamento da precariedade habitacional,2011,DZ Leão,,2011,https://lume.ufrgs.br/handle/10183/67075,,,,,,,,,Google Scholar; OpenAlex,2007
83LX3pFwXQZ3V9uMbiY/LHTfF,analise discriminante de fisher aplicadasa deteccao de defeitos em couro bovino|2007,analise discriminante de fisher aplicadasa deteccao de defeitos em couro bovino,2007,"WP Amorim, H Pistori - III WVC-Workshop de Visao Computacional …, 2007",,gpec.ucdb.br,http://www.gpec.ucdb.br/pistori/publicacoes/amorim_wvc2007.pdf,,,,,,,,,Google Scholar; OpenAlex,2005
83LX3pFwXQZ3V9uMbiY/LHS35,analise do desempenho dos metodos scan e besag e newell para identificacao de conglomerados espaciais do dengue no municipio de joao pessoa entre|2009,analise do desempenho dos metodos scan e besag e newell para identificacao de conglomerados espaciais do dengue no municipio de joao pessoa entre,2009,"SEDEF LUCENA, RM DE MORAES - Boletim de Ciências Geodésicas, 2009",,redalyc.org,https://www.redalyc.org/pdf/3939/393937713005.pdf,,,,,,,,,Google Scholar; OpenAlex,2005
83LX3pFwXQZ3V9uMbiY/Mipqu,analise do padrao de distribuicao espacial dos casos de tuberculose em arapiraca al periodo 2000 2005|2014,analise do padrao de distribuicao espacial dos casos de tuberculose em arapiraca al periodo 2000 2005,2014,"CMR Barroso, JVF Neto - Reflexões e Práticas Geográficas, 2014",,,,,,,,,,,,Google Scholar; OpenAlex,2003
83LX3pFwXQZeBBx/oS9ox,analise do processo cartografico para o estudo de interfaces de sistemas de informacao geograficas|2000,analise do processo cartografico para o estudo de interfaces de sistemas de informacao geograficas,2000,"AB Prado, MCC Baranauskas - Relatório técnico 00-15 do Instituto de …, 2000",,ic.unicamp.br,https://ic.unicamp.br/~reltech/2000/00-15.pdf,,,,,,,,,Google Scholar; OpenAlex,1999
8JMKD3MGPDW34P/3Q5DLCB,analise dos processos de desmatamento e regeneracao nas unidades de conservacao pertencentes no vale do ribeira sp pr por meio de classificacoes de|2021,analise dos processos de desmatamento e regeneracao nas unidades de conservacao pertencentes no vale do ribeira sp pr por meio de classificacoes de,2021,"AL Maciel, D Alves, S Sant'Anna - Revista Brasileira De Cartografia, 2021",,seer.ufu.br,https://seer.ufu.br/index.php/revistabrasileiracartografia/article/view/55435/,,,,,,,,,Google Scholar; OpenAlex,2017
83LX3pFwXQZ3V9uMbiY/NibBn,analise dos resultados do pareamento dos boletins de ocorrencia e das declaracoes de obitos referentes aos acidentes de transito do municipio de sao|2010,analise dos resultados do pareamento dos boletins de ocorrencia e das declaracoes de obitos referentes aos acidentes de transito do municipio de sao,2010,"PB Maia, T Aidar - XVII Encontro Nacional de Estudos Populacionais …, 2010",,,,,,,,,,,,Google Scholar; OpenAlex,2006
83LX3pFwXQZ3V9uMbiY/MdJMR,analise e desenvolvimento de um novo algoritmo de juncao espacial para sgbd geograficos|2006,analise e desenvolvimento de um novo algoritmo de juncao espacial para sgbd geograficos,2006,MR Fornari,,2006,https://lume.ufrgs.br/handle/10183/8510,,,,,,,,,Google Scholar; OpenAlex,2004
8JMKD3MGP8W/3GTJ9KL,analise em agrupamentos de documentos eletronicos|2014,analise em agrupamentos de documentos eletronicos,2014,RS Chaves,,2014,,,,,,,,,,Google Scholar; OpenAlex,2002
83LX3pFwXQZ3V9uMbiY/Mipqu,analise espacial aplicada a expansao de condominios fechados na cidade de feira de santana ba|2012,analise espacial aplicada a expansao de condominios fechados na cidade de feira de santana ba,2012,"BS Santos, RL Santos, SM Santo - IV Simpósio Brasileiro de …, 2012",,researchgate.net,https://www.researchgate.net/profile/Rosangela-Santos-3/publication/268291419_ANALISE_ESPACIAL_APLICADA_A_EXPANSAO_DE_CONDOMINIOS_FECHADOS_NA_CIDADE_DE_FEIRA_DE_SANTANA_BA/links/57f7d3ac08ae886b89836072/ANALISE-ESPACIAL-APLICADA-A-EXPANSAO-DE-CONDOMINIOS-FECHADOS-NA-CIDADE-DE-FEIRA-DE-SANTANA-BA.pdf,,,,,,,,,Google Scholar; OpenAlex,2003
83LX3pFwXQZ3V9uMbiY/LHU82,analise espacial da mortalidade fetal por sifilis congenita no municipio do recife pe brasil entre 2007 e 2016|2022,analise espacial da mortalidade fetal por sifilis congenita no municipio do recife pe brasil entre 2007 e 2016,2022,"RSPS Ramos, GR Carneiro, ALS Oliveira… - Escola Anna …, 2022",,SciELO Brasil,https://www.scielo.br/j/ean/a/BJSyBJgvfGgkwbHVw7Hgj5w/?lang=pt,,,,,,,,,Google Scholar; OpenAlex,2005
83LX3pFwXQZ3V9uMbiY/LHU82,analise espacial da tuberculose no rio de janeiro no periodo de 2005 a 2008 e fatores socioeconomicos associados utilizando microdado e modelos de regressao|2017,analise espacial da tuberculose no rio de janeiro no periodo de 2005 a 2008 e fatores socioeconomicos associados utilizando microdado e modelos de regressao,2017,"MAFM Magalhães, RA Medronho - Ciência & Saúde Coletiva, 2017",,SciELO Public Health,https://www.scielosp.org/article/csc/2017.v22n3/831-840/pt/,,,,,,,,,Google Scholar; OpenAlex,2005
83LX3pFwXQZ3V9uMbiY/LHU82,analise espacial de fatores sanitarios e socioeconomicos sobre a incidencia da leishmaniose visceral humana no municipio de natal rn|2022,analise espacial de fatores sanitarios e socioeconomicos sobre a incidencia da leishmaniose visceral humana no municipio de natal rn,2022,FV Fernandes,,2022,https://memoria.ifrn.edu.br/handle/1044/2302,,,,,,,,,Google Scholar; OpenAlex,2005
83LX3pFwXQZ3V9uMbiY/LHU82,analise espacial dos condicionantes da criminalidade violenta no estado de minas gerais|2010,analise espacial dos condicionantes da criminalidade violenta no estado de minas gerais,2010,"WB Batella, AMA Diniz - Sociedade & natureza, 2010",,SciELO Brasil,https://www.scielo.br/j/sn/a/3KT8G8mKStv5xg3bfv4xxbD/?lang=pt,,,,,,,,,Google Scholar; OpenAlex,2005
8JMKD3MGP8W/3FCF4P8,analise espacial e mineracao de dados de arborizacao urbana em belo horizonte|2020,analise espacial e mineracao de dados de arborizacao urbana em belo horizonte,2020,GOC Pacheco,,2020,https://repositorio.ufmg.br/items/2ac3328f-6c25-4711-907b-44861a5ef077,,,,,,,,,Google Scholar; OpenAlex,2013
83LX3pFwXQZ4BFjAq/mGafE,analise espacial intra urbana da qualidade de vida em curitiba|2010,analise espacial intra urbana da qualidade de vida em curitiba,2010,"WH Bonat, MF Paiva, RM Sliwiany - Revista Brasileira de Qualidade de …, 2010",,leg.ufpr.br,http://www.leg.ufpr.br/~wagner/Articles/BONAT_RBQV_2009.pdf,,,,,,,,,Google Scholar; OpenAlex,2000
8JMKD3MGP3W34P/42GRRJ2,analise espaco temporal da trajetoria de carreira de pesquisadores brasileiros|2015,analise espaco temporal da trajetoria de carreira de pesquisadores brasileiros,2015,CA Furtado,,2015,https://repositorio.ufmg.br/items/94a14aaf-3426-4cb2-8fca-bee7cab9695c,,,,,,,,,Google Scholar; OpenAlex,2014
8JMKD3MGP8W/3HHGGHL,analise fitogeografica da flora arbustivo arborea em ecotono no planalto da bodoquena ms brasil|2017,analise fitogeografica da flora arbustivo arborea em ecotono no planalto da bodoquena ms brasil,2017,"CBR Zavala, SSL Fernandes, ZV Pereira, SM Silva - Ciência Florestal, 2017",,SciELO Brasil,https://www.scielo.br/j/cflo/a/gt55VD4WqJ8PWgv65rWpyHt/?lang=pt,,,,,,,,,Google Scholar; OpenAlex,2007
83LX3pFwXQZ3V9uMbiY/LHU82,analise geoespacial dos nascimentos com anomalias congenitas parana 2008 2015 estudo ecologico|2020,analise geoespacial dos nascimentos com anomalias congenitas parana 2008 2015 estudo ecologico,2020,"MHS Freire, APMM Barros, L Andrade… - Revista Brasileira de …, 2020",,SciELO Brasil,https://www.scielo.br/j/reben/a/5YZfpNGVHF7HXx3gjFxK7jG/?lang=pt,,,,,,,,,Google Scholar; OpenAlex,2005
8JMKD3MGP8W/3D62CSE,analise geografica dos custos em saude|2019,analise geografica dos custos em saude,2019,PD Coelho,,2019,https://search.proquest.com/openview/91ace5414de66b4a52aaa838d704408d/1?pq-origsite=gscholar&cbl=2026366&diss=y,,,,,,,,,Google Scholar; OpenAlex,2012
83LX3pFwXQZ3V9uMbiY/Mc9AB,analisis y modelizacion de la segregacion socioespacial en ciudades medias bonaerenses mediante sistemas de informacion geografica pergamino|2012,analisis y modelizacion de la segregacion socioespacial en ciudades medias bonaerenses mediante sistemas de informacion geografica pergamino,2012,S Linares,,2012,https://www.academia.edu/download/41704359/Anlisis_y_modelizacin_de_la_segregacin_s20160128-25378-pmuxw7.pdf,,,,,,,,,Google Scholar; OpenAlex,2004
8JMKD3MGPDW34P/3NDC29P,analysis and integration of surface and subsurface information of different bridges|2020,analysis and integration of surface and subsurface information of different bridges,2020,"SKP Kushwaha, S Raghavendra, H Pande… - Journal of the Indian …, 2020",,Springer,https://link.springer.com/article/10.1007/s12524-019-01087-2,,,,,,,,,Google Scholar; OpenAlex,2016
83LX3pFwXQZ3V9uMbiY/NiaFE,analysis and modeling techniques for geo spatial and spatio temporal datasets|2017,analysis and modeling techniques for geo spatial and spatio temporal datasets,2017,K Jitkajornwanich,,2017,https://mavmatrix.uta.edu/cgi/viewcontent.cgi?params=/context/cse_dissertations/article/1194/type/native/&path_info=,,,,,,,,,Google Scholar; OpenAlex,2006
8JMKD3MGP8W/3GQ6P35,analysis and reuse of plots using similarity and analogy|2008,analysis and reuse of plots using similarity and analogy,2008,"AL Furtado, MA Casanova, SDJ Barbosa… - … on Conceptual Modeling, 2008",,Springer,https://link.springer.com/chapter/10.1007/978-3-540-87877-3_26,,,,,,,,,Google Scholar; OpenAlex,2001
8JMKD3MGPDW34P/3NDDJ25,analysis and visualization of traffic accident data|2025,analysis and visualization of traffic accident data,2025,V ŠIMKOVÁ,,2025,https://theses.cz/id/6gh33e/xsimko14_BP.pdf,,,,,,,,,Google Scholar; OpenAlex,2016
8JMKD3MGPDW34P/3KP2RBP,analysis of changes in topological relations between spatial objects at different times|2019,analysis of changes in topological relations between spatial objects at different times,2019,"S Eremeev - International Conference of Artificial Intelligence …, 2019",,Springer,https://link.springer.com/chapter/10.1007/978-3-030-39162-1_7,,,,,,,,,Google Scholar; OpenAlex,2015
8JMKD3MGPDW34P/3NDC97E,analysis of image preprocessing effects in a landsat image simulation|2020,analysis of image preprocessing effects in a landsat image simulation,2020,"DK Seo, YD Eo, GW Paik - KSCE Journal of Civil Engineering, 2020",,Springer,https://link.springer.com/article/10.1007/s12205-020-0056-8,,,,,,,,,Google Scholar; OpenAlex,2016
8JMKD3MGPDW34P/43PQU8E,analysis of rainfall networks generated from different similarity measures|2022,analysis of rainfall networks generated from different similarity measures,2022,"IS Diniz, LBL Santos… - … Series of the …, 2022",,proceedings.sbmac.emnuvens.com …,https://proceedings.sbmac.emnuvens.com.br/sbmac/article/view/3978,,,,,,,,,Google Scholar; OpenAlex,2020
83LX3pFwXQZ3V9uMbiY/MhU9d,analysis of spatial significance of mountain objects extracted from multiscale digital elevation models|2014,analysis of spatial significance of mountain objects extracted from multiscale digital elevation models,2014,"D Sathyamoorthy - EDITORIAL BOARD, 2014",,researchgate.net,https://www.researchgate.net/profile/Khairul-Kamarudin-2/publication/262008458_Current_Innovation_Practices_in_Malaysian_Government_and_Corporate_Organisations_Case_Studies_on_STRIDE_and_Celcom_Axiata_Berhad/links/0c9605364b605e82ac000000/Current-Innovation-Practices-in-Malaysian-Government-and-Corporate-Organisations-Case-Studies-on-STRIDE-and-Celcom-Axiata-Berhad.pdf#page=54,,,,,,,,,Google Scholar; OpenAlex,2003
8JMKD3MGPDW34P/43PL72H,analysis of the potential of nighttime light data for monitoring intercity road traffic in the metropolitan region of the paraiba valley and north coast rmvpln of|2021,analysis of the potential of nighttime light data for monitoring intercity road traffic in the metropolitan region of the paraiba valley and north coast rmvpln of,2021,"G da Rocha Bragion¹, ACF Santos, AP Dal'Asta¹…",,2021,https://www.researchgate.net/profile/Gabriel-Da-Rocha-Bragion/publication/349733908_Analysis_of_the_potential_of_nighttime_light_data_for_monitoring_intercity_road_traffic_in_the_Metropolitan_Region_of_the_Paraiba_Valley_and_North_Coast_RMVPLN_of_Sao_Paulo_Brazil_in_the_COVID-19_cont/links/603f8d7d4585154e8c73ddd0/Analysis-of-the-potential-of-nighttime-light-data-for-monitoring-intercity-road-traffic-in-the-Metropolitan-Region-of-the-Paraiba-Valley-and-North-Coast-RMVPLN-of-Sao-Paulo-Brazil-in-the-COVID-19-co.pdf,,,,,,,,,Google Scholar; OpenAlex,2020
8JMKD3MGPDW34P/3NDC29P,analysis of the relationship between spatial urban expansion and temperature utilising remote sensing and gis techniques in the accra and kumasi|2022,analysis of the relationship between spatial urban expansion and temperature utilising remote sensing and gis techniques in the accra and kumasi,2022,"BF Frimpong, ARG Asonomaso-Kwabre",,2022,https://opus4.kobv.de/opus4-btu/frontdoor/deliver/index/docId/6073/file/Bernard+Fosu+Frimpong.pdf,,,,,,,,,Google Scholar; OpenAlex,2016
83LX3pFwXQZ3V9uMbiY/MdGTa,analysis of usability of web gis with improved search functionality|2025,analysis of usability of web gis with improved search functionality,2025,"EK Mwangi, S Kimani, A Mindila - International Journal of …, 2025",,Taylor & Francis,https://www.tandfonline.com/doi/abs/10.1080/23729333.2025.2582347,,,,,,,,,Google Scholar; OpenAlex,2004
83LX3pFwXQZ3V9uMbiY/NiaRQ,analysis on socio cultural aspect of willingness to pay for air quality pm10 pm2 5 improvement in seoul|2019,analysis on socio cultural aspect of willingness to pay for air quality pm10 pm2 5 improvement in seoul,2019,"김재완， 정태용， 이태동， 이동근 - 환경영향평가, 2019",,kci.go.kr,https://www.kci.go.kr/kciportal/landing/article.kci?arti_id=ART002460181,,,,,,,,,Google Scholar; OpenAlex,2006
83LX3pFwXQZ3V9uMbiY/MdGTa,analytic characterization of webgis utilization in recreation and tourism information search|2009,analytic characterization of webgis utilization in recreation and tourism information search,2009,KG Chang,,2009,https://openresearch.okstate.edu/entities/publication/38a576b6-604a-4e64-ab99-2e71dcd08000,,,,,,,,,Google Scholar; OpenAlex,2004
8JMKD3MGP8W/3FCF4GH,analytics and data science applied to the trajectory outlier detection|2020,analytics and data science applied to the trajectory outlier detection,2020,"AJ Lopez, PM Quintero, AK Hernandez - Applied Computer Science, 2020",,ph.pollub.pl,https://ph.pollub.pl/index.php/acs/article/view/3148,,,,,,,,,Google Scholar; OpenAlex,2013
8JMKD3MGPDW34P/3NDDJ25,analyza a vizualizace dat dopravnich nehod|2025,analyza a vizualizace dat dopravnich nehod,2025,V Šimková,,2025,https://theses.cz/id/6gh33e/xsimko14_BP_Archive.pdf,,,,,,,,,Google Scholar; OpenAlex,2016
8JMKD3MGPDW34P/3KP2T4E,analyzing crowd sourced information and social media for crisis management|2017,analyzing crowd sourced information and social media for crisis management,2017,"S Andrews, T Day, K Domdouzis, L Hirsch… - Application of Social …, 2017",,Springer,https://link.springer.com/chapter/10.1007/978-3-319-52419-1_6,,,,,,,,,Google Scholar; OpenAlex,2015
8JMKD3MGP8W/3FCBRC8,analyzing existing unstructured mountaineering plans for machine readability|2015,analyzing existing unstructured mountaineering plans for machine readability,2015,"A Nohara, S Shiramatsu, T Ozono, T Shintani - Information Engineering …, 2015",,iaiai.org,http://www.iaiai.org/journals/index.php/IEE/article/view/28,,,,,,,,,Google Scholar; OpenAlex,2013
83LX3pFwXQZ3V9uMbiY/MioRd,analyzing relatedness by toponym co o ccurrences on web pages|2014,analyzing relatedness by toponym co o ccurrences on web pages,2014,"Y Liu, F Wang, C Kang, Y Gao, Y Lu - Transactions in GIS, 2014",,Wiley Online Library,https://onlinelibrary.wiley.com/doi/abs/10.1111/tgis.12023,,,,,,,,,Google Scholar; OpenAlex,2003
8JMKD3MGPDW34P/3SEUN7L,analyzing spatial analytics systems based on hadoop and spark a user perspective|2020,analyzing spatial analytics systems based on hadoop and spark a user perspective,2020,"JP de Carvalho Castro… - Software: Practice …, 2020",,Wiley Online Library,https://onlinelibrary.wiley.com/doi/abs/10.1002/spe.2882,,,,,,,,,Google Scholar; OpenAlex,2018
8JMKD3MGP8W/3FCBN8P,analyzing the acoustic urban environment a geofencing centered approach in the curitiba metropolitan region brazil|2016,analyzing the acoustic urban environment a geofencing centered approach in the curitiba metropolitan region brazil,2016,"NP Kozievitch, LC Gomes-Jr… - … on Smart Cities and …, 2016",,ieeexplore.ieee.org,https://ieeexplore.ieee.org/abstract/document/7951336/,,,,,,,,,Google Scholar; OpenAlex,2013
83LX3pFwXQZ3V9uMbiY/LHTbc,analyzing the multicriteria of the interaction design of an educational map application for digital tv from user preferences|2015,analyzing the multicriteria of the interaction design of an educational map application for digital tv from user preferences,2015,"DA Chagas, ES Furtado, CLB Maia, PR Pinheiro - J. Univers. Comput. Sci., 2015",,,,,,,,,,,,Google Scholar; OpenAlex,2005
8JMKD3MGPDW34P/3KLNKR2,analyzing the performance of nosql vs sql databases for spatial and aggregate queries|2017,analyzing the performance of nosql vs sql databases for spatial and aggregate queries,2017,"S Agarwal, KS Rajan",,2017,https://scholarworks.umass.edu/items/a75cf812-96a9-4640-889e-e71c6fd79714,,,,,,,,,Google Scholar; OpenAlex,2011
8JMKD3MGPDW34P/3NDDJ8P,analyzing the performance of spatial indices on flash memories using a flash simulator|2017,analyzing the performance of spatial indices on flash memories using a flash simulator,2017,"AC Carniel, TB Da Silva… - Simpósio Brasileiro de …, 2017",,sol.sbc.org.br,https://sol.sbc.org.br/index.php/sbbd/article/view/24273,,,,,,,,,Google Scholar; OpenAlex,2016
8JMKD3MGPDW34P/3NDDJ8P,analyzing the performance of spatial indices on hard disk drives and flash based solid state drives|2017,analyzing the performance of spatial indices on hard disk drives and flash based solid state drives,2017,"AC Carniel, RR Ciferri… - Journal of Information …, 2017",,journals-sol.sbc.org.br,https://journals-sol.sbc.org.br/index.php/jidm/article/view/1605,,,,,,,,,Google Scholar; OpenAlex,2016
83LX3pFwXQZ3V9uMbiY/Nia6G,analyzing topological changes for structural shape simplification|2014,analyzing topological changes for structural shape simplification,2014,"S Du - Journal of Visual Languages & Computing, 2014",,Elsevier,https://www.sciencedirect.com/science/article/pii/S1045926X13000980,,,,,,,,,Google Scholar; OpenAlex,2006
8JMKD3MGPDW34P/3KP2SDL,analyzing traffic accidents based on the integration of official and crowdsourced data|2017,analyzing traffic accidents based on the integration of official and crowdsourced data,2017,"SR dos Santos, CA Davis Jr… - Journal of Information …, 2017",,journals-sol.sbc.org.br,https://journals-sol.sbc.org.br/index.php/jidm/article/view/1607,,,,,,,,,Google Scholar; OpenAlex,2015
8JMKD3MGP8W/3D62DML,anchoring unsorted e sources about heritage artefacts in space and time|2018,anchoring unsorted e sources about heritage artefacts in space and time,2018,"G Saygi, JY Blaise, I Dudek - Digital Cultural Heritage: Final Conference of …, 2018",,Springer,https://link.springer.com/chapter/10.1007/978-3-319-75826-8_14,,,,,,,,,Google Scholar; OpenAlex,2012
83LX3pFwXQZ3V9uMbiY/MimPC,annotated geocoding reading list|2006,annotated geocoding reading list,2006,DW Goldberg,,2006,,,,,,,,,,Google Scholar; OpenAlex,2003
8JMKD3MGP8W/3FCF4GH,anomalous trajectory detection between regions of interest based on anpr system|2018,anomalous trajectory detection between regions of interest based on anpr system,2018,"G Ying, N Yiwen, Y Wei, X Hongli… - … on Computational Science, 2018",,Springer,https://link.springer.com/chapter/10.1007/978-3-319-93701-4_50,,,,,,,,,Google Scholar; OpenAlex,2013
8JMKD3MGP8W/3FCBRC8,anotacao automatica de dados geograficos baseada em bancos de dados abertos e interligados|2015,anotacao automatica de dados geograficos baseada em bancos de dados abertos e interligados,2015,HB Henriques,,2015,https://dspace.sti.ufcg.edu.br/handle/riufcg/594,,,,,,,,,Google Scholar; OpenAlex,2013
83LX3pFwXQZ3V9uMbiY/NiaVh,antibiotics in wastewater creation of assessment maps conception of an information and warning system|2014,antibiotics in wastewater creation of assessment maps conception of an information and warning system,2014,"L Hutka, D Kadner, L Bernard - Prävention und …, 2014",,Springer Berlin Heidelberg,,,,,,,,,,Google Scholar; OpenAlex,2006
83LX3pFwXQZ3V9uMbiY/NiaVh,antibiotika im abwasser erstellung von bewertungskarten konzeption eines informations und warnsystems|2014,antibiotika im abwasser erstellung von bewertungskarten konzeption eines informations und warnsystems,2014,"L Hutka, D Kadner, L Bernard - Prävention und Gesundheitsförderung, 2014",,Springer,https://link.springer.com/article/10.1007/s11553-014-0449-y,,,,,,,,,Google Scholar; OpenAlex,2006
83LX3pFwXQZ3V9uMbiY/Mip9C,anuario da pesquisa|2004,anuario da pesquisa,2004,Universidade Luterana do Brasil…,,2004,,,,,,,,,,Google Scholar; OpenAlex,2003
8JMKD3MGPDW34P/3KJKHE8,anycare a role playing game to investigate crisis decision making and communication challenges in weather related hazards|2019,anycare a role playing game to investigate crisis decision making and communication challenges in weather related hazards,2019,"G Terti, I Ruin, M Kalas, I Láng… - … Hazards and Earth …, 2019",,nhess.copernicus.org,https://nhess.copernicus.org/articles/19/507/2019/,,,,,,,,,Google Scholar; OpenAlex,2008
8JMKD3MGP8W/3HHGF2E,aonde an ontology web service for interoperability across biodiversity applications|2008,aonde an ontology web service for interoperability across biodiversity applications,2008,"J Daltio, CB Medeiros - Information Systems, 2008",,Elsevier,https://www.sciencedirect.com/science/article/pii/S0306437908000185,,,,,,,,,Google Scholar; OpenAlex,2007
8JMKD3MGP8W/3AUUPRP,aplicacao da teoria de analise de rede social e proposta de um esquema conceitual para desenvolvimento de uma infraestrutura de dados espaciais para|2013,aplicacao da teoria de analise de rede social e proposta de um esquema conceitual para desenvolvimento de uma infraestrutura de dados espaciais para,2013,JB Silva,,2013,https://teses.usp.br/teses/disponiveis/3/3138/tde-21102014-110115/publico/dissertacao_janaina.pdf,,,,,,,,,Google Scholar; OpenAlex,2011
83LX3pFwXQZ3V9uMbiY/LHToB,aplicacao de geotecnologias na gestao de titulos e garantias no credito agricola|2016,aplicacao de geotecnologias na gestao de titulos e garantias no credito agricola,2016,"TP Merlo, JV Rocha - Trabalho de conclusão de curso …, 2016",,repositorio.unicamp.br,https://repositorio.unicamp.br/Busca/Download?codigoArquivo=512819&tipoMidia=0,,,,,,,,,Google Scholar; OpenAlex,2005
83LX3pFwXQZ3V9uMbiY/MekpM,aplicacao de tecnicas de data mining e ferramentas olap na base de dados integrada piatam|2009,aplicacao de tecnicas de data mining e ferramentas olap na base de dados integrada piatam,2009,R de Souza Alencar,,2009,,,,,,,,,,Google Scholar; OpenAlex,2004
83LX3pFwXQZ3V9uMbiY/LHUxR,aplicacao do processo de descoberta de conhecimento em base de dados a metadados textuais de infraestruturas de dados espaciais|2012,aplicacao do processo de descoberta de conhecimento em base de dados a metadados textuais de infraestruturas de dados espaciais,2012,ES Martins,,2012,,,,,,,,,,Google Scholar; OpenAlex,2005
83LX3pFwXQZ5Jpy/p2cBt,aplicacao geografica na identificacao de areas com potencial para gerar energia por fontes renovaveis|2017,aplicacao geografica na identificacao de areas com potencial para gerar energia por fontes renovaveis,2017,"VS Celestino, RPSPM Julião",,2017,https://run.unl.pt/entities/publication/b3127d1a-417a-429e-9e0d-2755835e3152,,,,,,,,,Google Scholar; OpenAlex,1999
83LX3pFwXQZ4BFjAq/mEp4v,aplicacion de las ontologias para la representacion del conocimiento|2005,aplicacion de las ontologias para la representacion del conocimiento,2005,"EG Hernández - La dimensió humana de l'organització del …, 2005",,dialnet.unirioja.es,https://dialnet.unirioja.es/descarga/articulo/2966026.pdf,,,,,,,,,Google Scholar; OpenAlex,2000
8JMKD3MGP8W/3GTJAAE,aplicando ontologias de objetos geograficos para facilitar navegacao em gis|2003,aplicando ontologias de objetos geograficos para facilitar navegacao em gis,2003,"LR Venâncio, R Fileto, CB Medeiros - GEOINFO, 2003",,mtc-m16c.sid.inpe.br,http://mtc-m16c.sid.inpe.br/col/dpi.inpe.br/geoinfo@80/2006/08.29.14.11/doc/Aplicando%20Ontologias%20de%20Objetos%20Geogr%E1ficos.pdf,,,,,,,,,Google Scholar; OpenAlex,2002
8JMKD3MGPDW34P/3NDDJ25,application of crowdsourced data in transportation operations and safety|2020,application of crowdsourced data in transportation operations and safety,2020,N Hoseinzadeh,,2020,https://voljournals.utk.edu/utk_graddiss/6169/,,,,,,,,,Google Scholar; OpenAlex,2016
8JMKD3MGPDW34P/3KJKKJ2,application of ndvi in vegetation analysis after fire occurrence|2019,application of ndvi in vegetation analysis after fire occurrence,2019,"FA Leal, CM Souza, GSA Leal, EP Miguel",,2019,https://www.cabidigitallibrary.org/doi/full/10.5555/20193312264,,,,,,,,,Google Scholar; OpenAlex,2008
83LX3pFwXQZ3V9uMbiY/LHS35,application of spatio temporal scan statistics for the detection of areas with increased risk for american visceral leishmaniasis in the state of bahia brazil|2007,application of spatio temporal scan statistics for the detection of areas with increased risk for american visceral leishmaniasis in the state of bahia brazil,2007,"B Lobo - Geospatial Health, 2007",,academia.edu,https://www.academia.edu/download/101562789/gh_v2i1_12_carneiro.pdf,,,,,,,,,Google Scholar; OpenAlex,2005
83LX3pFwXQZ3V9uMbiY/LHUuu,applied spatial data analysis with r|2008,applied spatial data analysis with r,2008,"RS Bivand, EJ Pebesma, V Gómez-Rubio",,2008,https://link.springer.com/chapter/10.1007/978-0-387-78171-6_8,,,,,,,,,Google Scholar; OpenAlex,2005
83LX3pFwXQZ4BFjAq/mEoPs,applying case based reasoning in the evolution of deforestation patterns in the brazilian amazonia|2008,applying case based reasoning in the evolution of deforestation patterns in the brazilian amazonia,2008,"JS Mota, G Câmara, LMG Fonseca… - Proceedings of the …, 2008",,dl.acm.org,https://dl.acm.org/doi/abs/10.1145/1363686.1364086,,,,,,,,,Google Scholar; OpenAlex,2000
8JMKD3MGP3W34P/42GRQBL,applying cluster analysis to the vehicle routing problem|2024,applying cluster analysis to the vehicle routing problem,2024,"YK Lin, CF Chen, TY Chou - International Conference on Flexible …, 2024",,Springer,https://link.springer.com/chapter/10.1007/978-3-031-74482-2_40,,,,,,,,,Google Scholar; OpenAlex,2014
83LX3pFwXQZ3V9uMbiY/MioRd,applying geographic information retrieval an experience report on developing local search for a developing country|2014,applying geographic information retrieval an experience report on developing local search for a developing country,2014,"D Ahlers - Datenbank-Spektrum, 2014",,Springer,https://link.springer.com/article/10.1007/s13222-014-0148-z,,,,,,,,,Google Scholar; OpenAlex,2003
83LX3pFwXQZ3V9uMbiY/NiagS,approximate queries for spatial data|2013,approximate queries for spatial data,2013,"A Belussi, B Catania, S Migliorini - Advanced Query Processing: Volume 1 …, 2013",,Springer,https://link.springer.com/chapter/10.1007/978-3-642-28323-9_5,,,,,,,,,Google Scholar; OpenAlex,2006
83LX3pFwXQZ3V9uMbiY/NiagS,approximate queries with adaptive processing|2013,approximate queries with adaptive processing,2013,"B Catania, G Guerrini - Advanced Query Processing: Volume 1: Issues and …, 2013",,Springer,https://link.springer.com/chapter/10.1007/978-3-642-28323-9_10,,,,,,,,,Google Scholar; OpenAlex,2006
83LX3pFwXQZ3V9uMbiY/NiagS,approximate query answering based on topological neighborhood and semantic similarity in openstreetmap|2020,approximate query answering based on topological neighborhood and semantic similarity in openstreetmap,2020,"A Formica, M Mazzei, E Pourabbas, M Rafanelli - IEEE Access, 2020",,ieeexplore.ieee.org,https://ieeexplore.ieee.org/abstract/document/9086014/,,,,,,,,,Google Scholar; OpenAlex,2006
83LX3pFwXQZ3V9uMbiY/MdJMR,approximate query processing in spatial databases using raster signatures|2007,approximate query processing in spatial databases using raster signatures,2007,"LG Azevedo, G Zimbrão1, JM De Souza - Advances in Geoinformatics: VIII …, 2007",,Springer,https://link.springer.com/chapter/10.1007/978-3-540-73414-7_5,,,,,,,,,Google Scholar; OpenAlex,2004
8JMKD3MGPDW34P/3NDC42E,approximate similarity measurements on multi attributes trajectories data|2018,approximate similarity measurements on multi attributes trajectories data,2018,"P Xiao, M Ang, Z Jiawei, W Lei - IEEE Access, 2018",,ieeexplore.ieee.org,https://ieeexplore.ieee.org/abstract/document/8587154/,,,,,,,,,Google Scholar; OpenAlex,2016
8JMKD3MGP8W/3HHGDJL,approximate string matching and duplicate detection in the deep learning era|2018,approximate string matching and duplicate detection in the deep learning era,2018,AV de Sousa Marinho,,2018,https://scholar.tecnico.ulisboa.pt/api/records/W7na2Umxz8xqOjATjbUQkgtuqNPpjTQ8N54Q/file/0cf5a6d2c47cc9eb5c4b6c41263e4005674b7ec8ff1be4718d7fdfa47dc2d9be.pdf,,,,,,,,,Google Scholar; OpenAlex,2007
83LX3pFwXQZ3V9uMbiY/MioRd,approximate string matching for geographic names and personal names|2007,approximate string matching for geographic names and personal names,2007,"CA Davis Jr, E De Salles - GEOINFO, 2007",,homepages.dcc.ufmg.br,https://homepages.dcc.ufmg.br/~clodoveu/files/100.40/AC041.%202007%20Approximate%20string%20matching%20for%20geographic%20names%20and%20personal%20names.pdf,,,,,,,,,Google Scholar; OpenAlex,2003
83LX3pFwXQZ3V9uMbiY/LHUxR,aprimora an architecture based on semantic web to retrieve information in pattern repositories|2016,aprimora an architecture based on semantic web to retrieve information in pattern repositories,2016,"AA de Almeida Ribeiro, J Lisboa Filho… - J. Softw., 2016",,,,,,,,,,,,Google Scholar; OpenAlex,2005
8JMKD3MGP8W/3HHGDJL,arabic word generation and modelling for spell checking|2012,arabic word generation and modelling for spell checking,2012,K Shaalan,,2012,https://drive.google.com/file/d/1MCoykmCE4kSZHGUaHsD_O2wqrgTfCJgX/view,,,,,,,,,Google Scholar; OpenAlex,2007
83LX3pFwXQZ3V9uMbiY/MdHjv,arbeitsgruppe automation in der kartographie tagung|2001,arbeitsgruppe automation in der kartographie tagung,2001,Arbeitsgruppe Automation in der Kartographie …,,2001,,,,,,,,,,Google Scholar; OpenAlex,2004
83LX3pFwXQZ3V9uMbiY/LHUxR,architectural and technological aspects for the next generation of sdi|2014,architectural and technological aspects for the next generation of sdi,2014,"R BORBA, J STRAUCH, JM Souza… - … AutoCarto 2014 a …, 2014",,academia.edu,https://www.academia.edu/download/36992979/Architectural_and_technological_aspects_for_the_next_generation_of_SDI_01.pdf,,,,,,,,,Google Scholar; OpenAlex,2005
8JMKD3MGPDW34P/3KJKHE8,architecture of high fidelity simulation tool for crisis management training|2018,architecture of high fidelity simulation tool for crisis management training,2018,"SE Skogen, J Radianti - 2018 5th International Conference on …, 2018",,ieeexplore.ieee.org,https://ieeexplore.ieee.org/abstract/document/8636386/,,,,,,,,,Google Scholar; OpenAlex,2008
83LX3pFwXQZ3V9uMbiY/MimK9,archiving and distributing three long term interconnected geospatial data sets|2008,archiving and distributing three long term interconnected geospatial data sets,2008,"MS Moran, BS Hutchinson, SE Marsh… - … on Geoscience and …, 2008",,ieeexplore.ieee.org,https://ieeexplore.ieee.org/abstract/document/4689344/,,,,,,,,,Google Scholar; OpenAlex,2003
8JMKD3MGP3W34P/42H356B,archiving digital maps with geopackage and vector tile dissemination|2019,archiving digital maps with geopackage and vector tile dissemination,2019,Y Chen,,2019,https://repositum.tuwien.at/handle/20.500.12708/7566,,,,,,,,,Google Scholar; OpenAlex,2014
8JMKD3MGP8W/3GTJAES,argocasegeo uma ferramenta case de codigo aberto para o modelo uml geoframe|2004,argocasegeo uma ferramenta case de codigo aberto para o modelo uml geoframe,2004,"J Lisboa Filho, MFR Júnior, J Daltio - Viçosa: UFV/DPI, 2004",,researchgate.net,https://www.researchgate.net/profile/Jugurta-Lisboa-Filho/publication/228731553_ArgoCASEGEO-Uma_Ferramenta_CASE_de_Codigo-Aberto_para_o_Modelo_UML-GeoFrame/links/542e89010cf277d58e8ebf56/ArgoCASEGEO-Uma-Ferramenta-CASE-de-Codigo-Aberto-para-o-Modelo-UML-GeoFrame.pdf,,,,,,,,,Google Scholar; OpenAlex,2002
83LX3pFwXQZ3V9uMbiY/MhU9d,armazenamento e processamento de grandes grafos em bancos de dados geograficos|2013,armazenamento e processamento de grandes grafos em bancos de dados geograficos,2013,"ES Abreu, S Rosim, JRF Oliveira, G Ribeiro, LV Dutra",,2013,http://mtc-m16d.sid.inpe.br/col/sid.inpe.br/mtc-m19/2013/06.06.13.36/doc/publicacao.pdf,,,,,,,,,Google Scholar; OpenAlex,2003
8JMKD3MGP8W/3FCF4P8,arquitetura de armazenamento de dados para sistemas de informacao geografica voluntaria utilizando banco de dados nosql baseado em documento|2016,arquitetura de armazenamento de dados para sistemas de informacao geografica voluntaria utilizando banco de dados nosql baseado em documento,2016,DCM Maia,,2016,,,,,,,,,,Google Scholar; OpenAlex,2013
83LX3pFwXQZ4BFjAq/mEp4v,arquitetura de conhecimentos sobre sistemas aquiferos|2011,arquitetura de conhecimentos sobre sistemas aquiferos,2011,"V Vasconcelos, PM Júnior… - RDBCI: Revista Digital …, 2011",,periodicos.sbu.unicamp.br,https://periodicos.sbu.unicamp.br/ojs/index.php/rdbci/article/view/1926,,,,,,,,,Google Scholar; OpenAlex,2000
8JMKD3MGP3W34P/42H34US,arquitetura de software para integracao de informacoes geograficas de sensores e voluntarios na gestao de risco de inundacao|2016,arquitetura de software para integracao de informacoes geograficas de sensores e voluntarios na gestao de risco de inundacao,2016,RES Castanhari,,2016,https://teses.usp.br/teses/disponiveis/55/55134/tde-10112016-142543/en.html,,,,,,,,,Google Scholar; OpenAlex,2014
83LX3pFwXQZ4BFjAq/mxSNs,arquitetura multimodal da geoinformacao no processo de comunicacao cartografica|2018,arquitetura multimodal da geoinformacao no processo de comunicacao cartografica,2018,"CS Sampaio, CG Duque - Perspectivas em Ciência da Informação, 2018",,SciELO Brasil,https://www.scielo.br/j/pci/a/P3JzmscjFD9zsmXzgVQstLp/?lang=pt,,,,,,,,,Google Scholar; OpenAlex,2000
8JMKD3MGP8W/3HHGDJL,arquitetura orientada a servicos soa um estudo de caso em sistemas de informacao geograficos|2010,arquitetura orientada a servicos soa um estudo de caso em sistemas de informacao geograficos,2010,"PFA DE OLIVEIRA, PA DE OLIVEIRA… - Boletim de Ciências …, 2010",,revistas.ufpr.br,https://revistas.ufpr.br/bcg/article/view/17686,,,,,,,,,Google Scholar; OpenAlex,2007
8JMKD3MGPDW34P/3Q5DUR8,arquitetura para analise e visualizacao de dados geoespaciais na web|2019,arquitetura para analise e visualizacao de dados geoespaciais na web,2019,D da Silveira Figueira,,2019,https://repositorio.ufmg.br/items/30347150-ea88-4d9e-9182-9dcf4f7fbee1,,,,,,,,,Google Scholar; OpenAlex,2017
83LX3pFwXQZ4BFjAq/mEp4v,arquitetura para integracao de bibliotecas digitais geograficas por meio de mecanismos de geoprocessamento no contexto da ciencia da informacao|2020,arquitetura para integracao de bibliotecas digitais geograficas por meio de mecanismos de geoprocessamento no contexto da ciencia da informacao,2020,"MS SILVA, SABG VIDOTTI - … eletrônica de biblioteconomia e ciência da …, 2020",,redalyc.org,https://www.redalyc.org/journal/147/14763386038/14763386038.pdf,,,,,,,,,Google Scholar; OpenAlex,2000
83LX3pFwXQZ4BFjAq/mGafE,arquiteturas e linguagens|2005,arquiteturas e linguagens,2005,"KR Ferreira, MA Casanova… - … , MA; CΓmara, G.; …, 2005",,researchgate.net,https://www.researchgate.net/profile/Marco-Casanova/publication/47444691_Arquiteturas_e_linguagens/links/5689604e08aebccc4e171a92/Arquiteturas-e-linguagens.pdf,,,,,,,,,Google Scholar; OpenAlex,2000
83LX3pFwXQZ3V9uMbiY/MdK47,artificial intelligence applied to natural resources management|2010,artificial intelligence applied to natural resources management,2010,"DF Adamatti, MS de Aguiar - Soft Computing Methods for Practical …, 2010",,igi-global.com,https://www.igi-global.com/chapter/soft-computing-methods-practical-environment/43159,,,,,,,,,Google Scholar; OpenAlex,2004
8JMKD3MGPDW34P/3KP3262,assessing military access in politics a dyadic methodology|2016,assessing military access in politics a dyadic methodology,2016,"D Sylvan, JL Arcand",,2016,https://www.jeanlouisarcand.com/publication/arcand-2016-b/arcand-2016-b.pdf,,,,,,,,,Google Scholar; OpenAlex,2015
83LX3pFwXQZ3V9uMbiY/MhU9d,assessing neighbourhood deprivation understanding local spatial context|2019,assessing neighbourhood deprivation understanding local spatial context,2019,E Nyanzu,,2019,https://etheses.whiterose.ac.uk/id/eprint/25136/,,,,,,,,,Google Scholar; OpenAlex,2003
83LX3pFwXQZ3V9uMbiY/Nib3w,assessing place type similarities based on functional signatures extracted from social media data|2021,assessing place type similarities based on functional signatures extracted from social media data,2021,"D Oh, XA Yao - ISPRS International Journal of Geo-Information, 2021",,mdpi.com,https://www.mdpi.com/2220-9964/10/9/626,,,,,,,,,Google Scholar; OpenAlex,2006
8JMKD3MGPDW34P/3KQ6ME5,assessing the attractiveness of places with movement data|2013,assessing the attractiveness of places with movement data,2013,"AS Furtado, R Fileto, C Renso - J. Inf. Data Manag., 2013",,researchgate.net,https://www.researchgate.net/profile/Andre-Furtado-10/publication/258883300_Assessing_the_Attractiveness_of_Places_with_Movement_Data/links/5d198dcda6fdcc2462b49c67/Assessing-the-Attractiveness-of-Places-with-Movement-Data.pdf,,,,,,,,,Google Scholar; OpenAlex,2012
83LX3pFwXQZ3V9uMbiY/MioRd,assessing the certainty of locations produced by an address geocoding system|2007,assessing the certainty of locations produced by an address geocoding system,2007,"CA Davis Jr, FT Fonseca - Geoinformatica, 2007",,Springer,https://link.springer.com/article/10.1007/s10707-006-0015-7,,,,,,,,,Google Scholar; OpenAlex,2003
8JMKD3MGPDW34P/45U7HK8,assessing wildfires susceptibility lithology vegetation biomass and lineaments in the morro da pedreira brazil minas gerais|2026,assessing wildfires susceptibility lithology vegetation biomass and lineaments in the morro da pedreira brazil minas gerais,2026,"J Aires, J Roncato - GOT: Revista de Geografia e Ordenamento do …, 2026",,ojs.letras.up.pt,https://ojs.letras.up.pt/index.php/got/article/view/16495,,,,,,,,,Google Scholar; OpenAlex,2021
8JMKD3MGPDW34P/3KP36L8,assessment of a multi sensor approach for noise removal on landsat 8 oli time series using cbers 4 mux data to improve crop classification based on|2016,assessment of a multi sensor approach for noise removal on landsat 8 oli time series using cbers 4 mux data to improve crop classification based on,2016,"HN Bendini, LMG Fonseca, TS Körting… - …, 2016",,mtc-m21b.sid.inpe.br,http://mtc-m21b.sid.inpe.br/col/sid.inpe.br/mtc-m21b/2016/12.19.12.53/doc/bendini_assessment.pdf,,,,,,,,,Google Scholar; OpenAlex,2015
8JMKD3MGPDW34P/4ADCMS8,assessment of daytime and nighttime surface urban heat islands across local climate zones a case study in florianopolis brazil|2024,assessment of daytime and nighttime surface urban heat islands across local climate zones a case study in florianopolis brazil,2024,"B Rech, RN Moreira, TAG Mello, T Klouček, J Komárek - Urban Climate, 2024",,Elsevier,https://www.sciencedirect.com/science/article/pii/S2212095524001500,,,,,,,,,Google Scholar,2023
83LX3pFwXQZ3V9uMbiY/NiaRQ,assessment of electricity consumption of middle income households in tanzania|2024,assessment of electricity consumption of middle income households in tanzania,2024,"R Mvungi, R Kiiza, PV Chombo - GLOBAL JOURNAL OF ENERGY TECHNOLOGY …, 2024",,,,,,,,,,,,Google Scholar; OpenAlex,2006
8JMKD3MGP8W/3HHGCCB,assessment of landscape character and absorptivity based on digital terrain model analysis case study of jelenia gora city in poland|2021,assessment of landscape character and absorptivity based on digital terrain model analysis case study of jelenia gora city in poland,2021,"G Budzik, P Krajewski - Sustainability, 2021",,mdpi.com,https://www.mdpi.com/2071-1050/13/14/7969,,,,,,,,,Google Scholar; OpenAlex,2007
8JMKD3MGPDW34P/3Q5DUR8,assessment of terraclass and mapbiomas data on legend and map agreement for the brazilian amazon biome|2020,assessment of terraclass and mapbiomas data on legend and map agreement for the brazilian amazon biome,2020,"AK Neves, TS Körting, LMG Fonseca, MIS Escada - Acta Amazonica, 2020",,SciELO Brasil,https://www.scielo.br/j/aa/a/FsCzXK8TVrCLpjdvbm9jq5P/?lang=en,,,,,,,,,Google Scholar; OpenAlex,2017
8JMKD3MGP8W/3HHGDRB,assessment of texture features for brazilian savanna classification a case study in brasilia national park|2016,assessment of texture features for brazilian savanna classification a case study in brasilia national park,2016,"CDG Neto, LMG Fonseca, TS Körting - GeoInfo, 2016",,researchgate.net,https://www.researchgate.net/profile/Cesare-Girolamo-Neto/publication/323780031_ASSESSMENT_OF_TEXTURE_FEATURES_FOR_BRAZILIAN_SAVANNA_CLASSIFICATION_A_CASE_STUDY_IN_BRASILIA_NATIONAL_PARK/links/5aaa7a23aca272d39cd78e22/ASSESSMENT-OF-TEXTURE-FEATURES-FOR-BRAZILIAN-SAVANNA-CLASSIFICATION-A-CASE-STUDY-IN-BRASILIA-NATIONAL-PARK.pdf,,,,,,,,,Google Scholar; OpenAlex,2007
8JMKD3MGPDW34P/3SG4FHP,assisting victims of road accidents a case study of aeromedical transport improvements|2023,assisting victims of road accidents a case study of aeromedical transport improvements,2023,"JG Costa, LF Ribeiro, GC Guerrero… - 2023 IEEE …, 2023",,ieeexplore.ieee.org,https://ieeexplore.ieee.org/abstract/document/10293691/,,,,,,,,,Google Scholar; OpenAlex,2018
83LX3pFwXQZ3V9uMbiY/LHU82,associated factors with spatial variation of adolescent pregnancy in brazil 2014 an ecological study of spatial clusters|2021,associated factors with spatial variation of adolescent pregnancy in brazil 2014 an ecological study of spatial clusters,2021,"TLC Nascimento, CSS Teixeira… - … e Serviços de …, 2021",,SciELO Public Health,https://www.scielosp.org/article/ress/2021.v30n1/e201953/en/,,,,,,,,,Google Scholar; OpenAlex,2005
8JMKD3MGP8W/3FCF4P8,atributos e metodos de qualidade para sistemas de informacao geografica voluntaria|2016,atributos e metodos de qualidade para sistemas de informacao geografica voluntaria,2016,JHS Câmara,,2016,,,,,,,,,,Google Scholar; OpenAlex,2013
8JMKD3MGPDW34P/3KQ2JSL,attention and meaning the attentional basis of meaning|2015,attention and meaning the attentional basis of meaning,2015,"G Marchetti, G Benedetti, A Alharbi",,2015,https://philpapers.org/rec/MARAAM-11,,,,,,,,,Google Scholar; OpenAlex,2012
83LX3pFwXQZ3V9uMbiY/Mc9P7,auto tuning methodology to represent landform attributes on multicore and multi gpu systems|2013,auto tuning methodology to represent landform attributes on multicore and multi gpu systems,2013,"M Boratto, P Alonso, D Giménez, M Barreto… - Proceedings of the …, 2013",,dl.acm.org,https://dl.acm.org/doi/abs/10.1145/2442992.2443006,,,,,,,,,Google Scholar; OpenAlex,2004
8JMKD3MGPDW34P/3KKHJUS,automated decision support for placing terrain observers|2019,automated decision support for placing terrain observers,2019,GL Tigerström,,2019,,,,,,,,,,Google Scholar; OpenAlex,2010
83LX3pFwXQZ3V9uMbiY/LHUxR,automated enhancement of controlled vocabularies upgrading legacy metadata in contentdm conference paper|2014,automated enhancement of controlled vocabularies upgrading legacy metadata in contentdm conference paper,2014,"A Weidner, A Wu, S Thompson",,2014,https://uh-ir.tdl.org/items/26e5ade0-6c37-4ecf-9bd1-8730b21c8019,,,,,,,,,Google Scholar; OpenAlex,2005
8JMKD3MGPDW34P/3KP35BL,automated geoimage generation of arctic industrial and natural complexes for regional management information support systems|2021,automated geoimage generation of arctic industrial and natural complexes for regional management information support systems,2021,"BM Pilecki, AV Vicentiy - IOP Conference Series: Earth and …, 2021",,iopscience.iop.org,https://iopscience.iop.org/article/10.1088/1755-1315/937/4/042079/meta,,,,,,,,,Google Scholar; OpenAlex,2015
8JMKD3MGPDW34P/3KLNJLS,automated large geographic ontologies generation method from spatial databases|2019,automated large geographic ontologies generation method from spatial databases,2019,"ME Puebla-Martínez, JM Perea-Ortega… - … Knowledge Graphs and …, 2019",,Springer,https://link.springer.com/chapter/10.1007/978-3-030-21395-4_9,,,,,,,,,Google Scholar; OpenAlex,2011
8JMKD3MGPDW34P/3KLNJLS,automated large geographic ontologies generation method from spatial|2019,automated large geographic ontologies generation method from spatial,2019,"ME Puebla-Martínez¹… - Knowledge Graphs and …, 2019",,books.google.com,https://books.google.com/books?hl=pt-BR&lr=&id=ahWZDwAAQBAJ&oi=fnd&pg=PA118&ots=gP5wjWiHS3&sig=tFqy-2bhALvuwNAiMBm4v8jBbuE,,,,,,,,,Google Scholar; OpenAlex,2011
83LX3pFwXQZ3V9uMbiY/LHTK3,automatic annotation of map point features based on deep learning resnet models|2025,automatic annotation of map point features based on deep learning resnet models,2025,"Y Zhang, Z Qin, J Ma, Q Zhang, X Wang - ISPRS International Journal of …, 2025",,mdpi.com,https://www.mdpi.com/2220-9964/14/2/88,,,,,,,,,Google Scholar; OpenAlex,2005
8JMKD3MGP8W/3HHGCGP,automatic detection and matching of geospatial properties in transportation data sources demo paper|2016,automatic detection and matching of geospatial properties in transportation data sources demo paper,2016,"A Masri, K Zeitouni, Z Kedad, B Leroy - Proceedings of the 24th ACM …, 2016",,dl.acm.org,https://dl.acm.org/doi/abs/10.1145/2996913.2996959,,,,,,,,,Google Scholar; OpenAlex,2007
8JMKD3MGPDW34P/3KLNJLS,automatic expansion of spatial ontologies for geographic information retrieval|2018,automatic expansion of spatial ontologies for geographic information retrieval,2018,"ME Puebla-Martínez, JM Perea-Ortega… - … and Management of …, 2018",,Springer,https://link.springer.com/chapter/10.1007/978-3-319-91476-3_54,,,,,,,,,Google Scholar; OpenAlex,2011
8JMKD3MGP8W/3HHLNQ5,automatic generation of trajectory data warehouse schemas|2016,automatic generation of trajectory data warehouse schemas,2016,"N Arfaoui, J Akaichi - … Interactive Multimedia Systems and Services 2016, 2016",,Springer,https://link.springer.com/chapter/10.1007/978-3-319-39345-2_32,,,,,,,,,Google Scholar; OpenAlex,2007
8JMKD3MGPDW34P/3KQ6Q6E,automatic geospatial data conflation using semantic web technologies|2016,automatic geospatial data conflation using semantic web technologies,2016,"F Yu, G West, L Arnold, D McMeekin… - Proceedings of the …, 2016",,dl.acm.org,https://dl.acm.org/doi/abs/10.1145/2843043.2843375,,,,,,,,,Google Scholar; OpenAlex,2012
8JMKD3MGPDW34P/3KK5L2S,automatic induction of named entity classes from legal text corpora|2020,automatic induction of named entity classes from legal text corpora,2020,"A Revenko, G Rehm - 19th International Semantic Web Conference, 2020",,www-live.dfki.de,https://www-live.dfki.de/fileadmin/user_upload/import/11537_ai4legal2020-automatic-induction-of-named-entity-classes-from-legal-text-corpora.pdf,,,,,,,,,Google Scholar; OpenAlex,2010
83LX3pFwXQZ3V9uMbiY/LHTK3,automatic label placement for technical drawings|2020,automatic label placement for technical drawings,2020,V Lehtinen,,2020,https://www.utupub.fi/server/api/core/bitstreams/52756b9b-8f57-475b-9022-9051a50d8db8/content,,,,,,,,,Google Scholar; OpenAlex,2005
83LX3pFwXQZ3V9uMbiY/MdHf2,automatic representation of geographical data from a semantic point of view through a new ontology and classification techniques|2011,automatic representation of geographical data from a semantic point of view through a new ontology and classification techniques,2011,"RL Fonseca, EG Llano - Transactions in GIS, 2011",,Wiley Online Library,https://onlinelibrary.wiley.com/doi/abs/10.1111/j.1467-9671.2010.01242.x,,,,,,,,,Google Scholar; OpenAlex,2004
83LX3pFwXQZ3V9uMbiY/MdHf2,automatic representation of semantic abstraction of geographical data by means of classification|2010,automatic representation of semantic abstraction of geographical data by means of classification,2010,"RL Fonseca, E Garea Llano - Iberoamerican Congress on Pattern …, 2010",,Springer,https://link.springer.com/chapter/10.1007/978-3-642-16687-7_73,,,,,,,,,Google Scholar; OpenAlex,2004
83LX3pFwXQZ4BFjAq/mxUyb,automatic road extraction in rural areas based on the radon transform using digital images|2010,automatic road extraction in rural areas based on the radon transform using digital images,2010,"CR Silva, JA Silva Centeno… - Canadian Journal of …, 2010",,Taylor & Francis,https://www.tandfonline.com/doi/abs/10.5589/m11-006,,,,,,,,,Google Scholar; OpenAlex,2000
83LX3pFwXQZ3V9uMbiY/Mc9P7,automatic routine tuning to represent landform attributes on multicore and multi gpu systems|2014,automatic routine tuning to represent landform attributes on multicore and multi gpu systems,2014,"M Boratto, P Alonso, D Gimenéz, M Barreto - The Journal of …, 2014",,Springer,https://link.springer.com/article/10.1007/s11227-014-1191-0,,,,,,,,,Google Scholar; OpenAlex,2004
8JMKD3MGP8W/3D62CSE,automatic stratification of priority areas for dengue control using the qgis model builder in multicriteria analysis|2020,automatic stratification of priority areas for dengue control using the qgis model builder in multicriteria analysis,2020,"EF Paiva Júnior, TS Vaz, M Rosa… - … e Serviços de Saúde, 2020",,SciELO Public Health,https://www.scielosp.org/article/ress/2020.v29n2/e2019028/en/,,,,,,,,,Google Scholar; OpenAlex,2012
83LX3pFwXQZ3V9uMbiY/NiaRQ,automatic synthesis of best practices for energy consumptions|2016,automatic synthesis of best practices for energy consumptions,2016,"M Cristani, F Olivieri… - 2016 10th International …, 2016",,ieeexplore.ieee.org,https://ieeexplore.ieee.org/abstract/document/7794456/,,,,,,,,,Google Scholar; OpenAlex,2006
8JMKD3MGP8W/3HHGDJL,automatically geo referencing tabular descriptions of historic routes|2017,automatically geo referencing tabular descriptions of historic routes,2017,RPD Santos,,2017,https://scholar.tecnico.ulisboa.pt/api/records/pYxhSHgQNia8N1PNTMJ4QCWY6uV14ES7UFnV/file/8f13bc5379b77c0c9a0896e4372412a7d1e885718c1b0736863ca6fd0f9d0bba.pdf,,,,,,,,,Google Scholar; OpenAlex,2007
8JMKD3MGP8W/3GQ6TMP,automato celular e suas aplicacoes no meio ambiente|2011,automato celular e suas aplicacoes no meio ambiente,2011,RR Bastos,,2011,,,,,,,,,,Google Scholar; OpenAlex,2001
8JMKD3MGP8W/3GQ6TMP,automatos celulares em biofisica|2013,automatos celulares em biofisica,2013,KC Iarosz,,2013,https://ri.uepg.br/items/cf7b69b1-dfa2-48cd-beb3-0244d904ec88,,,,,,,,,Google Scholar; OpenAlex,2001
8JMKD3MGP8W/3GQ6TMP,automatos celulares revisao bibliografica e exemplos de implementacoes|2008,automatos celulares revisao bibliografica e exemplos de implementacoes,2008,"L Gremonini, E Vicentini - Revista Eletrônica Lato Sensu …, 2008",,researchgate.net,https://www.researchgate.net/profile/Eduardo-Vicentini/publication/256325832_Automatos_celulares_revisao_bibliografica_e_exemplos_de_implementacoes/links/66954ef302e9686cd103f82d/Automatos-celulares-revisao-bibliografica-e-exemplos-de-implementacoes.pdf,,,,,,,,,Google Scholar; OpenAlex,2001
8JMKD3MGPDW34P/3Q5DQHL,availability assessment of weather measurement stations|2019,availability assessment of weather measurement stations,2019,"D Bezerra, J Junior, G Gonçalves… - … de Computação Aplicada …, 2019",,sol.sbc.org.br,https://sol.sbc.org.br/index.php/wcama/article/view/6414,,,,,,,,,Google Scholar; OpenAlex,2017
8JMKD3MGPDW34P/3Q5E2J8,available on line at directory of open access journals|2019,available on line at directory of open access journals,2019,"FS Valley - Journal of Hyperspectral Remote Sensing v, 2019",,academia.edu,https://www.academia.edu/download/84079864/33970.pdf,,,,,,,,,Google Scholar; OpenAlex,2017
83LX3pFwXQZ3V9uMbiY/LHTbc,avaliacao da implantacao de gestao nas unidades de conservacao no municipio do rio de janeiro|2024,avaliacao da implantacao de gestao nas unidades de conservacao no municipio do rio de janeiro,2024,VF Fernandes,,2024,https://www.bdtd.uerj.br:8443/handle/1/23305,,,,,,,,,Google Scholar; OpenAlex,2005
8JMKD3MGP8W/3FCBRJS,avaliacao da qualidade de dados ambientais por meio de tecnicas de analitica visual|2016,avaliacao da qualidade de dados ambientais por meio de tecnicas de analitica visual,2016,"AFC Carmo, MH Shimabukuro… - Boletim de Ciências …, 2016",,SciELO Brasil,https://www.scielo.br/j/bcg/a/wzscD9Bv6NJksTG3JrJ57PH/?lang=pt,,,,,,,,,Google Scholar; OpenAlex,2013
8JMKD3MGP3W34P/42GRRJ2,avaliacao da vibracao das pregas vocais e inteligibilidade de fala sob a influencia de diferentes caracteristicas acusticas de salas de aula|2015,avaliacao da vibracao das pregas vocais e inteligibilidade de fala sob a influencia de diferentes caracteristicas acusticas de salas de aula,2015,ATV Rabelo,,2015,https://repositorio.ufmg.br/items/26c52714-225f-4749-826d-0c6d4ae5c5fe,,,,,,,,,Google Scholar; OpenAlex,2014
8JMKD3MGPDW34P/3KQ6N2L,avaliacao de dimensoes de qualidade de dados para o agronegocio|2021,avaliacao de dimensoes de qualidade de dados para o agronegocio,2021,"CS Junior, CF Dorneles - Simpósio Brasileiro de Banco de Dados …, 2021",,sol.sbc.org.br,https://sol.sbc.org.br/index.php/sbbd/article/view/17886,,,,,,,,,Google Scholar; OpenAlex,2012
8JMKD3MGP3W34R/42GRPC2,avaliacao de um sistema para gestao do conhecimento de uma empresa de desenvolvimento de software|2017,avaliacao de um sistema para gestao do conhecimento de uma empresa de desenvolvimento de software,2017,"J Batista, E Guerra, F Corrêa… - Simpósio Brasileiro de …, 2017",,sol.sbc.org.br,https://sol.sbc.org.br/index.php/sbsi/article/view/6082,,,,,,,,,Google Scholar; OpenAlex,2015
8JMKD3MGP8W/3D62CSE,avaliacao do dado sobre endereco no sistema de informacao de agravos de notificacao utilizando georreferenciamento em nivel local de casos de tuberculose por|2014,avaliacao do dado sobre endereco no sistema de informacao de agravos de notificacao utilizando georreferenciamento em nivel local de casos de tuberculose por,2014,"MAFM Magalhães, VP Matos… - Cadernos Saúde …, 2014",,SciELO Brasil,https://www.scielo.br/j/cadsc/a/VXW6kGbH8JWMV3pTKXw9V9m/?lang=pt,,,,,,,,,Google Scholar; OpenAlex,2012
8JMKD3MGPDW34R/3UFEAMH,avaliacao dos indices biofisicos de vegetacao derivados de dados sentinel 2 como bioindicadores do potencial produtivo dos cultivares de cana de acucar|2024,avaliacao dos indices biofisicos de vegetacao derivados de dados sentinel 2 como bioindicadores do potencial produtivo dos cultivares de cana de acucar,2024,"JN Soares Filho - Revista Brasileira de Sensoriamento Remoto, 2024",,rbsr.com.br,https://www.rbsr.com.br/index.php/RBSR/article/view/97,,,,,,,,,Google Scholar; OpenAlex,2019
8JMKD3MGPDW34P/3KR52SE,avaliacao dos novos metodos de qualidade de vgi da plataforma clickonmap|2019,avaliacao dos novos metodos de qualidade de vgi da plataforma clickonmap,2019,"JHS Câmara, J Lisboa-Filho, RO Pereira… - Revista Ibérica de …, 2019",,scielo.pt,https://scielo.pt/pdf/rist/n35/n35a05.pdf,,,,,,,,,Google Scholar; OpenAlex,2013
83LX3pFwXQZeBBx/oS8KP,avaliando sinais em interfaces para sistemas de informacao geografica|2001,avaliando sinais em interfaces para sistemas de informacao geografica,2001,"J Schimiguel, MCC Baranauskas - Campinas: UNICAMP, 2001",,ic.unicamp.br,https://www.ic.unicamp.br/~cmbm/geoinfo/papers/137juliano.pdf,,,,,,,,,Google Scholar; OpenAlex,1999
83LX3pFwXQZ3V9uMbiY/Nib6T,b 12 sistemas de informacion geografica|2002,b 12 sistemas de informacion geografica,2002,"AF Casas - Maestría en Ingeniería Área Ingeniería Telemática, 2002",,,,,,,,,,,,Google Scholar; OpenAlex,2006
83LX3pFwXQZ3V9uMbiY/LHTbc,banco de dados geograficos para apoio as atividades do projeto aguas de areias em areas de aluviao no alto capibaribe agreste pernambucano|2025,banco de dados geograficos para apoio as atividades do projeto aguas de areias em areas de aluviao no alto capibaribe agreste pernambucano,2025,"J Gonçalves, I Oliveira, IBR Barbosa… - CIENTEC-Revista de …, 2025",,revistas.ifpe.edu.br,https://revistas.ifpe.edu.br/cientec/article/view/100,,,,,,,,,Google Scholar; OpenAlex,2005
8JMKD3MGP8W/3GQ6TCS,banco de dados geograficos|2005,banco de dados geograficos,2005,"GR QUEIROZ, KR Ferreira - São José dos, 2005",,,,,,,,,,,,Google Scholar; OpenAlex,2001
8JMKD3MGPDW34P/3KLNKR2,bancos de dados geograficos e sistemas nosql onde estamos e para onde vamos|2013,bancos de dados geograficos e sistemas nosql onde estamos e para onde vamos,2013,"GR de Queiroz, AMV Monteiro, G Câmara - Revista Brasileira de …, 2013",,seer.ufu.br,https://seer.ufu.br/index.php/revistabrasileiracartografia/article/download/44800/23811,,,,,,,,,Google Scholar; OpenAlex,2011
8JMKD3MGP3W34P/42GRRDH,bayesian network model to predict areas for sugarcane expansion in brazilian cerrado|2016,bayesian network model to predict areas for sugarcane expansion in brazilian cerrado,2016,"ACO Silva, LMG Fonseca, TS Körting - GEOINFO, 2016",,pdfs.semanticscholar.org,https://pdfs.semanticscholar.org/1aa1/e694c0895318fb996105bb83f8b35446b0e1.pdf,,,,,,,,,Google Scholar; OpenAlex,2014
83LX3pFwXQZ3V9uMbiY/MekwA,bewegter planungsprozess gemeinsames erleben fuhrt zu einer gemeinsam vereinbarten wirklichkeit im planungsprozess|2006,bewegter planungsprozess gemeinsames erleben fuhrt zu einer gemeinsam vereinbarten wirklichkeit im planungsprozess,2006,C Rottenbacher,,2006,https://repositum.tuwien.at/handle/20.500.12708/10161,,,,,,,,,Google Scholar; OpenAlex,2004
83LX3pFwXQZ3V9uMbiY/MekwA,bewegter planungsprozess|2006,bewegter planungsprozess,2006,C Rottenbacher,,2006,https://repositum.tuwien.at/handle/20.500.12708/22207,,,,,,,,,Google Scholar; OpenAlex,2004
83LX3pFwXQZeBBx/oS63E,beyond location based the spatially aware mobile phone|2006,beyond location based the spatially aware mobile phone,2006,"R Simon, P Fröhlich, H Anegg - International Symposium on Web and …, 2006",,Springer,https://link.springer.com/chapter/10.1007/11935148_2,,,,,,,,,Google Scholar; OpenAlex,1999
83LX3pFwXQZ3V9uMbiY/Mc4v6,beyond spatial reasoning challenges for ecological problem solving|2020,beyond spatial reasoning challenges for ecological problem solving,2020,"C Freksa - Journal of Spatial Information …, 2020",,digitalcommons.library.umaine.edu,https://digitalcommons.library.umaine.edu/josis/vol2020/iss20/6/,,,,,,,,,Google Scholar; OpenAlex,2004
8JMKD2USPTW34P/4DK73E2,beyond the reporting of disturbed areas the use of deter to analyze the spatiotemporal patterns of forest degradation in the amazon|2026,beyond the reporting of disturbed areas the use of deter to analyze the spatiotemporal patterns of forest degradation in the amazon,2026,"W Leal Filho, FC Alves, MS Reis, VL Camilotti… - Geoscience Letters, 2026",,Springer,https://link.springer.com/article/10.1186/s40562-025-00448-9,,,,,,,,,Google Scholar,2025
83LX3pFwXQZ3V9uMbiY/MimPC,beyond usual geographical scales of analysis implications for healthcare management and urban planning|2023,beyond usual geographical scales of analysis implications for healthcare management and urban planning,2023,"L Morais, A Lopes, J Rocha, PJ Nogueira - Portuguese Journal of …, 2023",,karger.com,https://karger.com/pjp/article-abstract/40/3/140/832250,,,,,,,,,Google Scholar; OpenAlex,2003
83LX3pFwXQZ4BFjAq/mEp4v,biblioteca digital geografica distribuida uma arquitetura para desenvolvimento|2007,biblioteca digital geografica distribuida uma arquitetura para desenvolvimento,2007,"MS Silva, SABG Vidotti - Informação & Informação, 2007",,ojs.uel.br,https://ojs.uel.br/revistas/uel/index.php/informacao/article/view/1768,,,,,,,,,Google Scholar; OpenAlex,2000
8JMKD3MGP3W34P/3N2U9JL,big earth observation time series analysis for monitoring brazilian agriculture|2018,big earth observation time series analysis for monitoring brazilian agriculture,2018,"MCA Picoli, G Camara, I Sanches, R Simões… - ISPRS journal of …, 2018",,Elsevier,https://www.sciencedirect.com/science/article/pii/S0924271618302260,,,,,,,,,Google Scholar; OpenAlex,2016
8JMKD3MGP3W34P/3N2UAT8,big maritime data management|2020,big maritime data management,2020,"H Herodotou, S Aslam, H Holm, S Theodossiou - Maritime Informatics, 2020",,Springer,https://link.springer.com/chapter/10.1007/978-3-030-50892-0_19,,,,,,,,,Google Scholar; OpenAlex,2016
8JMKD3MGP8W/3FCF4GH,big trajectory data mining a survey of methods applications and services|2020,big trajectory data mining a survey of methods applications and services,2020,"D Wang, T Miwa, T Morikawa - Sensors, 2020",,mdpi.com,https://www.mdpi.com/1424-8220/20/16/4571,,,,,,,,,Google Scholar; OpenAlex,2013
83LX3pFwXQZ3V9uMbiY/LHUxR,bim integration with geospatial information within the urban built environment|2010,bim integration with geospatial information within the urban built environment,2010,"H Wang, A Hamilton - Handbook of Research on Building Information …, 2010",,igi-global.com,https://www.igi-global.com/chapter/bim-integration-geospatial-information-within/39481,,,,,,,,,Google Scholar; OpenAlex,2005
8JMKD3MGP8W/3HHGDJL,boosting toponym interlinking by paying attention to both machine and deep learning|2020,boosting toponym interlinking by paying attention to both machine and deep learning,2020,"K Alexis, V Kaffes, G Giannopoulos - Proceedings of the Sixth …, 2020",,dl.acm.org,https://dl.acm.org/doi/abs/10.1145/3403896.3403970,,,,,,,,,Google Scholar; OpenAlex,2007
83LX3pFwXQZ3V9uMbiY/Nib3w,brazilian institute for web science research|2009,brazilian institute for web science research,2009,"N Maculan, CJP de Lucena",,2009,ftp://139.82.16.194/pub/docs/techreports/08_46_maculan.pdf,,,,,,,,,Google Scholar; OpenAlex,2006
83LX3pFwXQZeBBx/oS8KP,bridging the gap between geohydrologic data and distributed hydrologic modeling|2008,bridging the gap between geohydrologic data and distributed hydrologic modeling,2008,"G Bhatt, M Kumar, CJ Duffy",,2008,https://scholarsarchive.byu.edu/iemssconference/2008/all/25/,,,,,,,,,Google Scholar; OpenAlex,1999
8JMKD3MGP3W34P/42H35D2,bridging the semantic gap in agriculture early warning|2015,bridging the semantic gap in agriculture early warning,2015,"F Andres, A Guitton, JL Cardoso Jr… - Proceedings of the 7th …, 2015",,dl.acm.org,https://dl.acm.org/doi/abs/10.1145/2857218.2857273,,,,,,,,,Google Scholar; OpenAlex,2014
8JMKD3MGP8W/3HHLNKL,building geospatial ontologies from geographic database schemas in peer data management systems|2011,building geospatial ontologies from geographic database schemas in peer data management systems,2011,"D Lima, A Mendonça, AC Salgado, D Souza - GeoInfo, 2011",,mtc-m16c.sid.inpe.br,http://mtc-m16c.sid.inpe.br/col/sid.inpe.br/mtc-m16c/2015/11.26.17.28/doc/proceedings_geoinfo2011.8-19.pdf,,,,,,,,,Google Scholar; OpenAlex,2007
83LX3pFwXQZ3V9uMbiY/NiaHU,building geospatial ontologies from geographical databases|2007,building geospatial ontologies from geographical databases,2007,"M Baglioni, MV Masserotti, C Renso… - … Conference on GeoSpatial …, 2007",,Springer,https://link.springer.com/chapter/10.1007/978-3-540-76876-0_13,,,,,,,,,Google Scholar; OpenAlex,2006
8JMKD3MGPDW34P/487MCAE,burned area mapping in different data products for the southwest of the brazilian amazon|2023,burned area mapping in different data products for the southwest of the brazilian amazon,2023,"DJ Dutra, PM Fearnside, AM Yanai, P Graça… - Rev. Bras …, 2023",,plutao.sid.inpe.br,http://plutao.sid.inpe.br/attachment.cgi/sid.inpe.br/plutao/2023/12.11.15.47.56/doc/68393.pdf,,,,,,,,,Google Scholar,2022
8JMKD3MGP3W34P/42H363P,bus network analysis and monitoring|2017,bus network analysis and monitoring,2017,"KR Llanes - PUC-Rio, 2017",,dbd.puc-rio.br,http://www2.dbd.puc-rio.br/pergamum/tesesabertas/1313518_2017_completo.pdf,,,,,,,,,Google Scholar; OpenAlex,2014
8JMKD3MGP8W/3D62AT5,busao um sistema de informacoes movel para auxilio a mobilidade urbana atraves do uso de transporte coletivo|2013,busao um sistema de informacoes movel para auxilio a mobilidade urbana atraves do uso de transporte coletivo,2013,"D Leite, JH Rocha, C Baptista - Simpósio Brasileiro de Sistemas de …, 2013",,sol.sbc.org.br,https://sol.sbc.org.br/index.php/sbsi/article/view/5685,,,,,,,,,Google Scholar; OpenAlex,2012
8JMKD3MGPDW34P/3NDC8C8,business activity clustering a use case in curitiba|2018,business activity clustering a use case in curitiba,2018,"Y Bichibichi, NP Kozievitch, RD da Silva… - LADaS …, 2018",,researchgate.net,https://www.researchgate.net/profile/Nadia-Kozievitch/publication/327253310_Business_Activity_Clustering_A_Use_Case_in_Curitiba/links/5ba14886a6fdccd3cb61efa9/Business-Activity-Clustering-A-Use-Case-in-Curitiba.pdf,,,,,,,,,Google Scholar; OpenAlex,2016
8JMKD3MGP8W/3D62CSE,buskaki empresas ferramenta para busca de dados abertos de empresas curitibanas|2021,buskaki empresas ferramenta para busca de dados abertos de empresas curitibanas,2021,ES Barreto Junior,,2021,https://repositoriocopia.utfpr.edu.br/jspui/handle/1/28908,,,,,,,,,Google Scholar; OpenAlex,2012
8JMKD3MGP3W34P/42H363P,busy sistema de visualizacion y analisis espacial de datos geo referenciados de transporte publico|2024,busy sistema de visualizacion y analisis espacial de datos geo referenciados de transporte publico,2024,JI Carreño Herrera,,2024,,,,,,,,,,Google Scholar; OpenAlex,2014
8JMKD3MGPDW34P/3NDC42E,calcul de similarite semantique entre trajectoires|2019,calcul de similarite semantique entre trajectoires,2019,"C Moreau, T Devogele… - Revue Internationale de …, 2019",,search.proquest.com,https://search.proquest.com/openview/f6aa9877146d7e26ef5dda4f0a0c5a54/1?pq-origsite=gscholar&cbl=2069449,,,,,,,,,Google Scholar; OpenAlex,2016
8JMKD3MGPDW34P/3SG4E4P,calibracao relativa para extensao de assinaturas em serie de imagens modis|2019,calibracao relativa para extensao de assinaturas em serie de imagens modis,2019,"NAP Moreira, TS Körting, LV Dutra, EF Castejon… - GEOINFO, 2019",,mtc-m21c.sid.inpe.br,http://mtc-m21c.sid.inpe.br/attachment.cgi/sid.inpe.br/mtc-m21c/2019/12.10.14.01/doc/proceedings_2019_compressed.pdf#page=243,,,,,,,,,Google Scholar; OpenAlex,2018
8JMKD3MGP3W34P/42H35Q5,captive balloon image object detection system using deep learning|2020,captive balloon image object detection system using deep learning,2020,"VMG Velame, LSA Bins… - Journal of Applied Remote …, 2020",,spiedigitallibrary.org,https://www.spiedigitallibrary.org/journals/journal-of-applied-remote-sensing/volume-14/issue-3/036517/Captive-balloon-image-object-detection-system-using-deep-learning/10.1117/1.JRS.14.036517.short,,,,,,,,,Google Scholar; OpenAlex,2014
83LX3pFwXQZ3V9uMbiY/LHU82,caracteristicas socioeconomicas e ambientais dos casos de dengue na zona urbana de manaus|2013,caracteristicas socioeconomicas e ambientais dos casos de dengue na zona urbana de manaus,2013,MR Araújo,,2013,https://tede.ufam.edu.br/handle/tede/3400,,,,,,,,,Google Scholar; OpenAlex,2005
8JMKD3MGPDW34P/3Q5DN2P,caracterizacao do entorno de barragens de rejeito em minas gerais usando dados geograficos|2019,caracterizacao do entorno de barragens de rejeito em minas gerais usando dados geograficos,2019,"LA Nicolau, CA Davis Jr - GEOINFO, 2019",,mtc-m16d.sid.inpe.br,http://mtc-m16d.sid.inpe.br/col/sid.inpe.br/mtc-m16d/2019/11.27.18.22/doc/206-211.pdf,,,,,,,,,Google Scholar; OpenAlex,2017
83LX3pFwXQZ3V9uMbiY/LHU82,cartografia do crime homicidios contra adolescentes na periferia de belem pa|2024,cartografia do crime homicidios contra adolescentes na periferia de belem pa,2024,"MP Baccino, SV Costa, NV dos Santos - Novos Cadernos NAEA, 2024",,periodicos.ufpa.br,https://periodicos.ufpa.br/index.php/ncn/article/view/12939,,,,,,,,,Google Scholar; OpenAlex,2005
83LX3pFwXQZeBBx/oS8KP,cartografia e sistemas de informacao geografica como sistemas semioticos uma analise comparativa|1999,cartografia e sistemas de informacao geografica como sistemas semioticos uma analise comparativa,1999,"AB Prado, MCC Baranauskas… - Campinas: Instituto de …, 1999",,cartografia.ime.eb.br,http://www.cartografia.ime.eb.br/artigos/leitura1.pdf,,,,,,,,,Google Scholar; OpenAlex,1999
83LX3pFwXQZ3V9uMbiY/MioRd,cartographie decisionnelle multicritere formalisation et implementation informatique|2006,cartographie decisionnelle multicritere formalisation et implementation informatique,2006,S Chakhar,,2006,https://theses.hal.science/tel-00143960/document,,,,,,,,,Google Scholar; OpenAlex,2003
83LX3pFwXQZeBBx/oS8KP,cartography and geographic information systems as semiotic systems a comparative analysis|2000,cartography and geographic information systems as semiotic systems a comparative analysis,2000,"AB Prado, MCC Baranauskas… - Proceedings of the 8th …, 2000",,dl.acm.org,https://dl.acm.org/doi/abs/10.1145/355274.355298,,,,,,,,,Google Scholar; OpenAlex,1999
83LX3pFwXQZ3V9uMbiY/Smzyj,case based reasoning for eliciting the evolution of geospatial objects|2009,case based reasoning for eliciting the evolution of geospatial objects,2009,"JS Mota, G Câmara, MIS Escada, O Bittencourt… - … Conference on Spatial …, 2009",,Springer,https://link.springer.com/chapter/10.1007/978-3-642-03832-7_25,,,,,,,,,Google Scholar; OpenAlex,2007
8JMKD3MGPDW34P/3Q5DSME,casuistry of xenarthrans treated at the veterinary hospital of the federal university of para brazilian amazon|2023,casuistry of xenarthrans treated at the veterinary hospital of the federal university of para brazilian amazon,2023,"DVC Almeida, PC Magalhães-Matos… - Pesquisa Veterinária …, 2023",,SciELO Brasil,https://www.scielo.br/j/pvb/a/jsjBPG3NkxrYpqYMbKL5xcr/?lang=en,,,,,,,,,Google Scholar; OpenAlex,2017
8JMKD3MGP8W/3HHGCGP,categorization of knowledge graph based recommendation methods and benchmark datasets from the perspectives of application scenarios a comprehensive|2022,categorization of knowledge graph based recommendation methods and benchmark datasets from the perspectives of application scenarios a comprehensive,2022,"N Khan, Z Ma, A Ullah, K Polat - Expert Systems with Applications, 2022",,Elsevier,https://www.sciencedirect.com/science/article/pii/S0957417422010181,,,,,,,,,Google Scholar; OpenAlex,2007
8JMKD3MGPDW34P/3KP2SDL,causal analysis and mapping of urban traffic congestion using geosocial analytics|2025,causal analysis and mapping of urban traffic congestion using geosocial analytics,2025,"Z Shahzad, R Arshad, S Ali - 2025 IEEE DELCON-International …, 2025",,ieeexplore.ieee.org,https://ieeexplore.ieee.org/abstract/document/11400260/,,,,,,,,,Google Scholar; OpenAlex,2015
8JMKD3MGPDW34P/4ADCP7P,centralidade e distribuicao espacial do comercio varejista em porto alegre rs|2021,centralidade e distribuicao espacial do comercio varejista em porto alegre rs,2021,"JL Souza, C Maraschin - Projectare, 2021",,revistas.ufpel.edu.br,https://revistas.ufpel.edu.br/index.php/Projectare/article/view/21581,,,,,,,,,Google Scholar,2023
8JMKD3MGPDW34P/3NDDJ25,challenges in crowdsourcing geospatial data to replace or enhance official sources|2018,challenges in crowdsourcing geospatial data to replace or enhance official sources,2018,"CA Davis - DisegnareCon, 2018",,disegnarecon.univaq.it,https://disegnarecon.univaq.it/index.php/disegnarecon/article/view/367,,,,,,,,,Google Scholar; OpenAlex,2016
8JMKD3MGP3W34P/3N2U9JL,challenges in using earth observation eo data to support environmental management in brazil|2020,challenges in using earth observation eo data to support environmental management in brazil,2020,"M Cerbaro, S Morse, R Murphy, J Lynch, G Griffiths - Sustainability, 2020",,mdpi.com,https://www.mdpi.com/2071-1050/12/24/10411,,,,,,,,,Google Scholar; OpenAlex,2016
83LX3pFwXQZ4BFjAq/mGafE,change allocation in spatially explicit models for aedes aegypti population dynamics|2010,change allocation in spatially explicit models for aedes aegypti population dynamics,2010,"R Lana, TGS Carneiro, NA Honório… - XI Brazilian …, 2010",,mtc-m16c.sid.inpe.br,http://mtc-m16c.sid.inpe.br/attachment.cgi/sid.inpe.br/mtc-m16c/2015/11.16.17.29/doc/proceedings_geoinfo2010.76_86.pdf,,,,,,,,,Google Scholar; OpenAlex,2000
8JMKD3MGPDW34P/3NDC4BB,characteristics analysis of moving conversations to detect events on twitter|2022,characteristics analysis of moving conversations to detect events on twitter,2022,"H Senaratne, D Lehle, T Schreck - 2022 IEEE/ACM …, 2022",,ieeexplore.ieee.org,https://ieeexplore.ieee.org/document/10068690/,,,,,,,,,Google Scholar; OpenAlex,2016
83LX3pFwXQZ3V9uMbiY/MhU9d,characterization of lead leaching in drinking water distribution systems relative to water age and water quality parameters|2007,characterization of lead leaching in drinking water distribution systems relative to water age and water quality parameters,2007,ZMM Wang,,2007,https://repository.lib.ncsu.edu/items/1f3a5f6a-82e1-4dd0-9264-bd98954a4ef1,,,,,,,,,Google Scholar; OpenAlex,2003
83LX3pFwXQZ3V9uMbiY/Nia6G,checking the topological consistency of maps of different scales|2016,checking the topological consistency of maps of different scales,2016,"DE Andrianov, SV Eremeev, KV Kuptsov - … Proceedings of the Fifth …, 2016",,ceur-ws.org,https://ceur-ws.org/Vol-1710/paper13.pdf,,,,,,,,,Google Scholar; OpenAlex,2006
83LX3pFwXQZ3V9uMbiY/LHUxR,cidadao como um sensor humano voluntario em uma sociedade habilitada espacialmente um estudo de caso com informacao geografica voluntaria na area de|2013,cidadao como um sensor humano voluntario em uma sociedade habilitada espacialmente um estudo de caso com informacao geografica voluntaria na area de,2013,JN Vidal Filho,,2013,https://bdtd.ibict.br/vufind/Record/UFV_456b63d5598c2576ff0ee072758eb21d,,,,,,,,,Google Scholar; OpenAlex,2005
83LX3pFwXQZ3V9uMbiY/MdHR7,ciencia da computacao|2016,ciencia da computacao,2016,PP de Curso,,2016,https://prod.ufcat.edu.br:1337/uploads/PPC_Computacao_RC_8dcdf3aa24.pdf,,,,,,,,,Google Scholar; OpenAlex,2004
83LX3pFwXQZ4BFjAq/mEp4v,city induction a model for formulating generating and evaluating urban designs|2012,city induction a model for formulating generating and evaluating urban designs,2012,"JP Duarte, JN Beirão, N Montenegro, J Gil - Digital urban modeling and …, 2012",,Springer,https://link.springer.com/content/pdf/10.1007/978-3-642-29758-8_5?pdf\x3dchapter%20toc,,,,,,,,,Google Scholar; OpenAlex,2000
8JMKD3MGPDW34P/3Q5DT7P,city maker reconstruction of cities from openstreetmap data for environmental visualization and simulations|2019,city maker reconstruction of cities from openstreetmap data for environmental visualization and simulations,2019,"IA Hadimlioglu, SA King - ISPRS International Journal of Geo-Information, 2019",,mdpi.com,https://www.mdpi.com/2220-9964/8/7/298,,,,,,,,,Google Scholar; OpenAlex,2017
8JMKD3MGP8W/3GQ75L5,citygml a bridge between gis and urban planning|2008,citygml a bridge between gis and urban planning,2008,"Y Zhu, T Shen, S Zhao - … 2008 and Joint Conference on GIS …, 2008",,spiedigitallibrary.org,https://www.spiedigitallibrary.org/conference-proceedings-of-spie/7143/1/CityGML-a-bridge-between-GIS-and-urban-planning/10.1117/12.812535.short,,,,,,,,,Google Scholar; OpenAlex,2001
8JMKD3MGPDW34P/3Q5DPJ2,cl raster uma nova abordagem para compactacao e processamento de series de dados raster|2024,cl raster uma nova abordagem para compactacao e processamento de series de dados raster,2024,"LP dos Reis, DS Kaster - Simpósio Brasileiro de Banco de Dados …, 2024",,sol.sbc.org.br,https://sol.sbc.org.br/index.php/sbbd/article/view/30688,,,,,,,,,Google Scholar; OpenAlex,2017
8JMKD3MGPDW34P/3Q5DSEP,classificacao de areas queimadas por machine learning usando dados de sensoriamento remoto|2019,classificacao de areas queimadas por machine learning usando dados de sensoriamento remoto,2019,"CA dos Santos Júnior, OO Bittencourt, F Morelli…",,2019,https://dataserver-coids.inpe.br/queimadas/queimadas/Publicacoes-Impacto/documentos/2019_SantosJr_etal_MachineLearning_XIXSBSR.pdf,,,,,,,,,Google Scholar; OpenAlex,2017
8JMKD3MGPDW34P/3Q5DQSH,classificando estratos vegetais de uma area do bioma caatinga com imagens de vants|2024,classificando estratos vegetais de uma area do bioma caatinga com imagens de vants,2024,"VJFS Santana, HJS Júnior, FCL Véras… - Revista de Sistemas …, 2024",,revistas.unifacs.br,https://revistas.unifacs.br/index.php/rsc/article/view/8732,,,,,,,,,Google Scholar; OpenAlex,2017
8JMKD3MGPDW34P/3Q5DQSH,classificando extratos vegetativos de uma area do bioma caatinga com imagens de vants|2023,classificando extratos vegetativos de uma area do bioma caatinga com imagens de vants,2023,"HJ da Silva Júnior, FCL Véras… - Encontro Unificado de …, 2023",,sol.sbc.org.br,https://sol.sbc.org.br/index.php/enucompi/article/view/26613,,,,,,,,,Google Scholar; OpenAlex,2017
8JMKD3MGP8W/3B25HBP,classification contextuelle de gros volumes de donnees d imagerie satellitaire pour la production de cartes d occupation des sols sur de grandes etendues|2019,classification contextuelle de gros volumes de donnees d imagerie satellitaire pour la production de cartes d occupation des sols sur de grandes etendues,2019,D Derksen,,2019,https://www.researchgate.net/profile/Dawa-Derksen/publication/348363708_Contextual_classification_of_large_volumes_of_satellite_imagery_for_the_production_of_land_cover_maps_over_wide_areas/links/67eaa508e8041142a156984c/Contextual-classification-of-large-volumes-of-satellite-imagery-for-the-production-of-land-cover-maps-over-wide-areas.pdf,,,,,,,,,Google Scholar; OpenAlex,2011
8JMKD3MGPDW34R/3UFDE98,classification of landscape affected by deforestation using high resolution remote sensing data and deep learning techniques|2020,classification of landscape affected by deforestation using high resolution remote sensing data and deep learning techniques,2020,"SH Lee, KJ Han, K Lee, KJ Lee, KY Oh, MJ Lee - Remote Sensing, 2020",,mdpi.com,https://www.mdpi.com/2072-4292/12/20/3372,,,,,,,,,Google Scholar; OpenAlex,2019
8JMKD3MGPDW34P/3KR52SE,clickonmap a framework to develop volunteered geographic information systems with dynamic metadata|2014,clickonmap a framework to develop volunteered geographic information systems with dynamic metadata,2014,"WD de Souza, J Lisboa-Filho… - … Science and Its …, 2014",,Springer,https://link.springer.com/chapter/10.1007/978-3-319-09129-7_39,,,,,,,,,Google Scholar; OpenAlex,2013
8JMKD3MGP3W34P/42H34US,clickonmap a platform for development of volunteered geographic information systems|2017,clickonmap a platform for development of volunteered geographic information systems,2017,"JHS Câmara, LFM Vegi, RO Pereira… - 2017 12th Iberian …, 2017",,ieeexplore.ieee.org,https://ieeexplore.ieee.org/abstract/document/7975776/,,,,,,,,,Google Scholar; OpenAlex,2014
8JMKD3MGPDW34P/487M7M2,climate resilience beyond borders the role of amazonian protected areas in south america|2026,climate resilience beyond borders the role of amazonian protected areas in south america,2026,"PR Zanin, RBL Cavalcante… - Earth Systems and …, 2026",,Springer,https://link.springer.com/article/10.1007/s41748-026-01204-5,,,,,,,,,Google Scholar,2022
8JMKD3MGPDW34P/3SG4FHP,cliquemed busca por unidades de saude baseada em especialidades medicas|2018,cliquemed busca por unidades de saude baseada em especialidades medicas,2018,"JLSB Cavalcante, MP Sindeaux Neto",,2018,https://repositoriocopia.utfpr.edu.br/jspui/handle/1/9247,,,,,,,,,Google Scholar; OpenAlex,2018
8JMKD3MGP3W34P/3N2U8K2,cloud computing in remote sensing big data remote sensing knowledge discovery and information analysis|2021,cloud computing in remote sensing big data remote sensing knowledge discovery and information analysis,2021,"Y SABRI, F Bahja, A Siham, A Maizate - International Journal of …, 2021",,academia.edu,https://www.academia.edu/download/103099444/Paper_104-Cloud_Computing_in_Remote_Sensing.pdf,,,,,,,,,Google Scholar; OpenAlex,2016
8JMKD3MGP3W34P/3N2U8K2,cloud computing in remote sensing high performance remote sensing data processing in a big data environment|2021,cloud computing in remote sensing high performance remote sensing data processing in a big data environment,2021,"Y Sabri, A Siham - INTERNATIONAL JOURNAL OF COMPUTERS …, 2021",,univagora.ro,https://univagora.ro/jour/index.php/ijccc/article/view/4236,,,,,,,,,Google Scholar; OpenAlex,2016
8JMKD3MGP3W34P/3N2U8K2,cloud computing in remote sensing|2019,cloud computing in remote sensing,2019,"L Wang, J Yan, Y Ma",,2019,https://books.google.com/books?hl=pt-BR&lr=&id=o9ihDwAAQBAJ&oi=fnd&pg=PP12&ots=PcQRz1AfCs&sig=ywtnwvOMut0jyiF9OlhVbD_6fv4,,,,,,,,,Google Scholar; OpenAlex,2016
8JMKD3MGP3W34P/42GRQBL,cluster lifecycle analysis challenges techniques and framework|1901,cluster lifecycle analysis challenges techniques and framework,1901,"I Portugal, P Alencar, D Cowan - arXiv preprint arXiv:1901.02704, 2018",,arxiv.org,https://arxiv.org/abs/1901.02704,,,,,,,,,Google Scholar; OpenAlex,2014
8JMKD3MGPDW34P/3KK5KM2,clustering based transfer detection with fuzzy activity recognition from smart phone gps trajectories|2014,clustering based transfer detection with fuzzy activity recognition from smart phone gps trajectories,2014,"RD Das, N Ronald, S Winter - 17th International IEEE …, 2014",,ieeexplore.ieee.org,https://ieeexplore.ieee.org/abstract/document/6958195/,,,,,,,,,Google Scholar; OpenAlex,2010
8JMKD3MGP8W/3D62DML,clustering of regional hdi data using self organizing maps|2017,clustering of regional hdi data using self organizing maps,2017,"JAF Costa, APV Pinto, JR de Andrade… - 2017 IEEE Latin …, 2017",,ieeexplore.ieee.org,https://ieeexplore.ieee.org/abstract/document/8285699/,,,,,,,,,Google Scholar; OpenAlex,2012
8JMKD3MGP3W34P/42GRQBL,clustering techniques for on demand transport data a case study|2020,clustering techniques for on demand transport data a case study,2020,"C Afonso, A Alves - … 2020: The Ninth International Conference on …, 2020",,personales.upv.es,https://personales.upv.es/thinkmind/dl/conferences/intelli/intelli_2020/intelli_2020_1_30_60025.pdf,,,,,,,,,Google Scholar; OpenAlex,2014
8JMKD3MGP3W34P/42GRQBL,clusterizacao e visualizacao espaco temporal de dados georreferenciados adaptando o algoritmo marker clusterer um caso de uso em curitiba|2016,clusterizacao e visualizacao espaco temporal de dados georreferenciados adaptando o algoritmo marker clusterer um caso de uso em curitiba,2016,JJF Rodriguez Vila,,2016,https://repositoriocopia.utfpr.edu.br/jspui/handle/1/2832,,,,,,,,,Google Scholar; OpenAlex,2014
83LX3pFwXQZ3V9uMbiY/LHU82,clusters espaco temporais de alto risco da mortalidade infantojuvenil em mato grosso brasil|2024,clusters espaco temporais de alto risco da mortalidade infantojuvenil em mato grosso brasil,2024,"MM Lima, SGN Gama, ARM Favacho… - Ciência & Saúde …, 2024",,SciELO Public Health,https://www.scielosp.org/article/csc/2024.v29n5/e08692023/,,,,,,,,,Google Scholar; OpenAlex,2005
8JMKD3MGPDW34P/3KJKHE8,co design of a virtual training tool with emergency management stakeholders for extreme weather response|2018,co design of a virtual training tool with emergency management stakeholders for extreme weather response,2018,"J Radianti, SG Martinez, BE Munkvold… - … conference of design …, 2018",,Springer,https://link.springer.com/chapter/10.1007/978-3-319-91797-9_14,,,,,,,,,Google Scholar; OpenAlex,2008
8JMKD3MGPDW34P/3KJKHE8,co designing a serious game to train emergency medical services|2013,co designing a serious game to train emergency medical services,2013,"N El Mawas, J Cahier - 2013 International Conference on …, 2013",,ieeexplore.ieee.org,https://ieeexplore.ieee.org/abstract/document/6567292/,,,,,,,,,Google Scholar; OpenAlex,2008
83LX3pFwXQZeBBx/oS8KP,cognitive aspects of human gis interaction a literature review|2006,cognitive aspects of human gis interaction a literature review,2006,"B Yu - Interface, 2006",,,,,,,,,,,,Google Scholar; OpenAlex,1999
83LX3pFwXQZ3V9uMbiY/LHU82,coinfeccao tb hiv analise espacial e temporal no municipio de sao paulo|2018,coinfeccao tb hiv analise espacial e temporal no municipio de sao paulo,2018,RF Cavalin,,2018,https://prceu.usp.br/wp-content/uploads/2020/07/Coinfec%C3%A7%C3%A3o-TB-HIV-an%C3%A1lise-espacial-e-temporal-no-munic%C3%ADpio-de-S%C3%A3o-Paulo.pdf,,,,,,,,,Google Scholar; OpenAlex,2005
8JMKD3MGPDW34P/3Q5DU58,coleta e persistencia de informacao geografica voluntaria|2021,coleta e persistencia de informacao geografica voluntaria,2021,"V Souza, E Faggiani - Anais do Computer on the Beach, 2021",,researchgate.net,https://www.researchgate.net/profile/Vanessa-Souza-2/publication/351338842_Coleta_e_Persistencia_de_Informacao_Geografica_Voluntaria/links/6205550a87866404a15d6e63/Coleta-e-Persistencia-de-Informacao-Geografica-Voluntaria.pdf,,,,,,,,,Google Scholar; OpenAlex,2017
8JMKD3MGP8W/3FCF4P8,coleta e selecao de perfis de usuarios de redes sociais para contribuicao voluntaria|2018,coleta e selecao de perfis de usuarios de redes sociais para contribuicao voluntaria,2018,GV Mateveli,,2018,https://repositorio.ufmg.br/items/c5c7d220-9af8-4541-9027-ebba5b4ffad3,,,,,,,,,Google Scholar; OpenAlex,2013
8JMKD3MGPDW34P/43PLD2P,combining fog and cloud computing to support spatial analytics in smart cities|2021,combining fog and cloud computing to support spatial analytics in smart cities,2021,"JP Clarindo, JPC Castro… - Journal of Information …, 2021",,journals-sol.sbc.org.br,https://journals-sol.sbc.org.br/index.php/jidm/article/view/1798,,,,,,,,,Google Scholar; OpenAlex,2020
8JMKD3MGP3W34P/3N2UA78,combining remote sensing and local perspectives uncovers divergent ecosystem service change in the lower omo ethiopia|2026,combining remote sensing and local perspectives uncovers divergent ecosystem service change in the lower omo ethiopia,2026,"HJ Thompson, EJ Tebbs, J Hodbod… - Environmental and …, 2026",,Elsevier,https://www.sciencedirect.com/science/article/pii/S2665972726001741,,,,,,,,,Google Scholar; OpenAlex,2016
8JMKD3MGP8W/3HHGDJL,combining string matching and cost minimization algorithms for automatically geocoding tabular itineraries|2018,combining string matching and cost minimization algorithms for automatically geocoding tabular itineraries,2018,"R Santos, BE Martins, P Murrieta-Flores - DH, 2018",,academia.edu,https://www.academia.edu/download/85670204/summary_report.pdf,,,,,,,,,Google Scholar; OpenAlex,2007
8JMKD3MGP8W/3GTEHF8,command and control a low cost framework to remotely monitor military training|2011,command and control a low cost framework to remotely monitor military training,2011,"D de Vasconcelos Campos… - Proceedings of the 2011 …, 2011",,fiord.com,https://fiord.com/images/embedded_syst/compulab/mms_2011.pdf,,,,,,,,,Google Scholar; OpenAlex,2002
83LX3pFwXQZ4BFjAq/mGafE,common concepts to development of the top down models of land changes|2009,common concepts to development of the top down models of land changes,2009,"SS Costa, AP Aguiar, G Câmara… - Simpósio Brasileiro de …, 2009",,researchgate.net,https://www.researchgate.net/profile/Sergio-Souza-Costa/publication/310571910_Common_Concepts_to_Development_of_the_Top-Down_Models_of_Land_Changes/links/5831969508ae138f1c0779ca/Common-Concepts-to-Development-of-the-Top-Down-Models-of-Land-Changes.pdf,,,,,,,,,Google Scholar; OpenAlex,2000
8JMKD3MGPDW34P/3Q5DLCB,comparacao de modelagens estatisticas para dados sar na classificacao de cobertura da terra um estudo de caso na regiao da amazonia brasileira|2025,comparacao de modelagens estatisticas para dados sar na classificacao de cobertura da terra um estudo de caso na regiao da amazonia brasileira,2025,"VDL Bezerra, MSR Queiroz, SJS Sant'Anna - Rev. Bras. Cartogr, 2025",,researchgate.net,https://www.researchgate.net/profile/Mariane-Reis/publication/398623067_Comparacao_de_Modelagens_Estatisticas_para_Dados_SAR_na_Classificacao_de_Cobertura_da_Terra_um_Estudo_de_Caso_na_Regiao_da_Amazonia_Brasileira/links/693c48c39aa6b4649dc013cc/Comparacao-de-Modelagens-Estatisticas-para-Dados-SAR-na-Classificacao-de-Cobertura-da-Terra-um-Estudo-de-Caso-na-Regiao-da-Amazonia-Brasileira.pdf,,,,,,,,,Google Scholar; OpenAlex,2017
83LX3pFwXQZ4BFjAq/mEoEp,comparacao entre classificadores supervisionados para fins de analise multitemporal do uso e cobertura da terra no entorno do reservatorio da usina|2016,comparacao entre classificadores supervisionados para fins de analise multitemporal do uso e cobertura da terra no entorno do reservatorio da usina,2016,NVA Moura,,2016,,,,,,,,,,Google Scholar; OpenAlex,2000
8JMKD3MGPDW34P/3KJKNEP,comparando predicoes por modelos geoestatistico e aditivo generalizado para reconstituicao de superficies continuas gaussianas|2011,comparando predicoes por modelos geoestatistico e aditivo generalizado para reconstituicao de superficies continuas gaussianas,2011,"WH Bonat, PJR Junior, WM Zeviani - Energia na Agricultura, 2011",,revistas.fca.unesp.br,http://revistas.fca.unesp.br/index.php/energia/article/view/214,,,,,,,,,Google Scholar; OpenAlex,2008
8JMKD3MGPDW34P/3Q5DQ6H,comparative analysis of data driven models and signal processing techniques in the monthly maximum daily precipitation prediction of el kerma station northeast of|2024,comparative analysis of data driven models and signal processing techniques in the monthly maximum daily precipitation prediction of el kerma station northeast of,2024,"OM Katipoğlu, M Keblouti - Soft Computing, 2024",,Springer,https://link.springer.com/article/10.1007/s00500-024-09860-3,,,,,,,,,Google Scholar; OpenAlex,2017
8JMKD3MGP8W/3FCBR3B,comparative analysis of spacecraft self shadowing algorithms|2026,comparative analysis of spacecraft self shadowing algorithms,2026,"PR Zapevalin - Advances in Space Research, 2026",,Elsevier,https://www.sciencedirect.com/science/article/pii/S0273117726002127,,,,,,,,,Google Scholar; OpenAlex,2013
8JMKD3MGP8W/3HHFPFE,comparative analysis of unsupervised and supervised image classification techniques|2011,comparative analysis of unsupervised and supervised image classification techniques,2011,"SG Domadia, T Zaveri - … on Recent Trends in Engineering & …, 2011",,bvmengineering.ac.in,https://www.bvmengineering.ac.in/misc/docs/published-20papers/etel/etel/401043.pdf,,,,,,,,,Google Scholar; OpenAlex,2007
8JMKD3MGPDW34P/3KLNKR2,comparative performance evaluation of relational and nosql databases for spatial and mobile applications|2015,comparative performance evaluation of relational and nosql databases for spatial and mobile applications,2015,"PO Santos, MM Moro, CA Davis Jr - … on Data Management in Cloud, Grid …, 2015",,Springer,https://link.springer.com/chapter/10.1007/978-3-319-22849-5_14,,,,,,,,,Google Scholar; OpenAlex,2011
83LX3pFwXQZeBBx/oS63E,comparing conceptual designs for mobile access to geo spatial information|2006,comparing conceptual designs for mobile access to geo spatial information,2006,"P Fröhlich, R Simon, L Baillie, H Anegg - Proceedings of the 8th …, 2006",,dl.acm.org,https://dl.acm.org/doi/abs/10.1145/1152215.1152238,,,,,,,,,Google Scholar; OpenAlex,1999
8JMKD3MGPDW34P/3Q5DUR8,comparing phenometrics extracted from dense landsat like image time series for crop classification|2019,comparing phenometrics extracted from dense landsat like image time series for crop classification,2019,"H do Nascimento Bendini, LMG Fonseca… - IGARSS 2019-2019 …, 2019",,ieeexplore.ieee.org,https://ieeexplore.ieee.org/abstract/document/8898139/,,,,,,,,,Google Scholar; OpenAlex,2017
8JMKD3MGPDW34P/4ADC83S,comparing the segment anything model with region growing algorithms in the detection of irrigated croplands|2024,comparing the segment anything model with region growing algorithms in the detection of irrigated croplands,2024,"FG Petrone, DT Da Silva, AB Maia, IDA Sanches… - Rev. Bras. Cartogr, 2024",,seer.ufu.br,https://seer.ufu.br/index.php/revistabrasileiracartografia/article/download/72592/39685/350364,,,,,,,,,Google Scholar,2023
8JMKD3MGPDW34P/3NDC29P,comparison of the accuracy of pixel based and object oriented methods in land use classification case study samalghan watershed|2021,comparison of the accuracy of pixel based and object oriented methods in land use classification case study samalghan watershed,2021,"Z Zeraatkar, A Shahidi… - Journal of Natural …, 2021",,jne.ut.ac.ir,https://jne.ut.ac.ir/article_80392_en.html,,,,,,,,,Google Scholar; OpenAlex,2016
83LX3pFwXQZ3V9uMbiY/LHUQQ,composite density maps for multivariate trajectories|2011,composite density maps for multivariate trajectories,2011,"R Scheepens, N Willems… - IEEE transactions on …, 2011",,ieeexplore.ieee.org,https://ieeexplore.ieee.org/abstract/document/6065019/,,,,,,,,,Google Scholar; OpenAlex,2005
83LX3pFwXQZ3V9uMbiY/MioRd,compounded uniqueness level geo location indexing using address parser|2009,compounded uniqueness level geo location indexing using address parser,2009,"MS Jameel, TS Chingtham - International Journal of Computer Theory and …, 2009",,,,,,,,,,,,Google Scholar; OpenAlex,2003
8JMKD3MGPDW34R/3UFDFDB,compreendendo o movimento alem do espaco e tempo analise visual de trajetorias com multiplos aspectos|2026,compreendendo o movimento alem do espaco e tempo analise visual de trajetorias com multiplos aspectos,2026,"PHV Vilbert, EL Alba, VL Machado… - Escola Regional de …, 2026",,sol.sbc.org.br,https://sol.sbc.org.br/index.php/erbd/article/view/43882,,,,,,,,,Google Scholar; OpenAlex,2019
83LX3pFwXQZ3V9uMbiY/Mc9St,computation and visualization for understanding dynamics in geographic domains a research agenda|2007,computation and visualization for understanding dynamics in geographic domains a research agenda,2007,"M Yuan, KS Hornsby",,2007,https://books.google.com/books?hl=pt-BR&lr=&id=TT0vItd-ba8C&oi=fnd&pg=PP1&ots=SAcEUQYiDL&sig=K3GttWv6C-EKe4WdHLKpCBvGDDA,,,,,,,,,Google Scholar; OpenAlex,2004
83LX3pFwXQZ3V9uMbiY/MhU9d,computation of spatial significance of mountain objects extracted from multiscale digital elevation models|2014,computation of spatial significance of mountain objects extracted from multiscale digital elevation models,2014,"D Sathyamoorthy - IOP Conference Series: Earth and …, 2014",,iopscience.iop.org,https://iopscience.iop.org/article/10.1088/1755-1315/20/1/012044/meta,,,,,,,,,Google Scholar; OpenAlex,2003
8JMKD3MGPDW34R/3UFDFL2,computational aspects of carsharing planning without relocation operations|2022,computational aspects of carsharing planning without relocation operations,2022,CM Monteiro,,2022,https://repositorio.ufmg.br/items/8b170db3-dfa3-41c9-8d0d-5a6645c01592,,,,,,,,,Google Scholar; OpenAlex,2019
83LX3pFwXQZ4BFjAq/mEp4v,computational ontology of urban design|2009,computational ontology of urban design,2009,"N Montenegro, JP Duarte - Proceedings of the 27th …, 2009",,papers.cumincad.org,https://papers.cumincad.org/data/works/att/eCAADe_2009_book_low-res.pdf#page=254,,,,,,,,,Google Scholar; OpenAlex,2000
8JMKD3MGPDW34P/3SEUN7L,computational performance of carsharing fleet sizing optimization|2019,computational performance of carsharing fleet sizing optimization,2019,"CM Monteiro, GR Mateus… - XX Brazilian Symposium …, 2019",,mtc-m21c.sid.inpe.br,http://mtc-m21c.sid.inpe.br/col/sid.inpe.br/mtc-m21c/2019/12.10.14.01/doc/proceedings_2019_compressed.pdf#page=124,,,,,,,,,Google Scholar; OpenAlex,2018
8JMKD3MGPDW34P/3KJKLB2,computational science and its applications a iccsa 2021|2021,computational science and its applications a iccsa 2021,2021,"O Gervasi, B Murgante, S Misra, C Garau, I Blecic…",,2021,https://www.iris.unina.it/retrieve/2fbdf78e-712a-4a42-ab4a-a512f2ba153d/P.%20159%20978-3-030-87016-4.pdf,,,,,,,,,Google Scholar; OpenAlex,2008
83LX3pFwXQZ3V9uMbiY/MdK47,computational techniques to manage natural resources|2012,computational techniques to manage natural resources,2012,"DF Adamatti, MS de Aguiar - International Journal of Organizational …, 2012",,igi-global.com,https://www.igi-global.com/article/computational-techniques-to-manage-naturalresources/93079,,,,,,,,,Google Scholar; OpenAlex,2004
8JMKD3MGPDW34P/3NDC3R2,computing intersection areas of overlaid 2d meshes|2019,computing intersection areas of overlaid 2d meshes,2019,"WR Franklin, SVG de Magalhães - IGS2019 International Geometry …, 2019",,wrfranklin.org,https://wrfranklin.org/wiki/Research/p/231-parover2-vancouver-2019.pdf,,,,,,,,,Google Scholar; OpenAlex,2016
83LX3pFwXQZ3V9uMbiY/NiagS,computing polygon similarity from raster signatures|2011,computing polygon similarity from raster signatures,2011,"LCR Antunes, LG Azevedo - GEOINFO, 2011",,mtc-m16c.sid.inpe.br,http://mtc-m16c.sid.inpe.br/attachment.cgi/sid.inpe.br/mtc-m18/2011/12.13.16.08/doc/leonardo.pdf,,,,,,,,,Google Scholar; OpenAlex,2006
83LX3pFwXQZ3V9uMbiY/MimPC,conception of geocoding matching algorithm for casablanca city morocco|2020,conception of geocoding matching algorithm for casablanca city morocco,2020,"MEI Malaainine, H Lechgar - 2020 ieee international …, 2020",,ieeexplore.ieee.org,https://ieeexplore.ieee.org/abstract/document/9121884/,,,,,,,,,Google Scholar; OpenAlex,2003
83LX3pFwXQZ3V9uMbiY/Mc9St,conceptual framework for modeling dynamic paths from natural language expressions|2009,conceptual framework for modeling dynamic paths from natural language expressions,2009,"KS Hornsby, N Li - Transactions in GIS, 2009",,Wiley Online Library,https://onlinelibrary.wiley.com/doi/abs/10.1111/j.1467-9671.2009.01153.x,,,,,,,,,Google Scholar; OpenAlex,2004
8JMKD3MGPDW34P/3KK5KM2,conceptual model and design of semantic trajectory data warehouse|2020,conceptual model and design of semantic trajectory data warehouse,2020,"MM Kwakye - International Journal of Data Warehousing and Mining …, 2020",,igi-global.com,https://www.igi-global.com/article/conceptual-model-and-design-of-semantic-trajectory-data-warehouse/256165,,,,,,,,,Google Scholar; OpenAlex,2010
83LX3pFwXQZ3V9uMbiY/MimFG,conceptual model for adaptable and extensible visual data exploration|2004,conceptual model for adaptable and extensible visual data exploration,2004,"MCF De Oliveira… - Visualization and Data …, 2004",,spiedigitallibrary.org,https://www.spiedigitallibrary.org/conference-proceedings-of-spie/5295/0000/Conceptual-model-for-adaptable-and-extensible-visual-data-exploration/10.1117/12.539247.short,,,,,,,,,Google Scholar; OpenAlex,2003
83LX3pFwXQZ3V9uMbiY/Mc9St,conceptual model of dynamic geographic environment|2014,conceptual model of dynamic geographic environment,2014,"MA Martínez-Rosales, L Serguei - Ingeniería, investigación y …, 2014",,scielo.org.mx,https://www.scielo.org.mx/scielo.php?pid=S1405-77432014000200001&script=sci_abstract&tlng=en,,,,,,,,,Google Scholar; OpenAlex,2004
8JMKD3MGPDW34P/3KP2RBP,conceptual neighborhood graphs of topological relations in z 2|2025,conceptual neighborhood graphs of topological relations in z 2,2025,"BP Hall, MP Dube - ISPRS International Journal of Geo-Information, 2025",,mdpi.com,https://www.mdpi.com/2220-9964/14/4/150,,,,,,,,,Google Scholar; OpenAlex,2015
8JMKD3MGP8W/3GTJAES,conceptual spatio temporal data modelling and land use change|2011,conceptual spatio temporal data modelling and land use change,2011,"LAB de Deus, L Silva, MAV Freitas - … Development and Planning …, 2011",,books.google.com,https://books.google.com/books?hl=pt-BR&lr=&id=uojOg7iXZZAC&oi=fnd&pg=PA109&ots=GECXMA3wo9&sig=PzetFt8ugztrr7tmwt5qerGkoWw,,,,,,,,,Google Scholar; OpenAlex,2002
8JMKD3MGPDW34P/4ADCP7P,condominios residenciais fechados padroes de localizacao e impactos espaciais na forma e configuracao urbana|2023,condominios residenciais fechados padroes de localizacao e impactos espaciais na forma e configuracao urbana,2023,D Becker,SEM_MATCH,2023,https://lume.ufrgs.br/handle/10183/274552,,,,,,,,,Google Scholar; OpenAlex,2023
8JMKD2USPTW34P/4DK73E2,configuration assessment of deter rt a new sar based automated deforestation detection system in the amazon|2025,configuration assessment of deter rt a new sar based automated deforestation detection system in the amazon,2025,"MS Reis, J Doblas, LH Gusmão… - Rev. Bras …, 2025",,researchgate.net,https://www.researchgate.net/profile/Mariane-Reis/publication/398917239_Avaliacao_da_Configuracao_do_Deter-RT_um_Novo_Sistema_Automatizado_de_Deteccao_de_Desmatamento_Baseado_em_SAR_na_Amazonia/links/6946f5eb7e61d05b5310f56d/Avaliacao-da-Configuracao-do-Deter-RT-um-Novo-Sistema-Automatizado-de-Deteccao-de-Desmatamento-Baseado-em-SAR-na-Amazonia.pdf,article,Remote Sensing and LiDAR Applications,Environmental Engineering,Environmental Science,Physical Sciences,Biblioteca Digital da Memória Científica do INPE (National Institute for Space Research),green,https://openalex.org/W7124672439,Google Scholar; OpenAlex,2025
8JMKD3MGPDW34P/3KQ6Q6E,conflation of crowdsourced and authoritative data to enhance geospatial intelligence|2015,conflation of crowdsourced and authoritative data to enhance geospatial intelligence,2015,"S Cavazzi, BD Mason, N Kirk… - Proceedings of the …, 2015",,innovationhub-act.org,https://innovationhub-act.org/wp-content/uploads/2023/12/MP-IST-SET-126-07.pdf,,,,,,,,,Google Scholar; OpenAlex,2012
8JMKD3MGP8W/3D62CSE,conflitos politicos e fisicos no transporte por bicicleta em londrina pr|2024,conflitos politicos e fisicos no transporte por bicicleta em londrina pr,2024,MOM DA SILVA,,2024,https://www.academia.edu/download/111012773/CE_GEO_Me_2021_Silva_Matheus_OM.pdf,,,,,,,,,Google Scholar; OpenAlex,2012
83LX3pFwXQZ3V9uMbiY/LHU82,congenital zika syndrome and living conditions in the largest city of northeastern brazil|2022,congenital zika syndrome and living conditions in the largest city of northeastern brazil,2022,"MPA Souza, MS da Natividade, GL Werneck… - BMC Public Health, 2022",,Springer,https://link.springer.com/article/10.1186/s12889-022-13614-x,,,,,,,,,Google Scholar; OpenAlex,2005
8JMKD3MGP8W/3HHGE78,construcao de mosaicos georreferenciados usando imagens aereas de pequeno formato|2008,construcao de mosaicos georreferenciados usando imagens aereas de pequeno formato,2008,NH Cordeiro,,2008,https://repositorio.ufrn.br/bitstreams/baf84873-e803-4040-abee-e412d49396ca/download,,,,,,,,,Google Scholar; OpenAlex,2007
8JMKD3MGP3W34P/3N2UANP,construcao de uma serie temporal de ndvi com o produto hls para deteccao de desfolha em eucaliptos|2019,construcao de uma serie temporal de ndvi com o produto hls para deteccao de desfolha em eucaliptos,2019,"MAA Dassan, EM Mattos, A Vrechi… - Anais do XIX …, 2019",,marte2.sid.inpe.br,http://marte2.sid.inpe.br/attachment.cgi/sid.inpe.br/marte2/2019/08.29.16.35/doc/97141.pdf,,,,,,,,,Google Scholar; OpenAlex,2016
83LX3pFwXQZ3V9uMbiY/NiaHU,constructing and developing an integrated smart spatial database for malmo municipality case study vastra innerstaden in malmo|2018,constructing and developing an integrated smart spatial database for malmo municipality case study vastra innerstaden in malmo,2018,"SH Alavi - Student thesis series INES, 2018",,lup.lub.lu.se,https://lup.lub.lu.se/student-papers/search/publication/8942883,,,,,,,,,Google Scholar; OpenAlex,2006
83LX3pFwXQZ3V9uMbiY/MekwA,constructing shared realities interdisciplinary collaboration of the international adoption clinic|2006,constructing shared realities interdisciplinary collaboration of the international adoption clinic,2006,"H Matsuo, C Pryor, L Sessions - Perspectives on Communication …, 2006",,pubs.asha.org,https://pubs.asha.org/doi/full/10.1044/cds13.3.3,,,,,,,,,Google Scholar; OpenAlex,2004
8JMKD3MGPDW34P/3KP3985,construction and visualization of levels of detail for high resolution lidar derived digital outcrop models|2025,construction and visualization of levels of detail for high resolution lidar derived digital outcrop models,2025,"J Ao, Y Liu, B Liang, R Jing, Y Shao, S Li - Remote Sensing, 2025",,mdpi.com,https://www.mdpi.com/2072-4292/17/22/3758,,,,,,,,,Google Scholar; OpenAlex,2015
8JMKD3MGP8W/3HHLNKL,construction automatique d ontologie et enrichissement a partir de ressources externes|2009,construction automatique d ontologie et enrichissement a partir de ressources externes,2009,"E Kergosien, M Kamel, C Sallaberry, MN Bessagnet… - JFO, 2009",,,,,,,,,,,,Google Scholar; OpenAlex,2007
8JMKD3MGP8W/3HHLNKL,construction et enrichissement automatique d ontologie a partir de ressources externes|2010,construction et enrichissement automatique d ontologie a partir de ressources externes,2010,"E Kergosien, M Kamel, C Sallaberry… - arXiv preprint arXiv …, 2010",,arxiv.org,https://arxiv.org/abs/1002.0239,,,,,,,,,Google Scholar; OpenAlex,2007
83LX3pFwXQZ3V9uMbiY/MhUig,construction of spatial dataset from remote sensing using gis for deforestation study|2011,construction of spatial dataset from remote sensing using gis for deforestation study,2011,"KR Manjula, S Jyothi… - International …, 2011",,"… of Computer Applications, 244 5 th …",,,,,,,,,,Google Scholar; OpenAlex,2003
83LX3pFwXQZ3V9uMbiY/MdGsf,context modeling for mobile adaptive applications kontextmodellierung fur mobile adaptive anwendungen|2009,context modeling for mobile adaptive applications kontextmodellierung fur mobile adaptive anwendungen,2009,"D Nicklas, M Grossmann, M Wieland",,2009,https://www.degruyterbrill.com/document/doi/10.1524/itit.2009.0527/html,,,,,,,,,Google Scholar; OpenAlex,2004
83LX3pFwXQZ3V9uMbiY/MimPC,contextual adaptability of navigational spatial descriptions a pragmatic comparison|2016,contextual adaptability of navigational spatial descriptions a pragmatic comparison,2016,"F Karimipour, N Alinaghi, P Weiser, A Frank - Progress in Cartography …, 2016",,Springer,https://link.springer.com/chapter/10.1007/978-3-319-19602-2_25,,,,,,,,,Google Scholar; OpenAlex,2003
8JMKD3MGP8W/3B25HBP,contextual classification of large volumes of satellite imagery for the production of land cover maps over wide areas|2019,contextual classification of large volumes of satellite imagery for the production of land cover maps over wide areas,2019,D Derksen,,2019,https://theses.hal.science/tel-03103908/,,,,,,,,,Google Scholar; OpenAlex,2011
83LX3pFwXQZ4BFjAq/mGafE,continuous interaction with tdk improving the user experience in terralib|2007,continuous interaction with tdk improving the user experience in terralib,2007,"MG Metello, M de Sá Vera, M Lemos, LP Masiero… - …, 2007",,mtc-m16c.sid.inpe.br,http://mtc-m16c.sid.inpe.br/col/sid.inpe.br/mtc-m18/2014/12.09.17.18/doc/Continuous%20Interaction%20with%20TDK.pdf,,,,,,,,,Google Scholar; OpenAlex,2000
83LX3pFwXQZ3V9uMbiY/LHTui,continuous reverse k nearest neighbor monitoring on moving objects in road networks|2010,continuous reverse k nearest neighbor monitoring on moving objects in road networks,2010,"L Guohui, L Yanhong, L Jianjun, LC Shu, Y Fumin - Information Systems, 2010",,Elsevier,https://www.sciencedirect.com/science/article/pii/S0306437910000414,,,,,,,,,Google Scholar; OpenAlex,2005
83LX3pFwXQZ3V9uMbiY/LHTui,continuous reverse nearest neighbor queries on moving objects in road networks|2008,continuous reverse nearest neighbor queries on moving objects in road networks,2008,"HL Sun, C Jiang, JL Liu, L Sun - 2008 The Ninth International …, 2008",,ieeexplore.ieee.org,https://ieeexplore.ieee.org/abstract/document/4597020/,,,,,,,,,Google Scholar; OpenAlex,2005
83LX3pFwXQZ4BFjAq/mxSNs,contribuicoes da abordagem semiotica ao estudo de interfaces de sistemas de informacao geografica|2001,contribuicoes da abordagem semiotica ao estudo de interfaces de sistemas de informacao geografica,2001,AB Prado,,2001,https://repositorio.unicamp.br/Busca/Download?codigoArquivo=489384&tipoMidia=0,,,,,,,,,Google Scholar; OpenAlex,2000
83LX3pFwXQZ3V9uMbiY/MdK47,contributions au controle de l affinite memoire sur architectures multicoeurs et hierarchiques|2011,contributions au controle de l affinite memoire sur architectures multicoeurs et hierarchiques,2011,CP Ribeiro,,2011,https://theses.hal.science/tel-00685111/,,,,,,,,,Google Scholar; OpenAlex,2004
83LX3pFwXQZ3V9uMbiY/Mc4v6,contributions of gis to efficient mine action|2013,contributions of gis to efficient mine action,2013,P Lacroix,,2013,https://www.researchgate.net/profile/Pierre-Lacroix/publication/301342878_Contributions_of_GIS_to_Efficient_Mine_Action/links/571376aa08ae4ef74528af8c/Contributions-of-GIS-to-Efficient-Mine-Action.pdf,,,,,,,,,Google Scholar; OpenAlex,2004
83LX3pFwXQZ3V9uMbiY/MdK47,contributions on memory affinity management for hierarchical shared memory multi core platforms|2011,contributions on memory affinity management for hierarchical shared memory multi core platforms,2011,CP Ribeiro,,2011,https://theses.hal.science/file/index/docid/685111/filename/21996_POUSA_2011_archivage_1_.pdf,,,,,,,,,Google Scholar; OpenAlex,2004
8JMKD3MGP8W/3HHGCCB,control of uav fleet formation for capturing climber s movements|2024,control of uav fleet formation for capturing climber s movements,2024,H Nadour,,2024,https://theses.hal.science/tel-05330474/,,,,,,,,,Google Scholar; OpenAlex,2007
8JMKD3MGP8W/3GQ6PC2,controle de migracao de margens do rio taquari utilizando geotubos como elementos de contencao|2005,controle de migracao de margens do rio taquari utilizando geotubos como elementos de contencao,2005,FV Gonçalves,,2005,https://repositorio.ufms.br/jspui/handle/123456789/1482,,,,,,,,,Google Scholar; OpenAlex,2001
83LX3pFwXQZeBBx/oS6vP,converting and generalizing maps into compact scalable vector graphics format|2006,converting and generalizing maps into compact scalable vector graphics format,2006,"V Petkevitch, P Apparicio",,2006,https://espace.inrs.ca/id/eprint/9380/,,,,,,,,,Google Scholar; OpenAlex,1999
83LX3pFwXQZ3V9uMbiY/MioRd,cooperative research on web data management at ufmg and ufam a brief report|2008,cooperative research on web data management at ufmg and ufam a brief report,2008,"AHF Laender, AS da Silva - 2008 Latin American Web …, 2008",,ieeexplore.ieee.org,https://ieeexplore.ieee.org/abstract/document/4756173/,,,,,,,,,Google Scholar; OpenAlex,2003
8JMKD3MGP8W/3FCBNQB,cop vw cone over projection directional model viewer|2015,cop vw cone over projection directional model viewer,2015,"JA da Silva, KD Fook - WEBIST, 2015",,pdfs.semanticscholar.org,https://pdfs.semanticscholar.org/1f5c/0cfeb4238922751bbe0da9e52e1fa267cbf6.pdf,,,,,,,,,Google Scholar; OpenAlex,2013
8JMKD3MGPDW34P/3KLNJTH,core concepts of spatial information for transdisciplinary research|2012,core concepts of spatial information for transdisciplinary research,2012,"W Kuhn - International Journal of Geographical Information …, 2012",,Taylor & Francis,https://www.tandfonline.com/doi/abs/10.1080/13658816.2012.722637,,,,,,,,,Google Scholar; OpenAlex,2011
83LX3pFwXQZ3V9uMbiY/MhUoS,cost modeling of spatial operators using non parametric regression|2007,cost modeling of spatial operators using non parametric regression,2007,"S Jiang, BS Lee, Z He - Information Sciences, 2007",,Elsevier,https://www.sciencedirect.com/science/article/pii/S0020025506001368,,,,,,,,,Google Scholar; OpenAlex,2003
83LX3pFwXQZ4BFjAq/mGafE,coverage representation in terralib|2007,coverage representation in terralib,2007,"V Dantas, MG Metello, M Lemos, MA Casanova - GEOINFO, 2007",,mtc-m16c.sid.inpe.br,http://mtc-m16c.sid.inpe.br/col/sid.inpe.br/mtc-m18/2014/12.09.17.21/doc/Coverage%20representation%20in%20TerraLib.pdf,,,,,,,,,Google Scholar; OpenAlex,2000
8JMKD3MGPDW34P/3KQ6N2L,creating a pricing tool for agricultural companies using salesforce a strategic framework|2025,creating a pricing tool for agricultural companies using salesforce a strategic framework,2025,"D Bandella - Technology (IJARET), 2025",,researchgate.net,https://www.researchgate.net/profile/Deepika-Bandella/publication/388890440_Creating_a_pricing_tool_for_agricultural_companies_using_salesforce_A_strategic_framework/links/67abae1196e7fb48b9bf1317/Creating-a-pricing-tool-for-agricultural-companies-using-salesforce-A-strategic-framework.pdf,,,,,,,,,Google Scholar; OpenAlex,2012
83LX3pFwXQZ3V9uMbiY/MdGTa,creating a usable web gis for non expert users identifying usability guidelines and implementing these in design|2016,creating a usable web gis for non expert users identifying usability guidelines and implementing these in design,2016,T Fledderus,,2016,,,,,,,,,,Google Scholar; OpenAlex,2004
8JMKD3MGPDW34P/3KP38AL,creating wallonia s new very high resolution land cover maps combining grass gis obia and otb pixel based results|2019,creating wallonia s new very high resolution land cover maps combining grass gis obia and otb pixel based results,2019,"M Lennert, T Grippa, J Radoux… - … Archives of the …, 2019",,isprs-archives.copernicus.org,https://isprs-archives.copernicus.org/articles/XLII-4-W14/151/2019/isprs-archives-XLII-4-W14-151-2019.html,,,,,,,,,Google Scholar; OpenAlex,2015
8JMKD3MGP8W/3GTEJ3P,crescimento periferico e modelagem urbana em cidades do sul do brasil|2012,crescimento periferico e modelagem urbana em cidades do sul do brasil,2012,"C Toralles - Anais do 5º CONGRESSO LUSO-BRASILEIRO para o …, 2012",,academia.edu,https://www.academia.edu/download/31321491/Crescimento_periferico_e_modelagem_urbana_em_cidades_do_sul_do_Brasil__Toralles__Saraiva__Polidori__2012_.pdf,,,,,,,,,Google Scholar; OpenAlex,2002
83LX3pFwXQZ3V9uMbiY/Nib6T,criacao e desenvolvimento de uma infraestrutura de dados espaciais marinhos e costeiros idemc uma aplicacao de seguranca a navegacao maritima estudo e|2021,criacao e desenvolvimento de uma infraestrutura de dados espaciais marinhos e costeiros idemc uma aplicacao de seguranca a navegacao maritima estudo e,2021,JJ Lobo,,2021,https://search.proquest.com/openview/b26b70e8858bc35baf076e46836a7fca/1?pq-origsite=gscholar&cbl=2026366&diss=y,,,,,,,,,Google Scholar; OpenAlex,2006
83LX3pFwXQZ3V9uMbiY/LHU82,crime e violencia no cenario paulistano o movimento e as condicionantes dos homicidios dolosos sob um recorte espaco temporal|2016,crime e violencia no cenario paulistano o movimento e as condicionantes dos homicidios dolosos sob um recorte espaco temporal,2016,MB Nery,,2016,https://teses.usp.br/teses/disponiveis/8/8132/tde-25102016-134640/en.html,,,,,,,,,Google Scholar; OpenAlex,2005
83LX3pFwXQZ3V9uMbiY/LHTbc,criminalidade registada no municipio do porto 2009 2018 analise espacial e ferramenta websig de apoio a decisao|2021,criminalidade registada no municipio do porto 2009 2018 analise espacial e ferramenta websig de apoio a decisao,2021,YS Cavalcanti,,2021,https://search.proquest.com/openview/765fd2a0755e68d31250514d2ae86aba/1?pq-origsite=gscholar&cbl=2026366&diss=y,,,,,,,,,Google Scholar; OpenAlex,2005
83LX3pFwXQZ3V9uMbiY/LHU82,criminalidade violenta em minas gerais uma proposta de alocacao de recursos em seguranca publica|2007,criminalidade violenta em minas gerais uma proposta de alocacao de recursos em seguranca publica,2007,"PR Scalco, AP Gomes, HD Carvalho",,2007,https://www.researchgate.net/profile/Paulo-Scalco/publication/29435378_Criminalidade_violenta_em_Minas_Gerais_uma_proposta_de_alocacao_de_recursos_em_seguranca_publica/links/00463533eb0df3d690000000/Criminalidade-violenta-em-Minas-Gerais-uma-proposta-de-alocacao-de-recursos-em-seguranca-publica.pdf,,,,,,,,,Google Scholar; OpenAlex,2005
8JMKD3MGPDW34P/3KK5KM2,critical placements of a square or circle amidst trajectories for junction detection|2016,critical placements of a square or circle amidst trajectories for junction detection,2016,"I van Duijn, I Kostitsyna, M van Kreveld… - arXiv preprint arXiv …, 2016",,arxiv.org,https://arxiv.org/abs/1607.05347,,,,,,,,,Google Scholar; OpenAlex,2010
8JMKD3MGPDW34P/3KJKMCS,crowdsourcing a citizen participation challenge|2014,crowdsourcing a citizen participation challenge,2014,"J Borges, C Zyngier - TeMA-Journal of Land Use, Mobility and …, 2014",,serena.sharepress.it,https://serena.sharepress.it/tema/article/view/2510,,,,,,,,,Google Scholar; OpenAlex,2008
8JMKD3MGPDW34P/3KJKMCS,crowdsourcing for geodesign opportunities and challenges for stakeholder input in urban planning|2015,crowdsourcing for geodesign opportunities and challenges for stakeholder input in urban planning,2015,"J Borges, P Jankowski, CA Davis Jr - Cartography-Maps Connecting the …, 2015",,Springer,https://link.springer.com/chapter/10.1007/978-3-319-17738-0_25,,,,,,,,,Google Scholar; OpenAlex,2008
83LX3pFwXQZ3V9uMbiY/LHSQs,ctviz a tool for the visualization of transport in nanocomposites|2016,ctviz a tool for the visualization of transport in nanocomposites,2016,"B Beach, J Brown, T Tarlton, PA Derosa - Journal of Molecular Graphics …, 2016",,Elsevier,https://www.sciencedirect.com/science/article/pii/S1093326316300456,,,,,,,,,Google Scholar; OpenAlex,2005
8JMKD3MGPDW34P/3SEUPLL,cuda based parallelization of time weighted dynamic time warping algorithm for time series analysis of remote sensing data|2022,cuda based parallelization of time weighted dynamic time warping algorithm for time series analysis of remote sensing data,2022,"H Guo, B Xu, H Yang, B Li, Y Yue, S Zhao - Computers & Geosciences, 2022",,Elsevier,https://www.sciencedirect.com/science/article/pii/S0098300422000802,,,,,,,,,Google Scholar; OpenAlex,2018
83LX3pFwXQZ3V9uMbiY/MdHf2,current approaches and future trends of ontology driven geographic integration|2009,current approaches and future trends of ontology driven geographic integration,2009,"A Buccella, A Cechich - Handbook of Research on Innovations in …, 2009",,igi-global.com,https://www.igi-global.com/chapter/current-approaches-future-trends-ontology/20733,,,,,,,,,Google Scholar; OpenAlex,2004
8JMKD3MGPDW34P/3KKHK8H,current approaches challenges and perspectives on spatial olap for agri environmental analysis|2016,current approaches challenges and perspectives on spatial olap for agri environmental analysis,2016,"S Bimonte - International Journal of Agricultural and Environmental …, 2016",,igi-global.com,https://www.igi-global.com/article/current-approaches-challenges-and-perspectives-on-spatial-olap-for-agri-environmental-analysis/168500,,,,,,,,,Google Scholar; OpenAlex,2010
83LX3pFwXQZ3V9uMbiY/MdFGH,current data warehousing and olap technologies status applied to spatial databases|2007,current data warehousing and olap technologies status applied to spatial databases,2007,"DO Abril Frade, JN Pérez Castillo - Ingeniería e Investigación, 2007",,scielo.org.co,http://www.scielo.org.co/scielo.php?pid=S0120-56092007000100008&script=sci_abstract&tlng=en,,,,,,,,,Google Scholar; OpenAlex,2004
83LX3pFwXQZ3V9uMbiY/MhU9d,current innovation practices in malaysian government and corporate organisations case studies on stride and celcom axiata berhad|2014,current innovation practices in malaysian government and corporate organisations case studies on stride and celcom axiata berhad,2014,SMK Yusuf,,2014,https://www.academia.edu/download/83817539/Current_Innovation_Practices_in_Malaysia20220411-1133-x3eaq0.pdf,,,,,,,,,Google Scholar; OpenAlex,2003
8JMKD3MGPDW34P/3KQ6ME5,customer attractiveness evaluation and classification of urban commercial centers by crowd intelligence|2019,customer attractiveness evaluation and classification of urban commercial centers by crowd intelligence,2019,"H Mao, X Fan, J Guan, YC Chen, H Su, W Shi… - Computers in Human …, 2019",,Elsevier,https://www.sciencedirect.com/science/article/pii/S0747563218303947,,,,,,,,,Google Scholar; OpenAlex,2012
8JMKD3MGPDW34P/3KK5KM2,d2 2 model based approaches to pedestrian behavior|2014,d2 2 model based approaches to pedestrian behavior,2014,"O Font, G Frances, A Jonsson, P Bartie, W Mackaness",,2014,,,,,,,,,,Google Scholar; OpenAlex,2010
8JMKD3MGP8W/3FCBRC8,d3 6 semantic report|2015,d3 6 semantic report,2015,"OČ UWB, Š Kafka, M Šplíchal, K Charvát, M Šrédl…",,2015,,,,,,,,,,Google Scholar; OpenAlex,2013
8JMKD3MGPDW34P/3KLNKDS,d4g framework a novel voronoi diagram classification for decoding natural geometrics to enhance the built environment|2024,d4g framework a novel voronoi diagram classification for decoding natural geometrics to enhance the built environment,2024,"F Habib, NA Megahed, N Badawy… - Architectural Science …, 2024",,Taylor & Francis,https://www.tandfonline.com/doi/abs/10.1080/00038628.2024.2321584,,,,,,,,,Google Scholar; OpenAlex,2011
8JMKD3MGPDW34P/3KK5KM2,da modelagem conceitual a representacao logica de trajetorias em sgbdor e sistemas de dw|2011,da modelagem conceitual a representacao logica de trajetorias em sgbdor e sistemas de dw,2011,BC Leal,,2011,https://repositorio.ufc.br/handle/riufc/17455,,,,,,,,,Google Scholar; OpenAlex,2010
8JMKD3MGPDW34P/43PQQ9P,da teoria a pratica o uso de espectroradiometria para o ensino de sensoriamento remoto|2024,da teoria a pratica o uso de espectroradiometria para o ensino de sensoriamento remoto,2024,"I Haddad, EV Silva, V Bourscheidt… - Revista Presença …, 2024",,portal.amelica.org,https://portal.amelica.org/ameli/journal/274/2744783001/html/,,,,,,,,,Google Scholar; OpenAlex,2020
8JMKD3MGPDW34P/3NDDHL8,data analytics for crop management a big data view|2022,data analytics for crop management a big data view,2022,"N Chergui, MT Kechadi - Journal of Big Data, 2022",,Springer,https://link.springer.com/article/10.1186/s40537-022-00668-2,,,,,,,,,Google Scholar; OpenAlex,2016
8JMKD3MGPDW34P/3KKHMK2,data driven research at lis the laboratory of information systems at unicamp|2011,data driven research at lis the laboratory of information systems at unicamp,2011,"CB Medeiros, A Santanchè… - … of Information and …, 2011",,journals-sol.sbc.org.br,https://journals-sol.sbc.org.br/index.php/jidm/article/view/1395,,,,,,,,,Google Scholar; OpenAlex,2010
8JMKD3MGP8W/3GQ75L5,data integration in asset management of municipal pipe networks in sweden challenges gaps and potential drivers|2024,data integration in asset management of municipal pipe networks in sweden challenges gaps and potential drivers,2024,"E Okwori, M Viklander, A Hedström - Utilities Policy, 2024",,Elsevier,https://www.sciencedirect.com/science/article/pii/S0957178723002011,,,,,,,,,Google Scholar; OpenAlex,2001
8JMKD3MGPDW34P/3NDDJ25,data mining approach for traffic hotspots management case of madrid metropolitan area|2018,data mining approach for traffic hotspots management case of madrid metropolitan area,2018,"LG Cuenca, N Aliane, E Puertas… - 2018 21st international …, 2018",,ieeexplore.ieee.org,https://ieeexplore.ieee.org/abstract/document/8569528/,,,,,,,,,Google Scholar; OpenAlex,2016
83LX3pFwXQZ3V9uMbiY/Nibz8,data mining techniques for identification of spectrally homogeneous areas using ndvi temporal profiles of soybean crop|2013,data mining techniques for identification of spectrally homogeneous areas using ndvi temporal profiles of soybean crop,2013,"JA Johann, JV Rocha, SRM Oliveira… - Engenharia …, 2013",,SciELO Brasil,https://www.scielo.br/j/eagri/a/yKrX4GWd6knB5zmj6hJqY6G/?lang=en,,,,,,,,,Google Scholar; OpenAlex,2006
83LX3pFwXQZ3V9uMbiY/Nibz8,data mining uma abordagem teorica e suas aplicacoes|2016,data mining uma abordagem teorica e suas aplicacoes,2016,"BS dos SANTOS… - … ESPACIOS| Vol. 37 …, 2016",,revistaespacios.com,https://www.revistaespacios.com/a16v37n05/16370523.html,,,,,,,,,Google Scholar; OpenAlex,2006
8JMKD3MGPDW34P/3KLNKJB,data quality in agriculture applications|2012,data quality in agriculture applications,2012,"JEG Malaverri, CB Medeiros - GEOINFO, 2012",,mtc-m16c.sid.inpe.br,http://mtc-m16c.sid.inpe.br/attachment.cgi/sid.inpe.br/mtc-m16c/2015/12.17.17.09/doc/proceedings2012_p14.pdf,,,,,,,,,Google Scholar; OpenAlex,2011
8JMKD3MGPDW34P/3NDDHL8,data science with semantic technologies new trends and future developments|2023,data science with semantic technologies new trends and future developments,2023,"A Patel, NC Debnath",,2023,https://books.google.com/books?hl=pt-BR&lr=&id=_qEIEQAAQBAJ&oi=fnd&pg=PP1&ots=mySFdKlo1T&sig=yTVgZl3bv9OricQ1N5qCE28eFTI,,,,,,,,,Google Scholar; OpenAlex,2016
8JMKD3MGPDW34P/3NDC3R2,data structures for parallel spatial algorithms on large datasets vision paper|2018,data structures for parallel spatial algorithms on large datasets vision paper,2018,"WR Franklin, SVG de Magalhães… - Proceedings of the 7th …, 2018",,dl.acm.org,https://dl.acm.org/doi/abs/10.1145/3282834.3282839,,,,,,,,,Google Scholar; OpenAlex,2016
8JMKD3MGPDW34P/3SEUQ98,data structuring techniques for non volatile memories|2022,data structuring techniques for non volatile memories,2022,A Fevgas,,2022,https://www.e-ce.uth.gr/wp-content/uploads/formidable/59/Fevgas_Doctoral_Thesis.pdf,,,,,,,,,Google Scholar; OpenAlex,2018
8JMKD3MGPDW34P/3Q5DQ6H,data triangulation and machine learning a hybrid approach to fill missing climate data vhc lima m de arruda pereira|2024,data triangulation and machine learning a hybrid approach to fill missing climate data vhc lima m de arruda pereira,2024,"VHC Lima, M de Arruda Pereira - Theoretical and Applied Climatology, 2024",,Springer,https://link.springer.com/article/10.1007/s00704-024-04939-1,,,,,,,,,Google Scholar; OpenAlex,2017
83LX3pFwXQZ3V9uMbiY/LHToB,data warehouse systems design and implementation|2014,data warehouse systems design and implementation,2014,"A Vaisman, E Zimányi",,2014,https://www.academia.edu/download/59262005/chapter8_slides20190515-80803-1i47kel.pdf,,,,,,,,,Google Scholar; OpenAlex,2005
83LX3pFwXQZ3V9uMbiY/LHToB,data warehouses next challenges|2011,data warehouses next challenges,2011,"A Vaisman, E Zimányi - European Big Data Management and Analytics …, 2011",,Springer,https://link.springer.com/chapter/10.1007/978-3-642-27358-2_1,,,,,,,,,Google Scholar; OpenAlex,2005
8JMKD3MGP8W/3HHGCGP,database mediation using multi agent systems|2008,database mediation using multi agent systems,2008,"LAPP Leme, MA Casanova… - 2008 32nd Annual …, 2008",,ieeexplore.ieee.org,https://ieeexplore.ieee.org/abstract/document/5328417/,,,,,,,,,Google Scholar; OpenAlex,2007
8JMKD3MGPDW34P/3KJKGEH,dbcells an open and global multi scale linked cells|2016,dbcells an open and global multi scale linked cells,2016,"SS Costa, EG Moreira, ML da Silva, TM de Sousa Lima… - GEOINFO, 2016",,seer.ufu.br,https://seer.ufu.br/index.php/revistabrasileiracartografia/article/download/44003/23254/182988,,,,,,,,,Google Scholar; OpenAlex,2008
8JMKD3MGPDW34R/3UFEA88,dcluster geospatial analytics with poi identification|2021,dcluster geospatial analytics with poi identification,2021,"CGS Capanema, FA Silva… - … of Information and …, 2021",,journals-sol.sbc.org.br,https://journals-sol.sbc.org.br/index.php/jidm/article/view/1952,,,,,,,,,Google Scholar; OpenAlex,2019
83LX3pFwXQZ3V9uMbiY/LHUQQ,de carbonized energy initiative with bio cell distributed stations using gis geodesic tools towards circular economy|2022,de carbonized energy initiative with bio cell distributed stations using gis geodesic tools towards circular economy,2022,"SZ Allam - Energy & Environment, 2022",,journals.sagepub.com,https://journals.sagepub.com/doi/abs/10.1177/0958305X211013438,,,,,,,,,Google Scholar; OpenAlex,2005
83LX3pFwXQZ3V9uMbiY/LHTK3,decluttering of icons based on aggregation in mobile maps|2008,decluttering of icons based on aggregation in mobile maps,2008,"S Burigat, L Chittaro - Map-based Mobile Services: Design, Interaction and …, 2008",,Springer,https://link.springer.com/content/pdf/10.1007/978-3-540-37110-6_2.pdf,,,,,,,,,Google Scholar; OpenAlex,2005
83LX3pFwXQZ3V9uMbiY/MdJ7h,decoupled linear estimation of affine geometric deformations and nonlinear intensity transformations of images|2010,decoupled linear estimation of affine geometric deformations and nonlinear intensity transformations of images,2010,"SZ Kovalsky, G Cohen, R Hagege… - IEEE transactions on …, 2010",,ieeexplore.ieee.org,https://ieeexplore.ieee.org/abstract/document/5396338/,,,,,,,,,Google Scholar; OpenAlex,2004
83LX3pFwXQZ3V9uMbiY/MdJ7h,deep learning based change detection in remote sensing images a review remote sens 2022 14 871|2022,deep learning based change detection in remote sensing images a review remote sens 2022 14 871,2022,"A Shafique, G Cao, Z Khan, M Asad, M Aslam",,2022,https://www.researchgate.net/profile/Muhammad-Asad-43/publication/358533727_Deep_Learning-Based_Change_Detection_in_Remote_Sensing_Images_A_Review/links/6206929dcf7c2349ca0a41af/Deep-Learning-Based-Change-Detection-in-Remote-Sensing-Images-A-Review.pdf,,,,,,,,,Google Scholar; OpenAlex,2004
83LX3pFwXQZ3V9uMbiY/MdJ7h,deep learning based change detection in remote sensing images a review|2022,deep learning based change detection in remote sensing images a review,2022,"A Shafique, G Cao, Z Khan, M Asad, M Aslam - Remote Sensing, 2022",,mdpi.com,https://www.mdpi.com/2072-4292/14/4/871,,,,,,,,,Google Scholar; OpenAlex,2004
8JMKD3MGPDW34R/3UFEAMH,deep learning based method for classification of sugarcane varieties|2022,deep learning based method for classification of sugarcane varieties,2022,"PM Kai, BM de Oliveira, RM da Costa - Agronomy, 2022",,mdpi.com,https://www.mdpi.com/2073-4395/12/11/2722,,,,,,,,,Google Scholar; OpenAlex,2019
8JMKD3MGPDW34R/3UFDE98,deep learning for mapping rainwater drainage networks using remote sensing data|2021,deep learning for mapping rainwater drainage networks using remote sensing data,2021,"J Potratz, CEM Villalobos… - XLII Ibero-Latin …, 2021",,publicacoes.softaliza.com.br,https://publicacoes.softaliza.com.br/cilamce2021/article/download/5774/4838,,,,,,,,,Google Scholar; OpenAlex,2019
83LX3pFwXQZ3V9uMbiY/NiaRQ,defeasible reasoning about electric consumptions|2016,defeasible reasoning about electric consumptions,2016,"M Cristani, C Tomazzoli, E Karafili… - 2016 IEEE 30th …, 2016",,ieeexplore.ieee.org,https://ieeexplore.ieee.org/abstract/document/7474183/,,,,,,,,,Google Scholar; OpenAlex,2006
8JMKD3MGPDW34P/3KP34LS,deficits habitacionais os limites da interpretacao do fenomeno|2025,deficits habitacionais os limites da interpretacao do fenomeno,2025,"PKB Forcel, EL Miyasaka, TA Cunha",,2025,https://repositorio.ufscar.br/bitstreams/4d094adb-2fb2-402e-a3c8-7dce342d6736/download,,,,,,,,,Google Scholar; OpenAlex,2015
83LX3pFwXQZ3V9uMbiY/Niamr,definicao de planos de execucao distribuidos para consultas de juncao espacial usando histogramas multidimensionais|2015,definicao de planos de execucao distribuidos para consultas de juncao espacial usando histogramas multidimensionais,2015,"TB de Oliveira, FM Costa… - SBBD, 2015",,scholar.archive.org,https://scholar.archive.org/work/crht7hdgsjaj7a2kazl4fw77ge/access/wayback/http://www.lbd.dcc.ufmg.br/colecoes/sbbd/2015/007.pdf,,,,,,,,,Google Scholar; OpenAlex,2006
83LX3pFwXQZeBBx/oS8KP,definicja i zastosowanie jezyka opisowej w systemach gis|2010,definicja i zastosowanie jezyka opisowej w systemach gis,2010,"W Ciżmowski, M Moszyński - Zeszyty Naukowe Wydziału ETI …, 2010",,yadda.icm.edu.pl,https://yadda.icm.edu.pl/baztech/element/bwmeta1.element.baztech-article-BPG8-0032-0019,,,,,,,,,Google Scholar; OpenAlex,1999
8JMKD3MGPDW34P/45U7KBS,defining and designing spatial queries the role of spatial relationships|2024,defining and designing spatial queries the role of spatial relationships,2024,"A Chaves Carniel - Geo-spatial Information Science, 2024",SEM_MATCH,Taylor & Francis,https://www.tandfonline.com/doi/abs/10.1080/10095020.2022.2163924,,,,,,,,,Google Scholar; OpenAlex,2021
83LX3pFwXQZ4BFjAq/mEoEp,degradacao de pastagens em regioes de cerrado|2004,degradacao de pastagens em regioes de cerrado,2004,"AJ Peron, AR Evangelista - Ciência e Agrotecnologia, 2004",,SciELO Brasil,https://www.scielo.br/j/cagro/a/9BytnhTsnJrJ5sN9RKtQhNg/?lang=pt,,,,,,,,,Google Scholar; OpenAlex,2000
83LX3pFwXQZ3V9uMbiY/MdK47,degree based ideas and technique can facilitate inter disciplinary collaboration and education|2010,degree based ideas and technique can facilitate inter disciplinary collaboration and education,2010,"PP da Silva, A Velasco… - 2010 Annual Meeting of …, 2010",,ieeexplore.ieee.org,https://ieeexplore.ieee.org/abstract/document/5548212/,,,,,,,,,Google Scholar; OpenAlex,2004
8JMKD3MGPDW34P/3Q5DTTP,deliberacao aprovado|2018,deliberacao aprovado,2018,AFC Junior,,2018,https://ppgca.unb.br/wp-content/uploads/2026/04/Ata_14_-_Comisso_do_PPGCA_-_29_de_janeiro_de_2018.pdf,,,,,,,,,Google Scholar; OpenAlex,2017
83LX3pFwXQZ3V9uMbiY/Mc9AB,demografska i sociokulturna obiljezja romske populacije u međimurju|2010,demografska i sociokulturna obiljezja romske populacije u međimurju,2010,H Šlezak,,2010,https://www.croris.hr/crosbi/publikacija/ocjenski-rad/371057,,,,,,,,,Google Scholar; OpenAlex,2004
8JMKD3MGP8W/3HHGCGP,departamento de informatica puc rio|2009,departamento de informatica puc rio,2009,AL Furtado,,2009,https://www.researchgate.net/profile/Luiz-Andre-Paes-Leme/publication/256130389_Conceptual_schema_matching_based_on_similarity_heuristics/links/02e7e52330af92f3b5000000/Conceptual-schema-matching-based-on-similarity-heuristics.pdf,,,,,,,,,Google Scholar; OpenAlex,2007
83LX3pFwXQZ3V9uMbiY/MdK47,department of computer science university of texas at el paso 500 w university el paso tx 79968 usa longpre utep edu vladik utep edu|2007,department of computer science university of texas at el paso 500 w university el paso tx 79968 usa longpre utep edu vladik utep edu,2007,"L Longpré, V Kreinovich - Computational Intelligence in …, 2007",,books.google.com,https://books.google.com/books?hl=pt-BR&lr=&id=YrdqCQAAQBAJ&oi=fnd&pg=PA155&ots=uqTOJB8zWI&sig=EQtF8_kdh2wMLyh7AUaG65Qr1N0,,,,,,,,,Google Scholar; OpenAlex,2004
8JMKD3MGPDW34P/3KKHJUS,deriving a minimum set of viewpoints for maximum coverage over any given digital elevation model data|2016,deriving a minimum set of viewpoints for maximum coverage over any given digital elevation model data,2016,"X Shi, B Xue - International Journal of Digital Earth, 2016",,Taylor & Francis,https://www.tandfonline.com/doi/abs/10.1080/17538947.2016.1207718,,,,,,,,,Google Scholar; OpenAlex,2010
8JMKD3MGPDW34P/3KQ6ME5,deriving real time city crowd flows by heterogeneous big urban data|2018,deriving real time city crowd flows by heterogeneous big urban data,2018,"B Tang, C Yang, L Xiang, J Zeng - 2018 IEEE International …, 2018",,ieeexplore.ieee.org,https://ieeexplore.ieee.org/abstract/document/8622370/,,,,,,,,,Google Scholar; OpenAlex,2012
8JMKD3MGP3W34P/42GRQBL,desarrollo de una biblioteca en java para resolver el school bus routing problem|2019,desarrollo de una biblioteca en java para resolver el school bus routing problem,2019,"U Carbajal Márquez - Licenciatura …, 2019",,Universidad Autónoma de Ciudad …,,,,,,,,,,Google Scholar; OpenAlex,2014
83LX3pFwXQZ3V9uMbiY/Nibz8,descoberta de conhecimento em base de dados de projetos de inovacao um estudo em um polo embrapi|2020,descoberta de conhecimento em base de dados de projetos de inovacao um estudo em um polo embrapi,2020,"BNB Paixão, LB da Silva… - Simpósio de Pesquisa …, 2020",,academia.edu,https://www.academia.edu/download/78382018/DESCOBERTA_20DE_20CONHECIMENTO_20EM_20BASE_20DE_20DADOS_20DE_20PROJETOS_20DE_20INOVA_C3_87_C3_83O_20-_20UM_20ESTUDO_20EM_20UM_20POLO_20E.pdf,,,,,,,,,Google Scholar; OpenAlex,2006
83LX3pFwXQZ4BFjAq/mENBs,descripcion de conceptos geomorfologicos en modelos digitales de elevacion|2008,descripcion de conceptos geomorfologicos en modelos digitales de elevacion,2008,PNC HERRERA,,2008,,,,,,,,,,Google Scholar; OpenAlex,2000
83LX3pFwXQZ3V9uMbiY/MhU9d,description of the globiom brazil database available in the redd pac wfs server|2015,description of the globiom brazil database available in the redd pac wfs server,2015,"M Buurman, G Câmara, AY de Carvalho, J Jones…",,2015,https://pure.iiasa.ac.at/id/eprint/13742/1/wfs_globiom_brazil_1April2015.pdf,,,,,,,,,Google Scholar; OpenAlex,2003
8JMKD3MGPDW34P/487M6EL,descriptive analyses of knowledge attitudes and practices regarding rabies transmission and prevention in rural communities near wildlife reserves in uganda a|2024,descriptive analyses of knowledge attitudes and practices regarding rabies transmission and prevention in rural communities near wildlife reserves in uganda a,2024,"CGK Atuheire, J Okwee-Acai, M Taremwa… - Tropical Medicine and …, 2024",,Springer,https://link.springer.com/article/10.1186/s41182-024-00615-2,,,,,,,,,Google Scholar,2022
8JMKD3MGPDW34P/3Q5E2J8,desempenho de classificadores de imagens do sentinel 2|2019,desempenho de classificadores de imagens do sentinel 2,2019,CTP Barbosa,,2019,,,,,,,,,,Google Scholar; OpenAlex,2017
83LX3pFwXQZ3V9uMbiY/Nibrc,desenvolvendo um middleware para a integracao de queries olap a sig|2007,desenvolvendo um middleware para a integracao de queries olap a sig,2007,"JF Neis, CE Costa",,2007,https://repositorio.ufsc.br/handle/123456789/184420,,,,,,,,,Google Scholar; OpenAlex,2006
83LX3pFwXQZ3V9uMbiY/LHTxE,desenvolvimento de mosaico de imagens para automatizacao de processos na fruticultura de precisao|2021,desenvolvimento de mosaico de imagens para automatizacao de processos na fruticultura de precisao,2021,"TBP Anzolin, PL de Paula Filho, L Gebler… - … Latino-Americano de …, 2021",,sol.sbc.org.br,https://sol.sbc.org.br/index.php/latinoware/article/view/19926,,,,,,,,,Google Scholar; OpenAlex,2005
83LX3pFwXQZ3V9uMbiY/Mipec,desenvolvimento de solucoes sig para a administracao publica brasileira uma revisao sistematica development of gis solutions for the brazilian public|2023,desenvolvimento de solucoes sig para a administracao publica brasileira uma revisao sistematica development of gis solutions for the brazilian public,2023,"JAT de Oliveira Filho, FFF Peres - Revista de Geociências do …, 2023",,periodicos.ufrn.br,https://periodicos.ufrn.br/revistadoregne/article/view/32210,,,,,,,,,Google Scholar; OpenAlex,2003
83LX3pFwXQZ4BFjAq/mGata,desenvolvimento de um ambiente web para a interacao entre participantes de projetos de agricultura de precisao|2005,desenvolvimento de um ambiente web para a interacao entre participantes de projetos de agricultura de precisao,2005,WP Camargo,,2005,https://teses.usp.br/teses/disponiveis/11/11148/tde-01072005-155828/en.html,,,,,,,,,Google Scholar; OpenAlex,2000
83LX3pFwXQZ3V9uMbiY/MipaK,desenvolvimento de uma estrutura conceitual ontologia para a area de nanociencia e nanotecnologia|2005,desenvolvimento de uma estrutura conceitual ontologia para a area de nanociencia e nanotecnologia,2005,"SM Aluísio, ON Oliveira Jr, GMB Almeida… - Tech …, 2005",,repositorio.usp.br,https://repositorio.usp.br/directbitstream/42749343-0c5e-4a75-819c-1abfdd997d34/Relat%C3%B3rio%20T%C3%A9cnico_276_2...,,,,,,,,,Google Scholar; OpenAlex,2003
83LX3pFwXQZeBBx/oS9cf,desenvolvimento de uma ferramenta case para o modelo uml geoframe com suporte para padroes de analise|2002,desenvolvimento de uma ferramenta case para o modelo uml geoframe com suporte para padroes de analise,2002,"J Lisboa Filho, MA Pereira - Proc. IV Simpósio GEOINFO, 2002",,researchgate.net,https://www.researchgate.net/profile/Jugurta-Lisboa-Filho/publication/228710865_Desenvolvimento_de_uma_ferramenta_CASE_para_o_Modelo_UML-Geoframe_com_Suporte_para_Padroes_de_Analise/links/542e89010cf277d58e8ebf57/Desenvolvimento-de-uma-ferramenta-CASE-para-o-Modelo-UML-Geoframe-com-Suporte-para-Padroes-de-Analise.pdf,,,,,,,,,Google Scholar; OpenAlex,1999
8JMKD3MGP8W/3GTJ9KL,desenvolvimento de uma plataforma de software para a modelagem digital de terrenos baseada em tin|2014,desenvolvimento de uma plataforma de software para a modelagem digital de terrenos baseada em tin,2014,"FF Oliveira, MA Piteri, M Meneguette - Boletim de Ciências …, 2014",,SciELO Brasil,https://www.scielo.br/j/bcg/a/XC5bg3tXFxpJzvcD67BMDbz/?lang=pt,,,,,,,,,Google Scholar; OpenAlex,2002
83LX3pFwXQZ4BFjAq/mGafE,desenvolvimento de uma plataforma grafica para a descricao de modelos de sistemas ambientais|2008,desenvolvimento de uma plataforma grafica para a descricao de modelos de sistemas ambientais,2008,"TFM Lima, TGS Carneiro, SD Faria - Proceedings of the X …, 2008",,researchgate.net,https://www.researchgate.net/profile/Tiago-Carneiro-2/publication/228981627_Desenvolvimento_de_uma_Plataforma_Grafica_para_a_Descricao_de_Modelos_de_Sistemas_Ambientais/links/0deec52a764cae5aea000000/Desenvolvimento-de-uma-Plataforma-Grafica-para-a-Descricao-de-Modelos-de-Sistemas-Ambientais.pdf,,,,,,,,,Google Scholar; OpenAlex,2000
8JMKD3MGP3W34P/3N2UAT8,desenvolvimento de uma tecnica para estender um sgbd relacional com consultas por similaridade|2019,desenvolvimento de uma tecnica para estender um sgbd relacional com consultas por similaridade,2019,"N Junior, M Roberto",,2019,https://teses.usp.br/teses/disponiveis/55/55134/tde-04022020-111451/en.html,,,,,,,,,Google Scholar; OpenAlex,2016
83LX3pFwXQZ3V9uMbiY/LHUQQ,design and demonstration of a data model to integrate agent based and field based modelling|2017,design and demonstration of a data model to integrate agent based and field based modelling,2017,"MP De Bakker, K de Jong, O Schmitz… - … Modelling & Software, 2017",,Elsevier,https://www.sciencedirect.com/science/article/pii/S1364815216305898,,,,,,,,,Google Scholar; OpenAlex,2005
83LX3pFwXQZ3V9uMbiY/NiagS,design and implementation method of a high performance web image browsing server|2017,design and implementation method of a high performance web image browsing server,2017,"G Zhang, Y Pan, Y Ying - 2nd International Conference on …, 2017",,atlantis-press.com,https://www.atlantis-press.com/proceedings/icacie-17/25884464,,,,,,,,,Google Scholar; OpenAlex,2006
8JMKD3MGP8W/3HHGCGP,design and implementation of a gazetteer|2011,design and implementation of a gazetteer,2011,"A Soares - Universidade Técnica, Lisboa, 2011",,scholar.tecnico.ulisboa.pt,https://scholar.tecnico.ulisboa.pt/api/records/kDYx02JTbnG5aCaapcVhdpPjkLIWqO3kHiHy/file/3c77a72bb6e7ef76825eb094d4cc4040412f31d4a5bf23c72c37529057ae27fa.pdf,,,,,,,,,Google Scholar; OpenAlex,2007
8JMKD3MGPDW34P/3KJKDN8,design and implementation of falling star a non redudant spatio multidimensional logical model for document stores|2017,design and implementation of falling star a non redudant spatio multidimensional logical model for document stores,2017,"I Ferrahi, S Bimonte, MA Kang… - … Conference on Enterprise …, 2017",,scitepress.org,https://www.scitepress.org/papers/2017/63538/,,,,,,,,,Google Scholar; OpenAlex,2008
83LX3pFwXQZ4BFjAq/mENBs,design and implementation of space time point for real time public transportation route guidance|2012,design and implementation of space time point for real time public transportation route guidance,2012,"SH Kim, YJ Joo, SH Park - Spatial …, 2012",,Korea Spatial Information Society,,,,,,,,,,Google Scholar; OpenAlex,2000
8JMKD3MGPDW34R/3UFE9F8,design considerations of a perception system in functional safety operated and highly automated mobile machines|2023,design considerations of a perception system in functional safety operated and highly automated mobile machines,2023,"C Lee, S Schätzle, SA Lang, T Oksanen - Smart Agricultural Technology, 2023",,Elsevier,https://www.sciencedirect.com/science/article/pii/S2772375523001752,,,,,,,,,Google Scholar; OpenAlex,2019
83LX3pFwXQZeBBx/oS63E,design implementierung und evaluierung von mobilen benutzerschnittstellen fur den zugang zu raumlicher information|2008,design implementierung und evaluierung von mobilen benutzerschnittstellen fur den zugang zu raumlicher information,2008,G Obernberger,,2008,https://repositum.tuwien.at/handle/20.500.12708/12392,,,,,,,,,Google Scholar; OpenAlex,1999
83LX3pFwXQZ3V9uMbiY/MdGTa,design of a web based lbs framework addressing usability cost and implementation constraints|2010,design of a web based lbs framework addressing usability cost and implementation constraints,2010,"J Delfos, T Tan, B Veenendaal - World Wide Web, 2010",,Springer,https://link.springer.com/article/10.1007/s11280-010-0090-4,,,,,,,,,Google Scholar; OpenAlex,2004
8JMKD3MGP8W/3FCF4GH,design of wearable eeg devices specialized for passive brain computer interface applications|2020,design of wearable eeg devices specialized for passive brain computer interface applications,2020,"S Park, CH Han, CH Im - Sensors, 2020",,mdpi.com,https://www.mdpi.com/1424-8220/20/16/4572,,,,,,,,,Google Scholar; OpenAlex,2013
83LX3pFwXQZ4BFjAq/mGafE,design patterns in gis development the terralib experience|2001,design patterns in gis development the terralib experience,2001,"G Câmara, L Vinhas, RCM Souza, J Paiva… - III Simpósio Brasileiro …, 2001",,academia.edu,https://www.academia.edu/download/44384698/patterns_terralib.pdf,,,,,,,,,Google Scholar; OpenAlex,2000
8JMKD3MGPDW34P/3KQ2JSL,designing a language for spatial computing|2015,designing a language for spatial computing,2015,"W Kuhn, A Ballatore - AGILE 2015: Geographic Information Science as an …, 2015",,Springer,https://link.springer.com/chapter/10.1007/978-3-319-16787-9_18,,,,,,,,,Google Scholar; OpenAlex,2012
8JMKD3MGPDW34P/3KJKHE8,designing collaboratively crisis scenarios for serious games|2013,designing collaboratively crisis scenarios for serious games,2013,"N El Mawas, JP Cahier - KDIR/KMIS, 2013",,scitepress.org,https://www.scitepress.org/papers/2013/45483/45483.pdf,,,,,,,,,Google Scholar; OpenAlex,2008
83LX3pFwXQZeBBx/oS63E,designing mobile and ubiquitous games and playful interactions|2014,designing mobile and ubiquitous games and playful interactions,2014,"P Coulton - Playful user interfaces: interfaces that invite social and …, 2014",,Springer,https://link.springer.com/chapter/10.1007/978-981-4560-96-2_4,,,,,,,,,Google Scholar; OpenAlex,1999
8JMKD3MGP3W34P/3N2UANP,detailed agricultural land classification in the brazilian cerrado based on phenological information from dense satellite image time series|2019,detailed agricultural land classification in the brazilian cerrado based on phenological information from dense satellite image time series,2019,"H do Nascimento Bendini, LMG Fonseca… - International Journal of …, 2019",,Elsevier,https://www.sciencedirect.com/science/article/pii/S0303243418308961,,,,,,,,,Google Scholar; OpenAlex,2016
8JMKD3MGPDW34P/4ADBJ55,detailed mapping of irrigated rice fields using remote sensing data and segmentation techniques a case of study in turvo santa catarina brazil|2025,detailed mapping of irrigated rice fields using remote sensing data and segmentation techniques a case of study in turvo santa catarina brazil,2025,"ADB Garcia, VHR Prudente… - … of Information and …, 2025",SEM_MATCH,journals-sol.sbc.org.br,https://journals-sol.sbc.org.br/index.php/jidm/article/view/4181,,,,,,,,,Google Scholar; OpenAlex,2023
8JMKD3MGPDW34R/3UFEA88,deteccao de pontos de interesse e predicao de proximo local de visita de usuarios moveis com base em dados esparsos|2021,deteccao de pontos de interesse e predicao de proximo local de visita de usuarios moveis com base em dados esparsos,2021,"CGS Capanema, FA Silva - … Brasileiro de Redes de Computadores e …, 2021",,sol.sbc.org.br,https://sol.sbc.org.br/index.php/sbrc_estendido/article/view/17163,,,,,,,,,Google Scholar; OpenAlex,2019
8JMKD3MGP8W/3D62DML,deteccao prospectiva de conglomerados espaco tempo simultaneos pp 91 101|2014,deteccao prospectiva de conglomerados espaco tempo simultaneos pp 91 101,2014,"T Correa, B Veloso, A Iabrudi - Revista da Estatística da …, 2014",,periodicos.ufop.br,https://periodicos.ufop.br/rest/article/view/3315,,,,,,,,,Google Scholar; OpenAlex,2012
83LX3pFwXQZ3V9uMbiY/Mc9AB,deteccion de segregacion una propuesta basada en redes complejas y algoritmos de agrupamiento|2023,deteccion de segregacion una propuesta basada en redes complejas y algoritmos de agrupamiento,2023,AB Varela,,2023,,,,,,,,,,Google Scholar; OpenAlex,2004
83LX3pFwXQZ3V9uMbiY/Mc9Hq,detecting and investigating crime by means of data mining a general crime matching framework|2011,detecting and investigating crime by means of data mining a general crime matching framework,2011,"MR Keyvanpour, M Javideh, MR Ebrahimi - Procedia Computer Science, 2011",,Elsevier,https://www.sciencedirect.com/science/article/pii/S1877050910005181,,,,,,,,,Google Scholar; OpenAlex,2004
8JMKD3MGP3W34P/3N2U9JL,detecting center pivots in matopiba using hough transform and web time series service|2020,detecting center pivots in matopiba using hough transform and web time series service,2020,"ML Rodrigues, TS Körting… - 2020 IEEE Latin …, 2020",,ieeexplore.ieee.org,https://ieeexplore.ieee.org/abstract/document/9165648/,,,,,,,,,Google Scholar; OpenAlex,2016
83LX3pFwXQZ3V9uMbiY/MhUeP,detecting space time clusters prior work and new directions|2004,detecting space time clusters prior work and new directions,2004,"DB Neill, AW Moore",,2004,http://reports-archive.adm.cs.cmu.edu/anon/anon/home/ftp/usr0/ftp/2005/CMU-CS-05-115.pdf,,,,,,,,,Google Scholar; OpenAlex,2003
8JMKD3MGPDW34P/487M9FS,detecting urban change with open source gis programs a case study in guayaquil|2026,detecting urban change with open source gis programs a case study in guayaquil,2026,"D Castro-Rodas… - ISPRS Annals of …, 2026",,opus.bibliothek.uni-augsburg.de,https://opus.bibliothek.uni-augsburg.de/opus4/frontdoor/index/index/docId/131581,,,,,,,,,Google Scholar,2022
83LX3pFwXQZ4BFjAq/mGafE,detection and modelling of case clusters for urban leptospirosis|2008,detection and modelling of case clusters for urban leptospirosis,2008,"WS Tassinari, DCP Pellegrini, CBP Sá… - Tropical medicine & …, 2008",,Wiley Online Library,https://onlinelibrary.wiley.com/doi/abs/10.1111/j.1365-3156.2008.02028.x,,,,,,,,,Google Scholar; OpenAlex,2000
83LX3pFwXQZ3V9uMbiY/MhUeP,detection of emerging space time clusters|2005,detection of emerging space time clusters,2005,"DB Neill, AW Moore, M Sabhnani… - Proceedings of the …, 2005",,dl.acm.org,https://dl.acm.org/doi/abs/10.1145/1081870.1081897,,,,,,,,,Google Scholar; OpenAlex,2003
8JMKD3MGPDW34P/4ADBMKL,detection of forest removal in prodes mata atlantica discussion on the transition from visual to semiautomatic interpretation|2024,detection of forest removal in prodes mata atlantica discussion on the transition from visual to semiautomatic interpretation,2024,"F de Oliveira Passos¹, BV Adorno, RS do Carmo - Rev. Bras. Cartogr, 2024",,seer.ufu.br,https://seer.ufu.br/index.php/revistabrasileiracartografia/article/download/72619/41367/366867,,,,,,,,,Google Scholar,2023
8JMKD3MGPDW34P/3KP2T4E,determining flooded areas using crowd sensing data and weather radar precipitation a case study in brazil|2018,determining flooded areas using crowd sensing data and weather radar precipitation a case study in brazil,2018,"FEA Horita, RB Vilela, RG Martins… - … Systems for Crisis …, 2018",,wrap.warwick.ac.uk,https://wrap.warwick.ac.uk/id/eprint/102615/,,,,,,,,,Google Scholar; OpenAlex,2015
83LX3pFwXQZeBBx/oS63E,developing hand worn input and haptic support for real world target finding|2019,developing hand worn input and haptic support for real world target finding,2019,"YT Hsieh, A Jylhä, V Orso, S Andolina… - Personal and Ubiquitous …, 2019",,Springer,https://link.springer.com/article/10.1007/s00779-018-1180-z,,,,,,,,,Google Scholar; OpenAlex,1999
83LX3pFwXQZ3V9uMbiY/LHUKe,development and testing of a gis based hydrologic data management analysis and modeling software system|2012,development and testing of a gis based hydrologic data management analysis and modeling software system,2012,Y Cao,,2012,https://search.proquest.com/openview/e863d88648bf8ec7f090e51988a5c177/1?pq-origsite=gscholar&cbl=18750,,,,,,,,,Google Scholar; OpenAlex,2005
8JMKD3MGPDW34P/3KJKKJ2,development of a didactic model of the hydrologic cycle using the terrame graphical interface for modeling and simulation|2011,development of a didactic model of the hydrologic cycle using the terrame graphical interface for modeling and simulation,2011,"T Lima, S Faria, T Carneiro - … Conference on Computational Science and Its …, 2011",,Springer,https://link.springer.com/chapter/10.1007/978-3-642-21898-9_7,,,,,,,,,Google Scholar; OpenAlex,2008
8JMKD3MGP3W34P/42GRQBL,development of a java library to solve the school bus routing problem|2020,development of a java library to solve the school bus routing problem,2020,"A Ochoa-Zezzatti, U Carbajal, O Castillo… - Smart Technologies for …, 2020",,Springer,https://link.springer.com/chapter/10.1007/978-3-030-39986-3_9,,,,,,,,,Google Scholar; OpenAlex,2014
8JMKD3MGPDW34P/3KP35BL,development of a method for extracting spatial data from texts for visualization and information decision making support for territorial management|2020,development of a method for extracting spatial data from texts for visualization and information decision making support for territorial management,2020,"BM Pilecki, AV Vicentiy - IOP Conference Series: Earth and …, 2020",,iopscience.iop.org,https://iopscience.iop.org/article/10.1088/1755-1315/539/1/012087/meta,,,,,,,,,Google Scholar; OpenAlex,2015
8JMKD3MGPDW34P/3KP2T4E,development of a national scale real time twitter data mining pipeline for social geodata on the potential impacts of flooding on communities|2019,development of a national scale real time twitter data mining pipeline for social geodata on the potential impacts of flooding on communities,2019,"JLP Barker, CJA Macleod - Environmental modelling & software, 2019",,Elsevier,https://www.sciencedirect.com/science/article/pii/S136481521830094X,,,,,,,,,Google Scholar; OpenAlex,2015
83LX3pFwXQZ3V9uMbiY/NiaRQ,development of an indicator of propensity to energy commercial losses using geospatial statistical techniques and socio economic data the case of aes eletropaulo|2010,development of an indicator of propensity to energy commercial losses using geospatial statistical techniques and socio economic data the case of aes eletropaulo,2010,"ER Francisco, EB Fagundes, MC Ponchio… - RAM. Revista de …, 2010",,SciELO Brasil,https://www.scielo.br/j/ram/a/6YXz7DtvTxY5L6sZkXH64sH/?lang=en,,,,,,,,,Google Scholar; OpenAlex,2006
8JMKD3MGPDW34P/3KJKFU8,development paradigms contributing to the transformation of the brazilian amazon do people matter|2017,development paradigms contributing to the transformation of the brazilian amazon do people matter,2017,"PM de Toledo, E Dalla-Nora, ICG Vieira… - Current Opinion in …, 2017",,Elsevier,https://www.sciencedirect.com/science/article/pii/S1877343517300192,,,,,,,,,Google Scholar; OpenAlex,2008
83LX3pFwXQZ3V9uMbiY/LHUxR,diagnostico da producao e compartilhamento de dados geoespaciais no ambiente academico do panorama brasileiro as ides|2020,diagnostico da producao e compartilhamento de dados geoespaciais no ambiente academico do panorama brasileiro as ides,2020,"G Fronza, SP Camboim - Raega-O Espaço Geográfico em Análise, 2020",,revistas.ufpr.br,https://revistas.ufpr.br/raega/article/view/67015,,,,,,,,,Google Scholar; OpenAlex,2005
8JMKD3MGPDW34P/3KJKN5S,diffusive nature of housing prices|2025,diffusive nature of housing prices,2025,"AC Becharat, M Benzaquen, JP Bouchaud - Physical Review Letters, 2025",,APS,https://link.aps.org/doi/10.1103/f4vr-xdny,,,,,,,,,Google Scholar; OpenAlex,2008
83LX3pFwXQZ3V9uMbiY/MimPC,digital addressing system opportunity for business consumer e commerce integration in ghana|2019,digital addressing system opportunity for business consumer e commerce integration in ghana,2019,M Owusu-Adjei,,2019,,,,,,,,,,Google Scholar; OpenAlex,2003
8JMKD3MGPDW34P/3KQ6N2L,digital data cycle standardization quality sharing and security|2022,digital data cycle standardization quality sharing and security,2022,"AM Saraiva, W França Costa, F Xavier… - Digital Agriculture, 2022",,Springer,https://link.springer.com/chapter/10.1007/978-3-031-14533-9_16,,,,,,,,,Google Scholar; OpenAlex,2012
8JMKD3MGPDW34P/3KK5L2S,digital gazetteers review and prospects for place name knowledge bases|2025,digital gazetteers review and prospects for place name knowledge bases,2025,"KI Wijegunarathna, K Stock, CB Jones - ACM Computing Surveys, 2025",,dl.acm.org,https://dl.acm.org/doi/abs/10.1145/3763231,,,,,,,,,Google Scholar; OpenAlex,2010
83LX3pFwXQZ4BFjAq/mGafE,digital image processing in remote sensing|2009,digital image processing in remote sensing,2009,"LMG Fonseca, LM Namikawa… - 2009 tutorials of the XXII …, 2009",,ieeexplore.ieee.org,https://ieeexplore.ieee.org/abstract/document/5395150/,,,,,,,,,Google Scholar; OpenAlex,2000
83LX3pFwXQZ3V9uMbiY/Mipqu,dinamica da agricultura familiar para o abastecimento urbano um estudo de caso em uma cidade de porte medio|2018,dinamica da agricultura familiar para o abastecimento urbano um estudo de caso em uma cidade de porte medio,2018,IA Barbosa,,2018,https://repositorio.ufmg.br/items/b4a62cec-1dee-47ca-abf8-e54963c64854,,,,,,,,,Google Scholar; OpenAlex,2003
8JMKD3MGPDW34R/3UFEGCS,dinamica espacial e temporal de focos de calor em unidade de conservacao de corredor ecologico amazonico o caso da intensa pressao antropica na floresta|2022,dinamica espacial e temporal de focos de calor em unidade de conservacao de corredor ecologico amazonico o caso da intensa pressao antropica na floresta,2022,"F Dall'Igna, V Maniesi - Research, Society and Development, 2022",,rsdjournal.org,https://rsdjournal.org/rsd/article/view/29271,,,,,,,,,Google Scholar; OpenAlex,2019
8JMKD3MGP8W/3D62DML,discovering context dependent trajectory patterns from social media|2013,discovering context dependent trajectory patterns from social media,2013,CSC Kwok,,2013,https://repositum.tuwien.at/handle/20.500.12708/6911,,,,,,,,,Google Scholar; OpenAlex,2012
83LX3pFwXQZ3V9uMbiY/MioRd,discovering geographic locations in web pages using urban addresses|2007,discovering geographic locations in web pages using urban addresses,2007,"KAV Borges, AHF Laender, CB Medeiros… - Proceedings of the 4th …, 2007",,dl.acm.org,https://dl.acm.org/doi/abs/10.1145/1316948.1316957,,,,,,,,,Google Scholar; OpenAlex,2003
8JMKD3MGPDW34P/3NDC42E,discovering heterogeneous subsequences for trajectory classification|2019,discovering heterogeneous subsequences for trajectory classification,2019,"CA Ferrero, LM Petry, LO Alvares, W Zalewski… - arXiv preprint arXiv …, 2019",,arxiv.org,https://arxiv.org/abs/1903.07722,,,,,,,,,Google Scholar; OpenAlex,2016
8JMKD3MGP3W34R/42GRPC2,discovering homogeneous groups from geo tagged videos|2023,discovering homogeneous groups from geo tagged videos,2023,"X Di, DJ Lew, KW Nam - Sensors, 2023",,mdpi.com,https://www.mdpi.com/1424-8220/23/9/4443,,,,,,,,,Google Scholar; OpenAlex,2015
83LX3pFwXQZ3V9uMbiY/MioRd,discovering location indicators of toponyms from news to improve gazetteer based geo referencing|2008,discovering location indicators of toponyms from news to improve gazetteer based geo referencing,2008,C Gouvêa,,2008,https://www.academia.edu/download/95722861/p13.pdf,,,,,,,,,Google Scholar; OpenAlex,2003
83LX3pFwXQZ3V9uMbiY/MhUeP,discovery of anomalous spatio temporal windows using discretized spatio temporal scan statistics|2011,discovery of anomalous spatio temporal windows using discretized spatio temporal scan statistics,2011,"VP Janeja, A Gangopadhyay… - … Analysis and Data …, 2011",,Wiley Online Library,https://onlinelibrary.wiley.com/doi/abs/10.1002/sam.10122,,,,,,,,,Google Scholar; OpenAlex,2003
83LX3pFwXQZ3V9uMbiY/LHUQQ,discrete spatial assessment of multi parameter phenomena in low density region the val d agri case|2015,discrete spatial assessment of multi parameter phenomena in low density region the val d agri case,2015,"GL Casas, F Scorza - … Conference on Computational Science and Its …, 2015",,Springer,https://link.springer.com/chapter/10.1007/978-3-319-21470-2_59,,,,,,,,,Google Scholar; OpenAlex,2005
8JMKD3MGPDW34R/3UFEAMH,discrimination of sugarcane varieties by remote sensing a review of literature|2020,discrimination of sugarcane varieties by remote sensing a review of literature,2020,"PM Kai, RM da Costa, BM de Oliveira… - 2020 IEEE 44th …, 2020",,ieeexplore.ieee.org,https://ieeexplore.ieee.org/abstract/document/9202818/,,,,,,,,,Google Scholar; OpenAlex,2019
83LX3pFwXQZ3V9uMbiY/LHU82,distribuicao e dependencia espacial da mortalidade por tuberculose em um municipio da regiao amazonica|2022,distribuicao e dependencia espacial da mortalidade por tuberculose em um municipio da regiao amazonica,2022,"RA Arcêncio, AS Belchior, LH Arroyo… - Cadernos Saúde …, 2022",,SciELO Brasil,https://www.scielo.br/j/cadsc/a/VRFp9JYGJSyVhpwwHgNcGdx/?lang=pt,,,,,,,,,Google Scholar; OpenAlex,2005
83LX3pFwXQZ4BFjAq/mGafE,distribuicao espacial da leptospirose no municipio do rio de janeiro brasil ao longo dos anos de 1996 1999 spatial distribution of leptospirosis in the|2004,distribuicao espacial da leptospirose no municipio do rio de janeiro brasil ao longo dos anos de 1996 1999 spatial distribution of leptospirosis in the,2004,"W de Souza Tassinari, DCP Pellegrini, PC Sabroza… - Cad. Saúde Pública, 2004",,,,,,,,,,,,Google Scholar; OpenAlex,2000
83LX3pFwXQZ4BFjAq/mGafE,distribuicao espacial da leptospirose no municipio do rio de janeiro brasil ao longo dos anos de 1996 1999|2004,distribuicao espacial da leptospirose no municipio do rio de janeiro brasil ao longo dos anos de 1996 1999,2004,"WS Tassinari, DCP Pellegrini, PC Sabroza… - Cadernos de Saúde …, 2004",,SciELO Brasil,https://www.scielo.br/j/csp/a/Ggk75hZZCVbXYM5tsZhmRMJ/?lang=pt,,,,,,,,,Google Scholar; OpenAlex,2000
83LX3pFwXQZ3V9uMbiY/LHU82,distribuicao espacial da mortalidade por doencas do aparelho respiratorio no brasil|2009,distribuicao espacial da mortalidade por doencas do aparelho respiratorio no brasil,2009,"SC Hess, AP Alvarenga, C Medeiros, F Oliveira… - Engenharia Ambiental, 2009",,,,,,,,,,,,Google Scholar; OpenAlex,2005
83LX3pFwXQZ3V9uMbiY/LHU82,distribuicao espaco temporal da mortalidade por malformacoes congenitas e causas mal definidas em estados da regiao centro sul do brasil|2008,distribuicao espaco temporal da mortalidade por malformacoes congenitas e causas mal definidas em estados da regiao centro sul do brasil,2008,"SC Hess, OP Trevisan - Engenharia Sanitaria e Ambiental, 2008",,SciELO Brasil,https://www.scielo.br/j/esa/a/bkqYPC5mhfGFLfjTbHVPVwL/?lang=pt,,,,,,,,,Google Scholar; OpenAlex,2005
8JMKD3MGPDW34P/3KP32ES,distributed context tree weighting ctw for route prediction|2018,distributed context tree weighting ctw for route prediction,2018,"VS Tiwari, A Arya - Open Geospatial Data, Software and Standards, 2018",,Springer,https://link.springer.com/article/10.1186/s40965-018-0052-9,,,,,,,,,Google Scholar; OpenAlex,2015
8JMKD3MGPDW34P/3KP32ES,distributed data processing systems for processing remotely captured sensor data|2024,distributed data processing systems for processing remotely captured sensor data,2024,"PM Harish, BR Yeomans, A Herrmann… - US Patent …, 2024",,Google Patents,https://patents.google.com/patent/US11933624B2/en,,,,,,,,,Google Scholar; OpenAlex,2015
83LX3pFwXQZ3V9uMbiY/Niamr,distributed execution plans for multiway spatial join queries using multidimensional histograms|2016,distributed execution plans for multiway spatial join queries using multidimensional histograms,2016,"TB de Oliveira, FM Costa… - … of Information and …, 2016",,journals-sol.sbc.org.br,https://journals-sol.sbc.org.br/index.php/jidm/article/view/1591,,,,,,,,,Google Scholar; OpenAlex,2006
83LX3pFwXQZ3V9uMbiY/MdHuF,distributed rendering of images through intelligent task distribution|2011,distributed rendering of images through intelligent task distribution,2011,"D Vallejo, C Glez-Morcillo, J Angulo… - … Conference on P2P …, 2011",,ieeexplore.ieee.org,https://ieeexplore.ieee.org/abstract/document/6103166/,,,,,,,,,Google Scholar; OpenAlex,2004
8JMKD3MGPDW34P/45U7KBS,distributed schema analyzer enabled machine learning model for text review prediction using not only structure query language database|2026,distributed schema analyzer enabled machine learning model for text review prediction using not only structure query language database,2026,"PL Balley, SV Sonekar - … Systems, and Computing for Next-Gen …, 2026",,ieeexplore.ieee.org,https://ieeexplore.ieee.org/abstract/document/11546818/,,,,,,,,,Google Scholar,2021
83LX3pFwXQZ3V9uMbiY/LHum9,distributed spatial data fragmentation and cross border topological join optimization|2011,distributed spatial data fragmentation and cross border topological join optimization,2011,"XY ZHU, CH ZHOU, W GUO, Y XIA - Journal of Software, 2011",,sciengine.com,https://www.sciengine.com/doi/10.3724/SP.J.1001.2011.03798,,,,,,,,,Google Scholar; OpenAlex,2005
8JMKD3MGP8W/3FCBR3B,distributed viewshed analysis an evaluation of distribution frameworks for geospatial information systems|2016,distributed viewshed analysis an evaluation of distribution frameworks for geospatial information systems,2016,"E JOHANSSON, J Lundberg",,2016,https://odr.chalmers.se/bitstreams/2e629b6a-5b7b-4d7b-ad4b-32f8827ca19e/download,,,,,,,,,Google Scholar; OpenAlex,2013
83LX3pFwXQZ3V9uMbiY/LHRRo,distribution feeder one line diagrams automatic generation from geographic diagrams based on gis|2008,distribution feeder one line diagrams automatic generation from geographic diagrams based on gis,2008,"X Li, X Feng, Z Zeng, X Xu… - 2008 Third International …, 2008",,ieeexplore.ieee.org,https://ieeexplore.ieee.org/abstract/document/4523781/,,,,,,,,,Google Scholar; OpenAlex,2005
8JMKD3MGPDW34P/3NDC97E,distsensing a new platform for time series processing in a distributed computing environment|2017,distsensing a new platform for time series processing in a distributed computing environment,2017,"SST de Oliveira, M de Castro Cardoso… - Revista Brasileira de …, 2017",,seer.ufu.br,https://seer.ufu.br/index.php/revistabrasileiracartografia/article/download/44001/23252,,,,,,,,,Google Scholar; OpenAlex,2016
8JMKD3MGPDW34P/43PQSSS,diversificando as estrategias no ensino de micologia|2024,diversificando as estrategias no ensino de micologia,2024,CL Ribeiro,,2024,https://repositorio.ufsc.br/handle/123456789/257898,,,,,,,,,Google Scholar; OpenAlex,2020
83LX3pFwXQZ3V9uMbiY/Min6V,dmm a distributed map matching algorithm using the mapreduce paradigm|2016,dmm a distributed map matching algorithm using the mapreduce paradigm,2016,"AMR Almeida, MIV Lima, JAF Macedo… - 2016 IEEE 19th …, 2016",,ieeexplore.ieee.org,https://ieeexplore.ieee.org/abstract/document/7795788/,,,,,,,,,Google Scholar; OpenAlex,2003
8JMKD3MGPDW34P/3KJKDN8,document oriented geospatial data warehouse an experimental evaluation of solap queries|2019,document oriented geospatial data warehouse an experimental evaluation of solap queries,2019,"M Ferro, R Fragoso, R Fidalgo - 2019 IEEE 21st Conference on …, 2019",,ieeexplore.ieee.org,https://ieeexplore.ieee.org/abstract/document/8808080/,,,,,,,,,Google Scholar; OpenAlex,2008
83LX3pFwXQZ4BFjAq/mEp4v,doi sem doi|2007,doi sem doi,2007,"EG SILVA, VR BOCCATO - Informação & Informação, 2007",,,,,,,,,,,,Google Scholar; OpenAlex,2000
8JMKD3MGPDW34P/3NDC8C8,dostepnosc transportowa i obciazenie sieci drogowej w polsce w swietle zagrozen powodziowych|2021,dostepnosc transportowa i obciazenie sieci drogowej w polsce w swietle zagrozen powodziowych,2021,S Wiśniewski,,2021,https://www.ceeol.com/search/book-detail?id=1002247,,,,,,,,,Google Scholar; OpenAlex,2016
83LX3pFwXQZ3V9uMbiY/MdHjv,dr brigitte mathiak|2008,dr brigitte mathiak,2008,"AD EDUCATION - Software Engineer, 2008",,,,,,,,,,,,Google Scholar; OpenAlex,2004
8JMKD3MGP8W/3GQ6P35,dr marcelo tilio monteiro de carvalho|2011,dr marcelo tilio monteiro de carvalho,2011,CA Davis Jr,,2011,https://web.tecgraf.puc-rio.br/press/publication/Metello2011/Metello2011.pdf,,,,,,,,,Google Scholar; OpenAlex,2001
8JMKD3MGP8W/3FCBNKS,drainage networks and watersheds delineation derived from tin based digital elevation models|2016,drainage networks and watersheds delineation derived from tin based digital elevation models,2016,"HR de Azeredo Freitas, C da Costa Freitas… - Computers & …, 2016",,Elsevier,https://www.sciencedirect.com/science/article/pii/S0098300416300954,,,,,,,,,Google Scholar; OpenAlex,2013
83LX3pFwXQZ4BFjAq/mGafE,drainage paths derived from tin based digital elevation models|2013,drainage paths derived from tin based digital elevation models,2013,"HRA Freitas, S Rosim, JRF Oliveira… - Proceedings of the XIV …, 2013",,mtc-m16c.sid.inpe.br,http://mtc-m16c.sid.inpe.br/col/sid.inpe.br/mtc-m18/2013/12.10.17.55/doc/paper4.pdf,,,,,,,,,Google Scholar; OpenAlex,2000
83LX3pFwXQZ3V9uMbiY/LHRRo,drawing meshed one line diagrams of electric power systems using a modified controlled spring embedder algorithm enhanced with geospatial data|2011,drawing meshed one line diagrams of electric power systems using a modified controlled spring embedder algorithm enhanced with geospatial data,2011,"A de Assis Mota, LTM Mota - Journal of Computer Science, 2011",,Citeseer,,,,,,,,,,Google Scholar; OpenAlex,2005
8JMKD3MGPDW34R/3UFDD2S,driver passenger matching problem on online transportation using goal programming|2024,driver passenger matching problem on online transportation using goal programming,2024,"A Handojo, N Pujawan, B Santosa… - AIP Conference …, 2024",,pubs.aip.org,https://pubs.aip.org/aip/acp/article-abstract/2926/1/020123/2999325,,,,,,,,,Google Scholar; OpenAlex,2019
8JMKD3MGPDW34P/3SEUP2S,driver rating a mobile application to evaluate driver behaviour|2019,driver rating a mobile application to evaluate driver behaviour,2019,"NS Trindade, AH Kronbauer, HG Aragão, J Campos - Geoinfo, 2019",,mtc-m16d.sid.inpe.br,http://mtc-m16d.sid.inpe.br/col/sid.inpe.br/mtc-m16d/2019/11.27.13.16/doc/13-24.pdf,,,,,,,,,Google Scholar; OpenAlex,2018
8JMKD3MGPDW34R/3UFDD2S,driving pattern analysis to determine driver behaviors for local authority based on cloud using obd ii|2022,driving pattern analysis to determine driver behaviors for local authority based on cloud using obd ii,2022,"SK Singh, AK Singh - International journal of electrical and computer …, 2022",,hrcak.srce.hr,https://hrcak.srce.hr/clanak/420499,,,,,,,,,Google Scholar; OpenAlex,2019
8JMKD3MGPDW34P/3NDC29P,drone and satellite remote sensing for shallow water bathymetry mapping and feature detection|2022,drone and satellite remote sensing for shallow water bathymetry mapping and feature detection,2022,G Diaz,,2022,https://search.proquest.com/openview/35695461088e8f55aebdedefbaa8b144/1?pq-origsite=gscholar&cbl=2026366&diss=y,,,,,,,,,Google Scholar; OpenAlex,2016
8JMKD3MGPDW34P/3NDC4BB,dynamic and multi source semantic annotation of raw mobility data using geographic and social media data|2021,dynamic and multi source semantic annotation of raw mobility data using geographic and social media data,2021,"T Sakouhi, J Akaichi - Pervasive and Mobile Computing, 2021",,Elsevier,https://www.sciencedirect.com/science/article/pii/S1574119220301413,,,,,,,,,Google Scholar; OpenAlex,2016
83LX3pFwXQZeBBx/oS6vP,dynamic concept cartography for social networks|2011,dynamic concept cartography for social networks,2011,H Liu,,2011,,,,,,,,,,Google Scholar; OpenAlex,1999
8JMKD3MGPDW34P/3KJKHE8,dynamic modeling for training games|2011,dynamic modeling for training games,2011,MG Metello,,2011,,,,,,,,,,Google Scholar; OpenAlex,2008
8JMKD3MGP8W/3GTJ9SB,dynamic modeling|2008,dynamic modeling,2008,"J Albrecht - The Handbook of Geographic Information Science, 2008",,books.google.com,https://books.google.com/books?hl=pt-BR&lr=&id=4iqX4926x40C&oi=fnd&pg=PA436&ots=XK1JScvEYw&sig=oCvZtrkVbnvL9HgLHlCKxiRJ-PE,,,,,,,,,Google Scholar; OpenAlex,2002
83LX3pFwXQZ3V9uMbiY/Mc9St,dynamic models of geographic environment using ontological relations|2009,dynamic models of geographic environment using ontological relations,2009,"M Martinez, S Levachkine - … of the Fourth International Workshop, 17-20 …, 2009",,Springer,https://link.springer.com/chapter/10.1007/978-3-642-00304-2_11,,,,,,,,,Google Scholar; OpenAlex,2004
83LX3pFwXQZ3V9uMbiY/MdM4u,dynamic performance evaluation of a spatially distributed network|2011,dynamic performance evaluation of a spatially distributed network,2011,J Melecio Viñales,,2011,https://scholar.uprm.edu/entities/publication/9fd4111f-5832-4f23-9258-411d752dc405,,,,,,,,,Google Scholar; OpenAlex,2004
8JMKD3MGPDW34P/3KJKGEH,dynamical coupling of multiscale land change models|2009,dynamical coupling of multiscale land change models,2009,"E Moreira, S Costa, AP Aguiar, G Câmara… - Landscape Ecology, 2009",,Springer,https://link.springer.com/article/10.1007/s10980-009-9397-x,,,,,,,,,Google Scholar; OpenAlex,2008
83LX3pFwXQZ3V9uMbiY/MipaK,e termos um ambiente colaborativo web de gestao terminologica|2009,e termos um ambiente colaborativo web de gestao terminologica,2009,LHM Oliveira,,2009,https://teses.usp.br/teses/disponiveis/55/55134/tde-19012010-150638/en.html,,,,,,,,,Google Scholar; OpenAlex,2003
8JMKD3MGP3W34P/3N2U9JL,earth observation data cubes for brazil requirements methodology and products|2020,earth observation data cubes for brazil requirements methodology and products,2020,"KR Ferreira, GR Queiroz, L Vinhas, RFB Marujo… - Remote …, 2020",,openurl.ebsco.com,https://openurl.ebsco.com/contentitem/gcd:147778924?sid=ebsco:plink:crawler-gcd&id=ebsco:gcd:147778924&crl=c&jrnl=20724292,,,,,,,,,Google Scholar; OpenAlex,2016
8JMKD3MGP8W/3HHLP88,ecological vulnerability of the densu river basin due to land use change and climate variability|2020,ecological vulnerability of the densu river basin due to land use change and climate variability,2020,"SA Ofosu, KA Adjei, SN Odai - Cogent Engineering, 2020",,Taylor & Francis,https://www.tandfonline.com/doi/abs/10.1080/23311916.2020.1735714,,,,,,,,,Google Scholar; OpenAlex,2007
8JMKD3MGPDW34R/3UFDD2S,effect of driver response on efficiency of vehicular communication using penalty cost function evcpcf|2023,effect of driver response on efficiency of vehicular communication using penalty cost function evcpcf,2023,"MZ Iskandarani - The Open Transportation Journal, 2023",,opentransportationjournal.com,https://opentransportationjournal.com/VOLUME/17/ELOCATOR/e187444782301031/,,,,,,,,,Google Scholar; OpenAlex,2019
83LX3pFwXQZ3V9uMbiY/LHU82,effect of social development in reducing tuberculosis mortality in northeastern brazil areas|2020,effect of social development in reducing tuberculosis mortality in northeastern brazil areas,2020,"AAR Queiroz, TZ Berra, ATI Bruce… - The Journal of …, 2020",,repositorio.usp.br,https://repositorio.usp.br/directbitstream/1baff1f2-3407-4218-a790-89b1638365de/003025133.pdf,,,,,,,,,Google Scholar; OpenAlex,2005
8JMKD3MGPDW34P/3NDC42E,effective trajectory data storage for tracking applications|2024,effective trajectory data storage for tracking applications,2024,"I Ostroumov, Y Averyanova… - 2024 IEEE 17th …, 2024",,ieeexplore.ieee.org,https://ieeexplore.ieee.org/abstract/document/10755923/,,,,,,,,,Google Scholar; OpenAlex,2016
8JMKD3MGPDW34R/3UFEAMH,effects of resampling image methods in sugarcane classification and the potential use of vegetation indices related to chlorophyll|2021,effects of resampling image methods in sugarcane classification and the potential use of vegetation indices related to chlorophyll,2021,"PM Kai, BM de Oliveira, GS Vieira… - 2021 IEEE 45th …, 2021",,ieeexplore.ieee.org,https://ieeexplore.ieee.org/abstract/document/9529892/,,,,,,,,,Google Scholar; OpenAlex,2019
83LX3pFwXQZ5Jpy/oSQam,efficacious sustainability of gis development within a low income country the brazilian experience|2004,efficacious sustainability of gis development within a low income country the brazilian experience,2004,"G Câmara, H Onsrud, AM Monteiro - Image Processing, Brazil, 2004",,dpi.inpe.br,http://www.dpi.inpe.br/gilberto/papers/sustainable_gis_brazil.pdf,,,,,,,,,Google Scholar; OpenAlex,1999
8JMKD3MGP8W/3FCBR3B,efficient data structure and highly scalable algorithm for total viewshed computation|2014,efficient data structure and highly scalable algorithm for total viewshed computation,2014,"S Tabik, AR Cervilla, E Zapata… - IEEE Journal of Selected …, 2014",,ieeexplore.ieee.org,https://ieeexplore.ieee.org/abstract/document/6837455/,,,,,,,,,Google Scholar; OpenAlex,2013
8JMKD3MGPDW34P/43PLD2P,efficient geospatial data analysis framework in fog environment|2022,efficient geospatial data analysis framework in fog environment,2022,"W Saber, R Eisa, R Attia - IEEE Access, 2022",,ieeexplore.ieee.org,https://ieeexplore.ieee.org/abstract/document/9997492/,,,,,,,,,Google Scholar; OpenAlex,2020
8JMKD3MGPDW34P/3KJKDN8,efficient joins with compressed bitmap indexes|2009,efficient joins with compressed bitmap indexes,2009,"K Madduri, K Wu - Proceedings of the 18th ACM conference on …, 2009",,dl.acm.org,https://dl.acm.org/doi/abs/10.1145/1645953.1646083,,,,,,,,,Google Scholar; OpenAlex,2008
83LX3pFwXQZ3V9uMbiY/NiagS,efficient large scale multi dimensional spatial data processing|2021,efficient large scale multi dimensional spatial data processing,2021,D Teng,,2021,https://search.proquest.com/openview/4e8e428c40455aa4b9bd5db4c0618972/1?pq-origsite=gscholar&cbl=18750&diss=y,,,,,,,,,Google Scholar; OpenAlex,2006
83LX3pFwXQZ3V9uMbiY/NiagS,efficient selection of geospatial data on maps for interactive and visualized exploration|2018,efficient selection of geospatial data on maps for interactive and visualized exploration,2018,"T Guo, K Feng, G Cong, Z Bao - … of the 2018 international conference on …, 2018",,dl.acm.org,https://dl.acm.org/doi/abs/10.1145/3183713.3183738,,,,,,,,,Google Scholar; OpenAlex,2006
83LX3pFwXQZ3V9uMbiY/NiagS,efficient spatial queries over complex polygons with hybrid representations|2024,efficient spatial queries over complex polygons with hybrid representations,2024,"D Teng, F Baig, Z Peng, J Kong, F Wang - GeoInformatica, 2024",,Springer,https://link.springer.com/article/10.1007/s10707-023-00508-2,,,,,,,,,Google Scholar; OpenAlex,2006
83LX3pFwXQZ3V9uMbiY/LHTui,efficiently monitoring reverse k nearest neighbors in spatial networks|2015,efficiently monitoring reverse k nearest neighbors in spatial networks,2015,"S Wang, MA Cheema, X Lin - The Computer Journal, 2015",,ieeexplore.ieee.org,https://ieeexplore.ieee.org/abstract/document/8130278/,,,,,,,,,Google Scholar; OpenAlex,2005
83LX3pFwXQZ3V9uMbiY/MdGsf,effiziente nachbarschaftserkennung mobiler endgerate mit dead reckoning|2006,effiziente nachbarschaftserkennung mobiler endgerate mit dead reckoning,2006,"T Wilder - Master's thesis, LMU München, 2006",,,,,,,,,,,,Google Scholar; OpenAlex,2004
8JMKD3MGPDW34P/3KLNKR2,eficiencia dos modelos de dados relacional documento e grafo para o gerenciamento de dados geograficos moveis|2015,eficiencia dos modelos de dados relacional documento e grafo para o gerenciamento de dados geograficos moveis,2015,PO Santos,,2015,https://repositorio.ufmg.br/items/0b45a467-3619-4290-a6f5-ac8b1d730e39,,,,,,,,,Google Scholar; OpenAlex,2011
83LX3pFwXQZ3V9uMbiY/MdHf2,egitim amaclı binalar icin topografik ve kentsel ontolojilerin olusturulması|2014,egitim amaclı binalar icin topografik ve kentsel ontolojilerin olusturulması,2014,Z Altunkaya,,2014,,,,,,,,,,Google Scholar; OpenAlex,2004
83LX3pFwXQZ3V9uMbiY/MhUeP,eigenspace method for spatiotemporal hotspot detection|2015,eigenspace method for spatiotemporal hotspot detection,2015,"H Fanaee‐T, J Gama - Expert systems, 2015",,Wiley Online Library,https://onlinelibrary.wiley.com/doi/abs/10.1111/exsy.12088,,,,,,,,,Google Scholar; OpenAlex,2003
83LX3pFwXQZ3V9uMbiY/MdGsf,ein framework fur kontextbezogene anwendungen in der nexus plattform|2006,ein framework fur kontextbezogene anwendungen in der nexus plattform,2006,"M Wieland, D Nicklas - 3. GI/ITG KuVS Fachgespräch …, 2006",,wireless-earth.de,http://www.wireless-earth.de/fg_lbs/meeting_3/FG_2006_Proceedings.pdf#page=35,,,,,,,,,Google Scholar; OpenAlex,2004
8JMKD3MGPDW34P/3KLNKR2,einsatz von nosql datenbanksystemen fur geodaten|2012,einsatz von nosql datenbanksystemen fur geodaten,2012,"B Thurm - Bachelorarbeit Hochschule für Technik und Wirtschaft …, 2012",,,,,,,,,,,,Google Scholar; OpenAlex,2011
83LX3pFwXQZ3V9uMbiY/LHTbc,elaboracao de um sig web como ferramenta de gerenciamento de atividades agricolas estudo de caso para area de cultivo da empresa usina coruripe|2023,elaboracao de um sig web como ferramenta de gerenciamento de atividades agricolas estudo de caso para area de cultivo da empresa usina coruripe,2023,JD Santos,,2023,https://www.repositorio.ufal.br/handle/123456789/15670,,,,,,,,,Google Scholar; OpenAlex,2005
83LX3pFwXQZ3V9uMbiY/MdFRL,eleicoes e territorios|2013,eleicoes e territorios,2013,A Farage-Figueiredo,,2013,https://teses.usp.br/teses/disponiveis/8/8131/tde-07012014-103130/en.html,,,,,,,,,Google Scholar; OpenAlex,2004
8JMKD3MGPDW34P/3NDC42E,empregando clustering para identificacao de trajetorias de transporte de ilicitos por veiculos|2020,empregando clustering para identificacao de trajetorias de transporte de ilicitos por veiculos,2020,ML Remião,,2020,http://repositorio.jesuita.org.br/bitstream/handle/UNISINOS/10223/Marcelo+Lopes+Remiao_.pdf?sequence=1,,,,,,,,,Google Scholar; OpenAlex,2016
83LX3pFwXQZeBBx/oS63E,enabling spatially aware mobile applications|2007,enabling spatially aware mobile applications,2007,"R Simon, P Fröhlich, H Anegg - Transactions in GIS, 2007",,Wiley Online Library,https://onlinelibrary.wiley.com/doi/abs/10.1111/j.1467-9671.2007.01072.x,,,,,,,,,Google Scholar; OpenAlex,1999
83LX3pFwXQZ3V9uMbiY/MhU9d,energetic food webs an analysis of real and model ecosystems|2012,energetic food webs an analysis of real and model ecosystems,2012,"JC Moore, PC de Ruiter",,2012,https://books.google.com/books?hl=pt-BR&lr=&id=fuLFjqnA-A4C&oi=fnd&pg=PT20&ots=0nqAwP4Jcg&sig=n07520ZIQYMb9Li-9KFl7moFa0o,,,,,,,,,Google Scholar; OpenAlex,2003
83LX3pFwXQZ3V9uMbiY/NiaRQ,energy saving by ambient intelligence techniques|2014,energy saving by ambient intelligence techniques,2014,"M Cristani, E Karafili… - 2014 17th International …, 2014",,ieeexplore.ieee.org,https://ieeexplore.ieee.org/abstract/document/7023948/,,,,,,,,,Google Scholar; OpenAlex,2006
83LX3pFwXQZeBBx/oS63E,engineering augmented tourism experiences|2013,engineering augmented tourism experiences,2013,"Z Yovcheva, D Buhalis, C Gatzidis - … in Tourism 2013: Proceedings of the …, 2013",,Springer,https://link.springer.com/chapter/10.1007/978-3-642-36309-2_3,,,,,,,,,Google Scholar; OpenAlex,1999
8JMKD3MGP8W/3HHGCGP,enhanced geographically typed semantic schema matching|2011,enhanced geographically typed semantic schema matching,2011,"J Partyka, P Parveen, L Khan, B Thuraisingham… - Journal of Web …, 2011",,Elsevier,https://www.sciencedirect.com/science/article/pii/S1570826810000909,,,,,,,,,Google Scholar; OpenAlex,2007
83LX3pFwXQZ3V9uMbiY/MdGTa,enhancing accessibility to web mapping systems with technology aligned adaptive profiles|2014,enhancing accessibility to web mapping systems with technology aligned adaptive profiles,2014,"J Delfos, B Veenendaal, T Tan - International Journal of Digital …, 2014",,Taylor & Francis,https://www.tandfonline.com/doi/abs/10.1080/17538947.2013.805260,,,,,,,,,Google Scholar; OpenAlex,2004
8JMKD3MGPDW34P/3KJKE6B,enhancing accuracy and expressive power of range query answers over incomplete spatial databases via a novel reasoning approach|2011,enhancing accuracy and expressive power of range query answers over incomplete spatial databases via a novel reasoning approach,2011,"A Cuzzocrea, A Nucita - Data & Knowledge Engineering, 2011",,Elsevier,https://www.sciencedirect.com/science/article/pii/S0169023X11000292,,,,,,,,,Google Scholar; OpenAlex,2008
8JMKD3MGP3W34P/3HJPLH2,enhancing forest site classification in northwest portugal a geostatistical approach employing cokriging sustainability 2024 16 6423|2024,enhancing forest site classification in northwest portugal a geostatistical approach employing cokriging sustainability 2024 16 6423,2024,"B Pavani-Biju, JG Borges, S Marques, AC Teodoro",,2024,https://pdfs.semanticscholar.org/5ec9/1ae8ffc45fbce06ca2ebefce97b74ed39372.pdf,,,,,,,,,Google Scholar; OpenAlex,2014
8JMKD3MGP3W34P/3HJPLH2,enhancing forest site classification in northwest portugal a geostatistical approach employing cokriging|2024,enhancing forest site classification in northwest portugal a geostatistical approach employing cokriging,2024,"B Pavani-Biju, JG Borges, S Marques, AC Teodoro - Sustainability, 2024",,mdpi.com,https://www.mdpi.com/2071-1050/16/15/6423,,,,,,,,,Google Scholar; OpenAlex,2014
8JMKD3MGPDW34P/43PLD2P,enhancing mobile network infrastructure through spatio temporal analysis and decision support systems by geo decisional prototype|2024,enhancing mobile network infrastructure through spatio temporal analysis and decision support systems by geo decisional prototype,2024,"YA Otmane - International Journal of Information Science and …, 2024",,innove.org,http://www.innove.org/ijist/index.php/ijist/article/view/253,,,,,,,,,Google Scholar; OpenAlex,2020
8JMKD3MGPDW34P/3NDDJ25,enhancing traffic safety with the implementation of crowdsensing solutions in the mobile era|2019,enhancing traffic safety with the implementation of crowdsensing solutions in the mobile era,2019,X Li,,2019,https://search.proquest.com/openview/cd48625b2c63afa3bd859cdf55f749c1/1?pq-origsite=gscholar&cbl=18750&diss=y,,,,,,,,,Google Scholar; OpenAlex,2016
8JMKD3MGPDW34P/3Q5DTGL,enriching wikipedia texts through geographic information extraction|2023,enriching wikipedia texts through geographic information extraction,2023,"L Ventrice, L Di Caro - Proceedings of the International Conference on …, 2023",,dl.acm.org,https://dl.acm.org/doi/abs/10.1145/3625007.3630110,,,,,,,,,Google Scholar; OpenAlex,2017
83LX3pFwXQZ3V9uMbiY/LHTK3,enrichment of routing map and its visualization for multimodal navigation|2012,enrichment of routing map and its visualization for multimodal navigation,2012,Y Zhu,,2012,https://mediatum.ub.tum.de/1106577,,,,,,,,,Google Scholar; OpenAlex,2005
8JMKD3MGP8W/3D62DH8,enriquecimento de dados de referencia para recuperacao de informacao geografica utilizando linked data|2015,enriquecimento de dados de referencia para recuperacao de informacao geografica utilizando linked data,2015,THVM de Moura,,2015,https://repositorio.ufmg.br/items/e51116c0-7daf-474b-8097-5ad13543bc77,,,,,,,,,Google Scholar; OpenAlex,2012
8JMKD3MGP8W/3FCBN8P,enriquecimento semantico de informacao geografica voluntaria utilizando linked data e tesauro|2018,enriquecimento semantico de informacao geografica voluntaria utilizando linked data e tesauro,2018,LS Costa,,2018,https://www.lareferencia.info/vufind/Record/BR_3ca79b1a6adbc597def3aec6ac90ec69,,,,,,,,,Google Scholar; OpenAlex,2013
8JMKD3MGP8W/3HHGC5L,entities and relations for agent based modelling of complex spatial systems|2010,entities and relations for agent based modelling of complex spatial systems,2010,"PR de Andrade, AMV Monteiro… - 2010 Second Brazilian …, 2010",,ieeexplore.ieee.org,https://ieeexplore.ieee.org/abstract/document/6030022/,,,,,,,,,Google Scholar; OpenAlex,2007
8JMKD3MGP8W/3HHGCGP,entity identification on the semantic web|2008,entity identification on the semantic web,2008,"A Morris, Y Velegrakis, P Bouquet - SWAP, 2008",,disi.unitn.it,http://disi.unitn.it/~velgias/docs/MorrisVB08.pdf,,,,,,,,,Google Scholar; OpenAlex,2007
83LX3pFwXQZ3V9uMbiY/MdGsf,entwicklung ortsbezogener anwendungen|2006,entwicklung ortsbezogener anwendungen,2006,"C Becker, F Dürr, M Knoll… - Praxis der …, 2006",,madoc.bib.uni-mannheim.de,https://madoc.bib.uni-mannheim.de/39240/,,,,,,,,,Google Scholar; OpenAlex,2004
8JMKD3MGPDW34P/3KLNKJB,environment changes detection a proactive system to monitor moving objects|2012,environment changes detection a proactive system to monitor moving objects,2012,F da Costa Albuquerque,,2012,https://web.tecgraf.puc-rio.br/press/publication/Alencar2009/Albuquerque2012b/Albuquerque2012b.pdf,,,,,,,,,Google Scholar; OpenAlex,2011
8JMKD3MGPDW34P/3Q5DUR8,environmental impacts of transmission lines and open data standards for infrastructure projects in the brazilian amazon|2019,environmental impacts of transmission lines and open data standards for infrastructure projects in the brazilian amazon,2019,JL Hyde,,2019,https://search.proquest.com/openview/12d812518dbd861215f9d4ea6ff3c719/1?pq-origsite=gscholar&cbl=18750&diss=y,,,,,,,,,Google Scholar; OpenAlex,2017
8JMKD3MGPDW34P/4ADCNAB,environmental indicators of forest health under contrasting management regimes in a tropical rainforest of kenya|2026,environmental indicators of forest health under contrasting management regimes in a tropical rainforest of kenya,2026,"VO Suba, E Oluoch, A Akter, O Iheme, L Sikuku… - Environmental …, 2026",,Springer,https://link.springer.com/article/10.1007/s10661-025-14973-9,,,,,,,,,Google Scholar,2023
83LX3pFwXQZ3V9uMbiY/LHU82,epidemiologia da hanseniase na paraiba e sua relacao com a cobertura da atencao primaria a saude e condicoes socioeconomicas|2018,epidemiologia da hanseniase na paraiba e sua relacao com a cobertura da atencao primaria a saude e condicoes socioeconomicas,2018,KMFA Araújo,,2018,https://repositorio.ufmg.br/items/776d681c-79ac-40c9-b628-1d824e2ac475,,,,,,,,,Google Scholar; OpenAlex,2005
83LX3pFwXQZ3V9uMbiY/LHU82,epidemiologia e distribuicao espacial da sifilis congenita em sergipe|2018,epidemiologia e distribuicao espacial da sifilis congenita em sergipe,2018,KB Silveira,,2018,https://ri.ufs.br/handle/riufs/10150,,,,,,,,,Google Scholar; OpenAlex,2005
8JMKD3MGP8W/3D62CSE,epidemiologia molecular e estudo dos fatores de virulencia de staphylococcus aureus resistentes a oxacilina isolados de feridas em pacientes atendidos em|2016,epidemiologia molecular e estudo dos fatores de virulencia de staphylococcus aureus resistentes a oxacilina isolados de feridas em pacientes atendidos em,2016,EPLP Franchi,,2016,https://repositorio.unesp.br/items/0afb67d3-3618-49af-8efb-5bf6f603f1a5,,,,,,,,,Google Scholar; OpenAlex,2012
83LX3pFwXQZ3V9uMbiY/LHU82,epidemiology of american tegumentary leishmaniasis in bahia brazil 2007 2023|2025,epidemiology of american tegumentary leishmaniasis in bahia brazil 2007 2023,2025,"TS Rocha, LC Pires, GL de Oliveira, SR Ferreira - Acta Tropica, 2025",,Elsevier,https://www.sciencedirect.com/science/article/pii/S0001706X25001226,,,,,,,,,Google Scholar; OpenAlex,2005
8JMKD3MGPDW34P/3Q5DNG5,episodes of change emotion change in semantic trajectories of multimodal sensor data|2023,episodes of change emotion change in semantic trajectories of multimodal sensor data,2023,"T Johnson, E Kanjo - 2023 IEEE International Conference on …, 2023",,ieeexplore.ieee.org,https://ieeexplore.ieee.org/abstract/document/10150220/,,,,,,,,,Google Scholar; OpenAlex,2017
83LX3pFwXQZ3V9uMbiY/Mc4v6,especificacao de testes funcionais para o processador de consultas da arquitetura golapa|2007,especificacao de testes funcionais para o processador de consultas da arquitetura golapa,2007,"DMV BARROS - Monografia (Graduação). Universidade Federal de …, 2007",,cin.ufpe.br,https://www.cin.ufpe.br/~tg/2006-2/dmvb.pdf,,,,,,,,,Google Scholar; OpenAlex,2004
83LX3pFwXQZ3V9uMbiY/MdHf2,esquema de un modelo de integracion de datos metadatos y conocimiento geografico|2010,esquema de un modelo de integracion de datos metadatos y conocimiento geografico,2010,"RO Santos, FM Pérez, EG Llano - VII Jornadas para el Desarrollo …, 2010",,researchgate.net,https://www.researchgate.net/profile/Rafael_Oliva_Santos/publication/267565483_Esquema_de_un_modelo_de_Integracion_de_datos_metadatos_y_conocimiento_geografico/links/00b4953b9ae570eafe000000/Esquema-de-un-modelo-de-Integracion-de-datos-metadatos-y-conocimiento-geografico.pdf,,,,,,,,,Google Scholar; OpenAlex,2004
83LX3pFwXQZ3V9uMbiY/NiaRQ,essays on information asymmetry and welfare benefit|2015,essays on information asymmetry and welfare benefit,2015,HHD Tasik,,2015,https://search.proquest.com/openview/bb0b2cfd91e10271ac659c62be4fb36c/1?pq-origsite=gscholar&cbl=18750,,,,,,,,,Google Scholar; OpenAlex,2006
83LX3pFwXQZ3V9uMbiY/NiaRQ,establishment of artificial neural network for suspension spring fatigue life prediction using strain and acceleration data|2019,establishment of artificial neural network for suspension spring fatigue life prediction using strain and acceleration data,2019,YS Kong,,2019,https://scholar.archive.org/work/v5m7w6is4vaenmon6x7uoajk5m/access/wayback/https://duepublico2.uni-due.de/servlets/MCRFileNodeServlet/duepublico_derivate_00070111/Diss_Kong.pdf,,,,,,,,,Google Scholar; OpenAlex,2006
83LX3pFwXQZ3V9uMbiY/MdFGH,estado actual de las tecnologias de bodega de datos y olap aplicadas a bases de datos espaciales|2007,estado actual de las tecnologias de bodega de datos y olap aplicadas a bases de datos espaciales,2007,"DO Abril Frade, JN Pérez Castillo - Ingeniería e Investigación, 2007",,scielo.org.co,http://www.scielo.org.co/scielo.php?pid=S0120-56092007000100008&script=sci_arttext,,,,,,,,,Google Scholar; OpenAlex,2004
8JMKD3MGPDW34P/3NDDJ25,estimating freeway level of service using crowdsourced data informatics 2021 8 17|2021,estimating freeway level of service using crowdsourced data informatics 2021 8 17,2021,"N Hoseinzadeh, Y Gu, LD Han, C Brakewood…",,2021,https://search.proquest.com/openview/775567fd2704ead00c875eaa8b440510/1?pq-origsite=gscholar&cbl=2032385,,,,,,,,,Google Scholar; OpenAlex,2016
8JMKD3MGPDW34P/3NDDJ25,estimating freeway level of service using crowdsourced data|2021,estimating freeway level of service using crowdsourced data,2021,"N Hoseinzadeh, Y Gu, LD Han, C Brakewood… - Informatics, 2021",,mdpi.com,https://www.mdpi.com/2227-9709/8/1/17,,,,,,,,,Google Scholar; OpenAlex,2016
83LX3pFwXQZ3V9uMbiY/MdJMR,estimating the overlapping area of polygon join|2005,estimating the overlapping area of polygon join,2005,"LG Azevedo, G Zimbrão, JM de Souza… - … Symposium on Spatial …, 2005",,Springer,https://link.springer.com/chapter/10.1007/11535331_6,,,,,,,,,Google Scholar; OpenAlex,2004
83LX3pFwXQZ3V9uMbiY/MdJ7h,estimation of joint radiometric and geometric image deformations|2012,estimation of joint radiometric and geometric image deformations,2012,"S Kovalsky, R Hagege, JM Francos - US Patent 8,275,204, 2012",,Google Patents,https://patents.google.com/patent/US8275204B1/en,,,,,,,,,Google Scholar; OpenAlex,2004
8JMKD3MGP8W/3GTEMJB,estimativa da distribuicao espacial da populacao na amazonia brasileira com o uso de sensoriamento remoto orbital contribuicoes das imagens ccd cbers|2005,estimativa da distribuicao espacial da populacao na amazonia brasileira com o uso de sensoriamento remoto orbital contribuicoes das imagens ccd cbers,2005,"S Amaral, AMV Monteiro, G Câmara… - XII Simposio Brasileiro …, 2005",,researchgate.net,https://www.researchgate.net/profile/Antonio-Monteiro-19/publication/228989747_Estimativa_da_distribuicao_espacial_da_populacao_na_Amazonia_brasileira_com_o_uso_de_Sensoriamento_remoto_orbital_Contribuicoes_das_imagens_CCDCBERS/links/09e4150b6433d64681000000/Estimativa-da-distribuicao-espacial-da-populacao-na-Amazonia-brasileira-com-o-uso-de-Sensoriamento-remoto-orbital-Contribuicoes-das-imagens-CCD-CBERS.pdf,,,,,,,,,Google Scholar; OpenAlex,2002
8JMKD3MGP3W34P/42H35Q5,estrategia de prediccion en procesos biologicos del campo agricola con datos limitados casos de aplicacion en cafe y banano|2020,estrategia de prediccion en procesos biologicos del campo agricola con datos limitados casos de aplicacion en cafe y banano,2020,LA Calvo-Valverde,,2020,https://repositoriotec.tec.ac.cr/items/5caaae5f-bf4f-4bea-901b-46e260e39d7f,,,,,,,,,Google Scholar; OpenAlex,2014
83LX3pFwXQZ4BFjAq/mGafE,estrategia para classificacao supervisionada de series temporais de imagens de sensoriamento remoto quando nao se dispoe de treinamento para todas as|2019,estrategia para classificacao supervisionada de series temporais de imagens de sensoriamento remoto quando nao se dispoe de treinamento para todas as,2019,"NAP Moreira, TS Körting, LV Dutra… - XIX SBSR, Santos …, 2019",,marte2.sid.inpe.br,http://marte2.sid.inpe.br/col/sid.inpe.br/marte2/2019/08.29.17.11/doc/97149.pdf,,,,,,,,,Google Scholar; OpenAlex,2000
83LX3pFwXQZ4BFjAq/mxUyb,estrategia semiautomatica de extracao de cruzamentos de vias em areas urbanas usando ortoimagens de alta resolucao|2012,estrategia semiautomatica de extracao de cruzamentos de vias em areas urbanas usando ortoimagens de alta resolucao,2012,"DJ Santos, DR Santos - Boletim Paranaense de Geociências, 2012",,revistas.ufpr.br,https://revistas.ufpr.br/geociencias/article/view/18181,,,,,,,,,Google Scholar; OpenAlex,2000
8JMKD3MGP8W/3D62CSE,estratificacao automatica de areas prioritarias para controle da dengue utilizando o model builder do qgis em uma analise multicriterio|2020,estratificacao automatica de areas prioritarias para controle da dengue utilizando o model builder do qgis em uma analise multicriterio,2020,"EF Paiva Júnior, TS Vaz, M Rosa… - … e Serviços de Saúde, 2020",,SciELO Public Health,https://www.scielosp.org/pdf/ress/v29n2/2237-9622-ress-29-02-e2019028.pdf,,,,,,,,,Google Scholar; OpenAlex,2012
83LX3pFwXQZ3V9uMbiY/Mipec,estruturacao de base de dados espaciais para sistema de geoinformacao de suporte a gestao de recursos hidricos|2011,estruturacao de base de dados espaciais para sistema de geoinformacao de suporte a gestao de recursos hidricos,2011,"LA de Alcântara, LACM de Sá - XIX Simpósio …, 2011",,abrh.s3.sa-east-1.amazonaws.com,https://abrh.s3.sa-east-1.amazonaws.com/Sumarios/81/3d53b2661b31248b862343d0ed0fccda_a2f375b13140d8749f48c9d970500052.pdf,,,,,,,,,Google Scholar; OpenAlex,2003
83LX3pFwXQZ3V9uMbiY/LHToB,estuarine geomorphodynamic assessment of environmental change and stressor impacts a geographic information systems and remote sensing|2018,estuarine geomorphodynamic assessment of environmental change and stressor impacts a geographic information systems and remote sensing,2018,AKM AL-Nasrawi,,2018,https://ro.uow.edu.au/ndownloader/files/50385603/1,,,,,,,,,Google Scholar; OpenAlex,2005
8JMKD3MGPDW34P/3NDDHL8,estudo comparativo de algoritmos de agrupamento para a definicao de zonas de manejo|2019,estudo comparativo de algoritmos de agrupamento para a definicao de zonas de manejo,2019,"M Nogueira, R dos Santos - Escola Regional de Informática de Mato …, 2019",,sol.sbc.org.br,https://sol.sbc.org.br/index.php/eri-mt/article/view/8594,,,,,,,,,Google Scholar; OpenAlex,2016
8JMKD3MGPDW34R/3UFEFD8,estudo comparativo de banco de dados nosql para gerenciamento de series espaco temporais|2025,estudo comparativo de banco de dados nosql para gerenciamento de series espaco temporais,2025,"LE Damasceno, MMV de Paula… - Simpósio Brasileiro de …, 2025",,sol.sbc.org.br,https://sol.sbc.org.br/index.php/sbbd/article/view/37261,,,,,,,,,Google Scholar; OpenAlex,2019
8JMKD3MGP8W/3GQ6TMP,estudo de modelos epidemiologicos compartimentais|2026,estudo de modelos epidemiologicos compartimentais,2026,GA Sousa,,2026,https://ri.uepg.br/items/8e61bdec-1c44-466f-89e2-745d1488ea29,,,,,,,,,Google Scholar; OpenAlex,2001
83LX3pFwXQZ3V9uMbiY/MdHjv,estudo dos principais conceitos sobre integracao de dados geoespaciais|2010,estudo dos principais conceitos sobre integracao de dados geoespaciais,2010,"PG Soares, A Tanaka, F Baião",,2010,,,,,,,,,,Google Scholar; OpenAlex,2004
83LX3pFwXQZ4BFjAq/mGafE,estudo e estruturacao computacional de uma rede de abastecimento de agua em area urbana|2012,estudo e estruturacao computacional de uma rede de abastecimento de agua em area urbana,2012,"FM Ribeiro, CD Rennó, S Rosim, J de Oliveira Ortiz…",,2012,http://mtc-m21c.sid.inpe.br/col/sid.inpe.br/mtc-m21c/2020/07.22.17.40/doc/Felipe%20Moreira%20Ribeiro.pdf,,,,,,,,,Google Scholar; OpenAlex,2000
83LX3pFwXQZ3V9uMbiY/LHU82,estudo espacial de riscos a leptospirose no municipio do rio de janeiro rj|2017,estudo espacial de riscos a leptospirose no municipio do rio de janeiro rj,2017,"JV Chaiblich, MLS Lima, RF Oliveira… - Saúde em …, 2017",,SciELO Public Health,https://www.scielosp.org/article/sdeb/2017.v41nspe2/225-240/,,,,,,,,,Google Scholar; OpenAlex,2005
8JMKD3MGPDW34R/3UFEGCS,etnoconhecimento associado ao uso de plantas medicinais por comunidades rurais em peixoto de azevedo mato grosso|2024,etnoconhecimento associado ao uso de plantas medicinais por comunidades rurais em peixoto de azevedo mato grosso,2024,"RL Carbolim, VCP Silva, R Arruda, L Cavalheiro… - Revista da …, 2024",,revistas.usp.br,https://revistas.usp.br/revbiologia/article/view/217747,,,,,,,,,Google Scholar; OpenAlex,2019
8JMKD3MGPDW34P/3Q5DSEP,evaluating classification models in a burned areas detection approach|2019,evaluating classification models in a burned areas detection approach,2019,"OO Bittencourt, F Morelli, CA dos Santos Júnior… - … Science and Its …, 2019",,Springer,https://link.springer.com/chapter/10.1007/978-3-030-24305-0_43,,,,,,,,,Google Scholar; OpenAlex,2017
83LX3pFwXQZeBBx/oS63E,evaluating haptics for information discovery while walking|2009,evaluating haptics for information discovery while walking,2009,"S Robinson, P Eslambolchilar, M Jones",,2009,,,,,,,,,,Google Scholar; OpenAlex,1999
8JMKD3MGPDW34P/487MF52,evaluating past horizons for u net based precipitation nowcasting with radar data in southeastern para brazil|2024,evaluating past horizons for u net based precipitation nowcasting with radar data in southeastern para brazil,2024,"R Rocha, E Carvalho, E Oliveira… - … Discovery, Mining and …, 2024",,sol.sbc.org.br,https://sol.sbc.org.br/index.php/kdmile/article/view/30947,,,,,,,,,Google Scholar,2022
8JMKD3MGPDW34P/3KJKDN8,evaluating redundancy and partitioning of geospatial data in document oriented data warehouses|2019,evaluating redundancy and partitioning of geospatial data in document oriented data warehouses,2019,"M Ferro, R Lima, R Fidalgo - … Conference on Big Data Analytics and …, 2019",,Springer,https://link.springer.com/chapter/10.1007/978-3-030-27520-4_16,,,,,,,,,Google Scholar; OpenAlex,2008
8JMKD3MGPDW34P/3KJKDN8,evaluating redundancy and partitioning of geospatial data in document oriented|2019,evaluating redundancy and partitioning of geospatial data in document oriented,2019,"M Ferro, R Lima, R Fidalgo¹ - … 2019, Linz, Austria, August 26–29 …, 2019",,books.google.com,https://books.google.com/books?hl=pt-BR&lr=&id=sf-pDwAAQBAJ&oi=fnd&pg=PA221&ots=-zASgPhw-v&sig=39R7X8xkK7k1g7KjXYiCy8bCM1Y,,,,,,,,,Google Scholar; OpenAlex,2008
8JMKD3MGP8W/3HHGDRB,evaluating satellite image classification exploring methods and techniques|2024,evaluating satellite image classification exploring methods and techniques,2024,"EHE Yasin, C Kornel - Geographic information systems-Data …, 2024",,intechopen.com,https://www.intechopen.com/chapters/1164547,,,,,,,,,Google Scholar; OpenAlex,2007
8JMKD3MGPDW34P/3KJKHE8,evaluating serious games in higher education a theory based evaluation of ibms innov8|2009,evaluating serious games in higher education a theory based evaluation of ibms innov8,2009,"S Roodt, P Joubert - Proceedings of the 3rd European Conference …, 2009",,academia.edu,https://www.academia.edu/download/31286230/Innov8_Evaluation_ECGBL_2009_Accepted.pdf,,,,,,,,,Google Scholar; OpenAlex,2008
8JMKD3MGP8W/3GQ6NA5,evaluating the estimation of regularized variables|2005,evaluating the estimation of regularized variables,2005,"L Braga, C Almeida, C Bettini - Language, 2005",,academia.edu,https://www.academia.edu/download/34812562/artiamg05.pdf,,,,,,,,,Google Scholar; OpenAlex,2001
8JMKD3MGP3W34P/42H34US,evaluation of case tools with uml profile support for geographical database design|2016,evaluation of case tools with uml profile support for geographical database design,2016,"TB Ferreira, J Lisboa-Filho, SM Stempliuc - GEOProcessing 2016, 2016",,academia.edu,https://www.academia.edu/download/80864817/download_full.pdf#page=13,,,,,,,,,Google Scholar; OpenAlex,2014
83LX3pFwXQZ4BFjAq/mGafE,evaluation of climate change impact on plants and hydrology|2024,evaluation of climate change impact on plants and hydrology,2024,"IA Shah, H Khan, Z Muhammad, R Ullah… - Frontiers in …, 2024",,frontiersin.org,https://www.frontiersin.org/journals/environmental-science/articles/10.3389/fenvs.2024.1328808/full,,,,,,,,,Google Scholar; OpenAlex,2000
8JMKD3MGP8W/3HHGDJL,evaluation of digital nautical chart data for confirmation and expansion of geonames data|2024,evaluation of digital nautical chart data for confirmation and expansion of geonames data,2024,"J Kaufman, R Stewart, D Maguire… - Cartography and …, 2024",,Taylor & Francis,https://www.tandfonline.com/doi/abs/10.1080/15230406.2024.2363806,,,,,,,,,Google Scholar; OpenAlex,2007
83LX3pFwXQZ3V9uMbiY/MhUig,evaluation of mysql 8 0 spatial data features|2019,evaluation of mysql 8 0 spatial data features,2019,"S Steinhoff - Researchgate. Net, no, 2019",,researchgate.net,https://www.researchgate.net/profile/Sascha-Steinhoff-2/publication/334376782_Evaluation_of_MySQL_80_Spatial_Data_Features_Procedural_Methods_for_the_Implementation_of_Species_Range_Maps_in_the_Web-based_Zoological_Database_snakeDBorg/links/5d265690299bf1547cab5160/Evaluation-of-MySQL-80-Spatial-Data-Features-Procedural-Methods-for-the-Implementation-of-Species-Range-Maps-in-the-Web-based-Zoological-Database-snakeDBorg.pdf,,,,,,,,,Google Scholar; OpenAlex,2003
8JMKD3MGPDW34P/3Q5DKPP,evaluation of object based classification methods for mapping benthic habitats using bathymetric lidar derivatives|2020,evaluation of object based classification methods for mapping benthic habitats using bathymetric lidar derivatives,2020,"A Tamondong, IE Cadalzo, MS Estabillo… - Philippine …, 2020",,researchgate.net,https://www.researchgate.net/profile/Ayin-Tamondong/publication/371315469_Evaluation_of_Object-Based_Classification_Methods_For_Mapping_Benthic_Habitats_Using_Bathymetric_LiDAR_Derivatives/links/647f07752cad460a1bf8b414/Evaluation-of-Object-Based-Classification-Methods-For-Mapping-Benthic-Habitats-Using-Bathymetric-LiDAR-Derivatives.pdf,,,,,,,,,Google Scholar; OpenAlex,2017
83LX3pFwXQZ3V9uMbiY/NiaVh,evaluation of ogc web services for local spatial data infrastructures and for the development of clients for geographic information systems|2007,evaluation of ogc web services for local spatial data infrastructures and for the development of clients for geographic information systems,2007,"LL Alves, CA Davis Jr - … in Geoinformatics: VIII Brazilian Symposium on …, 2007",,Springer,https://link.springer.com/chapter/10.1007/978-3-540-73414-7_14,,,,,,,,,Google Scholar; OpenAlex,2006
8JMKD3MGP8W/3FCBREE,evaluation of the approach for the identification of trajectory anomalies on cctv video from road intersections|2022,evaluation of the approach for the identification of trajectory anomalies on cctv video from road intersections,2022,"R Minnikhanov, I Anikin, A Mardanova, M Dagaeva… - Mathematics, 2022",,mdpi.com,https://www.mdpi.com/2227-7390/10/3/388,,,,,,,,,Google Scholar; OpenAlex,2013
83LX3pFwXQZ3V9uMbiY/LHUxR,evaluation of the quality of an online geocoding resource in the context of a large brazilian city|2011,evaluation of the quality of an online geocoding resource in the context of a large brazilian city,2011,"CA Davis Jr, RO de Alencar - Transactions in GIS, 2011",,Wiley Online Library,https://onlinelibrary.wiley.com/doi/abs/10.1111/j.1467-9671.2011.01288.x,,,,,,,,,Google Scholar; OpenAlex,2005
8JMKD3MGPDW34P/3KJKN5S,evaluation system of eco hotels a case study of huanggang new beacon walden hotel|2018,evaluation system of eco hotels a case study of huanggang new beacon walden hotel,2018,"C Chen, M Deng - Journal of Landscape Research, 2018",,search.proquest.com,https://search.proquest.com/openview/90adf1cfb6273ec46c66eb5c023f8761/1?pq-origsite=gscholar&cbl=1596366,,,,,,,,,Google Scholar; OpenAlex,2008
8JMKD3MGPDW34P/4ADCN3L,evidence for rice tolerance to tibraca limbativentris hemiptera pentatomidae|2021,evidence for rice tolerance to tibraca limbativentris hemiptera pentatomidae,2021,"AC de Sousa Almeida, FG de Jesus… - Pest Management …, 2021",,Wiley Online Library,https://scijournals.onlinelibrary.wiley.com/doi/abs/10.1002/ps.6455,,,,,,,,,Google Scholar,2023
8JMKD3MGP8W/3GQ6TMP,evolucao temporal da distancia de hamming para o caso de celulas tumorais|2011,evolucao temporal da distancia de hamming para o caso de celulas tumorais,2011,"RC Bonetti, KC Iarosz, F da Silva Borges… - … Dinâmica, Controle e …, 2011",,researchgate.net,https://www.researchgate.net/profile/Fernando-Borges-8/publication/301474185_EVOLUCAO_TEMPORAL_DA_DISTANCIA_DE_HAMMING_PARA_O_CASO_DE_CELULAS_TUMORAIS/links/573b5d2908ae9f741b2d801b/EVOLUCAO-TEMPORAL-DA-DISTANCIA-DE-HAMMING-PARA-O-CASO-DE-CELULAS-TUMORAIS.pdf,,,,,,,,,Google Scholar; OpenAlex,2001
8JMKD3MGPDW34P/3NDC3R2,exact fast parallel intersection of large 3 d triangular meshes|2018,exact fast parallel intersection of large 3 d triangular meshes,2018,"SVG de Magalhães, W Randolph Franklin… - International Meshing …, 2018",,Springer,https://link.springer.com/chapter/10.1007/978-3-030-13992-6_20,,,,,,,,,Google Scholar; OpenAlex,2016
83LX3pFwXQZ3V9uMbiY/Mc9AB,examining school level fragmentation as a contributor to within district racial and ethnic segregation|2020,examining school level fragmentation as a contributor to within district racial and ethnic segregation,2020,SL Obenhaus,,2020,https://search.proquest.com/openview/66dce790d3ed7f08ea00d76f6ec096ae/1?pq-origsite=gscholar&cbl=51922&diss=y,,,,,,,,,Google Scholar; OpenAlex,2004
8JMKD3MGPDW34P/3KK5L2S,expansao do conteudo de um gazetteer nomes hidrograficos|2012,expansao do conteudo de um gazetteer nomes hidrograficos,2012,"THVM Moura, CA Davis Jr - Laércio M. Namikawa and Vania …, 2012",,mtc-m16c.sid.inpe.br,http://mtc-m16c.sid.inpe.br/attachment.cgi/sid.inpe.br/mtc-m18/2012/12.04.13.31/doc/moura.pdf,,,,,,,,,Google Scholar; OpenAlex,2010
8JMKD3MGP8W/3HHFPFE,expectation maximization x self organizing maps for image classification|2008,expectation maximization x self organizing maps for image classification,2008,"TS Korting, LMG Fonseca… - 2008 IEEE International …, 2008",,ieeexplore.ieee.org,https://ieeexplore.ieee.org/abstract/document/4725827/,,,,,,,,,Google Scholar; OpenAlex,2007
8JMKD3MGPDW34P/3KJKHE8,experience from indoor fire search and rescue game design for technology testing|2018,experience from indoor fire search and rescue game design for technology testing,2018,"J Radianti - International Conference on Applied Human Factors …, 2018",,Springer,https://link.springer.com/chapter/10.1007/978-3-319-94619-1_25,,,,,,,,,Google Scholar; OpenAlex,2008
8JMKD3MGP8W/3HHGDJL,explainable address matching in online geocoding filter based feature selection and ensemble classification|2026,explainable address matching in online geocoding filter based feature selection and ensemble classification,2026,"B Kilic, OC Bayrak, F Gülgen, M Uzar - GeoInformatica, 2026",,Springer,https://link.springer.com/article/10.1007/s10707-025-00562-y,,,,,,,,,Google Scholar; OpenAlex,2007
8JMKD3MGPDW34P/3SEUPLL,exploiting parallelism to generate meta features for land use and land cover classification with remote sensing time series|2019,exploiting parallelism to generate meta features for land use and land cover classification with remote sensing time series,2019,"SST de Oliveira, M de Castro Cardoso, EF Bueno… - …, 2019",,mtc-m16d.sid.inpe.br,http://mtc-m16d.sid.inpe.br/attachment.cgi/sid.inpe.br/mtc-m16d/2019/11.27.13.54/doc/135-146.pdf,,,,,,,,,Google Scholar; OpenAlex,2018
83LX3pFwXQZ3V9uMbiY/MdGsf,exploiting type and space in a main memory query engine|2007,exploiting type and space in a main memory query engine,2007,"T Schwarz, M Grossmann, D Nicklas… - … in Geoinformatics: VIII …, 2007",,Springer,https://link.springer.com/chapter/10.1007/978-3-540-73414-7_4,,,,,,,,,Google Scholar; OpenAlex,2004
8JMKD3MGPDW34P/3SG4EDL,explorando aspectos espaciais da agricultura familiar brasileira|2020,explorando aspectos espaciais da agricultura familiar brasileira,2020,"J Daltio, M Balan, MF Fonseca, EC MARIO BALAN - GEOINFO, 2020",,mtc-m16c.sid.inpe.br,http://mtc-m16c.sid.inpe.br/attachment.cgi/sid.inpe.br/mtc-m16c/2020/12.15.12.25/doc/s9.pdf,,,,,,,,,Google Scholar; OpenAlex,2018
83LX3pFwXQZ3V9uMbiY/LHUr8,explorando conceitos da teoria de espacos metricos em consultas por similaridade sobre dados complexos|2010,explorando conceitos da teoria de espacos metricos em consultas por similaridade sobre dados complexos,2010,IRV Pola,,2010,https://pdfs.semanticscholar.org/4f91/7e4864bbbeaf2ef6c29811695748190fd733.pdf,,,,,,,,,Google Scholar; OpenAlex,2005
8JMKD3MGPDW34P/4ADCMKH,explorando o uso de large language model chatgpt para alinhamento semantico entre esquemas conceituais de dados geoespaciais exploring the use|2025,explorando o uso de large language model chatgpt para alinhamento semantico entre esquemas conceituais de dados geoespaciais exploring the use,2025,"FA Souza, EDB da Silva, SP Camboim - Rev. Bras. Cartogr, 2025",SEM_MATCH,seer.ufu.br,https://seer.ufu.br/index.php/revistabrasileiracartografia/article/download/75193/41220,,,,,,,,,Google Scholar; OpenAlex,2023
83LX3pFwXQZ3V9uMbiY/MdK47,explorando programacao hibrida e migracao de processos no contexto de clusters de maquinas numa|2009,explorando programacao hibrida e migracao de processos no contexto de clusters de maquinas numa,2009,"NS Ribeiro, LGL Fernandes - … Católica do Rio Grande do Sul …, 2009",,gmap.pucrs.br,https://gmap.pucrs.br/gmap/files/documents/7afae8fddd8ecfaa3df85ed7da88146b.pdf,,,,,,,,,Google Scholar; OpenAlex,2004
83LX3pFwXQZ3V9uMbiY/MdK47,explorando programacao hibrida no contexto de clusters de maquinas numa|2011,explorando programacao hibrida no contexto de clusters de maquinas numa,2011,NS Ribeiro,,2011,https://gmap.pucrs.br/files/publications/articles/55861ee97a2e33bdceeff48db81e493d.pdf,,,,,,,,,Google Scholar; OpenAlex,2004
8JMKD3MGPDW34P/3NDDJ25,exploration and evaluation of crowdsourced probe based waze traffic speed|2022,exploration and evaluation of crowdsourced probe based waze traffic speed,2022,"Z Zhang, LD Han, Y Liu - Transportation letters, 2022",,Taylor & Francis,https://www.tandfonline.com/doi/abs/10.1080/19427867.2021.1906477,,,,,,,,,Google Scholar; OpenAlex,2016
83LX3pFwXQZ4BFjAq/mxUqf,explorations of phreatic caves in nobres brazil and the first insights about the karst aquifer|2025,explorations of phreatic caves in nobres brazil and the first insights about the karst aquifer,2025,"SR Schirato, JA Ferrari, FW Cruz - Proceedings, 2025",,repositorio.usp.br,https://repositorio.usp.br/directbitstream/dc75d889-6ef9-4593-b474-a489e6cbb309/3265278.pdf,,,,,,,,,Google Scholar; OpenAlex,2000
83LX3pFwXQZ3V9uMbiY/LHU82,exploratory spatial analisys of criminal data|2001,exploratory spatial analisys of criminal data,2001,"CLB CANAS, OAM MONTEIRO",,2001,,,,,,,,,,Google Scholar; OpenAlex,2005
8JMKD3MGP3W34R/42GRPC2,explorer les trajectoires de patients via les bases medico economiques application a l infarctus du myocarde|2017,explorer les trajectoires de patients via les bases medico economiques application a l infarctus du myocarde,2017,J Pinaire,,2017,https://theses.hal.science/tel-01903477/,,,,,,,,,Google Scholar; OpenAlex,2015
83LX3pFwXQZeBBx/oS63E,exploring casual point and tilt interactions for mobile geo blogging|2010,exploring casual point and tilt interactions for mobile geo blogging,2010,"S Robinson, P Eslambolchilar, M Jones - Personal and Ubiquitous …, 2010",,Springer,https://link.springer.com/article/10.1007/s00779-009-0236-5,,,,,,,,,Google Scholar; OpenAlex,1999
8JMKD3MGPDW34R/3UFDD9H,exploring geostatistical modeling and visualizationtechniques of uncertainties for categorical spatial data|2021,exploring geostatistical modeling and visualizationtechniques of uncertainties for categorical spatial data,2021,"CA Felgueiras, JO Ortiz… - … of Information and …, 2021",,journals-sol.sbc.org.br,https://journals-sol.sbc.org.br/index.php/jidm/article/view/1786,,,,,,,,,Google Scholar; OpenAlex,2019
8JMKD3MGPDW34P/3KK5L2S,exploring place from the perspective of informal social media text|2024,exploring place from the perspective of informal social media text,2024,C Berragan,,2024,https://search.proquest.com/openview/66e75bac0945b9670623c99dffe53cc1/1?pq-origsite=gscholar&cbl=2026366&diss=y,,,,,,,,,Google Scholar; OpenAlex,2010
8JMKD3MGPDW34P/3Q5DUR8,exploring potential impacts of mining on forest loss and fragmentation within a biodiverse region of brazil s northeastern amazon|2020,exploring potential impacts of mining on forest loss and fragmentation within a biodiverse region of brazil s northeastern amazon,2020,"J Siqueira-Gay, LJ Sonter, LE Sánchez - Resources Policy, 2020",,Elsevier,https://www.sciencedirect.com/science/article/pii/S0301420719307470,,,,,,,,,Google Scholar; OpenAlex,2017
83LX3pFwXQZeBBx/oS63E,exploring the design space of smart horizons|2008,exploring the design space of smart horizons,2008,"P Froehlich, G Obernberger, R Simon… - Proceedings of the 10th …, 2008",,dl.acm.org,https://dl.acm.org/doi/abs/10.1145/1409240.1409289,,,,,,,,,Google Scholar; OpenAlex,1999
83LX3pFwXQZ3V9uMbiY/MimPC,extending a geocoding database by web information extraction|2008,extending a geocoding database by web information extraction,2008,"Y Wu, Z Niu - Geoinformatics 2008 and Joint Conference on …, 2008",,spiedigitallibrary.org,https://www.spiedigitallibrary.org/conference-proceedings-of-spie/7143/71432G/Extending-a-geocoding-database-by-Web-information-extraction/10.1117/12.812618.short,,,,,,,,,Google Scholar; OpenAlex,2003
83LX3pFwXQZ3V9uMbiY/LHUuu,extending an open source spatial database with geospatial image support an image mining perspective|2009,extending an open source spatial database with geospatial image support an image mining perspective,2009,"M Imran - Extending an open source spatial database with …, 2009",,researchgate.net,https://www.researchgate.net/profile/Muhammad-Imran-3/publication/324562854_Extending_an_open_source_spatial_database_with_geospatial_image_support_An_image_mining_perspective/links/5ad5db6caca272fdaf7c8fda/Extending-an-open-source-spatial-database-with-geospatial-image-support-An-image-mining-perspective.pdf,,,,,,,,,Google Scholar; OpenAlex,2005
83LX3pFwXQZ3V9uMbiY/Mc4v6,extending the map cube operator with multiple spatial aggregate functions and map overlay|2009,extending the map cube operator with multiple spatial aggregate functions and map overlay,2009,"F Moreno, F Arango, R Fileto - 2009 17th International …, 2009",,ieeexplore.ieee.org,https://ieeexplore.ieee.org/abstract/document/5293401/,,,,,,,,,Google Scholar; OpenAlex,2004
8JMKD3MGP8W/3GTJAES,extensao do framework geoframe para modelagem de processos de analise geografica|2003,extensao do framework geoframe para modelagem de processos de analise geografica,2003,C Ruschel,,2003,https://lume.ufrgs.br/handle/10183/4131,,,,,,,,,Google Scholar; OpenAlex,2002
8JMKD3MGP8W/3GQ6TCS,extensao do sgbd postgresql com operadores espaciais|2002,extensao do sgbd postgresql com operadores espaciais,2002,GR de Queiroz,,2002,http://www.dpi.inpe.br/gilberto/papers/proposta_gribeiro.pdf,,,,,,,,,Google Scholar; OpenAlex,2001
8JMKD3MGP8W/3GTJ9AP,extensao do weka para metodos de agrupamento com restricao de contiguidade|2007,extensao do weka para metodos de agrupamento com restricao de contiguidade,2007,"CER de Mello, GZ da Silva… - Programa de Engenharia …, 2007",,researchgate.net,https://www.researchgate.net/profile/Jano-Souza-2/publication/238770827_Extensao_do_WEKA_para_Metodos_de_Agrupamento_com_Restricao_de_Contiguidade/links/58d042e8aca272df6a6ab7ec/Extensao-do-WEKA-para-Metodos-de-Agrupamento-com-Restricao-de-Contigueidade.pdf,,,,,,,,,Google Scholar; OpenAlex,2002
83LX3pFwXQZ4BFjAq/mxUyb,extracao semi automatica do eixo de rodovia em imagens de media e alta resolucao usando programacao dinamica|2003,extracao semi automatica do eixo de rodovia em imagens de media e alta resolucao usando programacao dinamica,2003,GM Vale,,2003,https://repositorio.unesp.br/items/0ab95647-25ea-4e26-b96d-413889c3b579,,,,,,,,,Google Scholar; OpenAlex,2000
83LX3pFwXQZ4BFjAq/mxUyb,extracao semiautomatica de malha viaria em imagens digitais utilizando classificacao baseada em objetos e operadores morfologicos|2018,extracao semiautomatica de malha viaria em imagens digitais utilizando classificacao baseada em objetos e operadores morfologicos,2018,"DM Nunes, NG Medeiros, AP Santos - Boletim de Ciências …, 2018",,SciELO Brasil,https://www.scielo.br/j/bcg/a/F6TCNb5GWhv4ynWgTtbGtyQ/abstract/?format=html&lang=pt,,,,,,,,,Google Scholar; OpenAlex,2000
83LX3pFwXQZ3V9uMbiY/MimPC,extracting geographic features from the internet to automatically build detailed regional gazetteers|2009,extracting geographic features from the internet to automatically build detailed regional gazetteers,2009,"DW Goldberg, JP Wilson… - International Journal of …, 2009",,Taylor & Francis,https://www.tandfonline.com/doi/abs/10.1080/13658810802577262,,,,,,,,,Google Scholar; OpenAlex,2003
8JMKD3MGPDW34P/3NDDJ25,extracting rta location and time from russian news combining traditional methods with llama llm validation|2025,extracting rta location and time from russian news combining traditional methods with llama llm validation,2025,"A Girin, N Teslya - 2025 IEEE 26th International Conference of …, 2025",,ieeexplore.ieee.org,https://ieeexplore.ieee.org/abstract/document/11096695/,,,,,,,,,Google Scholar; OpenAlex,2016
8JMKD3MGPDW34P/3NDC42E,extraction de motifs de trajectoires semantiques similaires|2018,extraction de motifs de trajectoires semantiques similaires,2018,"C Moreau, T Devogele, L Etienne - Spatial Analysis and Geomatics, 2018",,hal.science,https://hal.science/hal-02110019/,,,,,,,,,Google Scholar; OpenAlex,2016
8JMKD3MGPDW34P/3NDC4BB,extraction de trajectoires semantiques a partir de donnees multi capteurs application a des vehicules de secours|2021,extraction de trajectoires semantiques a partir de donnees multi capteurs application a des vehicules de secours,2021,F Bisone,,2021,https://hal.science/tel-03365137/,,,,,,,,,Google Scholar; OpenAlex,2016
8JMKD3MGPDW34P/3KK5KM2,extraktion von kontextinformationen zur analyse von nutzerstromen|2018,extraktion von kontextinformationen zur analyse von nutzerstromen,2018,L Schauer,,2018,https://edoc.ub.uni-muenchen.de/22026/,,,,,,,,,Google Scholar; OpenAlex,2010
83LX3pFwXQZeBBx/oS63E,eyes off physically grounded mobile interaction|2012,eyes off physically grounded mobile interaction,2012,S Robinson,,2012,,,,,,,,,,Google Scholar; OpenAlex,1999
8JMKD3MGP8W/3GTEJES,facilitating collaborative scenario creation to support emergency plan generation|2011,facilitating collaborative scenario creation to support emergency plan generation,2011,"BB Lage, MRS Borges, JH Canós… - Proceedings of the …, 2011",,ieeexplore.ieee.org,https://ieeexplore.ieee.org/abstract/document/5960188/,,,,,,,,,Google Scholar; OpenAlex,2002
8JMKD3MGPDW34R/3UFDE4P,factors influencing the application of forest conservation behavior among rural communities in iran|2024,factors influencing the application of forest conservation behavior among rural communities in iran,2024,"M Savari, B Khaleghi - Environmental and Sustainability Indicators, 2024",,Elsevier,https://www.sciencedirect.com/science/article/pii/S2665972723001022,,,,,,,,,Google Scholar; OpenAlex,2019
8JMKD3MGPDW34R/3UFDE4P,factors involved in the degradation of mangrove forests in iran a mixed study for the management of this ecosystem|2022,factors involved in the degradation of mangrove forests in iran a mixed study for the management of this ecosystem,2022,"M Savari, HE Damaneh, HE Damaneh - Journal for Nature Conservation, 2022",,Elsevier,https://www.sciencedirect.com/science/article/pii/S1617138122000267,,,,,,,,,Google Scholar; OpenAlex,2019
83LX3pFwXQZ4BFjAq/mEp4v,faculdade de estudos sociais aplicados departamento de ciencia da informacao e documentacao|2003,faculdade de estudos sociais aplicados departamento de ciencia da informacao e documentacao,2003,ADAS SEMÂNTICA,,2003,,,,,,,,,,Google Scholar; OpenAlex,2000
8JMKD3MGPDW34P/3NDC3R2,fast exact parallel 3d mesh intersection algorithm using only orientation predicates|2017,fast exact parallel 3d mesh intersection algorithm using only orientation predicates,2017,"SVG Magalhães, WR Franklin… - Proceedings of the 25th …, 2017",,dl.acm.org,https://dl.acm.org/doi/abs/10.1145/3139958.3140001,,,,,,,,,Google Scholar; OpenAlex,2016
83LX3pFwXQZ3V9uMbiY/LHTK3,fast heuristic optimization methods for point label placement problem|2018,fast heuristic optimization methods for point label placement problem,2018,"O Akile, E Sevilgen - Akıllı sistemler ve uygulamaları dergisi, 2018",,joiswa.com,http://joiswa.com/index.php/joiswa/article/view/123,,,,,,,,,Google Scholar; OpenAlex,2005
83LX3pFwXQZ3V9uMbiY/NiagS,fast map projection on cuda|2011,fast map projection on cuda,2011,"Y Zhao, Z Cheng, H Dong, J Fang… - 2011 IEEE International …, 2011",,ieeexplore.ieee.org,https://ieeexplore.ieee.org/abstract/document/6050125/,,,,,,,,,Google Scholar; OpenAlex,2006
83LX3pFwXQZ3V9uMbiY/NiagS,fast mapping onto census blocks|2020,fast mapping onto census blocks,2020,"J Kepner, A Kipf, D Engwirda, N Vembar… - 2020 IEEE High …, 2020",,ieeexplore.ieee.org,https://ieeexplore.ieee.org/abstract/document/9286157/,,,,,,,,,Google Scholar; OpenAlex,2006
8JMKD3MGPDW34P/3NDC42E,fast movelet extraction and dimensionality reduction for robust multiple aspect trajectory classification|2021,fast movelet extraction and dimensionality reduction for robust multiple aspect trajectory classification,2021,"TT Portela, CL da Silva, JT Carvalho… - Brazilian Conference on …, 2021",,Springer,https://link.springer.com/chapter/10.1007/978-3-030-91702-9_31,,,,,,,,,Google Scholar; OpenAlex,2016
83LX3pFwXQZ3V9uMbiY/NiagS,fast parallel interpolation algorithm using cuda|2013,fast parallel interpolation algorithm using cuda,2013,"Y Zhao, Q Qiu, J Fang, L Li - 2013 IEEE International …, 2013",,ieeexplore.ieee.org,https://ieeexplore.ieee.org/abstract/document/6723624/,,,,,,,,,Google Scholar; OpenAlex,2006
83LX3pFwXQZ3V9uMbiY/Nibrc,fast phonetic similarity search over large repositories|2014,fast phonetic similarity search over large repositories,2014,"H Tissot, G Peschl, MD Del Fabro - International Conference on Database …, 2014",,Springer,https://link.springer.com/chapter/10.1007/978-3-319-10085-2_6,,,,,,,,,Google Scholar; OpenAlex,2006
83LX3pFwXQZ3V9uMbiY/LHTK3,fast point feature label placement for dynamic visualizations|2007,fast point feature label placement for dynamic visualizations,2007,"K Mote - Information Visualization, 2007",,journals.sagepub.com,https://journals.sagepub.com/doi/abs/10.1057/palgrave.ivs.9500163,,,,,,,,,Google Scholar; OpenAlex,2005
83LX3pFwXQZ3V9uMbiY/Mipqu,fatores associados a distribuicao espacial dos homicidios em belo horizonte|2015,fatores associados a distribuicao espacial dos homicidios em belo horizonte,2015,GG Cardoso,,2015,https://repositorio.ufmg.br/items/aeb585be-95af-4aa6-a061-66733e220660,,,,,,,,,Google Scholar; OpenAlex,2003
83LX3pFwXQZ3V9uMbiY/LHU82,fatores associados a variacao espacial da gravidez na adolescencia no brasil 2014 estudo ecologico de agregados espaciais|2021,fatores associados a variacao espacial da gravidez na adolescencia no brasil 2014 estudo ecologico de agregados espaciais,2021,"TLC Nascimento, CSS Teixeira… - … e Serviços de …, 2021",,SciELO Public Health,https://www.scielosp.org/article/ress/2021.v30n1/e201953/,,,,,,,,,Google Scholar; OpenAlex,2005
8JMKD3MGP8W/3HHFQQ2,feathered tiles with uniform payload size for progressive transmission of vector data|2014,feathered tiles with uniform payload size for progressive transmission of vector data,2014,"A Dufilie, G Grinstein - International Symposium on Web and Wireless …, 2014",,Springer,https://link.springer.com/chapter/10.1007/978-3-642-55334-9_2,,,,,,,,,Google Scholar; OpenAlex,2007
83LX3pFwXQZ4BFjAq/mENBs,feature based multi resolution topography|2016,feature based multi resolution topography,2016,L Brůha,,2016,https://dspace.cuni.cz/handle/20.500.11956/82479,,,,,,,,,Google Scholar; OpenAlex,2000
8JMKD3MGP8W/3FCBREE,feature grouping based trajectory outlier detection over distributed streams|2021,feature grouping based trajectory outlier detection over distributed streams,2021,"J Mao, J Liu, C Jin, A Zhou - ACM Transactions on Intelligent Systems …, 2021",,dl.acm.org,https://dl.acm.org/doi/abs/10.1145/3444753,,,,,,,,,Google Scholar; OpenAlex,2013
83LX3pFwXQZeBBx/oS63E,feature realizing the vision of mobile spatial interaction|2008,feature realizing the vision of mobile spatial interaction,2008,"P Froehlich, L Baillie, R Simon - Interactions, 2008",,dl.acm.org,https://dl.acm.org/doi/fullHtml/10.1145/1330526.1330534,,,,,,,,,Google Scholar; OpenAlex,1999
83LX3pFwXQZ3V9uMbiY/MdGsf,federating location based data services|2005,federating location based data services,2005,"B Mitschang, D Nicklas, M Grossmann… - Data Management in a …, 2005",,Springer,https://link.springer.com/chapter/10.1007/11499923_2,,,,,,,,,Google Scholar; OpenAlex,2004
83LX3pFwXQZ4BFjAq/mANQ6,ferramentas digitais alternativas na interpretacao de mapas pedologicos um estudo de caso para o municipio de alta floresta estado de mato grosso mt brasil|2025,ferramentas digitais alternativas na interpretacao de mapas pedologicos um estudo de caso para o municipio de alta floresta estado de mato grosso mt brasil,2025,"AS de Oliveira - Research, Society and Development, 2025",,rsdjournal.org,https://rsdjournal.org/rsd/article/view/48003,,,,,,,,,Google Scholar; OpenAlex,2000
8JMKD3MGPDW34P/3SEUQ98,festival a versatile framework for conducting experimental evaluations of spatial indices|2020,festival a versatile framework for conducting experimental evaluations of spatial indices,2020,"AC Carniel, RR Ciferri, CDA Ciferri - MethodsX, 2020",,Elsevier,https://www.sciencedirect.com/science/article/pii/S2215016119302717,,,,,,,,,Google Scholar; OpenAlex,2018
8JMKD3MGPDW34P/4ADCN3L,field responses of rice stalk stink bug tibraca limbativentris to synthetic sex pheromone and isomers of 1 10 bisaboladien 3 ol de freitas et al|2021,field responses of rice stalk stink bug tibraca limbativentris to synthetic sex pheromone and isomers of 1 10 bisaboladien 3 ol de freitas et al,2021,"TFS De Freitas, ER Hickel, A Khrimian, M Borges… - Neotropical …, 2021",SEM_MATCH,Springer,https://link.springer.com/article/10.1007/s13744-020-00827-1,,,,,,,,,Google Scholar; OpenAlex,2023
83LX3pFwXQZ3V9uMbiY/MdJMR,filtering with raster signatures|2006,filtering with raster signatures,2006,"LG Azevedo, RH Güting, RB Rodrigues… - Proceedings of the 14th …, 2006",,dl.acm.org,https://dl.acm.org/doi/abs/10.1145/1183471.1183503,,,,,,,,,Google Scholar; OpenAlex,2004
83LX3pFwXQZ3V9uMbiY/NiagS,filtro raster de tres cores para juncao de objetos espaciais|2007,filtro raster de tres cores para juncao de objetos espaciais,2007,SE COMPUTAÇAO,,2007,,,,,,,,,,Google Scholar; OpenAlex,2006
8JMKD3MGP3W34P/3N2UA78,fine scale analyses for improving conservation and sustainability efforts in agricultural landscapes of neotropical savannas|2020,fine scale analyses for improving conservation and sustainability efforts in agricultural landscapes of neotropical savannas,2020,F de Figueiredo Ribeiro,,2020,https://search.proquest.com/openview/2b18b7467e75a7eb569457acabdd61b2/1?pq-origsite=gscholar&cbl=44156,,,,,,,,,Google Scholar; OpenAlex,2016
8JMKD3MGPDW34P/487MF52,fine tuning lightning nowcasting for a new domain|2026,fine tuning lightning nowcasting for a new domain,2026,"AAS Jorge, J Cintineo, IC Costa… - Meteorological …, 2026",,Wiley Online Library,https://rmets.onlinelibrary.wiley.com/doi/abs/10.1002/met.70174,,,,,,,,,Google Scholar,2022
8JMKD3MGPDW34P/3KQ2JSL,fireinform an approach to predict hourly forest fire occurrences using multivariate time series classification|2021,fireinform an approach to predict hourly forest fire occurrences using multivariate time series classification,2021,F Anwer,,2021,https://search.proquest.com/openview/4eead58dbb8bc2f6d26d5f3bedfec06d/1?pq-origsite=gscholar&cbl=18750&diss=y,,,,,,,,,Google Scholar; OpenAlex,2012
8JMKD3MGPDW34P/3KP38AL,first 1 m resolution land cover map labeling the overlap in the 3rd dimension the 2018 map for wallonia|2020,first 1 m resolution land cover map labeling the overlap in the 3rd dimension the 2018 map for wallonia,2020,"C Bassine, J Radoux, B Beaumont, T Grippa… - Data, 2020",,mdpi.com,https://www.mdpi.com/2306-5729/5/4/117,,,,,,,,,Google Scholar; OpenAlex,2015
8JMKD3MGPDW34P/3KQ2JSL,five general properties of resolution|2014,five general properties of resolution,2014,"A Degbelo, W Kuhn - GIO@ GIScience, 2014",,researchgate.net,https://www.researchgate.net/profile/Auriol-Degbelo/publication/286155112_Five_general_properties_of_resolution/links/5b71c63f92851ca65057dc60/Five-general-properties-of-resolution.pdf,,,,,,,,,Google Scholar; OpenAlex,2012
8JMKD3MGP3W34P/42GRQBL,flexible mobility on demand an environmental scan|2019,flexible mobility on demand an environmental scan,2019,"S Liyanage, H Dia, R Abduljabbar, SA Bagloee - Sustainability, 2019",,mdpi.com,https://www.mdpi.com/2071-1050/11/5/1262,,,,,,,,,Google Scholar; OpenAlex,2014
83LX3pFwXQZ3V9uMbiY/LHS35,flexible scan statistic test to detect disease clusters in hierarchical trees|2012,flexible scan statistic test to detect disease clusters in hierarchical trees,2012,"MO Prates, RM Assunção, MA Costa - Computational Statistics, 2012",,Springer,https://link.springer.com/article/10.1007/s00180-011-0286-9,,,,,,,,,Google Scholar; OpenAlex,2005
83LX3pFwXQZ3V9uMbiY/NiawB,flood modeling in spatial data and grid infrastructures|2014,flood modeling in spatial data and grid infrastructures,2014,S Kurzbach,,2014,https://tore.tuhh.de/bitstreams/b7ef807e-8ea3-4d6e-a361-98e4b4c93d5b/download,,,,,,,,,Google Scholar; OpenAlex,2006
8JMKD3MGPDW34P/3Q5DUE5,flood risk map from hydrological and mobility data a case study in sao paulo brazil|2022,flood risk map from hydrological and mobility data a case study in sao paulo brazil,2022,"LR Tomás, GG Soares, AAS Jorge… - Transactions in …, 2022",,Wiley Online Library,https://onlinelibrary.wiley.com/doi/abs/10.1111/tgis.12962,,,,,,,,,Google Scholar; OpenAlex,2017
8JMKD3MGPDW34P/4ADCN3L,forecasting grain production and static capacity of warehouses using the natural neighbor and multiquadric equations|2021,forecasting grain production and static capacity of warehouses using the natural neighbor and multiquadric equations,2021,"EG Cima, WF da Rocha-Junior… - AGRIS on-line …, 2021",,ageconsearch.umn.edu,https://ageconsearch.umn.edu/record/320264/,,,,,,,,,Google Scholar,2023
8JMKD3MGPDW34P/3Q5DQ6H,forecasting total oil and grease in produced water using machine learning methods in an oil extraction plant|2020,forecasting total oil and grease in produced water using machine learning methods in an oil extraction plant,2020,"JM Oliveira-Junior, M de Arruda Pereira - Marine Systems & Ocean …, 2020",,Springer,https://link.springer.com/article/10.1007/s40868-020-00075-3,,,,,,,,,Google Scholar; OpenAlex,2017
8JMKD3MGPDW34P/3NDC97E,forest aboveground biomass estimation and change monitoring using multi source remote sensing data and machine learning|2023,forest aboveground biomass estimation and change monitoring using multi source remote sensing data and machine learning,2023,H Tamiminia,,2023,https://search.proquest.com/openview/b75d39187ba4e5b60658687283963fc4/1?pq-origsite=gscholar&cbl=18750&diss=y,,,,,,,,,Google Scholar; OpenAlex,2016
8JMKD3MGPDW34P/43PQSSS,foresteyes project citizen science and machine learning to detect deforested areas in tropical forests|2021,foresteyes project citizen science and machine learning to detect deforested areas in tropical forests,2021,"FBJR Dallaqua, FA Faria, ÁL Fazenda - Conference on Graphics …, 2021",,sol.sbc.org.br,https://sol.sbc.org.br/index.php/sibgrapi_estendido/article/view/20008,,,,,,,,,Google Scholar; OpenAlex,2020
8JMKD3MGPDW34P/3Q5DUR8,foresteyes project conception enhancements and challenges|2021,foresteyes project conception enhancements and challenges,2021,"FBJR Dallaqua, ÁL Fazenda, FA Faria - Future Generation Computer …, 2021",,Elsevier,https://www.sciencedirect.com/science/article/pii/S0167739X21001965,,,,,,,,,Google Scholar; OpenAlex,2017
8JMKD3MGPDW34P/4ADCP7P,forma urbana e crescimento explorando indicadores para o caso de pelotas rs|2023,forma urbana e crescimento explorando indicadores para o caso de pelotas rs,2023,"AMR Xavier, C Maraschin - XX ENANPUR, 2023",SEM_MATCH,anpur.org.br,http://anpur.org.br/wp-content/uploads/2023/05/st07-15.pdf,,,,,,,,,Google Scholar; OpenAlex,2023
83LX3pFwXQZ3V9uMbiY/Mc9AB,forma urbana y segregacion espacial el caso de la zona metropolitana del valle de mexico|2019,forma urbana y segregacion espacial el caso de la zona metropolitana del valle de mexico,2019,MAU Sánchez,,2019,https://zaloamati.azc.uam.mx/bitstreams/c7378d3e-0664-4e5b-ba13-e22b87ee6165/download,,,,,,,,,Google Scholar; OpenAlex,2004
83LX3pFwXQZ3V9uMbiY/NiaFE,formalization of 2 d spatial ontology and owl protege realization|2011,formalization of 2 d spatial ontology and owl protege realization,2011,"K Jitkajornwanich, R Elmasri, C Li… - Proceedings of the …, 2011",,dl.acm.org,https://dl.acm.org/doi/abs/10.1145/1999299.1999308,,,,,,,,,Google Scholar; OpenAlex,2006
8JMKD3MGP8W/3HHGCCB,formation tracking of target moving on natural surfaces|2021,formation tracking of target moving on natural surfaces,2021,"H Nadour, N Marchand, L Reveret… - … on Unmanned Aircraft …, 2021",,ieeexplore.ieee.org,https://ieeexplore.ieee.org/abstract/document/9476835/,,,,,,,,,Google Scholar; OpenAlex,2007
8JMKD3MGPDW34P/3NDC42E,fouille de sequences de mobilite semantique sur l elaboration de mesures pour la comparaison l analyse et la decouverte de comportements|2021,fouille de sequences de mobilite semantique sur l elaboration de mesures pour la comparaison l analyse et la decouverte de comportements,2021,C Moreau,,2021,https://hal.science/tel-03607421/,,,,,,,,,Google Scholar; OpenAlex,2016
8JMKD3MGPDW34P/3NDC42E,fouille de sequences de mobilite semantique|2021,fouille de sequences de mobilite semantique,2021,LEIB Co-encadrant,,2021,https://theses.fr/api/v1/document/2021TOUR4008,,,,,,,,,Google Scholar; OpenAlex,2016
8JMKD3MGPDW34P/3KK5KM2,foundation of computer science fcs ny usa|2015,foundation of computer science fcs ny usa,2015,"S Chakri, S Raghay, S El Hadaj",,2015,,,,,,,,,,Google Scholar; OpenAlex,2010
83LX3pFwXQZ3V9uMbiY/LHUKe,four decades of urban sprawl and population growth in teresina brazil|2017,four decades of urban sprawl and population growth in teresina brazil,2017,"GM de Espindola, ELN da Costa Carneiro… - Applied …, 2017",,Elsevier,https://www.sciencedirect.com/science/article/pii/S014362281630844X,,,,,,,,,Google Scholar; OpenAlex,2005
83LX3pFwXQZ3V9uMbiY/Mc9AB,framework of the existing patterns of residential segregation and housing quality in nigeria|2015,framework of the existing patterns of residential segregation and housing quality in nigeria,2015,"MS Muhammad, R Kasim, D Martin, AA Aliyu",,2015,,,,,,,,,,Google Scholar; OpenAlex,2004
83LX3pFwXQZ4BFjAq/mGafE,free and open source geographic information tools for landscape ecology|2009,free and open source geographic information tools for landscape ecology,2009,"S Steiniger, GJ Hay - Ecological informatics, 2009",,Elsevier,https://www.sciencedirect.com/science/article/pii/S1574954109000363,,,,,,,,,Google Scholar; OpenAlex,2000
8JMKD3MGPDW34P/3KK5KM2,from conceptual modeling to logical representation of trajectories in dbms or and dw systems|2011,from conceptual modeling to logical representation of trajectories in dbms or and dw systems,2011,"BC Leal, JAF de Macedo, VC Times… - … of Information and …, 2011",,journals-sol.sbc.org.br,https://journals-sol.sbc.org.br/index.php/jidm/article/view/1421,,,,,,,,,Google Scholar; OpenAlex,2010
83LX3pFwXQZ3V9uMbiY/MhUig,from design to application of a decision support system for integrated river basin management|2009,from design to application of a decision support system for integrated river basin management,2009,"JL De Kok, S Kofalk, J Berlekamp, B Hahn… - Water resources …, 2009",,Springer,https://link.springer.com/article/10.1007/s11269-008-9352-7,,,,,,,,,Google Scholar; OpenAlex,2003
8JMKD3MGPDW34P/3Q5DNG5,from gps to semantic data how and why a framework for enriching smartphone trajectories|2021,from gps to semantic data how and why a framework for enriching smartphone trajectories,2021,"A Ibrahim, H Zhang, S Clinch, S Harper - Computing, 2021",,Springer,https://link.springer.com/article/10.1007/s00607-021-00993-z,,,,,,,,,Google Scholar; OpenAlex,2017
83LX3pFwXQZ3V9uMbiY/MhU9d,from input output matrixes to agent based models a case study on carbon credits in a local economy|2010,from input output matrixes to agent based models a case study on carbon credits in a local economy,2010,"PR de Andrade, AMV Monteiro… - 2010 Second Brazilian …, 2010",,ieeexplore.ieee.org,https://ieeexplore.ieee.org/abstract/document/6030015/,,,,,,,,,Google Scholar; OpenAlex,2003
83LX3pFwXQZ3V9uMbiY/LHTK3,from point feature label placement to map labelling|2009,from point feature label placement to map labelling,2009,"M Laurent, ÉD Taillard, O Ertz, F Grin… - … conference (MIC'09) …, 2009",,researchgate.net,https://www.researchgate.net/profile/Olivier-Ertz/publication/260319358_From_Point_Feature_Label_Placement_to_Map_Labelling/links/54578fdc0cf2cf516481d8d3/From-Point-Feature-Label-Placement-to-Map-Labelling.pdf,,,,,,,,,Google Scholar; OpenAlex,2005
8JMKD3MGPDW34P/3NDC4BB,from spatio temporal trajectories to succinct and semantically meaningful patterns|2018,from spatio temporal trajectories to succinct and semantically meaningful patterns,2018,LL Bermingham,,2018,https://researchonline.jcu.edu.au/53636/,,,,,,,,,Google Scholar; OpenAlex,2016
83LX3pFwXQZ3V9uMbiY/MimPC,from text to geographic coordinates the current state of geocoding|2007,from text to geographic coordinates the current state of geocoding,2007,"DW Goldberg, JP Wilson, CA Knoblock - URISA journal, 2007",,academia.edu,https://www.academia.edu/download/30757327/2007_URISA_Goldberg_Geocoding.pdf,,,,,,,,,Google Scholar; OpenAlex,2003
83LX3pFwXQZ4BFjAq/mEp4v,fundamentos epistemologicos da ciencia da geoinformacao|2001,fundamentos epistemologicos da ciencia da geoinformacao,2001,"G Câmara, AMV Monteiro… - Introdução à ciência da …, 2001",,faed.udesc.br,http://www.faed.udesc.br/arquivos/id_submenu/1414/cap5_epistemologia.pdf,,,,,,,,,Google Scholar; OpenAlex,2000
8JMKD3MGP3W34P/3HJPLH2,fusion based on geostatistics to improve the altimetry accuracies of digital elevation models geoinfor geostat an overview 6 2|2018,fusion based on geostatistics to improve the altimetry accuracies of digital elevation models geoinfor geostat an overview 6 2,2018,"CA Felgueiras, JO Ortiz, ECG Camargo, LM Namikawa… - of, 2018",,,,,,,,,,,,Google Scholar; OpenAlex,2014
8JMKD3MGPDW34P/3KJKMQ2,fusion of high spatial and spectral resolution cbers 2b data for a better knowledge of urban area in south portugal|2009,fusion of high spatial and spectral resolution cbers 2b data for a better knowledge of urban area in south portugal,2009,"AM Santos, JP Monteiro, R Hugman… - … Vision and Medical …, 2009",,books.google.com,https://books.google.com/books?hl=pt-BR&lr=&id=DUNZDwAAQBAJ&oi=fnd&pg=PA31&ots=iHkOnQstiW&sig=cEz8v4eQfpiS7Cr9WM9kGvk_0zM,,,,,,,,,Google Scholar; OpenAlex,2008
8JMKD3MGP3W34P/3N2U8K2,future of big earth data analytics|2022,future of big earth data analytics,2022,"C Lynnes, T Huang - Big Data Analytics in Earth, Atmospheric …, 2022",,Wiley Online Library,https://agupubs.onlinelibrary.wiley.com/doi/abs/10.1002/9781119467557.ch17,,,,,,,,,Google Scholar; OpenAlex,2016
83LX3pFwXQZ3V9uMbiY/LHUQQ,g brackets a new formalism for encoding and querying gis databases|2015,g brackets a new formalism for encoding and querying gis databases,2015,"H AMAKDOUF - International Journal of Innovation and Applied …, 2015",,academia.edu,https://www.academia.edu/download/99323759/papers.pdf,,,,,,,,,Google Scholar; OpenAlex,2005
83LX3pFwXQZ3V9uMbiY/LHUQQ,g brackets un nouveau formalisme pour la representation et l interrogation des bases de donnees sig g brackets a new formalism for encoding and|2015,g brackets un nouveau formalisme pour la representation et l interrogation des bases de donnees sig g brackets a new formalism for encoding and,2015,"N Chenfour, H Amakdouf - … Journal of Innovation and Applied Studies, 2015",,academia.edu,https://www.academia.edu/download/79627927/IJIAS-14-301-24.pdf,,,,,,,,,Google Scholar; OpenAlex,2005
83LX3pFwXQZ3V9uMbiY/NiaA4,g gcs a geographical aware graph coupling structure for gis water flow representation|2010,g gcs a geographical aware graph coupling structure for gis water flow representation,2010,"S Rosim, AMV Monteiro, CD Rennó - on Geoinformatics, 2010",,researchgate.net,https://www.researchgate.net/profile/Fabio-Andrade-3/publication/220913295_Using_Semantic_Similarity_to_Improve_Information_Discovery_in_Spatial_Data_Infrastructure/links/5fb68476a6fdcc6cc64ab329/Using-Semantic-Similarity-to-Improve-Information-Discovery-in-Spatial-Data-Infrastructure.pdf#page=98,,,,,,,,,Google Scholar; OpenAlex,2006
83LX3pFwXQZ4BFjAq/mGafE,games on cellular spaces how mobility affects equilibrium|2009,games on cellular spaces how mobility affects equilibrium,2009,"PR De Andrade, AMV Monteiro… - Journal of Artificial …, 2009",,jasss.soc.surrey.ac.uk,https://jasss.soc.surrey.ac.uk/12/1/5.html,,,,,,,,,Google Scholar; OpenAlex,2000
83LX3pFwXQZ3V9uMbiY/MdGsf,gamework a customizable framework for pervasive games|2010,gamework a customizable framework for pervasive games,2010,"C Stach - GET'10: Proceedings of the IADIS International …, 2010",,,,,,,,,,,,Google Scholar; OpenAlex,2004
83LX3pFwXQZ3V9uMbiY/LHUQQ,gdms r a mixed sql to manage raster and vector data|2009,gdms r a mixed sql to manage raster and vector data,2009,"T Leduc, E Bocher, FG Cortés, G Moreau - GIS 2009, 2009",,hal.science,https://hal.science/hal-00358740/,,,,,,,,,Google Scholar; OpenAlex,2005
8JMKD3MGP8W/3GTEJES,gender equivalence perspectives to increase women s interaction in urban design with emphasis on the principles of horizontal ontology|2024,gender equivalence perspectives to increase women s interaction in urban design with emphasis on the principles of horizontal ontology,2024,"M Atarod, B Mansouri - Islamic Art Studies, 2024",,sysislamicartjournal.ir,https://www.sysislamicartjournal.ir/article_132281_en.html?lang=en&lang=en&lang=en,,,,,,,,,Google Scholar; OpenAlex,2002
83LX3pFwXQZ3V9uMbiY/Nia2d,generalilzacao e analise multirresolucao de modelos digitais do terreno com base em transformada wavelet|2009,generalilzacao e analise multirresolucao de modelos digitais do terreno com base em transformada wavelet,2009,C Gaboardi,,2009,https://www.academia.edu/download/49793760/Generalilzao_e_anlise_multirresoluo_de_m20161022-8345-1i3wgts.pdf,,,,,,,,,Google Scholar; OpenAlex,2006
83LX3pFwXQZ3V9uMbiY/LHTK3,generalizacao cartografica automatizada de toponimia de sistemas viarios utilizando agentes|2014,generalizacao cartografica automatizada de toponimia de sistemas viarios utilizando agentes,2014,RM Pombo,,2014,,,,,,,,,,Google Scholar; OpenAlex,2005
8JMKD3MGPDW34P/3KP36DH,generalizacao cartografica desafios e perspectivas|2022,generalizacao cartografica desafios e perspectivas,2022,"FP Freiman, DR dos Santos - Rev. Bras. Cartogr, 2022",,seer.ufu.br,https://seer.ufu.br/index.php/revistabrasileiracartografia/article/download/65431/34589,,,,,,,,,Google Scholar; OpenAlex,2015
83LX3pFwXQZeBBx/oS9ox,generalizacao cartografica para escala 1 10 000 das feicoes culturais de areas urbanas representadas em cartas topograficas na escala 1 2 000|2014,generalizacao cartografica para escala 1 10 000 das feicoes culturais de areas urbanas representadas em cartas topograficas na escala 1 2 000,2014,S Comé,,2014,,,,,,,,,,Google Scholar; OpenAlex,1999
8JMKD3MGPDW34P/3SEUNGH,generating artificial data to evaluate machine learning predictive algorithms for bus travel time|2019,generating artificial data to evaluate machine learning predictive algorithms for bus travel time,2019,"LS Ribeiro, TP Faleiros… - Journal of Information …, 2019",,journals-sol.sbc.org.br,https://journals-sol.sbc.org.br/index.php/jidm/article/view/1630,,,,,,,,,Google Scholar; OpenAlex,2018
83LX3pFwXQZ3V9uMbiY/NiboS,generating virtual worlds from biodiversity information systems requirements general process and typology of the metaverse s models|2009,generating virtual worlds from biodiversity information systems requirements general process and typology of the metaverse s models,2009,"D Sébastien, N Conruyt, R Courdier… - … conference on internet …, 2009",,ieeexplore.ieee.org,https://ieeexplore.ieee.org/abstract/document/5072576/,,,,,,,,,Google Scholar; OpenAlex,2006
83LX3pFwXQZ3V9uMbiY/MimPC,geo coordinated parallel coordinates gcpc a case study of environmental data analysis|2015,geo coordinated parallel coordinates gcpc a case study of environmental data analysis,2015,"M El Meseery, O Hoeber - International Conference on Discovery Science, 2015",,Springer,https://link.springer.com/chapter/10.1007/978-3-319-24282-8_7,,,,,,,,,Google Scholar; OpenAlex,2003
8JMKD3MGPDW34P/3KK5LE2,geo enrichment and semantic enhancement of metadata sets to augment discovery in geoportals|2014,geo enrichment and semantic enhancement of metadata sets to augment discovery in geoportals,2014,"B Vockner, M Mittlböck - ISPRS International Journal of Geo-Information, 2014",,mdpi.com,https://www.mdpi.com/2220-9964/3/1/345,,,,,,,,,Google Scholar; OpenAlex,2010
8JMKD3MGP8W/3HHLP88,geo environmental assessment to identify a least cost road in ghana|2014,geo environmental assessment to identify a least cost road in ghana,2014,"MB Kursah - Applied GIS, 2014",,researchgate.net,https://www.researchgate.net/profile/Matthew_Kursah/publication/264810761_Geo-environmental_assessment_to_identify_a_least-cost_road_in_Ghana/links/569286b208aec14fa55d7bb0/Geo-environmental-assessment-to-identify-a-least-cost-road-in-Ghana.pdf?origin=journalDetail&_tp=eyJwYWdlIjoiam91cm5hbERldGFpbCJ9,,,,,,,,,Google Scholar; OpenAlex,2007
83LX3pFwXQZ3V9uMbiY/NiaHU,geo ontology for cultural knowledge|2010,geo ontology for cultural knowledge,2010,"U Phumisathan… - The 8th International …, 2010",,inceb2015.sit.kmutt.ac.th,http://www.inceb2015.sit.kmutt.ac.th/Proceedings/2009/(S14)GEO-ONTOLOGY%20FOR%20CULTURAL%20KNOWLEDGE.pdf,,,,,,,,,Google Scholar; OpenAlex,2006
8JMKD3MGPDW34P/3KJKF3P,geo referencing place from everyday natural language descriptions|2017,geo referencing place from everyday natural language descriptions,2017,"H Chen, M Vasardani, S Winter - arXiv preprint arXiv:1710.03346, 2017",,arxiv.org,https://arxiv.org/abs/1710.03346,,,,,,,,,Google Scholar; OpenAlex,2008
8JMKD3MGPDW34P/3KJKF3P,geo referencing places from everyday natural language place descriptions|2017,geo referencing places from everyday natural language place descriptions,2017,"H Chen, M Vasardani, S Winter",,2017,https://www.academia.edu/download/93488613/1710.03346v1.pdf,,,,,,,,,Google Scholar; OpenAlex,2008
8JMKD3MGP8W/3GQ6SSH,geobr intercambio sintatico e semantico de dados espaciais|2002,geobr intercambio sintatico e semantico de dados espaciais,2002,"P Lima, G Câmara, G Queiroz - IV Brazilian Symposium on …, 2002",,researchgate.net,https://www.researchgate.net/profile/Gilberto-Camara/publication/228888657_GeoBR_intercambio_sintatico_e_semantico_de_dados_espaciais/links/02e7e523d63e37a1aa000000/GeoBR-intercambio-sintatico-e-semantico-de-dados-espaciais.pdf,,,,,,,,,Google Scholar; OpenAlex,2001
83LX3pFwXQZ3V9uMbiY/LHTbc,geochapada cartografia turistica e sig web no parque nacional da chapada diamantina bahia brasil|2016,geochapada cartografia turistica e sig web no parque nacional da chapada diamantina bahia brasil,2016,"GA OLIVEIRA, SCM CAVALCANTE… - … E TECNOLOGIAS DA …, 2016",,researchgate.net,https://www.researchgate.net/profile/Gabriel-Oliveira-13/publication/319880966_GEOCHAPADA_CARTOGRAFIA_TURISTICA_E_SIG_WEB_NO_PARQUE_NACIONAL_DA_CHAPADA_DIAMANTINA_-_BAHIA_BRASIL/links/59c017bfa6fdcca8e56fd88a/GEOCHAPADA-CARTOGRAFIA-TURISTICA-E-SIG-WEB-NO-PARQUE-NACIONAL-DA-CHAPADA-DIAMANTINA-BAHIA-BRASIL.pdf,,,,,,,,,Google Scholar; OpenAlex,2005
83LX3pFwXQZ3V9uMbiY/MimPC,geocodificacao de enderecos urbanos com indicacao de qualidade|2012,geocodificacao de enderecos urbanos com indicacao de qualidade,2012,"D Martins, CA Davis Jr… - Proceedings XIII …, 2012",,mtc-m16c.sid.inpe.br,http://mtc-m16c.sid.inpe.br/col/sid.inpe.br/mtc-m18/2012/12.04.13.23/doc/furtado.pdf,,,,,,,,,Google Scholar; OpenAlex,2003
8JMKD3MGP8W/3D62CSE,geocodificacao em portugal o caso de estudo da freguesia de alfragide amadora|2014,geocodificacao em portugal o caso de estudo da freguesia de alfragide amadora,2014,SIF Polido,,2014,https://search.proquest.com/openview/4b5ce7a6cbf08f1bcefce8941d8fb841/1?pq-origsite=gscholar&cbl=2026366&diss=y,,,,,,,,,Google Scholar; OpenAlex,2012
83LX3pFwXQZ3V9uMbiY/MimPC,geocoding coronial data tools and techniques to improve data quality|2012,geocoding coronial data tools and techniques to improve data quality,2012,"D Freestone, D Williamson… - Health Information …, 2012",,journals.sagepub.com,https://journals.sagepub.com/doi/abs/10.1177/183335831204100301,,,,,,,,,Google Scholar; OpenAlex,2003
8JMKD3MGP8W/3HHGDJL,geocoding fundamentals techniques commercial and open services|2010,geocoding fundamentals techniques commercial and open services,2010,"FJ Behr - AGSE 2010, 2010",,repository.dkut.ac.ke,https://repository.dkut.ac.ke:8080/xmlui/bitstream/handle/123456789/8467/AGSE_2010_Proceedings_2010_11_01.pdf?sequence=1#page=126,,,,,,,,,Google Scholar; OpenAlex,2007
83LX3pFwXQZ3V9uMbiY/MimPC,geocoding user queries|2020,geocoding user queries,2020,K Clemens,,2020,https://depositonce.tu-berlin.de/bitstreams/7c120bba-3a68-4a80-af4b-5d621445949f/download,,,,,,,,,Google Scholar; OpenAlex,2003
8JMKD3MGPDW34P/3KJKLB2,geodesign using giscolab platform sdi consumed by wms and wfs wps protocols in transformative learning actions in planning|2021,geodesign using giscolab platform sdi consumed by wms and wfs wps protocols in transformative learning actions in planning,2021,"ACM Moura, CR Freitas, VT de Freitas… - … on Computational Science …, 2021",,Springer,https://link.springer.com/chapter/10.1007/978-3-030-86979-3_32,,,,,,,,,Google Scholar; OpenAlex,2008
83LX3pFwXQZ3V9uMbiY/LHS35,geografia medica e tuberculose identificacao dos aglomerados espaciais da doenca no municipio de joao pessoa paraiba|2012,geografia medica e tuberculose identificacao dos aglomerados espaciais da doenca no municipio de joao pessoa paraiba,2012,"WS Carneiro, J de Almeida Nogueira, RM de Moraes",,2012,https://copec.eu/congresses/shewc2012/proc/works/051.pdf,,,,,,,,,Google Scholar; OpenAlex,2005
8JMKD3MGPDW34P/3KLNJLS,geographic data access in an ontology based peer data management system|2013,geographic data access in an ontology based peer data management system,2013,"R Figueiredo, D Pitta, AC Salgado… - Journal of Information …, 2013",,journals-sol.sbc.org.br,https://journals-sol.sbc.org.br/index.php/jidm/article/view/1487,,,,,,,,,Google Scholar; OpenAlex,2011
8JMKD3MGP8W/3FCBN8P,geographic information extraction using natural language processing in wikipedia texts|2017,geographic information extraction using natural language processing in wikipedia texts,2017,"EB de Lima, CAD Junior - GEOINFO, 2017",,mtc-m16c.sid.inpe.br,http://mtc-m16c.sid.inpe.br/attachment.cgi/sid.inpe.br/mtc-m16c/2017/12.01.20.45/doc/15lima_davis.pdf,,,,,,,,,Google Scholar; OpenAlex,2013
83LX3pFwXQZ3V9uMbiY/MioRd,geographic information retrieval progress and challenges in spatial search of text|2018,geographic information retrieval progress and challenges in spatial search of text,2018,"RS Purves, P Clough, CB Jones, MH Hall… - … and Trends® in …, 2018",,emerald.com,https://www.emerald.com/ftinr/article/12/2-3/164/1328677,,,,,,,,,Google Scholar; OpenAlex,2003
83LX3pFwXQZ3V9uMbiY/NiaHU,geographic information system based on mobile agent and ontology|2012,geographic information system based on mobile agent and ontology,2012,"A Maghraby, M Saleh, F Eassa - Journal of King Abdulaziz …, 2012",,researchgate.net,https://www.researchgate.net/profile/Mostafa-Saleh-10/publication/308929322_Geographic_Information_System_Based_on_Mobile_Agent_and_Ontology/links/57f8018408ae280dd0bccbf9/Geographic-Information-System-Based-on-Mobile-Agent-and-Ontology.pdf,,,,,,,,,Google Scholar; OpenAlex,2006
8JMKD3MGP3W34P/3N2UA78,geographic object based image analysis framework for mapping vegetation physiognomic types at fine scales in neotropical savannas|2020,geographic object based image analysis framework for mapping vegetation physiognomic types at fine scales in neotropical savannas,2020,"FF Ribeiro, DA Roberts, LL Hess, F W. Davis… - Remote Sensing, 2020",,mdpi.com,https://www.mdpi.com/2072-4292/12/11/1721,,,,,,,,,Google Scholar; OpenAlex,2016
83LX3pFwXQZ3V9uMbiY/MimPC,geographic web search based on positioning expressions|2005,geographic web search based on positioning expressions,2005,"TM Delboni, KAV Borges, AHF Laender - Proceedings of the 2005 …, 2005",,dl.acm.org,https://dl.acm.org/doi/abs/10.1145/1096985.1097000,,,,,,,,,Google Scholar; OpenAlex,2003
8JMKD3MGPDW34P/3KKHKQ5,geographical data modeling with the uml geoprofile and mda transformations on the enterprise architect tool|2014,geographical data modeling with the uml geoprofile and mda transformations on the enterprise architect tool,2014,"TB Ferreira, SM Stempliuc… - 2014 9th Iberian …, 2014",,ieeexplore.ieee.org,https://ieeexplore.ieee.org/abstract/document/6876987/,,,,,,,,,Google Scholar; OpenAlex,2010
83LX3pFwXQZ3V9uMbiY/Smzyj,geographical information engineering in the 21st century|2009,geographical information engineering in the 21st century,2009,"G Câmara, L Vinhas, C Davis, F Fonseca… - Research trends in …, 2009",,Springer,https://link.springer.com/chapter/10.1007/978-3-540-88244-2_14,,,,,,,,,Google Scholar; OpenAlex,2007
83LX3pFwXQZ3V9uMbiY/MdHuF,geographical information visualization on a panoramic sphere in an immersive environment|2023,geographical information visualization on a panoramic sphere in an immersive environment,2023,"Y Ma, F Tian, W Liu, M Tang, J Li, G Chen - Journal of Ocean University of …, 2023",,Springer,https://link.springer.com/article/10.1007/s11802-023-5359-1,,,,,,,,,Google Scholar; OpenAlex,2004
8JMKD3MGP8W/3HHGCGP,geographically typed semantic schema matching|2009,geographically typed semantic schema matching,2009,"J Partyka, L Khan, B Thuraisingham - Proceedings of the 17th ACM …, 2009",,dl.acm.org,https://dl.acm.org/doi/abs/10.1145/1653771.1653843,,,,,,,,,Google Scholar; OpenAlex,2007
83LX3pFwXQZ3V9uMbiY/LHToB,geoinformatic analysis of vegetation and climate change on intertidal sedimentary landforms in southeastern australian estuaries from 1975 2015|2018,geoinformatic analysis of vegetation and climate change on intertidal sedimentary landforms in southeastern australian estuaries from 1975 2015,2018,"AKM Al-Nasrawi, SM Hamylton, BG Jones… - AIMS …, 2018",,aimspress.com,https://www.aimspress.com/article/10.3934/geosci.2018.1.36,,,,,,,,,Google Scholar; OpenAlex,2005
8JMKD3MGPDW34P/3Q5DKH5,geojed a geospatial grid model for data acquisition and spatial quality assessment of healthcare services in jeddah|2026,geojed a geospatial grid model for data acquisition and spatial quality assessment of healthcare services in jeddah,2026,"S Althabiti - ISPRS International Journal of Geo-Information, 2026",,mdpi.com,https://www.mdpi.com/2220-9964/15/3/99,,,,,,,,,Google Scholar; OpenAlex,2017
8JMKD3MGPDW34P/3KP37KS,geological interpretation of two virtual outcrops of deformed palaeozoic rocks nw iberian peninsula using 3d stereo vdt in a computer assisted virtual environment|2019,geological interpretation of two virtual outcrops of deformed palaeozoic rocks nw iberian peninsula using 3d stereo vdt in a computer assisted virtual environment,2019,"S Martín, H Uzkeda, J Poblet, M Bulnes - Journal of Iberian Geology, 2019",,Springer,https://link.springer.com/article/10.1007/s41513-019-00110-2,,,,,,,,,Google Scholar; OpenAlex,2015
8JMKD3MGP8W/3GTELRB,geomarketing modelos e sistemas com aplicacoes em telefonia|2005,geomarketing modelos e sistemas com aplicacoes em telefonia,2005,PSS de Aragão,,2005,https://repositorio.unicamp.br/Busca/Download?codigoArquivo=488769&tipoMidia=0,,,,,,,,,Google Scholar; OpenAlex,2002
8JMKD3MGP8W/3FCBRC8,geomatic concepts in agriculture thesauri|2015,geomatic concepts in agriculture thesauri,2015,"O Čerba, K Jedlička - AGRIS on-line Papers in Economics …, 2015",,ageconsearch.umn.edu,https://ageconsearch.umn.edu/record/207054/,,,,,,,,,Google Scholar; OpenAlex,2013
83LX3pFwXQZ3V9uMbiY/MdHf2,geomergep geographic information integration through enriched ontology matching|2010,geomergep geographic information integration through enriched ontology matching,2010,"A Buccella, A Cechich, D Gendarmi, F Lanubile… - New Generation …, 2010",,Springer,https://link.springer.com/article/10.1007/s00354-008-0074-4,,,,,,,,,Google Scholar; OpenAlex,2004
83LX3pFwXQZ3V9uMbiY/MdHf2,geomergep supporting an ontological approach to geographic information integration|2008,geomergep supporting an ontological approach to geographic information integration,2008,"A Buccella, L Perez, A Cechich - … International Conference of …, 2008",,ieeexplore.ieee.org,https://ieeexplore.ieee.org/abstract/document/4685763/,,,,,,,,,Google Scholar; OpenAlex,2004
8JMKD3MGP8W/3FCBR3B,geometric shape characterisation based on a multi sweeping paradigm symmetry 2023 15 1212|2023,geometric shape characterisation based on a multi sweeping paradigm symmetry 2023 15 1212,2023,"B Žalik, D Strnad, D Podgorelec, I Kolingerová, A Nerat…",,2023,https://pdfs.semanticscholar.org/6e7f/33dea3824549499751eccc3801e815e9c29e.pdf,,,,,,,,,Google Scholar; OpenAlex,2013
8JMKD3MGP8W/3FCBR3B,geometric shape characterisation based on a multi sweeping paradigm|2023,geometric shape characterisation based on a multi sweeping paradigm,2023,"B Žalik, D Strnad, D Podgorelec, I Kolingerová, A Nerat… - Symmetry, 2023",,mdpi.com,https://www.mdpi.com/2073-8994/15/6/1212,,,,,,,,,Google Scholar; OpenAlex,2013
83LX3pFwXQZeBBx/oS7Az,geominingvisualql uma linguagem de consulta visual para mineracao de dados geograficos|2010,geominingvisualql uma linguagem de consulta visual para mineracao de dados geograficos,2010,K de Araújo Pedrosa,,2010,,,,,,,,,,Google Scholar; OpenAlex,1999
83LX3pFwXQZ3V9uMbiY/NiaHU,geontoquery um mecanismo de busca em bancos de dados geograficos baseado em ontologias|2006,geontoquery um mecanismo de busca em bancos de dados geograficos baseado em ontologias,2006,RF Viegas,,2006,https://repositorio.ufrn.br/bitstreams/f4edfefb-d3e6-4cbe-97da-c255eb8ee450/download,,,,,,,,,Google Scholar; OpenAlex,2006
8JMKD3MGP8W/3GQ74T5,geoolap an integrated approach for decision support|2007,geoolap an integrated approach for decision support,2007,"RS Manhães, SM González, G Colonese… - … Systems II: IFIP TC 8 WG …, 2007",,Springer,https://link.springer.com/chapter/10.1007/978-0-387-75902-9_38,,,,,,,,,Google Scholar; OpenAlex,2001
8JMKD3MGPDW34P/3KR52SE,geopoint proposta de um aplicativo para coleta de dados espaciais|2020,geopoint proposta de um aplicativo para coleta de dados espaciais,2020,"LDM da Silva, JR de Freitas, JN Vidal-Filho…",,2020,https://periodicos.ufersa.edu.br/ecop/article/download/10096/10396,,,,,,,,,Google Scholar; OpenAlex,2013
83LX3pFwXQZeBBx/oS63E,geopointing evaluating the performance of an orientation aware location based service under realworld conditions|2007,geopointing evaluating the performance of an orientation aware location based service under realworld conditions,2007,"R Simon, P Fröhlich - 4th International symposium on LBS and …, 2007",,researchgate.net,https://www.researchgate.net/profile/Rainer-Simon-4/publication/220232931_GeoPointing_Evaluating_the_Performance_of_Orientation-Aware_Location-Based_Interaction_Under_Real-World_Conditions/links/00b495174f46db324b000000/GeoPointing-Evaluating-the-Performance-of-Orientation-Aware-Location-Based-Interaction-Under-Real-World-Conditions.pdf?_sg%5B0%5D=started_experiment_milestone&origin=journalDetail&_rtd=e30%3D,,,,,,,,,Google Scholar; OpenAlex,1999
83LX3pFwXQZeBBx/oS63E,geopointing evaluating the performance of orientation aware location based interaction under real world conditions|2008,geopointing evaluating the performance of orientation aware location based interaction under real world conditions,2008,"R Simon, P Fröhlich, T Grechenig - Journal of Location Based …, 2008",,Taylor & Francis,https://www.tandfonline.com/doi/abs/10.1080/17489720802347986,,,,,,,,,Google Scholar; OpenAlex,1999
83LX3pFwXQZ3V9uMbiY/MdFRL,geoprocessamento aplicado ao planejamento dos transportes urbanos|2006,geoprocessamento aplicado ao planejamento dos transportes urbanos,2006,"TA SILVEIRA, MBB Barros Filho - Monografia] João pessoa, 2006",,,,,,,,,,,,Google Scholar; OpenAlex,2004
83LX3pFwXQZ4BFjAq/mGafE,geoprocessamento e computacao inteligente possibilidades vantagens e necessidades|2008,geoprocessamento e computacao inteligente possibilidades vantagens e necessidades,2008,CJA Pereira,,2008,https://repositorio.unesp.br/entities/publication/d08981cf-b8cd-4e8e-833a-ee0945fd41f1,,,,,,,,,Google Scholar; OpenAlex,2000
8JMKD3MGP8W/3GQ766E,georeferenced soybean yield and nutritional status evaluation under no till system in southern brazil|2003,georeferenced soybean yield and nutritional status evaluation under no till system in southern brazil,2003,"ACC Bernardi, P Machado, C Carmo… - CONFERENCE ON …, 2003",,ler.esalq.usp.br,http://www.ler.esalq.usp.br/download/TEC%202002.07.PDF,,,,,,,,,Google Scholar; OpenAlex,2001
83LX3pFwXQZ3V9uMbiY/Mekki,georeferencing facts in road networks|2012,georeferencing facts in road networks,2012,"F da Costa Albuquerque, I Barbosa, MA Casanova… - GEOINFO, 2012",,researchgate.net,https://www.researchgate.net/profile/Ivanildo-Barbosa/publication/264458181_Georeferencing_Facts_in_Road_Networks/links/564b267f08ae127ff988069c/Georeferencing-Facts-in-Road-Networks.pdf,,,,,,,,,Google Scholar; OpenAlex,2004
83LX3pFwXQZ3V9uMbiY/MioRd,geosen_tags um motor de busca geografico com suporte a tags|2010,geosen_tags um motor de busca geografico com suporte a tags,2010,RM Fernandes,,2010,https://dspace.sti.ufcg.edu.br/handle/riufcg/10471,,,,,,,,,Google Scholar; OpenAlex,2003
83LX3pFwXQZ3V9uMbiY/LHUxR,geoserver based forestry spatial data sharing and integration|2013,geoserver based forestry spatial data sharing and integration,2013,"XW Yu, HY Liu, YC Yang, X Zhang… - Applied mechanics and …, 2013",,Trans Tech Publ,https://www.scientific.net/AMM.295-298.2394,,,,,,,,,Google Scholar; OpenAlex,2005
83LX3pFwXQZ3V9uMbiY/LHU82,geospatial analysis of births with congenital disorders parana 2008 2015 ecological study|2020,geospatial analysis of births with congenital disorders parana 2008 2015 ecological study,2020,"MHS Freire, APMM Barros, L Andrade… - Revista Brasileira de …, 2020",,SciELO Brasil,https://www.scielo.br/j/reben/a/5YZfpNGVHF7HXx3gjFxK7jG/?lang=en,,,,,,,,,Google Scholar; OpenAlex,2005
8JMKD3MGPDW34P/3NDC42E,geospatial consistency in clustering assessing latitude and longitude stability|2024,geospatial consistency in clustering assessing latitude and longitude stability,2024,"PK VS, S Abraham, S Thomas, B Jose - International Journal for …, 2024",,academia.edu,https://www.academia.edu/download/120415601/Analysis_of_Security_Challenges_in_Cloud_Computing_Adoption_for_the_Banking_Sector_IJCA_2024.pdf#page=51,,,,,,,,,Google Scholar; OpenAlex,2016
83LX3pFwXQZ3V9uMbiY/NiaFE,geospatial data sharing based on geospatial semantic web technologies|2007,geospatial data sharing based on geospatial semantic web technologies,2007,"C Zhang, W Li, T Zhao - Journal of Spatial Science, 2007",,Taylor & Francis,https://www.tandfonline.com/doi/abs/10.1080/14498596.2007.9635121,,,,,,,,,Google Scholar; OpenAlex,2006
8JMKD3MGPDW34P/3KLNKR2,geospatial information infrastructures to address spatial needs in health collaboration challenges and opportunities|2014,geospatial information infrastructures to address spatial needs in health collaboration challenges and opportunities,2014,"C Granell, ÓB Fernández, L Díaz - Future Generation Computer Systems, 2014",,Elsevier,https://www.sciencedirect.com/science/article/pii/S0167739X13000629,,,,,,,,,Google Scholar; OpenAlex,2011
83LX3pFwXQZ3V9uMbiY/LHUuu,geospatial model tool for climate data retrieval|2015,geospatial model tool for climate data retrieval,2015,"KV Reddy, SLSV Jayanthi, K Tharani, PN Sowjanya - Organizers, 2015",,researchgate.net,https://www.researchgate.net/profile/Anita-Khadka-2/publication/311398621_Alteration_in_snowmelt_driven_flow_regime_in_climate_change_scenario/links/58442f7a08ae61f75dd67baf/Alteration-in-snowmelt-driven-flow-regime-in-climate-change-scenario.pdf#page=49,,,,,,,,,Google Scholar; OpenAlex,2005
83LX3pFwXQZ3V9uMbiY/MioRd,geospatial route extraction from texts|2010,geospatial route extraction from texts,2010,"E Drymonas, D Pfoser - Proceedings of the 1st ACM SIGSPATIAL …, 2010",,dl.acm.org,https://dl.acm.org/doi/abs/10.1145/1869890.1869894,,,,,,,,,Google Scholar; OpenAlex,2003
83LX3pFwXQZ4BFjAq/mENBs,geospatial semantics a critical review|2010,geospatial semantics a critical review,2010,"P Di Donato - … Conference on Computational Science and Its …, 2010",,Springer,https://link.springer.com/chapter/10.1007/978-3-642-12156-2_40,,,,,,,,,Google Scholar; OpenAlex,2000
83LX3pFwXQZ4BFjAq/mENBs,geospatial semantics beyond ontologies towards an enactive approach|2009,geospatial semantics beyond ontologies towards an enactive approach,2009,"P Di Donato - arXiv preprint arXiv:0901.4224, 2009",,arxiv.org,https://arxiv.org/abs/0901.4224,,,,,,,,,Google Scholar; OpenAlex,2000
83LX3pFwXQZ3V9uMbiY/Nib3w,geospatial semantics|2017,geospatial semantics,2017,"Y Hu - arXiv preprint arXiv:1707.03550, 2017",,arxiv.org,https://arxiv.org/abs/1707.03550,,,,,,,,,Google Scholar; OpenAlex,2006
83LX3pFwXQZ3V9uMbiY/MdGTa,geospatial web interfaces why are they so complicated|2013,geospatial web interfaces why are they so complicated,2013,"E López-Ornelas, R Abascal-Mena… - … Conference of Design …, 2013",,Springer,https://link.springer.com/chapter/10.1007/978-3-642-39253-5_25,,,,,,,,,Google Scholar; OpenAlex,2004
8JMKD3MGPDW34P/3KQ6NG2,geosql um aplicativo online de apoio ao aprendizado de sql com extensoes espaciais|2015,geosql um aplicativo online de apoio ao aprendizado de sql com extensoes espaciais,2015,"GHR Nascimento, CA Davis Jr - GEOINFO, 2015",,mtc-m16c.sid.inpe.br,http://mtc-m16c.sid.inpe.br/attachment.cgi/sid.inpe.br/mtc-m16c/2015/12.10.17.30/doc/proceedings2015_p11.pdf,,,,,,,,,Google Scholar; OpenAlex,2012
83LX3pFwXQZ3V9uMbiY/NiboS,geoweb services for sharing modelling results in biodiversity networks|2009,geoweb services for sharing modelling results in biodiversity networks,2009,"KD Fook, AM Vieira Monteiro, G Câmara… - Transactions in …, 2009",,Wiley Online Library,https://onlinelibrary.wiley.com/doi/abs/10.1111/j.1467-9671.2009.01170.x,,,,,,,,,Google Scholar; OpenAlex,2006
8JMKD3MGP8W/3HHGEBL,geoweb|2016,geoweb,2016,"W Bishop, TH Grubesic - Geographic Information: Organization, Access …, 2016",,Springer,https://link.springer.com/chapter/10.1007/978-3-319-22789-4_6,,,,,,,,,Google Scholar; OpenAlex,2007
83LX3pFwXQZ4BFjAq/mEp4v,geracao automatica de dicionarios explicativos em sistemas de informacoes geograficas usando ontologia|2005,geracao automatica de dicionarios explicativos em sistemas de informacoes geograficas usando ontologia,2005,"LG Sousa, JC Leite - Revista Eletrônica de Iniciação Científica, 2005",,,,,,,,,,,,Google Scholar; OpenAlex,2000
83LX3pFwXQZ4BFjAq/mEp4v,geracao de dicionarios explicativos para melhorar a interacao entre um sig e seus usuarios|2005,geracao de dicionarios explicativos para melhorar a interacao entre um sig e seus usuarios,2005,"LG de Sousa, JC Leite - GEOINFO, 2005",,mtc-m16c.sid.inpe.br,http://mtc-m16c.sid.inpe.br/attachment.cgi/dpi.inpe.br/geoinfo@80/2006/07.11.13.42/doc/p66.pdf,,,,,,,,,Google Scholar; OpenAlex,2000
8JMKD3MGPDW34P/487LUJH,geracao de embeddings de tipos de poi com base em feicoes geograficas|2024,geracao de embeddings de tipos de poi com base em feicoes geograficas,2024,SD Silva,SEM_MATCH,2024,https://dspace.sti.ufcg.edu.br/handle/riufcg/37311,,,,,,,,,Google Scholar; OpenAlex,2022
83LX3pFwXQZ4BFjAq/mEp4v,geracao de interfaces de usuario de sistemas web para multiplos dispositivos com o uso de componentes de iu|2007,geracao de interfaces de usuario de sistemas web para multiplos dispositivos com o uso de componentes de iu,2007,LG Sousa,,2007,https://repositorio.ufrn.br/bitstreams/2929eb0b-f30d-4b58-8994-6a5fba7329b9/download,,,,,,,,,Google Scholar; OpenAlex,2000
8JMKD3MGP8W/3GQ75L5,gerenciamento de dados climatologicos heterogeneos para aplicacoes em agricultura|2003,gerenciamento de dados climatologicos heterogeneos para aplicacoes em agricultura,2003,JG de Souza Lima,,2003,https://lis-unicamp.github.io/wp-content/uploads/2015/09/LimaJoaoGuilhermedeSouza.pdf,,,,,,,,,Google Scholar; OpenAlex,2001
8JMKD3MGP8W/3GTEHF8,gerenciamento de texturas para aplicacoes de visualizacao de terrenos em ambiente de comando e controle|2004,gerenciamento de texturas para aplicacoes de visualizacao de terrenos em ambiente de comando e controle,2004,RM Okamoto,,2004,,,,,,,,,,Google Scholar; OpenAlex,2002
8JMKD3MGPDW34P/3SG4DG8,gerenciando dados espaciais historicos de pequenas propriedades rurais caso de machadinho d oeste|2019,gerenciando dados espaciais historicos de pequenas propriedades rurais caso de machadinho d oeste,2019,"M Balan, J Daltio, S Passarinho… - …, 2019",,mtc-m21c.sid.inpe.br,http://mtc-m21c.sid.inpe.br/col/sid.inpe.br/mtc-m21c/2019/12.10.14.01/doc/proceedings_2019_compressed.pdf#page=299,,,,,,,,,Google Scholar; OpenAlex,2018
83LX3pFwXQZ3V9uMbiY/MioRd,gerindo managing and retrieving information in large document collections|2007,gerindo managing and retrieving information in large document collections,2007,N Ziviani,,2007,https://www.academia.edu/download/42582260/tr001-2007.pdf,,,,,,,,,Google Scholar; OpenAlex,2003
8JMKD3MGPDW34P/3Q5DP2E,gis and data three applications to enhance mobility|2018,gis and data three applications to enhance mobility,2018,"AS Alic, T Braz, A Brito, CES Pires, N Antunes, M Vieira…",,2018,https://repositorio.ufmg.br/items/7eb19c5e-8e81-48c7-9f27-55a6419421f8,,,,,,,,,Google Scholar; OpenAlex,2017
83LX3pFwXQZ4BFjAq/mGafE,gis as a supporting instrument for making decisions about the library sources collection management|2017,gis as a supporting instrument for making decisions about the library sources collection management,2017,"R Pournaghi - Collection Building, 2017",,emerald.com,https://www.emerald.com/cc/article/36/1/11/25924,,,,,,,,,Google Scholar; OpenAlex,2000
83LX3pFwXQZ3V9uMbiY/MimPC,gis based geocoding methods for area based addresses and 3d addresses in urban areas|2009,gis based geocoding methods for area based addresses and 3d addresses in urban areas,2009,"J Lee - Environment and Planning B: Planning and Design, 2009",,journals.sagepub.com,https://journals.sagepub.com/doi/abs/10.1068/b31169,,,,,,,,,Google Scholar; OpenAlex,2003
83LX3pFwXQZ3V9uMbiY/Mc9AB,global and local spatial indices of urban segregation|2007,global and local spatial indices of urban segregation,2007,"FF Feitosa, G Camara, AMV Monteiro… - International Journal …, 2007",,Taylor & Francis,https://www.tandfonline.com/doi/abs/10.1080/13658810600911903,,,,,,,,,Google Scholar; OpenAlex,2004
8JMKD3MGPDW34P/3KK5L2S,global keyword tracking in archaeology|2016,global keyword tracking in archaeology,2016,Y Yan,,2016,https://oaktrust.library.tamu.edu/items/24d58440-7369-4736-b0d7-f54f8c73308b,,,,,,,,,Google Scholar; OpenAlex,2010
8JMKD3MGPDW34P/43PQU8E,global threshold and backbone high resolution weather radar networks are significantly complementary in a watershed|2022,global threshold and backbone high resolution weather radar networks are significantly complementary in a watershed,2022,"AAS Jorge, IS Diniz, VLS Freitas, IC Costa… - arXiv preprint arXiv …, 2022",,arxiv.org,https://arxiv.org/abs/2201.05503,,,,,,,,,Google Scholar; OpenAlex,2020
8JMKD3MGP3W34P/3N2U9TH,going with the flow leveraging reef scale hydrodynamics for upscaling larval based restoration|2025,going with the flow leveraging reef scale hydrodynamics for upscaling larval based restoration,2025,"M Gouezo, C Langlais, J Beardsley, G Roff… - Ecological …, 2025",,Wiley Online Library,https://esajournals.onlinelibrary.wiley.com/doi/abs/10.1002/eap.70020,,,,,,,,,Google Scholar; OpenAlex,2016
83LX3pFwXQZ4BFjAq/mGafE,google earth engine and its application in forest sciences|2020,google earth engine and its application in forest sciences,2020,"MN Jahromi, MN Jahromi, B Zolghadr-Asli… - Spatial Modeling in …, 2020",,Springer,https://link.springer.com/chapter/10.1007/978-3-030-56542-8_27,,,,,,,,,Google Scholar; OpenAlex,2000
8JMKD3MGPDW34P/3NDC97E,google earth engine for geo big data applications a meta analysis and systematic review|2020,google earth engine for geo big data applications a meta analysis and systematic review,2020,"H Tamiminia, B Salehi, M Mahdianpari… - ISPRS journal of …, 2020",,Elsevier,https://www.sciencedirect.com/science/article/pii/S0924271620300927,,,,,,,,,Google Scholar; OpenAlex,2016
83LX3pFwXQZ4BFjAq/mGafE,google earth engine planetary scale geospatial analysis for everyone|2017,google earth engine planetary scale geospatial analysis for everyone,2017,"N Gorelick, M Hancher, M Dixon, S Ilyushchenko… - Remote sensing of …, 2017",,Elsevier,https://www.sciencedirect.com/science/article/pii/S0034425717302900,,,,,,,,,Google Scholar; OpenAlex,2000
83LX3pFwXQZ3V9uMbiY/MdHuF,gpu accelerated marine data visualization method|2014,gpu accelerated marine data visualization method,2014,"B Li, G Chen, F Tian, B Shao, P Ji - Journal of Ocean University of China, 2014",,Springer,https://link.springer.com/article/10.1007/s11802-014-2304-3,,,,,,,,,Google Scholar; OpenAlex,2004
8JMKD3MGPDW34P/3KKHJUS,gpu accelerated multiple observer siting|2017,gpu accelerated multiple observer siting,2017,"W Li, WR Franklin, SVG de Magalhães… - … & Remote Sensing, 2017",,ingentaconnect.com,https://www.ingentaconnect.com/content/asprs/pers/2017/00000083/00000006/art00016,,,,,,,,,Google Scholar; OpenAlex,2010
83LX3pFwXQZ3V9uMbiY/LHUQQ,gpu accelerated parallel algorithms for map algebra|2010,gpu accelerated parallel algorithms for map algebra,2010,"J Zhang, W Yang, J Sun, Y Lv - 2010 The 2nd Conference on …, 2010",,ieeexplore.ieee.org,https://ieeexplore.ieee.org/abstract/document/5567202/,,,,,,,,,Google Scholar; OpenAlex,2005
8JMKD3MGP8W/3FCBR3B,gpu enabled xdraw viewshed analysis|2015,gpu enabled xdraw viewshed analysis,2015,"AJ Cauchi-Saunders, IJ Lewis - Journal of Parallel and Distributed …, 2015",,Elsevier,https://www.sciencedirect.com/science/article/pii/S0743731515001197,,,,,,,,,Google Scholar; OpenAlex,2013
8JMKD3MGPDW34P/3Q5DUE5,gradual cooperative coverage models for optimally locating rain gauges on an urban transportation network|2023,gradual cooperative coverage models for optimally locating rain gauges on an urban transportation network,2023,"F de Oliveira Simoyama, S Croope, LR Tomás… - Expert Systems with …, 2023",,Elsevier,https://www.sciencedirect.com/science/article/pii/S0957417423004803,,,,,,,,,Google Scholar; OpenAlex,2017
8JMKD3MGPDW34P/4ADBK2H,graph based spatial pattern matching a theoretical comparison|2024,graph based spatial pattern matching a theoretical comparison,2024,"NR Schneider, K O'Sullivan, H Samet - Proceedings of the 32nd ACM …, 2024",,dl.acm.org,https://dl.acm.org/doi/abs/10.1145/3678717.3691227,,,,,,,,,Google Scholar,2023
8JMKD3MGPDW34P/4ADBK2H,graph enhanced large language models for spatial search|2026,graph enhanced large language models for spatial search,2026,"NR Schneider, K O'Sullivan, H Samet - arXiv preprint arXiv:2606.22909, 2026",,arxiv.org,https://arxiv.org/abs/2606.22909,preprint,Constraint Satisfaction and Optimization,Computer Networks and Communications,Computer Science,Physical Sciences,arXiv (Cornell University),green,https://openalex.org/W7165817835,Google Scholar; OpenAlex,2023
8JMKD3MGPDW34P/43PQU8E,graph4gis geographical graphs for gis platforms based on weather radar dataset|2023,graph4gis geographical graphs for gis platforms based on weather radar dataset,2023,"A Jorge, VLS Freitas, IC Costa, LBL Santos - Software Impacts, 2023",,Elsevier,https://www.sciencedirect.com/science/article/pii/S2665963823000672,,,,,,,,,Google Scholar; OpenAlex,2020
8JMKD3MGPDW34P/3KK5L2S,graphetteer a conceptual model for a graph driven gazetteer|2016,graphetteer a conceptual model for a graph driven gazetteer,2016,M Bär,,2016,https://www.spatialsparks.com/wp-content/uploads/2019/08/20160107_GIR-Graphetteer-Conceptual_Model-MBaer.pdf,,,,,,,,,Google Scholar; OpenAlex,2010
83LX3pFwXQZ4BFjAq/mGafE,gridfields model driven data transformation in the physical sciences|2006,gridfields model driven data transformation in the physical sciences,2006,B Howe,,2006,https://pdxscholar.library.pdx.edu/open_access_etds/2676/,,,,,,,,,Google Scholar; OpenAlex,2000
8JMKD3MGPDW34R/3UFDELB,ground based corroboration of goes 17 fire detection capabilities during ignition of the kincade fire|2020,ground based corroboration of goes 17 fire detection capabilities during ignition of the kincade fire,2020,"TT Lindley, AB Zwink, CM Gravelle… - Journal of Operational …, 2020",,par.nsf.gov,https://par.nsf.gov/biblio/10292669,,,,,,,,,Google Scholar; OpenAlex,2019
8JMKD3MGPDW34R/3UFECJL,growing self organizing maps for multi label classification|2024,growing self organizing maps for multi label classification,2024,"P Henrique Casarotto, R Cerri - Brazilian Conference on Intelligent …, 2024",,Springer,https://link.springer.com/chapter/10.1007/978-3-031-79032-4_3,,,,,,,,,Google Scholar; OpenAlex,2019
83LX3pFwXQZ4BFjAq/mEp4v,guia de teste de interoperabilidade para aplicacoes de internet das coisas|2024,guia de teste de interoperabilidade para aplicacoes de internet das coisas,2024,KSC Branco,,2024,https://repositorio.ufc.br/handle/riufc/86239,,,,,,,,,Google Scholar; OpenAlex,2000
83LX3pFwXQZ4BFjAq/mGafE,guidelines and notations towards a simulation temporal data base management system|2007,guidelines and notations towards a simulation temporal data base management system,2007,"A BOUBETRA - IJCSES, 2007",,ashwinanokha.com,https://www.ashwinanokha.com/resources/JITE/2017/jite-2-1-6.pdf,,,,,,,,,Google Scholar; OpenAlex,2000
8JMKD3MGPDW34P/3KP37UP,handling fuzzy points and fuzzy lines using the fuzzygeometry abstract data type|2016,handling fuzzy points and fuzzy lines using the fuzzygeometry abstract data type,2016,"AC Carniel, RR Ciferri… - Journal of Information …, 2016",,journals-sol.sbc.org.br,https://journals-sol.sbc.org.br/index.php/jidm/article/view/1575,,,,,,,,,Google Scholar; OpenAlex,2015
8JMKD3MGPDW34P/3KQ2JDB,handling multiple foci in graph databases|2014,handling multiple foci in graph databases,2014,"J Daltio, CB Medeiros - International Conference on Data Integration in the …, 2014",,Springer,https://link.springer.com/chapter/10.1007/978-3-319-08590-6_6,,,,,,,,,Google Scholar; OpenAlex,2012
8JMKD3MGPDW34P/3KP32ES,harmonymoves a unified prediction approach for moving object future path|2020,harmonymoves a unified prediction approach for moving object future path,2020,"M Abdalla - International Journal of Advanced Computer Science …, 2020",,academia.edu,https://www.academia.edu/download/93553317/Paper_78-HarmonyMoves_A_Unified_Prediction_Approach.pdf,,,,,,,,,Google Scholar; OpenAlex,2015
83LX3pFwXQZ3V9uMbiY/Mc9AB,hellenic observatory research calls programmme research calls programmme|2019,hellenic observatory research calls programmme research calls programmme,2019,"P Arvanitidis, G Grigoriou, P Vergou, P Manetos",,2019,https://www.academia.edu/download/65696282/Immigrant_Refugee_Segregation_Dynamics_InSert_Research_Report_3_.pdf,,,,,,,,,Google Scholar; OpenAlex,2004
83LX3pFwXQZ3V9uMbiY/LHUjj,hetergogenous device context aware information dissemination|2011,hetergogenous device context aware information dissemination,2011,"G Kousalya, P Narayanasamy, LO Anyanwu… - International Journal of …, 2011",,gvpress.com,https://gvpress.com/journals/IJMUE/vol6_no1/1.pdf,,,,,,,,,Google Scholar; OpenAlex,2005
83LX3pFwXQZ3V9uMbiY/Mc9P7,heterogeneous computational model for landform attributes representation on multicore and multi gpu systems|2012,heterogeneous computational model for landform attributes representation on multicore and multi gpu systems,2012,"M Boratto, P Alonso, C Ramiro, M Barreto - Procedia Computer Science, 2012",,Elsevier,https://www.sciencedirect.com/science/article/pii/S1877050912001275,,,,,,,,,Google Scholar; OpenAlex,2004
83LX3pFwXQZ3V9uMbiY/LHTK3,heuristica gulosa para o problema da rotulacao cartografica de pontos|2006,heuristica gulosa para o problema da rotulacao cartografica de pontos,2006,"GL Cravo, GM Ribeiro, LAN Lorena - Revista Educação Tecnológica …, 2006",,faacz.com.br,https://faacz.com.br/revistaeletronica/wp-content/uploads/2025/06/edutec_glaydston_rotulacao_2006_1.pdf,,,,,,,,,Google Scholar; OpenAlex,2005
8JMKD3MGP8W/3HHGCCB,high performance geospatial analysis on emerging parallel architectures|2011,high performance geospatial analysis on emerging parallel architectures,2011,S Warn,,2011,https://scholarworks.uark.edu/etd/156/,,,,,,,,,Google Scholar; OpenAlex,2007
83LX3pFwXQZ3V9uMbiY/NiagS,high performance internet image server design and implementation|2016,high performance internet image server design and implementation,2016,"G Zhang - 2016 6th International Conference on Machinery …, 2016",,atlantis-press.com,https://www.atlantis-press.com/proceedings/mmebc-16/25859024,,,,,,,,,Google Scholar; OpenAlex,2006
83LX3pFwXQZ3V9uMbiY/LHU82,high risk space time clusters of mortality in children 5 to 14 years of age in mato grosso state brazil|2024,high risk space time clusters of mortality in children 5 to 14 years of age in mato grosso state brazil,2024,"MM Lima, SGN Gama, ARM Favacho… - Ciência & Saúde …, 2024",,SciELO Public Health,https://www.scielosp.org/article/csc/2024.v29n5/e08692023/en/,,,,,,,,,Google Scholar; OpenAlex,2005
8JMKD3MGPDW34P/3NDC42E,hipermovelets high performance movelet extraction for trajectory classification|2022,hipermovelets high performance movelet extraction for trajectory classification,2022,"T Tortelli Portela, J Tyska Carvalho… - International Journal of …, 2022",,Taylor & Francis,https://www.tandfonline.com/doi/abs/10.1080/13658816.2021.2018593,,,,,,,,,Google Scholar; OpenAlex,2016
8JMKD3MGP8W/3FCBR3B,hixdraw an improved xdraw algorithm free of chunk distortion|2019,hixdraw an improved xdraw algorithm free of chunk distortion,2019,"G Zhu, J Li, J Wu, M Ma, L Wang, N Jing - ISPRS International Journal of …, 2019",,mdpi.com,https://www.mdpi.com/2220-9964/8/3/153,,,,,,,,,Google Scholar; OpenAlex,2013
8JMKD3MGPDW34P/3KJKN5S,home is where the ad is online interest proxies housing demand|2018,home is where the ad is online interest proxies housing demand,2018,"M Pangallo, M Loberto - EPJ Data science, 2018",,Springer,https://link.springer.com/article/10.1140/epjds/s13688-018-0176-2,,,,,,,,,Google Scholar; OpenAlex,2008
83LX3pFwXQZ3V9uMbiY/Mipqu,homicide and drug trafficking in impoverished communities in brazil|2020,homicide and drug trafficking in impoverished communities in brazil,2020,"E De Souza Oliveira… - … Journal of Law …, 2020",,digitalcommons.montclair.edu,https://digitalcommons.montclair.edu/justice-studies-facpubs/164/,,,,,,,,,Google Scholar; OpenAlex,2003
83LX3pFwXQZ3V9uMbiY/NiaRQ,household factors and electrical peak demand a review for further assessment|2021,household factors and electrical peak demand a review for further assessment,2021,"I Khan - Advances in Building Energy Research, 2021",,Taylor & Francis,https://www.tandfonline.com/doi/abs/10.1080/17512549.2019.1575770,,,,,,,,,Google Scholar; OpenAlex,2006
83LX3pFwXQZ3V9uMbiY/MdK47,how ai type uncertainty ideas can improve inter disciplinary collaboration and education lessons from a case study|2010,how ai type uncertainty ideas can improve inter disciplinary collaboration and education lessons from a case study,2010,"PP da Silva, A Velasco, O Kosheleva… - Journal of Advanced …, 2010",,researchgate.net,https://www.researchgate.net/profile/Vladik-Kreinovich-2/publication/220064780_How_AI-Type_Uncertainty_Ideas_Can_Improve_Inter-Disciplinary_Collaboration_and_Education_Lessons_from_a_Case_Study/links/0046352a1009aad4e4000000/How-AI-Type-Uncertainty-Ideas-Can-Improve-Inter-Disciplinary-Collaboration-and-Education-Lessons-from-a-Case-Study.pdf,,,,,,,,,Google Scholar; OpenAlex,2004
83LX3pFwXQZ3V9uMbiY/MdK47,how ai type uncertainty ideas can improve inter disciplinary education and collaboration lessons from a case study|2017,how ai type uncertainty ideas can improve inter disciplinary education and collaboration lessons from a case study,2017,"O Kosheleva, K Villaverde - How Interval and Fuzzy Techniques Can …, 2017",,Springer,https://link.springer.com/chapter/10.1007/978-3-662-55993-2_19,,,,,,,,,Google Scholar; OpenAlex,2004
83LX3pFwXQZ3V9uMbiY/MimPC,how much do we learn from addresses on the syntax semantics and pragmatics of addressing systems|2020,how much do we learn from addresses on the syntax semantics and pragmatics of addressing systems,2020,"A Javidaneh, F Karimipour, N Alinaghi - ISPRS International Journal of …, 2020",,mdpi.com,https://www.mdpi.com/2220-9964/9/5/317,,,,,,,,,Google Scholar; OpenAlex,2003
8JMKD3MGPDW34P/3Q5DL3E,how the relationship between vegetation cover and land cover variance constrains biodiversity in a human dominated world|2021,how the relationship between vegetation cover and land cover variance constrains biodiversity in a human dominated world,2021,"CA Martin, R Proulx, M Vellend, L Fahrig - Landscape Ecology, 2021",,Springer,https://link.springer.com/article/10.1007/s10980-021-01312-9,,,,,,,,,Google Scholar; OpenAlex,2017
83LX3pFwXQZ3V9uMbiY/MdK47,how to efficiently process uncertainty within a cyberinfrastructure without sacrificing privacy and confidentiality|2007,how to efficiently process uncertainty within a cyberinfrastructure without sacrificing privacy and confidentiality,2007,"L Longpré, V Kreinovich - Computational Intelligence in Information …, 2007",,Springer,https://link.springer.com/chapter/10.1007/978-3-540-71078-3_6,,,,,,,,,Google Scholar; OpenAlex,2004
8JMKD3MGP8W/3AUUUAP,hstb index a hierarchical spatiotemporal bitmap indexing technique|2013,hstb index a hierarchical spatiotemporal bitmap indexing technique,2013,"CJ Neto, RR Ciferri, MTP Santos - SBBD-Workshop de Teses e …, 2013",,sbbd2013.cin.ufpe.br,https://sbbd2013.cin.ufpe.br/Proceedings/artigos/pdfs/sbbd_wtd_14.pdf,,,,,,,,,Google Scholar; OpenAlex,2011
8JMKD3MGP3W34P/42H34L2,human sensing and social media data for monitoring the environment in baguio city|2025,human sensing and social media data for monitoring the environment in baguio city,2025,"PV Mole, EB Noche - AIP Conference Proceedings, 2025",,pubs.aip.org,https://pubs.aip.org/aip/acp/article-abstract/3287/1/030011/3341977,,,,,,,,,Google Scholar; OpenAlex,2014
8JMKD3MGP8W/3HHFPFE,hybridization of expectation maximization and k means algorithms for better clustering performance|2016,hybridization of expectation maximization and k means algorithms for better clustering performance,2016,"DR Kishor, NB Venkateswarlu - Cybernetics and Information …, 2016",,reference-global.com,https://reference-global.com/article/10.1515/cait-2016-0017,,,,,,,,,Google Scholar; OpenAlex,2007
8JMKD3MGPDW34P/3Q5E2J8,hydrological dynamics of the pantanal a large tropical floodplain in brazil revealed by analysis of sentinel 2 satellite imagery|2023,hydrological dynamics of the pantanal a large tropical floodplain in brazil revealed by analysis of sentinel 2 satellite imagery,2023,"E Jean Milien, GM Nunes, G Pierre, SK Hamilton… - Water, 2023",,mdpi.com,https://www.mdpi.com/2073-4441/15/12/2180,,,,,,,,,Google Scholar; OpenAlex,2017
83LX3pFwXQZ3V9uMbiY/MdHuF,i4ocean transfer function based interactive visualization of ocean temperature and salinity volume data|2021,i4ocean transfer function based interactive visualization of ocean temperature and salinity volume data,2021,"F Tian, Q Mao, Y Zhang, G Chen - International Journal of Digital …, 2021",,Taylor & Francis,https://www.tandfonline.com/doi/abs/10.1080/17538947.2021.1886355,,,,,,,,,Google Scholar; OpenAlex,2004
8JMKD3MGP3W34P/42H363P,ib trajectory um modelo semantico para representacao de trajetorias baseadas em itinerarios|2015,ib trajectory um modelo semantico para representacao de trajetorias baseadas em itinerarios,2015,DSB VIRGENS,,2015,https://bdtd.ibict.br/vufind/Record/UNIF_05a529563117ebb6e32396bca5f1ed33,,,,,,,,,Google Scholar; OpenAlex,2014
8JMKD3MGP8W/3GQ6TMP,ictm an interval tessellation based model for reliable topographic segmentation|2004,ictm an interval tessellation based model for reliable topographic segmentation,2004,"MS de Aguiar, GP Dimuro, ACR Costa - Numerical Algorithms, 2004",,Springer,https://link.springer.com/article/10.1023/B:NUMA.0000049453.95969.41,,,,,,,,,Google Scholar; OpenAlex,2001
83LX3pFwXQZ3V9uMbiY/NiagS,ideal a vector raster hybrid model for efficient spatial queries over complex polygons|2021,ideal a vector raster hybrid model for efficient spatial queries over complex polygons,2021,"D Teng, F Baig, Q Sun, J Kong… - 2021 22nd IEEE …, 2021",,ieeexplore.ieee.org,https://ieeexplore.ieee.org/abstract/document/9474880/,,,,,,,,,Google Scholar; OpenAlex,2006
83LX3pFwXQZ3V9uMbiY/MimPC,identificacao da cobertura espacial de documentos usando mineracao de textos|2012,identificacao da cobertura espacial de documentos usando mineracao de textos,2012,RNP Vargas,,2012,https://teses.usp.br/teses/disponiveis/55/55134/tde-07122012-142831/en.html,,,,,,,,,Google Scholar; OpenAlex,2003
8JMKD3MGP3W34P/3N2UA78,identificacao de fitofisionomias de cerrado no parque nacional de brasilia utilizando random forest aplicado a imagens de alta e media resolucoes espaciais|2018,identificacao de fitofisionomias de cerrado no parque nacional de brasilia utilizando random forest aplicado a imagens de alta e media resolucoes espaciais,2018,"CDG Neto - CEP, 2018",,researchgate.net,https://www.researchgate.net/profile/Cesare-Girolamo-Neto/publication/329196106_IDENTIFICACAO_DE_FITOFISIONOMIAS_DE_CERRADO_NO_PARQUE_NACIONAL_DE_BRASILIA_UTILIZANDO_RANDOM_FOREST_APLICADO_A_IMAGENS_DE_ALTA_E_MEDIA_RESOLUCOES_ESPACIAIS/links/5bfc3209458515b41d105e3e/IDENTIFICACAO-DE-FITOFISIONOMIAS-DE-CERRADO-NO-PARQUE-NACIONAL-DE-BRASILIA-UTILIZANDO-RANDOM-FOREST-APLICADO-A-IMAGENS-DE-ALTA-E-MEDIA-RESOLUCOES-ESPACIAIS.pdf,,,,,,,,,Google Scholar; OpenAlex,2016
8JMKD3MGPDW34P/3KK5KM2,identification of activity stop locations in gps trajectories by dbscan te method combined with support vector machines|2018,identification of activity stop locations in gps trajectories by dbscan te method combined with support vector machines,2018,"L Gong, T Yamamoto, T Morikawa - Transportation research procedia, 2018",,Elsevier,https://www.sciencedirect.com/science/article/pii/S2352146518301820,,,,,,,,,Google Scholar; OpenAlex,2010
8JMKD3MGPDW34P/3Q5DQ6H,identifying finest machine learning algorithm for climate data imputation in the state of minas gerais brazil|2018,identifying finest machine learning algorithm for climate data imputation in the state of minas gerais brazil,2018,"LO Bayma, MA Pereira - Journal of Information and Data …, 2018",,journals-sol.sbc.org.br,https://journals-sol.sbc.org.br/index.php/jidm/article/view/2044,,,,,,,,,Google Scholar; OpenAlex,2017
8JMKD3MGPDW34P/3NDC4BB,identifying human daily activity types with time aware interactions|2020,identifying human daily activity types with time aware interactions,2020,"R Chen, H Yao, R Li, X Kang, S Li, L Dong, J Gong - Applied Sciences, 2020",,mdpi.com,https://www.mdpi.com/2076-3417/10/24/8922,,,,,,,,,Google Scholar; OpenAlex,2016
83LX3pFwXQZ3V9uMbiY/NiaRQ,identifying residential daily electricity use profiles through time segmented regression analysis|2019,identifying residential daily electricity use profiles through time segmented regression analysis,2019,"I Khan, MW Jack, J Stephenson - Energy and Buildings, 2019",,Elsevier,https://www.sciencedirect.com/science/article/pii/S0378778818332250,,,,,,,,,Google Scholar; OpenAlex,2006
8JMKD3MGPDW34P/487M2DP,identifying urban and socio environmental patterns of brazilian amazonian cities by remote sensing and machine learning|2023,identifying urban and socio environmental patterns of brazilian amazonian cities by remote sensing and machine learning,2023,"BD dos Santos, CMD de Pinho, A Páez, S Amaral - Remote Sensing, 2023",,mdpi.com,https://www.mdpi.com/2072-4292/15/12/3102,,,,,,,,,Google Scholar,2022
8JMKD3MGPDW34P/43PL798,idrogeo a collaborative web mapping application based on rest api services and open data on landslides and floods in italy|2021,idrogeo a collaborative web mapping application based on rest api services and open data on landslides and floods in italy,2021,"C Iadanza, A Trigila, P Starace, A Dragoni… - … International Journal of …, 2021",,mdpi.com,https://www.mdpi.com/2220-9964/10/2/89,,,,,,,,,Google Scholar; OpenAlex,2020
8JMKD3MGP8W/3HHFPFE,image classification using artificial bee colony algorithm|2012,image classification using artificial bee colony algorithm,2012,S BANERJEE,,2012,,,,,,,,,,Google Scholar; OpenAlex,2007
83LX3pFwXQZ4BFjAq/mGafE,image data handling in spatial databases|2003,image data handling in spatial databases,2003,"L Vinhas, RCM De Souza, G Câmara - GEOINFO, 2003",,academia.edu,https://www.academia.edu/download/36025530/geoinfo2003-16.pdf,,,,,,,,,Google Scholar; OpenAlex,2000
83LX3pFwXQZeBBx/oS63E,image database on the www with postgresql object relational dbms medical and gis applications|2005,image database on the www with postgresql object relational dbms medical and gis applications,2005,"D Suwardhi, H Setan, AK Chong… - … and Exhibition on …, 2005",,researchgate.net,https://www.researchgate.net/profile/Halim-Setan/publication/379036770_IMAGE_DATABASE_ON_THE_WWW_WITH_POSTGRESQL_OBJECT-_RELATIONAL_DBMS_MEDICAL_AND_GIS_APPLICATIONS/links/65f7b820286738732d59f193/IMAGE-DATABASE-ON-THE-WWW-WITH-POSTGRESQL-OBJECT-RELATIONAL-DBMS-MEDICAL-AND-GIS-APPLICATIONS.pdf,,,,,,,,,Google Scholar; OpenAlex,1999
8JMKD3MGP8W/3HHFPFE,image processing of nanostructures|2009,image processing of nanostructures,2009,K Anandan,,2009,https://openscholar.uga.edu/record/21225,,,,,,,,,Google Scholar; OpenAlex,2007
83LX3pFwXQZ4BFjAq/mGafE,image re segmentation a new approach applied to urban imagery|2008,image re segmentation a new approach applied to urban imagery,2008,"TS Korting, LMG Fonseca, LV Dutra… - … on Computer Vision …, 2008",,scitepress.org,https://www.scitepress.org/Papers/2008/10881/,,,,,,,,,Google Scholar; OpenAlex,2000
8JMKD3MGP8W/3HHLNQ5,immersive analytics for floods management semantic trajectory data warehouse ontology|2018,immersive analytics for floods management semantic trajectory data warehouse ontology,2018,"T Sakouhi, H Ounissi, M Manaa… - iLRN 2018 …, 2018",,repositorioaberto.uab.pt,https://repositorioaberto.uab.pt/bitstreams/6903f79a-d562-4c0d-b632-7d3646a42fd7/download#page=179,,,,,,,,,Google Scholar; OpenAlex,2007
8JMKD3MGPDW34P/3KJKHE8,immersive virtual reality serious games for evacuation training and research a systematic literature review|2018,immersive virtual reality serious games for evacuation training and research a systematic literature review,2018,"Z Feng, VA González, R Amor, R Lovreglio… - Computers & …, 2018",,Elsevier,https://www.sciencedirect.com/science/article/pii/S0360131518302380,,,,,,,,,Google Scholar; OpenAlex,2008
8JMKD3MGPDW34P/3SEUP9H,impact of cartographic and labeling standards on the dissemination of toponymy particularities of bilingual regions a case study euskadi spain|2025,impact of cartographic and labeling standards on the dissemination of toponymy particularities of bilingual regions a case study euskadi spain,2025,"O Mitxelena-Hoyos… - Cartography and …, 2025",,Taylor & Francis,https://www.tandfonline.com/doi/abs/10.1080/15230406.2025.2477062,,,,,,,,,Google Scholar; OpenAlex,2018
8JMKD3MGPDW34P/3Q5DQ25,impact of image acquisition lag time on monitoring short term postfire spectral dynamics in tropical savannas the campos amazonicos fire experiment|2022,impact of image acquisition lag time on monitoring short term postfire spectral dynamics in tropical savannas the campos amazonicos fire experiment,2022,"DB Alves, A Fidelis, F Pérez-Cabello… - Journal of Applied …, 2022",,spiedigitallibrary.org,https://www.spiedigitallibrary.org/journals/journal-of-applied-remote-sensing/volume-16/issue-3/034507/Impact-of-image-acquisition-lag-time-on-monitoring-short-term/10.1117/1.JRS.16.034507.short,,,,,,,,,Google Scholar; OpenAlex,2017
8JMKD3MGPDW34P/43PQTB2,impact of multi thresholds and vector correction for tracking precipitating systems over the amazon basin|2022,impact of multi thresholds and vector correction for tracking precipitating systems over the amazon basin,2022,"HB Leal, AJP Calheiros, HMJ Barbosa, AP Almeida… - Remote Sensing, 2022",,mdpi.com,https://www.mdpi.com/2072-4292/14/21/5408,,,,,,,,,Google Scholar; OpenAlex,2020
8JMKD3MGPDW34P/3KJKFU8,impacto da expansao da palma de oleo sobre o escoamento superficial e producao de sedimentos nas sub bacias hidrograficas nao monitoradas dos rios bujaru e|2016,impacto da expansao da palma de oleo sobre o escoamento superficial e producao de sedimentos nas sub bacias hidrograficas nao monitoradas dos rios bujaru e,2016,AKL Silva,,2016,https://teses.usp.br/teses/disponiveis/18/18139/tde-12122016-112322/en.html,,,,,,,,,Google Scholar; OpenAlex,2008
83LX3pFwXQZ4BFjAq/mEp4v,implementacao da diretiva inspire na producao de cartografia geologica o caso estudo da antiforma do rosario faixa piritosa iberica|2012,implementacao da diretiva inspire na producao de cartografia geologica o caso estudo da antiforma do rosario faixa piritosa iberica,2012,AMS Pereira,,2012,https://search.proquest.com/openview/7b0e3ec9aec24f17bfa04c4b5684eb73/1?pq-origsite=gscholar&cbl=2026366&diss=y,,,,,,,,,Google Scholar; OpenAlex,2000
8JMKD3MGP8W/3D62BSP,implementacao de um geocatalogo utilizando banco de dados orientado a grafos para apoio a metodologia servus|2016,implementacao de um geocatalogo utilizando banco de dados orientado a grafos para apoio a metodologia servus,2016,DG dos Santos,,2016,https://www.academia.edu/download/114851109/2016_DrausioGomesdosSantos.pdf,,,,,,,,,Google Scholar; OpenAlex,2012
8JMKD3MGP8W/3GQ6TMP,implementacao de um modelo categorizador intervalar ndimensional com l camadas baseado em tesselacoes|2003,implementacao de um modelo categorizador intervalar ndimensional com l camadas baseado em tesselacoes,2003,"RKS Silva, ACR Costa, GP Dimuro - … 2003: Porto Alegre, RS). Livro de …, 2003",,lume.ufrgs.br,https://lume.ufrgs.br/bitstream/handle/10183/74552/Resumo_20030200.pdf?sequence=1,,,,,,,,,Google Scholar; OpenAlex,2001
83LX3pFwXQZ3V9uMbiY/LHTK3,implementation and evaluation of a fast area feature labeling method using auxiliary lines|2020,implementation and evaluation of a fast area feature labeling method using auxiliary lines,2020,"N Abe, K Kuroda, Y Kamata, S Midoritani - ISPRS International Journal of …, 2020",,mdpi.com,https://www.mdpi.com/2220-9964/9/9/529,,,,,,,,,Google Scholar; OpenAlex,2005
8JMKD3MGP8W/3GQ75L5,implementation of a data integration service for building and urban planning|2007,implementation of a data integration service for building and urban planning,2007,"H Wang, A Hamilton, Y Song, J Tah - … Engineering and Design …, 2007",,Taylor & Francis,https://www.tandfonline.com/doi/abs/10.1080/17452007.2007.9684642,,,,,,,,,Google Scholar; OpenAlex,2001
83LX3pFwXQZ3V9uMbiY/MimPC,implementing a street and property identification system a case study of accra ghana|2011,implementing a street and property identification system a case study of accra ghana,2011,GA Ecklu,,2011,https://scholarworks.wmich.edu/masters_theses/4145/,,,,,,,,,Google Scholar; OpenAlex,2003
8JMKD3MGP8W/3GQ75L5,implementing feature level semantics for spatial data discovery supporting the reuse of legacy data using open source components|2010,implementing feature level semantics for spatial data discovery supporting the reuse of legacy data using open source components,2010,"JK Batcheller, F Reitsma - Computers, Environment and Urban Systems, 2010",,Elsevier,https://www.sciencedirect.com/science/article/pii/S0198971510000190,,,,,,,,,Google Scholar; OpenAlex,2001
83LX3pFwXQZ5Jpy/p2cBt,implicacoes da adocao do referencial geodesico sirgas 2000 na cartografia em escala grande|2012,implicacoes da adocao do referencial geodesico sirgas 2000 na cartografia em escala grande,2012,VO Fernandes,,2012,https://repositorio.ufsc.br/bitstream/handle/123456789/93360/270322.pdf?sequence=1,,,,,,,,,Google Scholar; OpenAlex,1999
8JMKD3MGP8W/3HHGF2E,importancia de la evaluacion de la documentacion ontologica la validez del vocabulario y la rigurosidad taxonomica en la|2013,importancia de la evaluacion de la documentacion ontologica la validez del vocabulario y la rigurosidad taxonomica en la,2013,"D Mejia, A Vasquez - Ingeniería e Innovación, 2013",,revistas.unicordoba.edu.co,https://revistas.unicordoba.edu.co/index.php/rii/article/view/770,,,,,,,,,Google Scholar; OpenAlex,2007
8JMKD3MGP8W/3FCBR3B,improved viewshed analysis algorithms for avionics applications|2019,improved viewshed analysis algorithms for avionics applications,2019,M Özkıdık,,2019,https://search.proquest.com/openview/c84cb23b43719f12e308eae8ed27805b/1?pq-origsite=gscholar&cbl=2026366&diss=y,,,,,,,,,Google Scholar; OpenAlex,2013
8JMKD3MGP8W/3B25HBP,improvements of the divide and segment method for parallel image segmentation|2015,improvements of the divide and segment method for parallel image segmentation,2015,"AR Soares, TS Körting, LMG Fonseca - GEOINFO, 2015",,seer.ufu.br,https://seer.ufu.br/index.php/revistabrasileiracartografia/article/download/44486/23558/184484,,,,,,,,,Google Scholar; OpenAlex,2011
83LX3pFwXQZ4BFjAq/mGafE,improvements to expectation maximization approach for unsupervised classification of remote sensing data|2007,improvements to expectation maximization approach for unsupervised classification of remote sensing data,2007,"TS Körting, LV Dutra, LMG Fonseca, GJ Erthal… - GeoINFO, 2007",,academia.edu,https://www.academia.edu/download/74685434/koerting_paper.pdf,,,,,,,,,Google Scholar; OpenAlex,2000
8JMKD3MGP8W/3HHGDJL,improving a street based geocoding algorithm using machine learning techniques|2020,improving a street based geocoding algorithm using machine learning techniques,2020,"K Lee, ARC Claridades, J Lee - Applied sciences, 2020",,mdpi.com,https://www.mdpi.com/2076-3417/10/16/5628,,,,,,,,,Google Scholar; OpenAlex,2007
83LX3pFwXQZ3V9uMbiY/NiaRQ,improving energy saving techniques by ambient intelligence scheduling|2015,improving energy saving techniques by ambient intelligence scheduling,2015,"M Cristani, E Karafili… - 2015 IEEE 29th …, 2015",,ieeexplore.ieee.org,https://ieeexplore.ieee.org/abstract/document/7097987/,,,,,,,,,Google Scholar; OpenAlex,2006
83LX3pFwXQZ3V9uMbiY/MimPC,improving geocode accuracy with candidate selection criteria|2010,improving geocode accuracy with candidate selection criteria,2010,"DW Goldberg, MG Cockburn - Transactions in GIS, 2010",,Wiley Online Library,https://onlinelibrary.wiley.com/doi/abs/10.1111/j.1467-9671.2010.01211.x,,,,,,,,,Google Scholar; OpenAlex,2003
8JMKD3MGPDW34P/3KK5LE2,improving geographic information retrieval in spatial data infrastructures|2014,improving geographic information retrieval in spatial data infrastructures,2014,"FG de Andrade, C de Souza Baptista, CA Davis Jr - GeoInformatica, 2014",,Springer,https://link.springer.com/article/10.1007/s10707-014-0202-x,,,,,,,,,Google Scholar; OpenAlex,2010
8JMKD3MGP8W/3FCBR3B,improving horizon computation algorithm with quasirandom sequences|2025,improving horizon computation algorithm with quasirandom sequences,2025,"E Sovetkin, A Gerber, BE Pieters - International Journal of …, 2025",,Taylor & Francis,https://www.tandfonline.com/doi/abs/10.1080/13658816.2024.2408751,,,,,,,,,Google Scholar; OpenAlex,2013
8JMKD3MGPDW34P/3NDDJ25,improving law enforcement and emergency response to disabled vehicle crashes using waze crowdsourced data|2024,improving law enforcement and emergency response to disabled vehicle crashes using waze crowdsourced data,2024,"A Sandt, J McCombs, H Al-Deek… - Transportation …, 2024",,journals.sagepub.com,https://journals.sagepub.com/doi/abs/10.1177/03611981231191522,,,,,,,,,Google Scholar; OpenAlex,2016
8JMKD3MGP8W/3GTJAES,improving productivity and quality of gis databases design using an analysis pattern catalog|2005,improving productivity and quality of gis databases design using an analysis pattern catalog,2005,"V de Freitas Sodré, J Lisboa Filho, VM Vilela… - APCCM, 2005",,researchgate.net,https://www.researchgate.net/profile/Jugurta-Lisboa-Filho/publication/221592286_Improving_Productivity_and_Quality_of_GIS_Databases_Design_using_an_Analysis_Pattern_Catalog/links/0912f505b6bc1a0020000000/Improving-Productivity-and-Quality-of-GIS-Databases-Design-using-an-Analysis-Pattern-Catalog.pdf,,,,,,,,,Google Scholar; OpenAlex,2002
8JMKD3MGP3W34P/3HJPLH2,improving the accuracy of open source digital elevation models with multi scale fusion and a slope position based linear regression method|2018,improving the accuracy of open source digital elevation models with multi scale fusion and a slope position based linear regression method,2018,"Y Tian, S Lei, Z Bian, J Lu, S Zhang, J Fang - Remote Sensing, 2018",,mdpi.com,https://www.mdpi.com/2072-4292/10/12/1861,,,,,,,,,Google Scholar; OpenAlex,2014
8JMKD3MGP8W/3HHGDJL,improving the effectiveness of name matching algorithms with a portuguese wordnet|2021,improving the effectiveness of name matching algorithms with a portuguese wordnet,2021,"EC Gonçalves, TP Meirelles - ONTOBRAS, 2021",,ceur-ws.org,https://ceur-ws.org/Vol-3050/Short3.pdf,,,,,,,,,Google Scholar; OpenAlex,2007
83LX3pFwXQZ3V9uMbiY/LHU82,improving victimization risk estimation a geographically weighted regression approach|2021,improving victimization risk estimation a geographically weighted regression approach,2021,"RG Ramos - ISPRS International Journal of Geo-Information, 2021",,mdpi.com,https://www.mdpi.com/2220-9964/10/6/364,,,,,,,,,Google Scholar; OpenAlex,2005
83LX3pFwXQZ3V9uMbiY/MioRd,in search of honduras case report of developing local search for a developing country|2013,in search of honduras case report of developing local search for a developing country,2013,"D Ahlers - LWA, 2013",,d-nb.info,https://d-nb.info/1058554263/34#page=74,,,,,,,,,Google Scholar; OpenAlex,2003
83LX3pFwXQZ3V9uMbiY/LHU82,incidence of congenital syphilis according to inequalities and living conditions in the city of recife pernambuco brazil|2021,incidence of congenital syphilis according to inequalities and living conditions in the city of recife pernambuco brazil,2021,"RSPS Ramos, GR Carneiro, ALS Oliveira… - Revista Brasileira de …, 2021",,SciELO Brasil,https://www.scielo.br/j/rbsmi/a/Ms6dWNhFL9TY9J8J4PgNK5j/?lang=en,,,,,,,,,Google Scholar; OpenAlex,2005
83LX3pFwXQZ3V9uMbiY/LHU82,incidencia de sifilis congenita segundo as desigualdades na condicao de vida no municipio de recife pernambuco brasil|2021,incidencia de sifilis congenita segundo as desigualdades na condicao de vida no municipio de recife pernambuco brasil,2021,"RSPS Ramos, GR Carneiro, ALS Oliveira… - Revista Brasileira de …, 2021",,SciELO Brasil,https://www.scielo.br/j/rbsmi/a/Ms6dWNhFL9TY9J8J4PgNK5j/?lang=pt,,,,,,,,,Google Scholar; OpenAlex,2005
8JMKD3MGP3W34R/42GRPC2,inclusao de tecnicas de interpolacao de pontos em algoritmos de descoberta on line do padrao flock|2017,inclusao de tecnicas de interpolacao de pontos em algoritmos de descoberta on line do padrao flock,2017,"VH Bezerra, D dos Santos Kaster - Escola Regional de Banco de …, 2017",,sol.sbc.org.br,https://sol.sbc.org.br/index.php/erbd/article/view/3038,,,,,,,,,Google Scholar; OpenAlex,2015
8JMKD3MGP8W/3HHLP88,incorporating earthquake risk sensitivity in landuse planning at local level|2018,incorporating earthquake risk sensitivity in landuse planning at local level,2018,U Barua,,2018,http://lib.buet.ac.bd:8080/xmlui/handle/123456789/5027,,,,,,,,,Google Scholar; OpenAlex,2007
8JMKD3MGPDW34P/3KJKLB2,indatlas technopolicies and urban territory investigation platform|2018,indatlas technopolicies and urban territory investigation platform,2018,"AI de Sá, M Brito, CR Freitas, N Rena - Disegnarecon, 2018",,disegnarecon.univaq.it,https://disegnarecon.univaq.it/ojs/index.php/disegnarecon/article/view/383,,,,,,,,,Google Scholar; OpenAlex,2008
8JMKD3MGPDW34P/3KJKLB2,indatlas technopolitic platform for urban investigation|2018,indatlas technopolitic platform for urban investigation,2018,"M Brito, AI de Sá, J Borges… - 22th CONFERENCE OF …, 2018",,wiki.indisciplinar.com,https://wiki.indisciplinar.com/webdav/publicacoes/Artigo_IndAtlas_Plataforma_tecnopolitica_para_investigacao_urbana_BRITO_SA_BORGES_RENA.pdf,,,,,,,,,Google Scholar; OpenAlex,2008
83LX3pFwXQZ3V9uMbiY/NiagS,index selection engine for spatial database system|2010,index selection engine for spatial database system,2010,MM Sardadi,,2010,,,,,,,,,,Google Scholar; OpenAlex,2006
8JMKD3MGP8W/3HHLNQ5,index structures integrated with materialized aggregate list for trajectory data warehouse|2009,index structures integrated with materialized aggregate list for trajectory data warehouse,2009,"M Gorawski, P Talaga - Studia Informatica, 2009",,,,,,,,,,,,Google Scholar; OpenAlex,2007
8JMKD3MGP8W/3FCBSBS,indexing and querying vague spatial data warehouses|2014,indexing and querying vague spatial data warehouses,2014,"T Siqueira, J Oliveira, V Times… - … of Information and …, 2014",,journals-sol.sbc.org.br,https://journals-sol.sbc.org.br/index.php/jidm/article/view/1531,,,,,,,,,Google Scholar; OpenAlex,2013
8JMKD3MGPDW34P/3SEUQ98,indexing in flash storage devices a survey on challenges current approaches and future trends|2020,indexing in flash storage devices a survey on challenges current approaches and future trends,2020,"A Fevgas, L Akritidis, P Bozanis, Y Manolopoulos - The VLDB Journal, 2020",,Springer,https://link.springer.com/article/10.1007/s00778-019-00559-8,,,,,,,,,Google Scholar; OpenAlex,2018
8JMKD3MGPDW34P/3SEUQ98,indexing points on flash based solid state drives using the xbr tree|2019,indexing points on flash based solid state drives using the xbr tree,2019,"AC Carniel, G Roumelis, RR Ciferri… - … of Information and …, 2019",,journals-sol.sbc.org.br,https://journals-sol.sbc.org.br/index.php/jidm/article/view/1629,,,,,,,,,Google Scholar; OpenAlex,2018
8JMKD3MGPDW34P/3NDC4BB,individual and group activity recognition in moving object trajectories|2017,individual and group activity recognition in moving object trajectories,2017,MA Beber,,2017,https://repositorio.ufsc.br/bitstream/handle/123456789/186759/PGCC1103-D.pdf?sequence=-1,,,,,,,,,Google Scholar; OpenAlex,2016
8JMKD3MGPDW34P/3KJKN5S,individualization of the public space the other ing of the poor in our cities|2015,individualization of the public space the other ing of the poor in our cities,2015,"S Huque, S Pattanaik, D Parthasarathy - Institute of Development …, 2015",,academia.edu,https://www.academia.edu/download/40473224/SMART_CITIES_Journal_of_Development_Management___Communication_JDMC__Jaipur_July-Sept.__2015.pdf#page=5,,,,,,,,,Google Scholar; OpenAlex,2008
8JMKD3MGP8W/3AUUT8S,inferring drivers behavior through trajectory analysis|2014,inferring drivers behavior through trajectory analysis,2014,"EM Carboni, V Bogorny - Intelligent Systems' 2014: Proceedings of the 7th …, 2015",,Springer,https://link.springer.com/chapter/10.1007/978-3-319-11313-5_73,,,,,,,,,Google Scholar; OpenAlex,2011
8JMKD3MGP8W/3FCBREE,inferring relationships from trajectory data|2015,inferring relationships from trajectory data,2015,"AA dos Santos, AS Furtado, LO Alvares, N Pelekis… - …, 2015",,mtc-m16c.sid.inpe.br,http://mtc-m16c.sid.inpe.br/col/sid.inpe.br/mtc-m16c/2015/12.10.17.06/doc/proceedings2015_p6.pdf,,,,,,,,,Google Scholar; OpenAlex,2013
8JMKD3MGPDW34P/3KK5L2S,inferring the location of twitter messages based on user relationships|2011,inferring the location of twitter messages based on user relationships,2011,"CA Davis Jr, GL Pappa, DRR De Oliveira… - Transactions in …, 2011",,Wiley Online Library,https://onlinelibrary.wiley.com/doi/abs/10.1111/j.1467-9671.2011.01297.x,,,,,,,,,Google Scholar; OpenAlex,2010
83LX3pFwXQZ3V9uMbiY/LHUQQ,influence of vegetation maintenance on flow and mixing case study comparing fully cut with high coverage conditions|2023,influence of vegetation maintenance on flow and mixing case study comparing fully cut with high coverage conditions,2023,"MB Kalinowska, K Västilä, M Nones… - Hydrology and Earth …, 2023",,hess.copernicus.org,https://hess.copernicus.org/articles/27/953/2023/,,,,,,,,,Google Scholar; OpenAlex,2005
8JMKD3MGPDW34P/487MCAE,influencia da recorrencia do fogo no estoque de biomassa do maranhao|2023,influencia da recorrencia do fogo no estoque de biomassa do maranhao,2023,"PHA Leão, LO Anderson… - XX Simpósio Brasileiro de …, 2023",SEM_MATCH,marte2.sid.inpe.br,http://marte2.sid.inpe.br/col/sid.inpe.br/marte2/2023/05.07.21.57/doc/156384.pdf,,,,,,,,,Google Scholar; OpenAlex,2022
83LX3pFwXQZ3V9uMbiY/LHU82,influencia do modelo de atencao a saude bucal e de fatores economicos e geograficos sobre o alto risco de carie dentaria em escolares analise espacial|2022,influencia do modelo de atencao a saude bucal e de fatores economicos e geograficos sobre o alto risco de carie dentaria em escolares analise espacial,2022,"ME Bastianini, RG Ferreira, JA Marsicano… - Research, Society and …, 2022",,rsdjournal.org,https://rsdjournal.org/rsd/article/view/24683,,,,,,,,,Google Scholar; OpenAlex,2005
8JMKD3MGP8W/3GQ6P35,infopae an emergency plan deployment system|2002,infopae an emergency plan deployment system,2002,"MTM Carvalho, MA Casanova… - International …, 2002",,asmedigitalcollection.asme.org,https://asmedigitalcollection.asme.org/IPC/proceedings-abstract/IPC2002/1291/293687,,,,,,,,,Google Scholar; OpenAlex,2001
8JMKD3MGP3W34P/42H34L2,informacion geografica voluntaria igv estado del arte en latinoamerica|2016,informacion geografica voluntaria igv estado del arte en latinoamerica,2016,"AIH Magaña, FNG Valverde - Revista Cartográfica, 2016",,revistasipgh.org,https://www.revistasipgh.org/index.php/rcar/article/view/426,,,,,,,,,Google Scholar; OpenAlex,2014
83LX3pFwXQZeBBx/oS63E,information and communication systems for mobile emergency response|2008,information and communication systems for mobile emergency response,2008,"J Lachner, H Hellwagner - International United Information Systems …, 2008",,Springer,https://link.springer.com/content/pdf/10.1007/978-3-540-78942-0_22.pdf,,,,,,,,,Google Scholar; OpenAlex,1999
8JMKD3MGP3W34P/3N2U9JL,information from earth observation for the management of sustainable land use and land cover in brazil an analysis of user needs|2020,information from earth observation for the management of sustainable land use and land cover in brazil an analysis of user needs,2020,"M Cerbaro, S Morse, R Murphy, J Lynch, G Griffiths - Sustainability, 2020",,mdpi.com,https://www.mdpi.com/2071-1050/12/2/489,,,,,,,,,Google Scholar; OpenAlex,2016
8JMKD3MGPDW34P/3Q5DQB2,information mining for automatic search in remote sensing image catalogs|2018,information mining for automatic search in remote sensing image catalogs,2018,"MAJS Pletsch, TS Körting - GeoInformatics, 2018",,researchgate.net,https://www.researchgate.net/profile/Mikhaela-Pletsch/publication/331840660_Information_mining_for_automatic_search_in_remote_sensing_image_catalogs/links/5c8fb968a6fdcc38175c348e/Information-mining-for-automatic-search-in-remote-sensing-image-catalogs.pdf,,,,,,,,,Google Scholar; OpenAlex,2017
83LX3pFwXQZ4BFjAq/mGafE,information policies and open source software in developing countries|2007,information policies and open source software in developing countries,2007,"G Camara, F Fonseca - Journal of the American society for …, 2007",,Wiley Online Library,https://asistdl.onlinelibrary.wiley.com/doi/abs/10.1002/asi.20444,,,,,,,,,Google Scholar; OpenAlex,2000
83LX3pFwXQZ3V9uMbiY/NiaHU,information systems university of maryland baltimore county 1000 hilltop circle|2008,information systems university of maryland baltimore county 1000 hilltop circle,2008,"MF MACHINE … - Challenges in Information …, 2008",,books.google.com,https://books.google.com/books?hl=pt-BR&lr=&id=EE1kDQAAQBAJ&oi=fnd&pg=PA83&ots=VQq0fSYBaj&sig=flt_fOeeyNV9BGdfnaxcmDA2QAE,,,,,,,,,Google Scholar; OpenAlex,2006
83LX3pFwXQZ3V9uMbiY/LHUxR,infra estrutura de dados espaciais potencial para uso local|2006,infra estrutura de dados espaciais potencial para uso local,2006,"CAD Júnior, LL Alves - Revista Informática Pública. Belo Horizonte, 2006",,researchgate.net,https://www.researchgate.net/profile/Leonardo_Alves5/publication/235635595_Infra-estruturas_de_Dados_Espaciais_Potencial_para_Uso_Local/links/00b49528918dea031f000000/Infra-estruturas-de-Dados-Espaciais-Potencial-para-Uso-Local.pdf,,,,,,,,,Google Scholar; OpenAlex,2005
83LX3pFwXQZ3V9uMbiY/Min4F,infraestrutura de dados espaciais em unidades de conservacao uma proposta para disseminacao da informacao geografica do parque estadual de intervales sp|2010,infraestrutura de dados espaciais em unidades de conservacao uma proposta para disseminacao da informacao geografica do parque estadual de intervales sp,2010,ET Nakamura,,2010,https://teses.usp.br/teses/disponiveis/8/8135/tde-08112010-140621/en.html,,,,,,,,,Google Scholar; OpenAlex,2003
8JMKD3MGP8W/3HHGF2E,inquire search interactive discovery in large scale biodiversity databases|2026,inquire search interactive discovery in large scale biodiversity databases,2026,"E Vendrow, J Chae, R Kurinchi-Vendhan, I Eckert… - Ecological …, 2026",,Elsevier,https://www.sciencedirect.com/science/article/pii/S1574954126002864,,,,,,,,,Google Scholar; OpenAlex,2007
8JMKD3MGPDW34P/3Q5DLK2,insights from self organizing maps for predicting accessibility demand for healthcare infrastructure|2019,insights from self organizing maps for predicting accessibility demand for healthcare infrastructure,2019,"JR Mayaud, S Anderson, M Tran, V Radić - Urban Science, 2019",,mdpi.com,https://www.mdpi.com/2413-8851/3/1/33,,,,,,,,,Google Scholar; OpenAlex,2017
8JMKD3MGP8W/3HHGCGP,instance based ontology mapping|2008,instance based ontology mapping,2008,"KK Breitman, D Brauner, MA Casanova… - Fifth IEEE Workshop …, 2008",,ieeexplore.ieee.org,https://ieeexplore.ieee.org/abstract/document/4488289/,,,,,,,,,Google Scholar; OpenAlex,2007
8JMKD3MGP8W/3HHGCGP,instance based owl schema matching|2009,instance based owl schema matching,2009,"LAPP Leme, MA Casanova, KK Breitman… - International Conference …, 2009",,Springer,https://link.springer.com/chapter/10.1007/978-3-642-01347-8_2,,,,,,,,,Google Scholar; OpenAlex,2007
83LX3pFwXQZ3V9uMbiY/MhUeP,integracao da estatistica espacial em ambientes gis|2005,integracao da estatistica espacial em ambientes gis,2005,"KD Fook - Monografia de Qualificação, Pós-Graduação em …, 2005",,,,,,,,,,,,Google Scholar; OpenAlex,2003
83LX3pFwXQZ3V9uMbiY/Nij9G,integracao de dados espaciais heterogeneos no dominio hidrologico utilizando infraestrutura de dados espaciais|2012,integracao de dados espaciais heterogeneos no dominio hidrologico utilizando infraestrutura de dados espaciais,2012,AM Lopes,,2012,https://bdtd.ibict.br/vufind/Record/UFV_91a29cefb1425c301092c387ad6eb80e,,,,,,,,,Google Scholar; OpenAlex,2006
83LX3pFwXQZ4BFjAq/mEp4v,integracao de servicos em ambientes heterogeneos uso de semantica para comunicacao entre entidades em mudancas de contexto|2009,integracao de servicos em ambientes heterogeneos uso de semantica para comunicacao entre entidades em mudancas de contexto,2009,RMP Vanni,,2009,https://teses.usp.br/teses/disponiveis/55/55134/tde-25012010-115143/en.html,,,,,,,,,Google Scholar; OpenAlex,2000
8JMKD3MGPDW34P/3Q5E2J8,integracao do algoritmo fmask ao modelo linear de mistura espectral como subsidio a deteccao de areas queimadas na amazonia brasileira|2018,integracao do algoritmo fmask ao modelo linear de mistura espectral como subsidio a deteccao de areas queimadas na amazonia brasileira,2018,"M Pletsch, TV Penha, CHS Junior… - Revista Brasileira de …, 2018",,plutao.sid.inpe.br,http://plutao.sid.inpe.br/col/sid.inpe.br/plutao/2018/12.14.19.42/doc/pletsch_integracao.pdf,,,,,,,,,Google Scholar; OpenAlex,2017
83LX3pFwXQZ3V9uMbiY/Mipec,integracao do sgbd oracle spatial e do google earth para disponibilizar informacoes relacionadas ao inventario florestal de minas gerais|2007,integracao do sgbd oracle spatial e do google earth para disponibilizar informacoes relacionadas ao inventario florestal de minas gerais,2007,"SR de Sales Campos, AZ Martinhago… - …, 2007",,mtc-m16c.sid.inpe.br,http://mtc-m16c.sid.inpe.br/col/sid.inpe.br/mtc-m18/2014/12.09.17.41/doc/Integra%E7%E3o%20do%20SGBD%20Oracle%20Spatial%20e%20do%20Google%20Earth.pdf,,,,,,,,,Google Scholar; OpenAlex,2003
8JMKD3MGPDW34R/3UFEFD8,integracao dos ambientes brazil data cube e open data cube|2020,integracao dos ambientes brazil data cube e open data cube,2020,"FM Carlos, VCF Gomes, GR de Queiroz… - …, 2020",,mtc-m16c.sid.inpe.br,http://mtc-m16c.sid.inpe.br/attachment.cgi/sid.inpe.br/mtc-m16c/2020/12.15.12.11/doc/s2.pdf,,,,,,,,,Google Scholar; OpenAlex,2019
83LX3pFwXQZ4BFjAq/mEp4v,integracao e interoperabilidade entre fontes de dados geograficos|2005,integracao e interoperabilidade entre fontes de dados geograficos,2005,"MA Casanova, DF Brauner, G Câmara… - CASANOVA, MA et al …, 2005",,academia.edu,https://www.academia.edu/download/44384454/Integrao_e_interoperabilidade_entre_font20160404-32260-1oo0d85.pdf,,,,,,,,,Google Scholar; OpenAlex,2000
83LX3pFwXQZ4BFjAq/mGafE,integracao semantica e de dados entre sistemas de informacoes geograficas heterogeneos|2002,integracao semantica e de dados entre sistemas de informacoes geograficas heterogeneos,2002,"RPD Estrada, JADC Paiva, G CÂMARA… - São José dos …, 2002",,ic.unicamp.br,https://www.ic.unicamp.br/~cmbm/geoinfo/papers/121roberto.pdf,,,,,,,,,Google Scholar; OpenAlex,2000
83LX3pFwXQZ3V9uMbiY/Mc9AB,integracija roma u hrvatskoj primjer međimurske zupanije|2019,integracija roma u hrvatskoj primjer međimurske zupanije,2019,H Šlezak,,2019,https://repozitorij.pmf.unizg.hr/object/pmf:6086,,,,,,,,,Google Scholar; OpenAlex,2004
83LX3pFwXQZ3V9uMbiY/MioRd,integracion de recursos espaciales y no espaciales en la web un acercamiento a la web semantica|2005,integracion de recursos espaciales y no espaciales en la web un acercamiento a la web semantica,2005,JEC Tendero,,2005,https://dialnet.unirioja.es/servlet/tesis?codigo=19140,,,,,,,,,Google Scholar; OpenAlex,2003
83LX3pFwXQZ3V9uMbiY/MdHf2,integracion de sistemas de informacion geografica|2009,integracion de sistemas de informacion geografica,2009,A Buccella,,2009,https://repositoriodigital.uns.edu.ar/handle/123456789/2026,,,,,,,,,Google Scholar; OpenAlex,2004
8JMKD3MGP8W/3GQ74T5,integrando servicos analiticos e geograficos para suporte a decisao na web|2004,integrando servicos analiticos e geograficos para suporte a decisao na web,2004,PÓSGEMC DA COMPUTAÇÃO,,2004,https://www.academia.edu/download/116878924/arquivo4785_1.pdf,,,,,,,,,Google Scholar; OpenAlex,2001
83LX3pFwXQZ3V9uMbiY/NiaVh,integrated geoprocessing for generation of affected assets and rights reports for high voltage electrical infrastructures|2012,integrated geoprocessing for generation of affected assets and rights reports for high voltage electrical infrastructures,2012,"FV Gutiérrez-Corea, MÁ Manso-Callejo…",,2012,https://oa.upm.es/id/eprint/10192/contents,,,,,,,,,Google Scholar; OpenAlex,2006
83LX3pFwXQZ3V9uMbiY/NiboS,integrated model of potential biodiversity of the crimean peninsula|2020,integrated model of potential biodiversity of the crimean peninsula,2020,"RV Gorbunov, YV Plugatar, VO Smyrnov… - … Series: Earth and …, 2020",,iopscience.iop.org,https://iopscience.iop.org/article/10.1088/1755-1315/579/1/012062/meta,,,,,,,,,Google Scholar; OpenAlex,2006
8JMKD3MGPDW34P/3KJKHE8,integrating business processes iinto gis based simulations|2010,integrating business processes iinto gis based simulations,2010,"MG Metello, E David, MTM de Carvalho… - GEOINFO, 2010",,researchgate.net,https://www.researchgate.net/profile/Fabio-Andrade-3/publication/220913295_Using_Semantic_Similarity_to_Improve_Information_Discovery_in_Spatial_Data_Infrastructure/links/5fb68476a6fdcc6cc64ab329/Using-Semantic-Similarity-to-Improve-Information-Discovery-in-Spatial-Data-Infrastructure.pdf#page=87,,,,,,,,,Google Scholar; OpenAlex,2008
83LX3pFwXQZ3V9uMbiY/Mc4v6,integrating gis and data warehousing in a web environment a case study of the us 1880 census|2007,integrating gis and data warehousing in a web environment a case study of the us 1880 census,2007,"RG Healey, J Delve - International Journal of Geographical …, 2007",,Taylor & Francis,https://www.tandfonline.com/doi/abs/10.1080/13658810601135742,,,,,,,,,Google Scholar; OpenAlex,2004
83LX3pFwXQZeBBx/oS63E,integrating haptic feedback into mobile location based services|2012,integrating haptic feedback into mobile location based services,2012,R Jacob,,2012,https://mural.maynoothuniversity.ie/id/eprint/4603/,,,,,,,,,Google Scholar; OpenAlex,1999
8JMKD3MGP8W/3GQ75L5,integrating image and spatial data for biodiversity information management|2004,integrating image and spatial data for biodiversity information management,2004,"RS Torres, CB Medeiros… - … Report IC-04 …, 2004",,"Inst. de Comp., Univ. Estadual de …",,,,,,,,,,Google Scholar; OpenAlex,2001
8JMKD3MGPDW34P/3KKHJUS,integrating multiple factors to optimize watchtower deployment for wildfire detection|2020,integrating multiple factors to optimize watchtower deployment for wildfire detection,2020,"F Zhang, P Zhao, S Xu, Y Wu, X Yang… - Science of the total …, 2020",,Elsevier,https://www.sciencedirect.com/science/article/pii/S0048969720330783,,,,,,,,,Google Scholar; OpenAlex,2010
8JMKD3MGPDW34P/43PQPPE,integrating open data cube and brazil data cube platforms for land use and cover classifications|2021,integrating open data cube and brazil data cube platforms for land use and cover classifications,2021,"FM Carlos, VCF Gomes, GRD Queiroz… - Rev. Bras …, 2021",,academia.edu,https://www.academia.edu/download/80738427/32715.pdf,,,,,,,,,Google Scholar; OpenAlex,2020
8JMKD3MGPDW34P/3NDC8C8,integrating socio environmental spatial information to support housing plans|2019,integrating socio environmental spatial information to support housing plans,2019,"J Siqueira-Gay, ALCF Gallardo, M Giannotti - Cities, 2019",,Elsevier,https://www.sciencedirect.com/science/article/pii/S0264275118304645,,,,,,,,,Google Scholar; OpenAlex,2016
83LX3pFwXQZ3V9uMbiY/MimPC,integrating web data and geographic knowledge into spatial databases|2005,integrating web data and geographic knowledge into spatial databases,2005,"AHF Laender, KAV Borges, JCP Carvalho… - … techniques and trends, 2005",,igi-global.com,https://www.igi-global.com/chapter/integrating-web-data-geographic-knowledge/29658,,,,,,,,,Google Scholar; OpenAlex,2003
83LX3pFwXQZ3V9uMbiY/Mc4v6,integration between location based service lbs and online analytical processing olap semantic approach|2008,integration between location based service lbs and online analytical processing olap semantic approach,2008,"AHA Halim, MA Ismail, SD Ravana - Journal of Information …, 2008",,knova.um.edu.my,https://knova.um.edu.my/research_publications_2006_2010/1498/,,,,,,,,,Google Scholar; OpenAlex,2004
83LX3pFwXQZ3V9uMbiY/LHUQQ,integration de la structure matricielle dans les cubes spatiaux|2008,integration de la structure matricielle dans les cubes spatiaux,2008,R McHugh,,2008,https://corpus.ulaval.ca/entities/publication/de164803-a381-4c75-8ec7-a8d940b73bce,,,,,,,,,Google Scholar; OpenAlex,2005
8JMKD3MGP8W/3HHLP88,integration of gis and multi criteria analysis for the assessment of the sensitivity to urbanization in biskra and its neighboring oases algeria|2022,integration of gis and multi criteria analysis for the assessment of the sensitivity to urbanization in biskra and its neighboring oases algeria,2022,"K Berghout, H Dridi - GeoJournal, 2022",,Springer,https://link.springer.com/article/10.1007/s10708-021-10495-2,,,,,,,,,Google Scholar; OpenAlex,2007
8JMKD3MGP8W/3GTJ9KL,integration of statistics and geographic information systems the r terralib case|2005,integration of statistics and geographic information systems the r terralib case,2005,"PR de Andrade Neto, PJ Ribeiro Jr, KD Fook - GeoInfo, 2005",,leg.ufpr.br,http://leg.ufpr.br/~pedro/aRT/docs/P74.pdf,,,,,,,,,Google Scholar; OpenAlex,2002
8JMKD3MGPDW34P/3KJKHE8,intelligent cities translating architectural models into a virtual gaming environment for event simulation|2015,intelligent cities translating architectural models into a virtual gaming environment for event simulation,2015,"D Brady, A Lee, A Pearce, N Shintaku… - 2015 Systems and …, 2015",,ieeexplore.ieee.org,https://ieeexplore.ieee.org/abstract/document/7117007/,,,,,,,,,Google Scholar; OpenAlex,2008
83LX3pFwXQZ3V9uMbiY/NiagS,intelligent selection technique for database indexing to augment the speed performance of query processing on mobile device|2014,intelligent selection technique for database indexing to augment the speed performance of query processing on mobile device,2014,"SK Boucetta, D Daman, S Shaik - Life Science Journal, 2014",,academia.edu,https://www.academia.edu/download/114915353/035_23267life110414_239_245.pdf,,,,,,,,,Google Scholar; OpenAlex,2006
83LX3pFwXQZ3V9uMbiY/MdGTa,interacting with geospatial technologies|2010,interacting with geospatial technologies,2010,MM Haklay,,2010,https://books.google.com/books?hl=pt-BR&lr=&id=XOG2EAAAQBAJ&oi=fnd&pg=PR9&ots=wt1k62b93e&sig=If_4UFU-8pBM7wzb7sozdu4H4SI,,,,,,,,,Google Scholar; OpenAlex,2004
8JMKD3MGPDW34P/3Q5DLA5,interactive visualization of trivariate georeferenced data|2018,interactive visualization of trivariate georeferenced data,2018,"TM Pinheiro, C Esperança - J. Inf. Data Manag., 2018",,academia.edu,https://www.academia.edu/download/102141263/2043-Article_Text-6269-1-10-20210511.pdf,,,,,,,,,Google Scholar; OpenAlex,2017
83LX3pFwXQZ4BFjAq/mGafE,intercambio de dados geograficos modelos formatos e conversores|2001,intercambio de dados geograficos modelos formatos e conversores,2001,"P Lima - III Workshop Brasileiro de…, 2001",,academia.edu,https://www.academia.edu/download/103720789/pag122a128.pdf,,,,,,,,,Google Scholar; OpenAlex,2000
8JMKD3MGP8W/3GTJ9KL,interface para operacoes espaciais em banco de dados geograficos|2003,interface para operacoes espaciais em banco de dados geograficos,2003,"KR Ferreira, JAC Paiva, G Câmara - GEOINFO, 2003",,researchgate.net,https://www.researchgate.net/profile/Karine-Ferreira-3/publication/40891825_Interface_para_operacoes_espaciais_em_banco_de_dados_geograficos/links/54de017f0cf2814662ec43c4/Interface-para-operacoes-espaciais-em-banco-de-dados-geograficos.pdf,,,,,,,,,Google Scholar; OpenAlex,2002
83LX3pFwXQZ3V9uMbiY/NiaRQ,internet of things iot and smart technologies framework of temporal data mining concerning smart meter|2014,internet of things iot and smart technologies framework of temporal data mining concerning smart meter,2014,"SK Srivastava - Indore Management Journal, 2014",,researchgate.net,https://www.researchgate.net/profile/Shashi-Srivastava/publication/292501178_Internet_of_Things_IoT_and_Smart_Technologies_Framework_of_Temporal_Data_Mining_Concerning_Smart_Meter/links/56aef27108ae43a3980eaa72/Internet-of-Things-IoT-and-Smart-Technologies-Framework-of-Temporal-Data-Mining-Concerning-Smart-Meter.pdf,,,,,,,,,Google Scholar; OpenAlex,2006
8JMKD3MGP8W/3GTJAAE,interoperabilidade entre objetos geograficos heterogeneos|2006,interoperabilidade entre objetos geograficos heterogeneos,2006,"VHM Azevedo, MSP Meirelles, RPD Ferraz… - GEOINFO, 2006",,academia.edu,https://www.academia.edu/download/47400941/p50.pdf,,,,,,,,,Google Scholar; OpenAlex,2002
83LX3pFwXQZ4BFjAq/mEp4v,interoperabilidade entre sistemas de informacao na administracao publica|2009,interoperabilidade entre sistemas de informacao na administracao publica,2009,DFMG da Sé,,2009,https://search.proquest.com/openview/7e1663d7b00dce1b656c6cf86e4960c8/1?pq-origsite=gscholar&cbl=2026366&diss=y,,,,,,,,,Google Scholar; OpenAlex,2000
8JMKD3MGP8W/3GTJAAE,interoperability among heterogeneous geographic objects|2007,interoperability among heterogeneous geographic objects,2007,"VHM Azevedo, MSP Meirelles, RPD Ferraz… - … in Geoinformatics: VIII …, 2007",,Springer,https://link.springer.com/chapter/10.1007/978-3-540-73414-7_12,,,,,,,,,Google Scholar; OpenAlex,2002
8JMKD3MGP8W/3GTEJES,interoperability for gis document management in environmental planning|2005,interoperability for gis document management in environmental planning,2005,"GZ Pastorello, CB Medeiros, SM de Resende… - Journal on Data …, 2005",,Springer,https://link.springer.com/chapter/10.1007/11496168_5,,,,,,,,,Google Scholar; OpenAlex,2002
8JMKD3MGPDW34P/3SEUQQP,intraspecific trait variation in body sizes is associated with diet and habitat use evidence from atherinella brasiliensis in a tropical estuary|2025,intraspecific trait variation in body sizes is associated with diet and habitat use evidence from atherinella brasiliensis in a tropical estuary,2025,"EB Maciel, MLA Albuquerque, ALM Pessanha - Coasts, 2025",,mdpi.com,https://www.mdpi.com/2673-964X/5/3/22,,,,,,,,,Google Scholar; OpenAlex,2018
8JMKD3MGP8W/3AUUQ5E,introducing shadows flexible document representation and annotation on the web|2013,introducing shadows flexible document representation and annotation on the web,2013,"MS Mota, CB Medeiros - 2013 IEEE 29th International …, 2013",,ieeexplore.ieee.org,https://ieeexplore.ieee.org/abstract/document/6547416/,,,,,,,,,Google Scholar; OpenAlex,2011
83LX3pFwXQZ3V9uMbiY/LHTK3,investigating the effectiveness of an efficient label placement method using eye movement data|2012,investigating the effectiveness of an efficient label placement method using eye movement data,2012,"K Ooms, PD Maeyer, V Fack, EV Assche… - The Cartographic …, 2012",,Taylor & Francis,https://www.tandfonline.com/doi/abs/10.1179/1743277412Y.0000000010,,,,,,,,,Google Scholar; OpenAlex,2005
83LX3pFwXQZ3V9uMbiY/NiagS,investigation on using clustering to reduce in database sum query execution time for spatial rasters a case study for precipitation raster|2017,investigation on using clustering to reduce in database sum query execution time for spatial rasters a case study for precipitation raster,2017,"J Sadidi, S Sahebi Vayghan, H Rezaiyan - Scientific-Research Quarterly …, 2017",,sepehr.org,https://www.sepehr.org/article_28889_en.html,,,,,,,,,Google Scholar; OpenAlex,2006
83LX3pFwXQZ3V9uMbiY/MhU9d,irregular cellular spaces supporting realistic spatial dynamic modeling over geographical databases|2008,irregular cellular spaces supporting realistic spatial dynamic modeling over geographical databases,2008,RV Maretto,,2008,https://www.academia.edu/download/98679395/p53.pdf,,,,,,,,,Google Scholar; OpenAlex,2003
8JMKD3MGPDW34P/43PLCP5,irrmap a large scale comprehensive dataset for irrigation method mapping|2025,irrmap a large scale comprehensive dataset for irrigation method mapping,2025,"NC Mandal, OB Hoque, A Adiga, S Swarup… - Proceedings of the 31st …, 2025",,dl.acm.org,https://dl.acm.org/doi/abs/10.1145/3711896.3737380,,,,,,,,,Google Scholar; OpenAlex,2020
83LX3pFwXQZ4BFjAq/mENBs,issues on interoperability and integration of heterogeneous geographical data|2001,issues on interoperability and integration of heterogeneous geographical data,2001,"R Fileto - III Brazilian Symposium on Geoinformatics-GEOINFO, 2001",,academia.edu,https://www.academia.edu/download/72076619/Issues_on_interoperability_and_integrati20211010-7737-1p73irg.pdf,,,,,,,,,Google Scholar; OpenAlex,2000
8JMKD2USPTW34P/4DK6SD5,itacart an equal area parallelogram discrete global grid system for terrestrial cadastral mapping designed for usability and blockchain integration|2025,itacart an equal area parallelogram discrete global grid system for terrestrial cadastral mapping designed for usability and blockchain integration,2025,"IN da Silva, G Dietzsch, EH Shiguemori - Rev. Bras. Cartogr, 2025",,seer.ufu.br,https://seer.ufu.br/index.php/revistabrasileiracartografia/article/download/79281/42432/378873,,,,,,,,,Google Scholar,2025
8JMKD3MGPDW34P/3KP3EUL,jobviz skill driven visual exploration of job advertisements|2024,jobviz skill driven visual exploration of job advertisements,2024,"R Wang, Q Chen, Y Wang, L Xiong, B Shen - Visual Informatics, 2024",,Elsevier,https://www.sciencedirect.com/science/article/pii/S2468502X24000391,,,,,,,,,Google Scholar; OpenAlex,2015
8JMKD3MGP8W/3GQ6TMP,jogos eletronicos e realidade virtual|2006,jogos eletronicos e realidade virtual,2006,"RC Bianchini, JL Bernardes Jr, M Cuzziol… - … e tecnologia de …, 2006",,researchgate.net,https://www.researchgate.net/profile/Robson-Siscoutto/publication/216813160_Fundamentos_de_Realidade_Virtual_e_Aumentada/links/5f3d6c53a6fdcccc43d5fbab/Fundamentos-de-Realidade-Virtual-e-Aumentada.pdf#page=207,,,,,,,,,Google Scholar; OpenAlex,2001
8JMKD3MGPDW34P/3KK5KM2,journey reconstruction based on social media posts a study on data quality and privacy implications|2019,journey reconstruction based on social media posts a study on data quality and privacy implications,2019,BN Kronemeijer,,2019,https://studenttheses.uu.nl/items/7556df8d-786c-49a7-881d-096106b08141,,,,,,,,,Google Scholar; OpenAlex,2010
83LX3pFwXQZ4BFjAq/mGa8R,juizos sistema para controle do exercicio de juizes e promotores eleitorais do tribunal regional eleitoral da paraiba|2013,juizos sistema para controle do exercicio de juizes e promotores eleitorais do tribunal regional eleitoral da paraiba,2013,ACP Macêdo,,2013,,,,,,,,,,Google Scholar; OpenAlex,2000
8JMKD3MGPDW34P/3NDC97E,kaffeeplantagen im sudosten brasiliens erdbeobachtungsbasiertes monitoring der anbaugebiete eine untersuchung|2020,kaffeeplantagen im sudosten brasiliens erdbeobachtungsbasiertes monitoring der anbaugebiete eine untersuchung,2020,J Böde,,2020,,,,,,,,,,Google Scholar; OpenAlex,2016
8JMKD3MGPDW34P/3KJKFU8,kajian perubahan penggunaan lahan berbasis citra penginderaan jauh resolusi menengah dengan metode multi layer perceptron dan markov chain|2016,kajian perubahan penggunaan lahan berbasis citra penginderaan jauh resolusi menengah dengan metode multi layer perceptron dan markov chain,2016,"DW Wardani, P Danoedoro… - Majalah Geografi …, 2016",,researchgate.net,https://www.researchgate.net/profile/Projo-Danoedoro/publication/302583188_KAJIAN_PERUBAHAN_PENGGUNAAN_LAHAN_BERBASIS_CITRA_PENGINDERAAN_JAUH_RESOLUSI_MENENGAH_DENGAN_METODE_MULTI_LAYER_PERCEPTRON_DAN_MARKOV_CHAIN_DI_SEBAGIAN_KABUPATEN_BANTUL/links/5731948308ae6cca19a26bda/KAJIAN-PERUBAHAN-PENGGUNAAN-LAHAN-BERBASIS-CITRA-PENGINDERAAN-JAUH-RESOLUSI-MENENGAH-DENGAN-METODE-MULTI-LAYER-PERCEPTRON-DAN-MARKOV-CHAIN-DI-SEBAGIAN-KABUPATEN-BANTUL.pdf,,,,,,,,,Google Scholar; OpenAlex,2008
83LX3pFwXQZ3V9uMbiY/MimPC,kartlaggning av hyresgastforeningens medlemmar i karlskrona kommun med hjalp av gis|2015,kartlaggning av hyresgastforeningens medlemmar i karlskrona kommun med hjalp av gis,2015,M Robertsson,,2015,,,,,,,,,,Google Scholar; OpenAlex,2003
8JMKD3MGPDW34P/3NDC42E,knowledge discovery in databases using novel approaches based on computational intelligence|2023,knowledge discovery in databases using novel approaches based on computational intelligence,2023,ZC Dagdia,,2023,https://hal.science/tel-04385190/,,,,,,,,,Google Scholar; OpenAlex,2016
8JMKD3MGP8W/3HHLNQ5,knowledge discovery on trajectory data warehouses possible usage of the data mining techniques|2008,knowledge discovery on trajectory data warehouses possible usage of the data mining techniques,2008,"FJ Braz - Simpósio Brasileiro de Sistemas de Informação (SBSI), 2008",,sol.sbc.org.br,https://sol.sbc.org.br/index.php/sbsi/article/view/5921,,,,,,,,,Google Scholar; OpenAlex,2007
83LX3pFwXQZ3V9uMbiY/MhUig,kr manjula dr s jyothi s anand kumar varma|2011,kr manjula dr s jyothi s anand kumar varma,2011,SVK Varma,,2011,,,,,,,,,,Google Scholar; OpenAlex,2003
83LX3pFwXQZ3V9uMbiY/Mc9AB,la construccion del espacio urbano y la diferenciacion socio espacial el caso de la ciudad de bahia blanca|2013,la construccion del espacio urbano y la diferenciacion socio espacial el caso de la ciudad de bahia blanca,2013,MB Prieto,,2013,https://repositoriodigital.uns.edu.ar/handle/123456789/484,,,,,,,,,Google Scholar; OpenAlex,2004
83LX3pFwXQZ3V9uMbiY/MioRd,la desambiguisation des toponymes par la densite geographique|2009,la desambiguisation des toponymes par la densite geographique,2009,"I Bensalem, MK Kholladi - International Conference on Applied …, 2009",,researchgate.net,https://www.researchgate.net/profile/Mohamed-Khireddine-Kholladi-2/publication/235355878_La_Desambiguisation_des_Toponymes_par_la_Densite_Geographique/links/02bfe511438eb1ba1b000000/La-Desambiguisation-des-Toponymes-par-la-Densite-Geographique.pdf,,,,,,,,,Google Scholar; OpenAlex,2003
83LX3pFwXQZeBBx/oS63E,la dualisation de la rente urbaine une etude du marche immobilier de bogota dc colombie|2024,la dualisation de la rente urbaine une etude du marche immobilier de bogota dc colombie,2024,LL Amezquita Garcia,,2024,https://libra.unine.ch/entities/publication/8ce3f3d8-0902-49f5-99b3-9299f8e97247,,,,,,,,,Google Scholar; OpenAlex,1999
83LX3pFwXQZ3V9uMbiY/LHTbc,laboratorio de sistema de informacao|2006,laboratorio de sistema de informacao,2006,"CB Medeiros, R da Silva Torres",,2006,https://ic.unicamp.br/~stolfi/ic-admin/forum/2006-10-labs/raw/lixo/LIS-2006.pdf,,,,,,,,,Google Scholar; OpenAlex,2005
8JMKD3MGP8W/3GQ6URS,laboratorio visgraf|2024,laboratorio visgraf,2024,"L Velho, T Novello, V Silva, D Lucio",,2024,https://www.visgraf.impa.br/Data/RefBib/PS_PDF/tr-03-2026/tr-2026-03.pdf,,,,,,,,,Google Scholar; OpenAlex,2001
8JMKD3MGPDW34R/3UFE9MS,land cover classification of an area susceptible to landslides using random forest and ndvi time series data|2020,land cover classification of an area susceptible to landslides using random forest and ndvi time series data,2020,"TDT Uehara, AR Soares, RP Quevedo… - IGARSS 2020-2020 …, 2020",,ieeexplore.ieee.org,https://ieeexplore.ieee.org/abstract/document/9324108/,,,,,,,,,Google Scholar; OpenAlex,2019
8JMKD3MGPDW34P/3KP36L8,land cover mapping with random forest using intra annual sentinel 2 data in central portugal a comparative analysis|2018,land cover mapping with random forest using intra annual sentinel 2 data in central portugal a comparative analysis,2018,D Lüdtke,,2018,https://search.proquest.com/openview/4481e3d31b69b82b339bcf5798dec57d/1?pq-origsite=gscholar&cbl=2026366&diss=y,,,,,,,,,Google Scholar; OpenAlex,2015
8JMKD3MGP3W34P/3N2U9JL,land use and cover maps for mato grosso state in brazil from 2001 to 2017|2020,land use and cover maps for mato grosso state in brazil from 2001 to 2017,2020,"R Simoes, MCA Picoli, G Camara, A Maciel, L Santos… - Scientific Data, 2020",,nature.com,https://www.nature.com/articles/s41597-020-0371-4,,,,,,,,,Google Scholar; OpenAlex,2016
8JMKD3MGP8W/3GTJ9SB,land use and cover modeling as a tool for analyzing nature conservation policies a case study of jureia itatins|2021,land use and cover modeling as a tool for analyzing nature conservation policies a case study of jureia itatins,2021,"C Assaf, C Adams, FF Ferreira, H França - Land use policy, 2021",,Elsevier,https://www.sciencedirect.com/science/article/pii/S0264837718317885,,,,,,,,,Google Scholar; OpenAlex,2002
8JMKD3MGPDW34R/3UFEGCS,land use and land cover mapping in a priority municipality for deforestation control actions in the amazon using geobia|2020,land use and land cover mapping in a priority municipality for deforestation control actions in the amazon using geobia,2020,"KV Conceição, MED Chaves… - Revista Brasileira de …, 2020",,seer.ufu.br,https://seer.ufu.br/index.php/revistabrasileiracartografia/article/download/53192/30196/244940,,,,,,,,,Google Scholar; OpenAlex,2019
8JMKD3MGPDW34P/3KJKGEH,land use change and land use displacement dynamics in mato grosso and para brazilian amazon|2018,land use change and land use displacement dynamics in mato grosso and para brazilian amazon,2018,F Gollnow,,2018,https://edoc.hu-berlin.de/items/d3fe29a9-79ca-47e2-b0df-1f0f3551f425,,,,,,,,,Google Scholar; OpenAlex,2008
8JMKD3MGPDW34P/3NDC29P,land use land cover classification analysis using pixel based methods case of tarom city iran|2019,land use land cover classification analysis using pixel based methods case of tarom city iran,2019,"SB Hosseini, A Saremi, MHN Gheydari, H Sedghi…",,2019,https://tuengr.com/V10A/10A12GM.pdf,,,,,,,,,Google Scholar; OpenAlex,2016
8JMKD3MGPDW34R/3UFE9MS,landslide scars detection using remote sensing and pattern recognition techniques comparison among artificial neural networks gaussian maximum likelihood|2020,landslide scars detection using remote sensing and pattern recognition techniques comparison among artificial neural networks gaussian maximum likelihood,2020,"TDT Uehara, SPLP Corrêa, RP Quevedo… - Revista Brasileira de …, 2020",,seer.ufu.br,https://seer.ufu.br/index.php/revistabrasileiracartografia/article/view/54037/,,,,,,,,,Google Scholar; OpenAlex,2019
8JMKD3MGPDW34R/3UFE9MS,landslide segmentation with deep learning evaluating model generalization in rainfall induced landslides in brazil|2022,landslide segmentation with deep learning evaluating model generalization in rainfall induced landslides in brazil,2022,"LP Soares, HC Dias, GPB Garcia, CH Grohmann - Remote Sensing, 2022",,mdpi.com,https://www.mdpi.com/2072-4292/14/9/2237,,,,,,,,,Google Scholar; OpenAlex,2019
8JMKD3MGP8W/3B25HBP,large scale region merging segmentation using the local mutual best fitting concept|2014,large scale region merging segmentation using the local mutual best fitting concept,2014,"P Lassalle, J Inglada, J Michel… - … IEEE Geoscience and …, 2014",,ieeexplore.ieee.org,https://ieeexplore.ieee.org/abstract/document/6947590/,,,,,,,,,Google Scholar; OpenAlex,2011
83LX3pFwXQZ4BFjAq/mEp4v,las ontologias y su aplicacion en el ambito de la documentacion|2001,las ontologias y su aplicacion en el ambito de la documentacion,2001,"ES Lucas, RM Rubio - UPV. Retrieved September, 2001",,,,,,,,,,,,Google Scholar; OpenAlex,2000
8JMKD3MGPDW34P/3Q5DLK2,learning about spatial inequalities capturing the heterogeneity in the urban environment|2019,learning about spatial inequalities capturing the heterogeneity in the urban environment,2019,"J Siqueira-Gay, M Giannotti, M Sester - Journal of Cleaner Production, 2019",,Elsevier,https://www.sciencedirect.com/science/article/pii/S0959652619325922,,,,,,,,,Google Scholar; OpenAlex,2017
8JMKD3MGP8W/3HHGDJL,learning advanced similarities and training features for toponym interlinking|2020,learning advanced similarities and training features for toponym interlinking,2020,"G Giannopoulos, V Kaffes, G Kostoulas - European Conference on …, 2020",,Springer,https://link.springer.com/chapter/10.1007/978-3-030-45439-5_8,,,,,,,,,Google Scholar; OpenAlex,2007
8JMKD3MGP8W/3HHGCGP,learning based geospatial schema matching guided by external knowledge|2011,learning based geospatial schema matching guided by external knowledge,2011,J Partyka,,2011,https://search.proquest.com/openview/0aeea83da7e21d607a2e9bd0fb579f84/1?pq-origsite=gscholar&cbl=18750,,,,,,,,,Google Scholar; OpenAlex,2007
8JMKD3MGP8W/3HHGDJL,learning domain specific models for toponym interlinking|2019,learning domain specific models for toponym interlinking,2019,"V Kaffes, G Giannopoulos, N Karagiannakis… - Proceedings of the 27th …, 2019",,dl.acm.org,https://dl.acm.org/doi/abs/10.1145/3347146.3359339,,,,,,,,,Google Scholar; OpenAlex,2007
8JMKD3MGPDW34P/3NDC8C8,learning spatial inequalities a clustering approach|2017,learning spatial inequalities a clustering approach,2017,"J Siqueira-Gay, MA Giannotti, M Sester - GEOINFO, 2017",,mtc-m16c.sid.inpe.br,http://mtc-m16c.sid.inpe.br/col/sid.inpe.br/mtc-m16c/2017/12.01.19.21/doc/18siqueiragay_sester.pdf,,,,,,,,,Google Scholar; OpenAlex,2016
8JMKD3MGP8W/3HHGDJL,learning to combine multiple string similarity metrics for effective toponym matching|2018,learning to combine multiple string similarity metrics for effective toponym matching,2018,"R Santos, P Murrieta-Flores… - International journal of …, 2018",,Taylor & Francis,https://www.tandfonline.com/doi/abs/10.1080/17538947.2017.1371253,,,,,,,,,Google Scholar; OpenAlex,2007
8JMKD3MGPDW34P/4ADCD28,leveraging graph neural networks and mobility data for covid 19 forecasting|2026,leveraging graph neural networks and mobility data for covid 19 forecasting,2026,"FHO Duarte, GJP Moreira, EJS Luz, LBL Santos… - Applied Soft …, 2026",,Elsevier,https://www.sciencedirect.com/science/article/pii/S1568494626006903,,,,,,,,,Google Scholar,2023
8JMKD3MGP3W34P/42H34L2,leveraging vgi for gazetteer enrichment a case study for geoparsing twitter messages|2015,leveraging vgi for gazetteer enrichment a case study for geoparsing twitter messages,2015,"MG de Oliveira, CEC Campelo… - … Symposium on Web …, 2015",,Springer,https://link.springer.com/chapter/10.1007/978-3-319-18251-3_2,,,,,,,,,Google Scholar; OpenAlex,2014
8JMKD3MGPDW34P/3KP2T4E,leveraging volunteered geographic information to improve disaster resilience lessons learned from agora and future research directions|2019,leveraging volunteered geographic information to improve disaster resilience lessons learned from agora and future research directions,2019,"JP de Albuquerque, FEA Horita… - Environmental …, 2019",,igi-global.com,https://www.igi-global.com/chapter/leveraging-volunteered-geographic-information-to-improve-disaster-resilience/213013,,,,,,,,,Google Scholar; OpenAlex,2015
8JMKD3MGPDW34P/3KK5L2S,linked geospatial data desafios e oportunidades de pesquisa|2013,linked geospatial data desafios e oportunidades de pesquisa,2013,"THV de Moura, CA Davis Jr - … of the XIV GEOINFO, Campos do …, 2013",,mtc-m16c.sid.inpe.br,http://mtc-m16c.sid.inpe.br/attachment.cgi/sid.inpe.br/mtc-m18/2013/12.10.17.50/doc/paper2.pdf,,,,,,,,,Google Scholar; OpenAlex,2010
8JMKD3MGP8W/3HHGCGP,linkedgeodata a core for a web of spatial open data|2012,linkedgeodata a core for a web of spatial open data,2012,"C Stadler, J Lehmann, K Höffner, S Auer - Semantic Web, 2012",,journals.sagepub.com,https://journals.sagepub.com/doi/abs/10.3233/SW-2011-0052,,,,,,,,,Google Scholar; OpenAlex,2007
8JMKD3MGP8W/3HHGCGP,linkedgeodata adding a spatial dimension to the web of data|2009,linkedgeodata adding a spatial dimension to the web of data,2009,"S Auer, J Lehmann, S Hellmann - International Semantic Web Conference, 2009",,Springer,https://link.springer.com/chapter/10.1007/978-3-642-04930-9_46,,,,,,,,,Google Scholar; OpenAlex,2007
8JMKD3MGP3W34R/42GRPC2,local pair and bundle discovery over co evolving time series|2019,local pair and bundle discovery over co evolving time series,2019,"G Chatzigeorgakidis, D Skoutas… - Proceedings of the 16th …, 2019",,dl.acm.org,https://dl.acm.org/doi/abs/10.1145/3340964.3340982,,,,,,,,,Google Scholar; OpenAlex,2015
83LX3pFwXQZ3V9uMbiY/LHUxR,local spatial data infrastructure a solid base for sustainable land management in germany|2012,local spatial data infrastructure a solid base for sustainable land management in germany,2012,"U Klein, H Müller - Surveying and Land Information Science, 2012",,ingentaconnect.com,https://www.ingentaconnect.com/content/aags/salis/2012/00000072/00000001/art00002,,,,,,,,,Google Scholar; OpenAlex,2005
83LX3pFwXQZ3V9uMbiY/MdHjv,local spatial data infrastructures based on a service oriented architecture|2005,local spatial data infrastructures based on a service oriented architecture,2005,"CA Davis Jr, LL Alves - GEOINFO, 2005",,mtc-m16c.sid.inpe.br,http://mtc-m16c.sid.inpe.br/col/dpi.inpe.br/geoinfo@80/2006/07.11.13.51/doc/p71.pdf,,,,,,,,,Google Scholar; OpenAlex,2004
8JMKD3MGP8W/3GTJ8DB,localizacao exata de pontos em mapas esfericos usando uma adaptacao daarvore de particao binaria do espaco|2004,localizacao exata de pontos em mapas esfericos usando uma adaptacao daarvore de particao binaria do espaco,2004,"JB Mendes, CD Ferreira, MVA Andrade - Anais do VI Simpósio Brasileiro de …, 2004",,,,,,,,,,,,Google Scholar; OpenAlex,2002
8JMKD3MGPDW34P/4ADCP7P,localizacao varejista um estudo sobre a configuracao espacial urbana e as atividades varejistas em santa maria rs|2023,localizacao varejista um estudo sobre a configuracao espacial urbana e as atividades varejistas em santa maria rs,2023,JL Souza,SEM_MATCH,2023,https://lume.ufrgs.br/handle/10183/263721,,,,,,,,,Google Scholar; OpenAlex,2023
83LX3pFwXQZeBBx/oS63E,location and orientation based queries on mobile environments|2010,location and orientation based queries on mobile environments,2010,"P Pombinho, MB Carmo, AP Afonso… - Proceedings of the …, 2010",,mirlabs.net,http://www.mirlabs.net/ijcisim/regular_papers_2011/Paper89.pdf,,,,,,,,,Google Scholar; OpenAlex,1999
83LX3pFwXQZ3V9uMbiY/MioRd,locus um localizador espacial urbano|2004,locus um localizador espacial urbano,2004,"LA de Souza, TM Delboni, KAV Borges, CA Davis Jr… - GEOINFO, 2004",,dcc.ufmg.br,http://www.dcc.ufmg.br/~clodoveu/files/100.40/AC034.%202004%20Locus%20-%20um%20localizador%20espacial%20urbano.pdf,,,,,,,,,Google Scholar; OpenAlex,2003
83LX3pFwXQZ3V9uMbiY/Mekki,locus um sistema de localizacao geografica atraves de referencias espaciais indiretas|2005,locus um sistema de localizacao geografica atraves de referencias espaciais indiretas,2005,LA de Souza,,2005,https://repositorio.ufmg.br/items/631f6164-0954-4bc7-8960-f805b1ec521a,,,,,,,,,Google Scholar; OpenAlex,2004
83LX3pFwXQZ3V9uMbiY/NiboS,looking forward applying an ecological model web to assess impacts of climate change|2008,looking forward applying an ecological model web to assess impacts of climate change,2008,"GN Geller, F Melton - Biodiversity, 2008",,Taylor & Francis,https://www.tandfonline.com/doi/abs/10.1080/14888386.2008.9712910,,,,,,,,,Google Scholar; OpenAlex,2006
83LX3pFwXQZ3V9uMbiY/LHUQQ,lsp suitability maps|2010,lsp suitability maps,2010,"JJ Dujmović, G De Tré, N Van de Weghe - Soft Computing, 2010",,Springer,https://link.springer.com/article/10.1007/s00500-009-0455-8,,,,,,,,,Google Scholar; OpenAlex,2005
8JMKD3MGP8W/3AUUQC5,m n object matching between image and map object data sets by means of latent semantic analysis|2014,m n object matching between image and map object data sets by means of latent semantic analysis,2014,"Y Huh, J Kim, K Yu, S Cho - International journal of remote sensing, 2014",,Taylor & Francis,https://www.tandfonline.com/doi/abs/10.1080/01431161.2014.965286,,,,,,,,,Google Scholar; OpenAlex,2011
8JMKD3MGPDW34P/3NDDHL8,machine learning and future directions|2023,machine learning and future directions,2023,"KR Makkena, A Gautam… - Data Science with …, 2023",,api.taylorfrancis.com,https://api.taylorfrancis.com/content/chapters/edit/download?identifierName=doi&identifierValue=10.1201/9781003310785-8&type=chapterpdf,,,,,,,,,Google Scholar; OpenAlex,2016
8JMKD3MGP8W/3HHLP88,machine learning based habitat mapping of the invasive prosopis juliflora in sharjah uae|2025,machine learning based habitat mapping of the invasive prosopis juliflora in sharjah uae,2025,"A Almaazmi, R Al-Ruzouq, A Shanableh… - Environmental …, 2025",,Springer,https://link.springer.com/article/10.1007/s10661-025-13876-z,,,,,,,,,Google Scholar; OpenAlex,2007
83LX3pFwXQZ3V9uMbiY/Nib3w,machine learning for cross gazetteer matching of natural features|2020,machine learning for cross gazetteer matching of natural features,2020,"E Acheson, M Volpi, RS Purves - International Journal of …, 2020",,Taylor & Francis,https://www.tandfonline.com/doi/abs/10.1080/13658816.2019.1599123,,,,,,,,,Google Scholar; OpenAlex,2006
83LX3pFwXQZ3V9uMbiY/NiaHU,making folksonomy machine understandable|2008,making folksonomy machine understandable,2008,"P Shrestha, L Zhou - Challenges In Information Technology …, 2008",,World Scientific,https://www.worldscientific.com/doi/pdf/10.1142/6905#page=96,,,,,,,,,Google Scholar; OpenAlex,2006
83LX3pFwXQZ3V9uMbiY/LHU82,management of poorly functioning kidneys secondary to pelvi ureteric junction obstruction pujo is upfront nephrectomy an overkill|2020,management of poorly functioning kidneys secondary to pelvi ureteric junction obstruction pujo is upfront nephrectomy an overkill,2020,R Samujh,,2020,https://www.academia.edu/download/88487290/CavalcanteDF_MTR_R.pdf,,,,,,,,,Google Scholar; OpenAlex,2005
83LX3pFwXQZ3V9uMbiY/LHUMt,managing and modeling persistent data access in process driven soas|2012,managing and modeling persistent data access in process driven soas,2012,C Mayr,,2012,https://repositum.tuwien.at/handle/20.500.12708/8742,,,,,,,,,Google Scholar; OpenAlex,2005
8JMKD3MGP8W/3HHGCGP,managing distributed and heterogeneous context for ambient intelligence|2009,managing distributed and heterogeneous context for ambient intelligence,2009,"J Viterbo, L Mazuel, Y Charif, M Endler… - Context-Aware Self …, 2009",,books.google.com,https://books.google.com/books?hl=pt-BR&lr=&id=Y0JtqV5ODzQC&oi=fnd&pg=PA79&ots=xrvG0_UDaK&sig=d8CeWjy0esXXwEKoxdJE5hlx9sw,,,,,,,,,Google Scholar; OpenAlex,2007
8JMKD3MGP8W/3GQ75L5,managing user generated information in geospatial cyberinfrastructures|2011,managing user generated information in geospatial cyberinfrastructures,2011,"L Díaz, C Granell, M Gould, J Huerta - Future Generation Computer …, 2011",,Elsevier,https://www.sciencedirect.com/science/article/pii/S0167739X1000172X,,,,,,,,,Google Scholar; OpenAlex,2001
8JMKD3MGP3W34P/42H34L2,map gretel social map service supporting a national mapping agency in data collection m ronneberg et al|2019,map gretel social map service supporting a national mapping agency in data collection m ronneberg et al,2019,"M Rönneberg, M Laakso, T Sarjakoski - Journal of Geographical Systems, 2019",,Springer,https://link.springer.com/article/10.1007/s10109-018-0288-z,,,,,,,,,Google Scholar; OpenAlex,2014
8JMKD3MGPDW34P/43PQRDS,map matching uma analise de dados streaming de trajetorias de gps no transporte publico|2022,map matching uma analise de dados streaming de trajetorias de gps no transporte publico,2022,TS Martins,,2022,https://repositoriocopia.utfpr.edu.br/jspui/handle/1/30064,,,,,,,,,Google Scholar; OpenAlex,2020
8JMKD3MGP8W/3GQ74T5,map warehouse uma ferramenta de analise de dados numericos e espaciais|2004,map warehouse uma ferramenta de analise de dados numericos e espaciais,2004,"FF Nascimento, C de Souza Baptista, MC Sampaio - Anais do III Workshop de …, 2004",,,,,,,,,,,,Google Scholar; OpenAlex,2001
8JMKD3MGP8W/3FCBR3B,mapas de visibilidade em grandes terrenos representados por grades regulares|2014,mapas de visibilidade em grandes terrenos representados por grades regulares,2014,CR Ferreira,,2014,https://bdtd.ibict.br/vufind/Record/UFV_9c08e65cbec43738f02b5248f126a309,,,,,,,,,Google Scholar; OpenAlex,2013
8JMKD3MGPDW34P/3NDC8RH,mapeamento colaborativo como fonte de dados para o planejamento urbano desafios e potencialidades|2019,mapeamento colaborativo como fonte de dados para o planejamento urbano desafios e potencialidades,2019,"AA Machado, SP Camboim - urbe. Revista Brasileira de Gestão …, 2019",,SciELO Brasil,https://www.scielo.br/j/urbe/a/d6YmTQCPHhf5T5hsGVvrqHD/?lang=pt,,,,,,,,,Google Scholar; OpenAlex,2016
8JMKD3MGP8W/3GQ75FL,mapeamento colaborativo uma alternativa para a obtencao de mapas digitais para aplicacoes em transportes|2010,mapeamento colaborativo uma alternativa para a obtencao de mapas digitais para aplicacoes em transportes,2010,"R da Silva Lima, LA Borher, AC Silveira, JP Lima - Engevista, 2010",,academia.edu,https://www.academia.edu/download/42035505/MAPEAMENTO_COLABORATIVO_UMA_ALTERNATIVA_20160204-32010-1k7h143.pdf,,,,,,,,,Google Scholar; OpenAlex,2001
8JMKD3MGP8W/3GQ766E,mapeamento da condutividade eletrica do solo e relacao com os teores de argila de um latossolo vermelho sob plantio direto de graos no parana|2004,mapeamento da condutividade eletrica do solo e relacao com os teores de argila de um latossolo vermelho sob plantio direto de graos no parana,2004,"P Machado, ACC BERNARDI, LIO Valencia… - CONGRESSO …, 2004",,ler.esalq.usp.br,http://www.ler.esalq.usp.br/download/TEC%202004.10.pdf,,,,,,,,,Google Scholar; OpenAlex,2001
8JMKD3MGP3W34P/3N2U9JL,mapeamento da perda de vegetacao por urbanizacao na barra da tijuca 1984 2024 com o algoritmo landtrendr e series temporais landsat|2025,mapeamento da perda de vegetacao por urbanizacao na barra da tijuca 1984 2024 com o algoritmo landtrendr e series temporais landsat,2025,"MA de Souza, DPGB Ferraz - Coleção Estudos Cariocas, 2025",,estudoscariocas.rio,https://estudoscariocas.rio/ojs/article/view/196,,,,,,,,,Google Scholar; OpenAlex,2016
8JMKD3MGP3W34P/3N2UA78,mapeamento da vegetacao do cerrado uma revisao das iniciativas de sensoriamento remoto|2020,mapeamento da vegetacao do cerrado uma revisao das iniciativas de sensoriamento remoto,2020,"MT de Oliveira, HLG Cassol, KA Ganem… - Revista Brasileira de …, 2020",,academia.edu,https://www.academia.edu/download/73398502/30758.pdf,,,,,,,,,Google Scholar; OpenAlex,2016
83LX3pFwXQZ3V9uMbiY/MimPC,mapeamento de areas vulneraveis a impactos ambientais causados por postos de combustiveis na cidade de londrina pr|2019,mapeamento de areas vulneraveis a impactos ambientais causados por postos de combustiveis na cidade de londrina pr,2019,AH Maeda,,2019,https://repositoriocopia.utfpr.edu.br/jspui/handle/1/12140,,,,,,,,,Google Scholar; OpenAlex,2003
8JMKD3MGPDW34P/487M6RP,mapeamento de corte seletivo utilizando o indice espectral vari em uma area sob concessao florestal|2023,mapeamento de corte seletivo utilizando o indice espectral vari em uma area sob concessao florestal,2023,DA Braga,SEM_MATCH,2023,https://repositorio.ufsc.br/bitstream/handle/123456789/253266/TCC.pdf?sequence=1,,,,,,,,,Google Scholar; OpenAlex,2022
83LX3pFwXQZ4BFjAq/mEoEp,mapeamento multitemporal do uso da terra no entorno da floresta estadual edmundo navarro de andrade em de rio claro sp|2017,mapeamento multitemporal do uso da terra no entorno da floresta estadual edmundo navarro de andrade em de rio claro sp,2017,MG Diotto,,2017,https://repositorio.unesp.br/items/be73a704-9048-4c57-bab1-4dc255bb940d,,,,,,,,,Google Scholar; OpenAlex,2000
8JMKD3MGP8W/3FCF4P8,mapeamento participativo de opinioes sobre o uso de dinheiro publico|2014,mapeamento participativo de opinioes sobre o uso de dinheiro publico,2014,"H Soares, MB Pinheiro, CA Davis Jr - GeoInfo, 2014",,mtc-m21b.sid.inpe.br,http://mtc-m21b.sid.inpe.br/attachment.cgi/sid.inpe.br/mtc-m21b/2020/05.21.14.19/doc/soares_mapeamento.pdf,,,,,,,,,Google Scholar; OpenAlex,2013
83LX3pFwXQZ3V9uMbiY/MimPC,mapping a city s activity a project of volunteered geographic information using mobile mapping collection|2015,mapping a city s activity a project of volunteered geographic information using mobile mapping collection,2015,"G Borruso, V Defend - Progress in Cartography: EuroCarto 2015, 2016",,Springer,https://link.springer.com/chapter/10.1007/978-3-319-19602-2_24,,,,,,,,,Google Scholar; OpenAlex,2003
8JMKD3MGP3W34P/3N2UA78,mapping brazilian savanna physiognomies using worldview 2 imagery and geographic object based image analysis|2018,mapping brazilian savanna physiognomies using worldview 2 imagery and geographic object based image analysis,2018,"CDG Neto, LMG Fonseca, TS Körting… - GEOBIA 2018-From …, 2018",,researchgate.net,https://www.researchgate.net/profile/Cesare-Girolamo-Neto/publication/327865267_Mapping_Brazilian_Savanna_Physiognomies_using_WorldView-2_Imagery_and_Geographic_Object_Based_Image_Analysis/links/5baa26b692851ca9ed23b6a6/Mapping-Brazilian-Savanna-Physiognomies-using-WorldView-2-Imagery-and-Geographic-Object-Based-Image-Analysis.pdf,,,,,,,,,Google Scholar; OpenAlex,2016
8JMKD3MGP8W/3HHLP88,mapping earthquake risk sensitivity of land use plan at local level for sustainable risk sensitive land use planning rslup|2022,mapping earthquake risk sensitivity of land use plan at local level for sustainable risk sensitive land use planning rslup,2022,"U Barua, MA Ansary, I Islam",,2022,https://pdfs.semanticscholar.org/b77d/b7e2a56962e41567af1838070ece654fd453.pdf,,,,,,,,,Google Scholar; OpenAlex,2007
8JMKD3MGPDW34P/3KLNJTH,mapping for safety management|2017,mapping for safety management,2017,JH Seo,,2017,,,,,,,,,,Google Scholar; OpenAlex,2011
8JMKD3MGPDW34P/3KP33M8,mapping geographic conceptual schemas to nosql graph databases|2016,mapping geographic conceptual schemas to nosql graph databases,2016,DB Seufitelli,,2016,https://repositorio.ufmg.br/items/dcdcdf35-4317-43fd-843f-99a028b12fb4,,,,,,,,,Google Scholar; OpenAlex,2015
8JMKD3MGPDW34P/3KP2T4E,mapping hybrid cities through location based technologies a systematic review of the literature|2021,mapping hybrid cities through location based technologies a systematic review of the literature,2021,"L Tarachucky, J Sabatini-Marques, T Yigitcanlar… - Cities, 2021",,Elsevier,https://www.sciencedirect.com/science/article/pii/S0264275121001967,,,,,,,,,Google Scholar; OpenAlex,2015
83LX3pFwXQZ4BFjAq/mGafE,mapping informal settlements using worldview 2 imagery and c4 5 decision tree classifier|2015,mapping informal settlements using worldview 2 imagery and c4 5 decision tree classifier,2015,"BMG Ribeiro - 2015 Joint Urban Remote Sensing Event …, 2015",,ieeexplore.ieee.org,https://ieeexplore.ieee.org/abstract/document/7120470/,,,,,,,,,Google Scholar; OpenAlex,2000
8JMKD3MGPDW34P/43PLCP5,mapping irrigation methods in the northwestern us using deep learning classification|2024,mapping irrigation methods in the northwestern us using deep learning classification,2024,"SK Nouwakpo, D Bjorneberg… - Water Resources …, 2024",,Wiley Online Library,https://agupubs.onlinelibrary.wiley.com/doi/abs/10.1029/2023WR036155,,,,,,,,,Google Scholar; OpenAlex,2020
8JMKD3MGP8W/3HHLP88,mapping the brazilian reality in the development of special economic zones|2022,mapping the brazilian reality in the development of special economic zones,2022,"RF Frogeri, PSP Júnior, FP Piurcosky… - … of Research on …, 2022",,igi-global.com,https://www.igi-global.com/chapter/mapping-the-brazilian-reality-in-the-development-of-special-economic-zones/291143,,,,,,,,,Google Scholar; OpenAlex,2007
8JMKD3MGP3W34P/3N2UA78,mapping the brazilian savanna s natural vegetation a sar optical uncertainty aware deep learning approach|2024,mapping the brazilian savanna s natural vegetation a sar optical uncertainty aware deep learning approach,2024,"P Silva Filho, C Persello, RV Maretto… - ISPRS Journal of …, 2024",,Elsevier,https://www.sciencedirect.com/science/article/pii/S0924271624003575,,,,,,,,,Google Scholar; OpenAlex,2016
8JMKD3MGP3W34P/3N2UA78,mapping the cerrado s vegetation cover a review of remote sensing initiatives|2020,mapping the cerrado s vegetation cover a review of remote sensing initiatives,2020,"MV do Cerrado–Uma, RI de Sensoriamento - Rev. Bras. Cartogr, 2020",,seer.ufu.br,https://seer.ufu.br/index.php/revistabrasileiracartografia/article/download/56591/30758,,,,,,,,,Google Scholar; OpenAlex,2016
8JMKD3MGPDW34P/45U7MDE,mapping the spatiotemporal dynamics of surface water area of the daberam wetland reservoir using digital earth africa|2025,mapping the spatiotemporal dynamics of surface water area of the daberam wetland reservoir using digital earth africa,2025,"AA Ako, B Nafisat, LS Usman - FUDMA JOURNAL OF …, 2025",SEM_MATCH,fjs.fudutsinma.edu.ng,https://fjs.fudutsinma.edu.ng/index.php/fjs/article/view/4096,,,,,,,,,Google Scholar; OpenAlex,2021
83LX3pFwXQZ3V9uMbiY/Mc9AB,mapping urban divides analyzing residential segregation and housing types in a medium sized romanian city|2025,mapping urban divides analyzing residential segregation and housing types in a medium sized romanian city,2025,"C Vîlcea, L Popescu - ISPRS International Journal of Geo-Information, 2025",,mdpi.com,https://www.mdpi.com/2220-9964/14/5/203,,,,,,,,,Google Scholar; OpenAlex,2004
8JMKD3MGPDW34P/3NDC42E,marc a robust method for multiple aspect trajectory classification via space time and semantic embeddings|2020,marc a robust method for multiple aspect trajectory classification via space time and semantic embeddings,2020,"L May Petry, C Leite Da Silva, A Esuli… - International Journal …, 2020",,Taylor & Francis,https://www.tandfonline.com/doi/abs/10.1080/13658816.2019.1707835,,,,,,,,,Google Scholar; OpenAlex,2016
8JMKD3MGP3W34P/3N2UAT8,maritime data processing in relational databases|2021,maritime data processing in relational databases,2021,"L Etienne, C Ray, E Camossi, C Iphar - Guide to Maritime Informatics, 2021",,Springer,https://link.springer.com/chapter/10.1007/978-3-030-61852-0_3,,,,,,,,,Google Scholar; OpenAlex,2016
8JMKD3MGP3W34P/3N2U8K2,massively parallel break detection for satellite data|2018,massively parallel break detection for satellite data,2018,"M von Mehren, F Gieseke, J Verbesselt… - Proceedings of the 30th …, 2018",,dl.acm.org,https://dl.acm.org/doi/abs/10.1145/3221269.3223032,,,,,,,,,Google Scholar; OpenAlex,2016
8JMKD3MGPDW34P/3NDC42E,master a multiple aspect view on trajectories|2019,master a multiple aspect view on trajectories,2019,"RS Mello, V Bogorny, LO Alvares… - Transactions in …, 2019",,Wiley Online Library,https://onlinelibrary.wiley.com/doi/abs/10.1111/tgis.12526,,,,,,,,,Google Scholar; OpenAlex,2016
8JMKD3MGPDW34P/487M29B,mastermobilitydb a persistence and manipulation layer for trajectories of multiple aspects|2024,mastermobilitydb a persistence and manipulation layer for trajectories of multiple aspects,2024,"FR Feller, R dos Santos Mello - … Brasileiro de Banco de Dados (SBBD …, 2024",,sol.sbc.org.br,https://sol.sbc.org.br/index.php/sbbd/article/view/30722,,,,,,,,,Google Scholar,2022
8JMKD3MGPDW34P/487M29B,mastermobilitydb a storage and processing layer for multiple aspect trajectory data at scale|2026,mastermobilitydb a storage and processing layer for multiple aspect trajectory data at scale,2026,"F Feller, R dos Santos Mello - Journal of Information and …, 2026",SEM_MATCH,journals-sol.sbc.org.br,https://journals-sol.sbc.org.br/index.php/jidm/article/view/5890,,,,,,,,,Google Scholar; OpenAlex,2022
8JMKD3MGPDW34P/3NDC42E,mastermovelets discovering heterogeneous movelets for multiple aspect trajectory classification|2020,mastermovelets discovering heterogeneous movelets for multiple aspect trajectory classification,2020,"CA Ferrero, LM Petry, LO Alvares, CL da Silva… - Data Mining and …, 2020",,Springer,https://link.springer.com/article/10.1007/s10618-020-00676-x,,,,,,,,,Google Scholar; OpenAlex,2016
8JMKD3MGPDW34P/3NDC42E,mat ca a tool for multiple aspect trajectory clustering analysis|2023,mat ca a tool for multiple aspect trajectory clustering analysis,2023,"Y Santos, R Giuliani, T Portela, C Renso… - Proceedings of the 1st …, 2023",,dl.acm.org,https://dl.acm.org/doi/abs/10.1145/3615885.3628009,,,,,,,,,Google Scholar; OpenAlex,2016
8JMKD3MGPDW34P/3NDC42E,mat index an index for fast multiple aspect trajectory similarity measuring|2022,mat index an index for fast multiple aspect trajectory similarity measuring,2022,"APR de Souza, C Renso, R Perego… - Transactions in …, 2022",,Wiley Online Library,https://onlinelibrary.wiley.com/doi/abs/10.1111/tgis.12889,,,,,,,,,Google Scholar; OpenAlex,2016
83LX3pFwXQZ3V9uMbiY/MimPC,matching concepts an ontology approach to retrieve geographical information|2006,matching concepts an ontology approach to retrieve geographical information,2006,"F Mata, S Levachkine - Res. Comput. Sci., 2006",,rcs.cic.ipn.mx,https://www.rcs.cic.ipn.mx/2006_25/Art02_Matching-concepts%20An%20ontology%20Approach%20to%20Retrieve%20Geographical%20Information.pdf,,,,,,,,,Google Scholar; OpenAlex,2003
8JMKD3MGP8W/3HHGCGP,matching object catalogues|2008,matching object catalogues,2008,"LAP Leme, DF Brauner, KK Breitman… - Innovations in Systems …, 2008",,Springer,https://link.springer.com/article/10.1007/s11334-008-0070-3,,,,,,,,,Google Scholar; OpenAlex,2007
8JMKD3MGPDW34P/3Q5DTGL,mawi mapping the unmapped in wikipedia via geographic information extraction|2023,mawi mapping the unmapped in wikipedia via geographic information extraction,2023,"L Ventrice, L Di Caro - Research Conference on Metadata and Semantics …, 2023",,Springer,https://link.springer.com/chapter/10.1007/978-3-031-65990-4_5,,,,,,,,,Google Scholar; OpenAlex,2017
8JMKD3MGPDW34P/3Q5DTGL,mawi mapping the unmapped in wikipedia via geographic information|2023,mawi mapping the unmapped in wikipedia via geographic information,2023,"L Ventrice, L Di Caro - … , MTSR 2023, Milan, Italy, October 25–27 …, 2024",,books.google.com,https://books.google.com/books?hl=pt-BR&lr=&id=UPUWEQAAQBAJ&oi=fnd&pg=PA55&ots=myu2-H69Xt&sig=Mke1KuQJsL_B-kO9wQgj5bnFUMM,,,,,,,,,Google Scholar; OpenAlex,2017
8JMKD3MGP3W34P/3N2UANP,maximum fraction images derived from year based project for on board autonomy vegetation proba v data for the rapid assessment of land use and land|2020,maximum fraction images derived from year based project for on board autonomy vegetation proba v data for the rapid assessment of land use and land,2020,"HL Godinho Cassol, E Arai, E Eyji Sano, AC Dutra… - Land, 2020",,mdpi.com,https://www.mdpi.com/2073-445x/9/5/139,,,,,,,,,Google Scholar; OpenAlex,2016
83LX3pFwXQZ3V9uMbiY/Mc9AB,measures of social segregation in the context of warsaw berlin and paris metropolitan areas|2015,measures of social segregation in the context of warsaw berlin and paris metropolitan areas,2015,"A Grzegorczyk, B Jaczewska - … Geographica. Regional Studies …, 2015",,bibliotekanauki.pl,https://bibliotekanauki.pl/articles/2085541.pdf,,,,,,,,,Google Scholar; OpenAlex,2004
8JMKD3MGPDW34P/4ADBJJE,measuring similarity between groups of trajectory data with multiple aspects|2024,measuring similarity between groups of trajectory data with multiple aspects,2024,"VL Machado, TT Portela, L Vanini… - Simpósio Brasileiro de …, 2024",,sol.sbc.org.br,https://sol.sbc.org.br/index.php/sbbd/article/view/30748,,,,,,,,,Google Scholar,2023
83LX3pFwXQZ4BFjAq/mGata,mecanismos para agilizar processos de comercio exterior|2005,mecanismos para agilizar processos de comercio exterior,2005,ETS Junior,,2005,https://repositorio.unicamp.br/Busca/Download?codigoArquivo=488875&tipoMidia=0,,,,,,,,,Google Scholar; OpenAlex,2000
8JMKD3MGP8W/3GTJAAE,mecanismos para intercambio de dados geograficos atraves de web services|2004,mecanismos para intercambio de dados geograficos atraves de web services,2004,"M Schuenck, VG Soares - GEOINFO, 2004",,mtc-m16c.sid.inpe.br,http://mtc-m16c.sid.inpe.br/attachment.cgi/dpi.inpe.br/geoinfo@80/2006/08.21.13.59/doc/22_ok5989.pdf,,,,,,,,,Google Scholar; OpenAlex,2002
83LX3pFwXQZ4BFjAq/mGafE,melhoria do processo de correcao geometrica de imagens cbers ccd pelo uso de amostras georreferenciadas classificadas|2015,melhoria do processo de correcao geometrica de imagens cbers ccd pelo uso de amostras georreferenciadas classificadas,2015,"EF Castejon, LMG Fonseca… - Boletim de Ciências …, 2015",,SciELO Brasil,https://www.scielo.br/j/bcg/a/NVtrBJXFgQzN73JmP6bLbQb/?lang=pt,,,,,,,,,Google Scholar; OpenAlex,2000
83LX3pFwXQZ4BFjAq/mxSNs,mensagens e praticas alimentares aprendidas com um instrumento imagetico para orientacao alimentar e nutricional|2017,mensagens e praticas alimentares aprendidas com um instrumento imagetico para orientacao alimentar e nutricional,2017,FG Micali,,2017,https://teses.usp.br/teses/disponiveis/17/17138/tde-12042018-113114/en.html,,,,,,,,,Google Scholar; OpenAlex,2000
83LX3pFwXQZ3V9uMbiY/MdJcT,meshing and simplification of high resolution urban surface data for uav path planning|2011,meshing and simplification of high resolution urban surface data for uav path planning,2011,"FM Adolf, H Hirschmüller - Journal of Intelligent & Robotic Systems, 2011",,Springer,https://link.springer.com/article/10.1007/s10846-010-9478-8,,,,,,,,,Google Scholar; OpenAlex,2004
83LX3pFwXQZ3V9uMbiY/Mc9AB,methoden zur erzeugung synthetischer simulationsgesamtheiten|2013,methoden zur erzeugung synthetischer simulationsgesamtheiten,2013,JP Kolb,,2013,https://www.researchgate.net/profile/Jan-Philipp-Kolb/publication/279847054_Methoden_zur_Erzeugung_synthetischer_Simulationsgesamtheiten/links/559ba28808ae5d8f39382d78/Methoden-zur-Erzeugung-synthetischer-Simulationsgesamtheiten.pdf,,,,,,,,,Google Scholar; OpenAlex,2004
83LX3pFwXQZ3V9uMbiY/Mc9AB,methodological contributions to the spatial analysis of crime with an application to residential burglaries in belo horizonte brazil|2019,methodological contributions to the spatial analysis of crime with an application to residential burglaries in belo horizonte brazil,2019,RG Ramos,,2019,https://search.proquest.com/openview/9cedaab46b21dd30453d51244b32bd78/1?pq-origsite=gscholar&cbl=18750&diss=y,,,,,,,,,Google Scholar; OpenAlex,2004
8JMKD3MGPDW34P/3NDC42E,methodology for mining discovering and analyzing semantic human mobility behaviors|2020,methodology for mining discovering and analyzing semantic human mobility behaviors,2020,"C Moreau, T Devogele, L Etienne, V Peralta… - arXiv preprint arXiv …, 2020",,arxiv.org,https://arxiv.org/abs/2012.04767,,,,,,,,,Google Scholar; OpenAlex,2016
8JMKD3MGPDW34P/3KR52SE,methods and apparatus for cross checking the reliability of data|2020,methods and apparatus for cross checking the reliability of data,2020,"J Lauer, T Kraft - US Patent App. 16/239,753, 2020",,Google Patents,https://patents.google.com/patent/US20200218704A1/en,,,,,,,,,Google Scholar; OpenAlex,2013
8JMKD3MGPDW34P/3KKHJUS,methods and systems for obtaining aerial imagery for use in geospatial surveying|2022,methods and systems for obtaining aerial imagery for use in geospatial surveying,2022,"J Braybrook - US Patent 11,361,502, 2022",,Google Patents,https://patents.google.com/patent/US11361502B2/en,,,,,,,,,Google Scholar; OpenAlex,2010
83LX3pFwXQZ3V9uMbiY/MhUeP,methods for detecting spatial and spatiotemporal clusters|2006,methods for detecting spatial and spatiotemporal clusters,2006,"DB Neill, AW Moore - Handbook of biosurveillance, 2006",,books.google.com,https://books.google.com/books?hl=pt-BR&lr=&id=98twE2_n4wYC&oi=fnd&pg=PA243&ots=CX8L_w-4DK&sig=SEgs9pjg5YaFlRUxGKX8K1_bybk,,,,,,,,,Google Scholar; OpenAlex,2003
8JMKD3MGPDW34P/3KJKM68,metodo computacional para acompanhamento e interacao remota em tempo real para videocolonoscopia|2013,metodo computacional para acompanhamento e interacao remota em tempo real para videocolonoscopia,2013,"RB Machado - Universidade Estadual de Campinas …, 2013",,repositorio.unicamp.br,https://repositorio.unicamp.br/Busca/Download?codigoArquivo=454724,,,,,,,,,Google Scholar; OpenAlex,2008
8JMKD3MGPDW34P/3Q5DSEP,metodo para a classificacao de areas queimadas baseado em aprendizado de maquina automatizado|2022,metodo para a classificacao de areas queimadas baseado em aprendizado de maquina automatizado,2022,"MH Coelho, OO Bittencourt, F Morelli… - Anais do Computer on …, 2022",,plutao.sid.inpe.br,http://plutao.sid.inpe.br/attachment.cgi/sid.inpe.br/plutao/2022/12.12.17.51/doc/029.pdf,,,,,,,,,Google Scholar; OpenAlex,2017
8JMKD3MGP8W/3FCBR7P,metodo para o posicionamento de observadores em terrenos utilizando programacao paralela em gpu|2014,metodo para o posicionamento de observadores em terrenos utilizando programacao paralela em gpu,2014,GC Pena,,2014,,,,,,,,,,Google Scholar; OpenAlex,2013
83LX3pFwXQZ3V9uMbiY/LHU82,metodo scan flexivel para deteccao em arvores hierarquicas|2008,metodo scan flexivel para deteccao em arvores hierarquicas,2008,"MO PRATES - Master's thesis, Universidade Federal de Minas Gerias, 2008",,est.ufmg.br,https://www.est.ufmg.br/portal/wp-content/uploads/2023/01/123-Dissertacao-Marcos-Oliveira-Prates.pdf,,,,,,,,,Google Scholar; OpenAlex,2005
83LX3pFwXQZ4BFjAq/mEp4v,metodologia de armazenagem e busca de dados semi estruturados na web|2009,metodologia de armazenagem e busca de dados semi estruturados na web,2009,CASA do Nascimento,,2009,https://coc.ufrj.br/wp-content/uploads/tainacan-items/41068/48855/Carlos-Augusto-Sicsu-Ayres-do-Nascimento_D.pdf,,,,,,,,,Google Scholar; OpenAlex,2000
83LX3pFwXQZ4BFjAq/mEp4v,metodologia de mineracao de dados para analise do comportamento de navegar num web site|2006,metodologia de mineracao de dados para analise do comportamento de navegar num web site,2006,"M Onoda, NFF Ebecken",,2006,https://coc.ufrj.br/wp-content/uploads/tainacan-items/41068/46658/Mauricio-Onoda-_D.pdf,,,,,,,,,Google Scholar; OpenAlex,2000
83LX3pFwXQZ4BFjAq/mxUqf,metodologia para cartografiar cavidades subterraneas en 3d caso la escondida y las alsacias zapatoca santander|2021,metodologia para cartografiar cavidades subterraneas en 3d caso la escondida y las alsacias zapatoca santander,2021,"AG Mantilla-Dulcey… - Memorias II Congreso …, 2021",,researchgate.net,https://www.researchgate.net/profile/Ana-Mantilla-Dulcey/publication/354848439_Metodologia_para_cartografiar_cavidades_subterraneas_en_3D_caso_La_Escondida_y_Las_Alsacias_Zapatoca_Santander/links/614fda59f8c9c51a8af33b5f/Metodologia-para-cartografiar-cavidades-subterraneas-en-3D-caso-La-Escondida-y-Las-Alsacias-Zapatoca-Santander.pdf,,,,,,,,,Google Scholar; OpenAlex,2000
83LX3pFwXQZ4BFjAq/mGafE,metodologia para classificacao subpixel de imagens modis com base em classificacao de imagem de maior resolucao|2018,metodologia para classificacao subpixel de imagens modis com base em classificacao de imagem de maior resolucao,2018,"NAP Moreira, TS Körting, LV Dutra, EF Castejon… - GEOINFO, 2018",,bibdigital.sid.inpe.br,http://bibdigital.sid.inpe.br/sid.inpe.br/mtc-m21c/2019/01.03.12.58#page=153,,,,,,,,,Google Scholar; OpenAlex,2000
8JMKD3MGP8W/3GQ6URS,metodologia para implementacao de um sistema de informacoes geograficas para ambiente urbano|2004,metodologia para implementacao de um sistema de informacoes geograficas para ambiente urbano,2004,"GKC Craveiro - Monografia (Pós-Graduação em Engenharia de …, 2004",,,,,,,,,,,,Google Scholar; OpenAlex,2001
8JMKD3MGPDW34P/43PLD2P,metodos para auxilio na tomada de decisao em cidades inteligentes|2021,metodos para auxilio na tomada de decisao em cidades inteligentes,2021,"RC Lima, WMA Aviz, FJ Coutinho, JP Clarindo - Anais Estendidos, 2021",,repositorio.usp.br,https://repositorio.usp.br/directbitstream/bee9a40b-319b-4e06-843e-d843b13dca03/3052307.pdf,,,,,,,,,Google Scholar; OpenAlex,2020
8JMKD3MGPDW34P/3KKHJUS,metodos para o posicionamento de recursos em terrenos representados por grades regulares|2010,metodos para o posicionamento de recursos em terrenos representados por grades regulares,2010,SVG Magalhães,,2010,https://bdtd.ibict.br/vufind/Record/UFV_75061cd59064f0c1c1cdf15f249f03f7,,,,,,,,,Google Scholar; OpenAlex,2010
8JMKD3MGPDW34P/3KP34LS,metropolitan analysis using spatial microsimulation combined with skater regionalization methods an study for the paraiba valley and north coast|2019,metropolitan analysis using spatial microsimulation combined with skater regionalization methods an study for the paraiba valley and north coast,2019,"GC Oliveira, TM Anazawa, AMV Monteiro - GEOINFO, 2019",,mtc-m16d.sid.inpe.br,http://mtc-m16d.sid.inpe.br/attachment.cgi/sid.inpe.br/mtc-m16d/2019/11.27.13.42/doc/88-98.pdf,,,,,,,,,Google Scholar; OpenAlex,2015
8JMKD3MGP8W/3GQ75L5,midsemi a middleware for semantic integration of business data with large scale social and linked data|2019,midsemi a middleware for semantic integration of business data with large scale social and linked data,2019,"S Sellami, T Dkaki, NE Zarour… - International Journal of …, 2019",,igi-global.com,https://www.igi-global.com/article/midsemi/231578,,,,,,,,,Google Scholar; OpenAlex,2001
8JMKD3MGPDW34P/3KJKHE8,military serious game federation development and execution process based on interoperation between game application and constructive simulators|2015,military serious game federation development and execution process based on interoperation between game application and constructive simulators,2015,"C Choi, MG Seok, SH Choi… - International Journal of …, 2015",,inderscienceonline.com,https://www.inderscienceonline.com/doi/abs/10.1504/IJSPM.2015.070462,,,,,,,,,Google Scholar; OpenAlex,2008
8JMKD3MGP8W/3GTJ9AP,mineracao de dados de qualidade de agua para agrupamento de pontos de amostragem usados no monitoramento de recursos hidricos|2013,mineracao de dados de qualidade de agua para agrupamento de pontos de amostragem usados no monitoramento de recursos hidricos,2013,"L Bertholdo, LC Júnior… - … Aplicada à Gestão do …, 2013",,sol.sbc.org.br,https://sol.sbc.org.br/index.php/wcama/article/view/27638,,,,,,,,,Google Scholar; OpenAlex,2002
8JMKD3MGP8W/3FCBREE,mineracao de trajetorias de mudanca de cobertura da terra em estudos de degradacao florestal|2016,mineracao de trajetorias de mudanca de cobertura da terra em estudos de degradacao florestal,2016,"M Azeredo, AMV Monteiro, MIS Escada… - Revista Brasileira de …, 2016",,academia.edu,https://www.academia.edu/download/82523170/23363.pdf,,,,,,,,,Google Scholar; OpenAlex,2013
8JMKD3MGPDW34P/3KJKN5S,minimal non equilibrium models of socio economic systems from the french housing market to the us labor market|2025,minimal non equilibrium models of socio economic systems from the french housing market to the us labor market,2025,AC Becharat,,2025,https://theses.hal.science/tel-05328537/,,,,,,,,,Google Scholar; OpenAlex,2008
8JMKD3MGPDW34P/3NDC3R2,minimal representations of polygons and polyhedra|2022,minimal representations of polygons and polyhedra,2022,"W Randolph Franklin, SVG de Magalhães - Spatial Gems, Volume 1, 2022",,dl.acm.org,https://dl.acm.org/doi/abs/10.1145/3548732.3548738,,,,,,,,,Google Scholar; OpenAlex,2016
8JMKD3MGPDW34P/3NDC42E,mining frequency based sequential trajectory co clusters|2021,mining frequency based sequential trajectory co clusters,2021,"Y Santos, J Tyska, V Bogorny - arXiv preprint arXiv:2110.14110, 2021",,arxiv.org,https://arxiv.org/abs/2110.14110,,,,,,,,,Google Scholar; OpenAlex,2016
8JMKD3MGPDW34P/3SEURDB,mining of rainfall patterns from social media for supporting flood risk management|2020,mining of rainfall patterns from social media for supporting flood risk management,2020,SC de Andrade,,2020,https://www.academia.edu/download/74008467/SidgleyCamargo_Thesis_revisada.pdf,,,,,,,,,Google Scholar; OpenAlex,2018
8JMKD3MGP3W34R/42GRPC2,mining partners in trajectories|2020,mining partners in trajectories,2020,"DV Monteiro, RDC dos Santos… - International Journal of …, 2020",,igi-global.com,https://www.igi-global.com/article/mining-partners-in-trajectories/243412,,,,,,,,,Google Scholar; OpenAlex,2015
8JMKD3MGPDW34P/3NDC4BB,mining place matching patterns from spatio temporal trajectories using complex real world places|2019,mining place matching patterns from spatio temporal trajectories using complex real world places,2019,"L Bermingham, I Lee - Expert Systems with Applications, 2019",,Elsevier,https://www.sciencedirect.com/science/article/pii/S0957417419300259,,,,,,,,,Google Scholar; OpenAlex,2016
8JMKD3MGPDW34P/3KP2T4E,mining rainfall spatio temporal patterns in twitter a temporal approach|2017,mining rainfall spatio temporal patterns in twitter a temporal approach,2017,"SC de Andrade, C Restrepo-Estrada… - The Annual International …, 2017",,Springer,https://link.springer.com/chapter/10.1007/978-3-319-56759-4_2,,,,,,,,,Google Scholar; OpenAlex,2015
8JMKD3MGP8W/3GQ6PC2,ministerio da educacao|2018,ministerio da educacao,2018,"OPDOCG DO - Boletim de Serviço nº, 2018",,repositorio.unipampa.edu.br,https://repositorio.unipampa.edu.br/bitstreams/1de21d98-a383-4bcd-868a-6936347de89e/download,,,,,,,,,Google Scholar; OpenAlex,2001
8JMKD3MGP8W/3GTJ9KL,ministerio publico velha instituicao com novas funcoes|2017,ministerio publico velha instituicao com novas funcoes,2017,"LML Ribeiro - Revista Crítica de Ciências Sociais, 2017",,journals.openedition.org,https://journals.openedition.org/rccs/6654,,,,,,,,,Google Scholar; OpenAlex,2002
83LX3pFwXQZeBBx/oS63E,mobile capture of remote points of interest using line of sight modelling|2013,mobile capture of remote points of interest using line of sight modelling,2013,"S Meek, G Priestnall, M Sharples, J Goulding - Computers & Geosciences, 2013",,Elsevier,https://www.sciencedirect.com/science/article/pii/S009830041200338X,,,,,,,,,Google Scholar; OpenAlex,1999
83LX3pFwXQZ3V9uMbiY/NiaRQ,mobile payments in brazil how to make them happen|2013,mobile payments in brazil how to make them happen,2013,"EH Diniz, AK Cernev, L Gonzalez… - The European …, 2013",,researchgate.net,https://www.researchgate.net/profile/Joao-De-Albuquerque/publication/242478219_Mobile_Payments_in_Brazil_How_to_Make_Them_Happen/links/0c96051cdcf3102e11000000/Mobile-Payments-in-Brazil-How-to-Make-Them-Happen.pdf,,,,,,,,,Google Scholar; OpenAlex,2006
83LX3pFwXQZeBBx/oS63E,mobile pointme based pervasive gaming interaction with learning objects annotated physical atlas|2011,mobile pointme based pervasive gaming interaction with learning objects annotated physical atlas,2011,"ASMM Rahman, A El Saddik - 2011 IEEE International …, 2011",,ieeexplore.ieee.org,https://ieeexplore.ieee.org/abstract/document/6012208/,,,,,,,,,Google Scholar; OpenAlex,1999
83LX3pFwXQZeBBx/oS63E,mobile pointme based spatial haptic interaction with annotated media for learning purposes|2013,mobile pointme based spatial haptic interaction with annotated media for learning purposes,2013,"ASMM Rahman, A El Saddik - Multimedia systems, 2013",,Springer,https://link.springer.com/article/10.1007/s00530-012-0285-x,,,,,,,,,Google Scholar; OpenAlex,1999
83LX3pFwXQZeBBx/oS63E,mobile spatial interaction|2007,mobile spatial interaction,2007,"P Fröhlich, R Simon, L Baillie, J Roberts… - CHI'07 Extended …, 2007",,dl.acm.org,https://dl.acm.org/doi/abs/10.1145/1240866.1241091,,,,,,,,,Google Scholar; OpenAlex,1999
8JMKD3MGPDW34P/4ADCD28,mobility networks and gnns in forecasting covid 19 cases in brazil and their relationship with socioeconomic factors|2025,mobility networks and gnns in forecasting covid 19 cases in brazil and their relationship with socioeconomic factors,2025,"FHO Duarte, A Pedro… - … Series of the …, 2025",SEM_MATCH,proceedings.sbmac.emnuvens.com …,https://proceedings.sbmac.emnuvens.com.br/sbmac/article/view/4872,,,,,,,,,Google Scholar; OpenAlex,2023
83LX3pFwXQZeBBx/oS63E,mobilizing the geospatial web a framework and conceptual model for spatially aware mobile web applications|2008,mobilizing the geospatial web a framework and conceptual model for spatially aware mobile web applications,2008,RF Simon,,2008,https://repositum.tuwien.at/handle/20.500.12708/14388,,,,,,,,,Google Scholar; OpenAlex,1999
83LX3pFwXQZ4BFjAq/mEp4v,model of product definition for meeting the rohs directive|2014,model of product definition for meeting the rohs directive,2014,"JARDOS SANTOS, M Borsato - … to Service Clouds in the Global …, 2014",,books.google.com,https://books.google.com/books?hl=pt-BR&lr=&id=J5zYBAAAQBAJ&oi=fnd&pg=PA172&ots=WZ2Hhr4VMM&sig=PK70j-fPl-XX1q2biBKT8XAFaqg,,,,,,,,,Google Scholar; OpenAlex,2000
8JMKD3MGP8W/3GTEMJB,modelacao cartografica e ordenamento do territorio um ensaio metodologico de cartografia dasimetrica aplicado a regiao oeste e vale do tejo|2009,modelacao cartografica e ordenamento do territorio um ensaio metodologico de cartografia dasimetrica aplicado a regiao oeste e vale do tejo,2009,FB Silva,,2009,https://search.proquest.com/openview/e602fa9c8a67844baf28aacda5b6adc7/1.pdf?pq-origsite=gscholar&cbl=2026366&diss=y,,,,,,,,,Google Scholar; OpenAlex,2002
8JMKD3MGP8W/3GQ75L5,modelacion de herramienta sig para la automatizacion de datos de tramites catastrales|2026,modelacion de herramienta sig para la automatizacion de datos de tramites catastrales,2026,"AF Chacón Casas, KL Basto Velásquez",,2026,https://repository.udistrital.edu.co/server/api/core/bitstreams/fa001167-8888-4af2-9595-829392af1ac1/content,,,,,,,,,Google Scholar; OpenAlex,2001
83LX3pFwXQZ5Jpy/p2cBt,modelacion geografica y energias renovables aplicaciones para soporte de decision en la identificacion de fuentes alternativas|2017,modelacion geografica y energias renovables aplicaciones para soporte de decision en la identificacion de fuentes alternativas,2017,"V da Silva Celestino, RP Julião - Papeles de Geografía, 2017",,redalyc.org,https://www.redalyc.org/pdf/407/40754638008.pdf,,,,,,,,,Google Scholar; OpenAlex,1999
83LX3pFwXQZ5Jpy/oSQam,modelagem ambiental com tratamento de incertezas em sistemas de informacao geografica o paradigma geoestatistico por indicacao|1999,modelagem ambiental com tratamento de incertezas em sistemas de informacao geografica o paradigma geoestatistico por indicacao,1999,"CA Felgueiras - CA Felgueiras-São José dos Campos: INPE, 1999",,marte3.sid.inpe.br,http://marte3.sid.inpe.br/attachment.cgi/sid.inpe.br/deise/2001/08.03.12.35/doc/publicacao.pdf,,,,,,,,,Google Scholar; OpenAlex,1999
8JMKD3MGPDW34P/3KKHLMH,modelagem baseada em agentes para a simulacao da dispersao de poluentes em cursos d agua|2016,modelagem baseada em agentes para a simulacao da dispersao de poluentes em cursos d agua,2016,"FM Fan, JM Bravo, W Collischonn - Engenharia Sanitaria e Ambiental, 2016",,SciELO Brasil,https://www.scielo.br/j/esa/a/mM9nbBNnwd4DDFv45MGcyqM/?lang=pt,,,,,,,,,Google Scholar; OpenAlex,2010
8JMKD3MGP8W/3GQ6SSH,modelagem conceitual aplicada ao mapeamento geotecnico de aptidao as fundacoes|2022,modelagem conceitual aplicada ao mapeamento geotecnico de aptidao as fundacoes,2022,AF BOZIO,,2022,https://repositorio.ufsc.br/bitstream/handle/123456789/244024/PTRA0113-D.pdf?sequence=-1,,,,,,,,,Google Scholar; OpenAlex,2001
83LX3pFwXQZ3V9uMbiY/Mekki,modelagem conceitual de dados geograficos|2005,modelagem conceitual de dados geograficos,2005,"KAV Borges, CA Davis Jr… - CASANOVA, et. al. Banco …, 2005",,docs.uft.edu.br,https://docs.uft.edu.br/share/proxy/alfresco-noauth/api/internal/shared/node/gXF3KJVnSNG-0IImkhXy5A/content/cap3.pdf,,,,,,,,,Google Scholar; OpenAlex,2004
8JMKD3MGP8W/3GQ75FL,modelagem de banco de dados geograficos de propriedades rurais e reservas legais|2013,modelagem de banco de dados geograficos de propriedades rurais e reservas legais,2013,V de Medeiros Benedicto,,2013,https://repositorio.ufmg.br/items/663a495e-32ff-4e14-823c-9fd97f022e9e,,,,,,,,,Google Scholar; OpenAlex,2001
83LX3pFwXQZeBBx/oS9cf,modelagem de bancos de dados geograficos|2001,modelagem de bancos de dados geograficos,2001,"J Lisboa Filho, C Iochpe - Anais do XX Congresso Brasileiro de …, 2001",,docs.ufpr.br,https://docs.ufpr.br/~frsantos1/SIG/filho%20e%20iochpe%202001%20-%20texto%202.pdf,,,,,,,,,Google Scholar; OpenAlex,1999
8JMKD3MGPDW34P/3KKHKQ5,modelagem de dados com o perfil uml geoprofile e transformacoes mda na ferramenta enterprise architect|2014,modelagem de dados com o perfil uml geoprofile e transformacoes mda na ferramenta enterprise architect,2014,"TB Ferreira, SM Stempliuc, J Lisboa-Filho - 9ª Conferencia Ibérica de …, 2014",,Citeseer,,,,,,,,,,Google Scholar; OpenAlex,2010
8JMKD3MGP8W/3GTEK3E,modelagem de processos de analise geografica utilizando o framework geoframe|2003,modelagem de processos de analise geografica utilizando o framework geoframe,2003,"C Ruschel, C Iochpe, J Lisboa Filho - GEOINFO, 2003",,researchgate.net,https://www.researchgate.net/profile/Jugurta-Lisboa-Filho/publication/220913405_Modelagem_de_Processos_de_Analise_Geografica_Utilizando_o_Framework_GeoFrame/links/0912f505b6bc1be538000000/Modelagem-de-Processos-de-Analise-Geografica-Utilizando-o-Framework-GeoFrame.pdf,,,,,,,,,Google Scholar; OpenAlex,2002
83LX3pFwXQZ3V9uMbiY/MhU9d,modelagem de uso da terra em multiplas escalas no brasil|2017,modelagem de uso da terra em multiplas escalas no brasil,2017,"AL dos Santos Galvão, APD de Aguiar…",,2017,http://mtc-m21c.sid.inpe.br/col/sid.inpe.br/mtc-m21c/2020/06.04.20.13/doc/galvao_modelagem.pdf,,,,,,,,,Google Scholar; OpenAlex,2003
8JMKD3MGP8W/3D62AT5,modelagem do comportamento espaco temporal de veiculo rastreado|2013,modelagem do comportamento espaco temporal de veiculo rastreado,2013,EJ Shinohara,,2013,https://teses.usp.br/teses/disponiveis/3/3138/tde-19092014-115054/en.html,,,,,,,,,Google Scholar; OpenAlex,2012
83LX3pFwXQZ4BFjAq/mGafE,modelagem e projeto de bancos de dados geograficos com caracteristicas temporais|2005,modelagem e projeto de bancos de dados geograficos com caracteristicas temporais,2005,"GB Sampaio, A Gazola… - SIMPÓSIO MINEIRO DE …, 2005",,researchgate.net,https://www.researchgate.net/profile/Jugurta-Lisboa-Filho/publication/228367058_Modelagem_e_Projeto_de_Bancos_de_Dados_Geograficos_com_Caracteristicas_Temporais/links/0912f505b6bc154834000000/Modelagem-e-Projeto-de-Bancos-de-Dados-Geograficos-com-Caracteristicas-Temporais.pdf,,,,,,,,,Google Scholar; OpenAlex,2000
8JMKD3MGP8W/3GTEJ3P,modelagem e simulacao da dinamica espacial urbana automatos celulares na exploracao do crescimento periferico um estudo para arroio grande rs|2013,modelagem e simulacao da dinamica espacial urbana automatos celulares na exploracao do crescimento periferico um estudo para arroio grande rs,2013,"CP Toralles, MC Polidori-mauricio… - Projectare: Revista de …, 2013",,academia.edu,https://www.academia.edu/download/31321404/Modelagem_e_simulacao_da_dinamica_espacial_urbana__Toralles__Morelatto__Polidori__Peres__2011_.pdf,,,,,,,,,Google Scholar; OpenAlex,2002
8JMKD3MGP8W/3GTJAAE,modelagem e simulacao de multidoes humanas em situacoes da vida cotidiana usando ontologias|2006,modelagem e simulacao de multidoes humanas em situacoes da vida cotidiana usando ontologias,2006,DC Paiva,,2006,http://repositorio.jesuita.org.br/handle/UNISINOS/2228,,,,,,,,,Google Scholar; OpenAlex,2002
83LX3pFwXQZ4BFjAq/mGafE,modelagem espacial temporal e longitudinal diferentes abordagens do estudo da leptospirose urbana|2009,modelagem espacial temporal e longitudinal diferentes abordagens do estudo da leptospirose urbana,2009,W de Souza Tassinari,,2009,,,,,,,,,,Google Scholar; OpenAlex,2000
8JMKD3MGP8W/3GQ6URS,modelagem socioambiental de residuos solidos em areas urbanas degradadas aplicacao na bacia mae d agua viamao rs|2017,modelagem socioambiental de residuos solidos em areas urbanas degradadas aplicacao na bacia mae d agua viamao rs,2017,BMG Ribeiro,,2017,https://lume.ufrgs.br/handle/10183/170500,,,,,,,,,Google Scholar; OpenAlex,2001
83LX3pFwXQZ3V9uMbiY/Mc9St,modeling alternative sequences of events in dynamic geographic domains|2011,modeling alternative sequences of events in dynamic geographic domains,2011,"S Hubbard, KS Hornsby - Transactions in GIS, 2011",,Wiley Online Library,https://onlinelibrary.wiley.com/doi/abs/10.1111/j.1467-9671.2011.01279.x,,,,,,,,,Google Scholar; OpenAlex,2004
83LX3pFwXQZ3V9uMbiY/LHUQQ,modeling and querying continuous fields with olap cubes|2013,modeling and querying continuous fields with olap cubes,2013,"LI Gómez, SA Gómez, A Vaisman - International Journal of Data …, 2013",,igi-global.com,https://www.igi-global.com/article/content/78374,,,,,,,,,Google Scholar; OpenAlex,2005
8JMKD3MGP8W/3GTEJ3P,modeling and simulation of periurban dynamics|2012,modeling and simulation of periurban dynamics,2012,"CP TORALLES, MVP SARAIVA… - … of CAMUSS, the …, 2012",,pure.manchester.ac.uk,https://pure.manchester.ac.uk/ws/files/194024344/2012_Pinto_Dourado_Nat_lio_Proceedings_CAMUSS.pdf#page=220,,,,,,,,,Google Scholar; OpenAlex,2002
8JMKD3MGPDW34R/3UFDD2S,modeling driver behavior in road traffic simulation|2022,modeling driver behavior in road traffic simulation,2022,"T Mecheva, R Furnadzhiev, N Kakanakov - Sensors, 2022",,mdpi.com,https://www.mdpi.com/1424-8220/22/24/9801,,,,,,,,,Google Scholar; OpenAlex,2019
8JMKD3MGP8W/3HHLP88,modeling education deserts for veterans and military families in the southern united states|2022,modeling education deserts for veterans and military families in the southern united states,2022,"P Solís, AH Aljaddani - Annals of the American Association of …, 2022",,Taylor & Francis,https://www.tandfonline.com/doi/abs/10.1080/24694452.2021.1947769,,,,,,,,,Google Scholar; OpenAlex,2007
8JMKD3MGPDW34P/3KKHKQ5,modeling environmental niches and potential geographic distributions using a formalism for geospatial databases design|2014,modeling environmental niches and potential geographic distributions using a formalism for geospatial databases design,2014,GJZ Martinez,,2014,,,,,,,,,,Google Scholar; OpenAlex,2010
83LX3pFwXQZ3V9uMbiY/Mc9St,modeling geospatial events during flood disasters for response decision making|2013,modeling geospatial events during flood disasters for response decision making,2013,SA Hubbard,,2013,https://search.proquest.com/openview/e186ba14e310a8be69816b85c9d3185e/1?pq-origsite=gscholar&cbl=18750,,,,,,,,,Google Scholar; OpenAlex,2004
8JMKD3MGP8W/3HHLNQ5,modeling herd trajectory data warehouse|2011,modeling herd trajectory data warehouse,2011,"N Arfaoui, J Akaichi - International Journal of Engineering Trends and …, 2011",,academia.edu,https://www.academia.edu/download/45758468/Modeling_Herd_Trajectory_Data_Warehouse20160518-29705-1fry7s4.pdf,,,,,,,,,Google Scholar; OpenAlex,2007
8JMKD3MGPDW34P/3KK5KM2,modeling mining and analyzing semantic trajectories the process to extract meaningful behaviors of moving objects|2015,modeling mining and analyzing semantic trajectories the process to extract meaningful behaviors of moving objects,2015,"S Chakri, S Raghay, S El Hadaj - Int J Comput Appl, 2015",,academia.edu,https://www.academia.edu/download/86967347/chakri-2015-ijca-905542.pdf,,,,,,,,,Google Scholar; OpenAlex,2010
83LX3pFwXQZ3V9uMbiY/MhU9d,modeling regional supply responses using farm level economic data and a biophysical model a case study on brazilian land use change|2023,modeling regional supply responses using farm level economic data and a biophysical model a case study on brazilian land use change,2023,S Balieiro,,2023,https://www.econstor.eu/handle/10419/273476,,,,,,,,,Google Scholar; OpenAlex,2003
83LX3pFwXQZ3V9uMbiY/MhU9d,modeling regional supply responses using farmlevel economic data and a biophysical model a case study on brazilian land use change|2023,modeling regional supply responses using farmlevel economic data and a biophysical model a case study on brazilian land use change,2023,S Ferreira Balieiro,,2023,https://ageconsearch.umn.edu/record/334261/,,,,,,,,,Google Scholar; OpenAlex,2003
8JMKD3MGPDW34P/487M682,modeling the spatiotemporal evolution of brazil|2024,modeling the spatiotemporal evolution of brazil,2024,"F de Oliveira Ramalho… - Journal of Information …, 2024",SEM_MATCH,journals-sol.sbc.org.br,https://journals-sol.sbc.org.br/index.php/jidm/article/view/3327,,,,,,,,,Google Scholar; OpenAlex,2022
8JMKD3MGP8W/3AUUUAP,modeling vague spatial data warehouses using the vscube conceptual model|2014,modeling vague spatial data warehouses using the vscube conceptual model,2014,"TLL Siqueira, CDA Ciferri, VC Times, RR Ciferri - GeoInformatica, 2014",,Springer,https://link.springer.com/article/10.1007/s10707-013-0186-y,,,,,,,,,Google Scholar; OpenAlex,2011
83LX3pFwXQZ3V9uMbiY/Mc9St,modeling vessel events and notification triggers in a harbor domain|2005,modeling vessel events and notification triggers in a harbor domain,2005,SJ Cole,,2005,https://digitalcommons.library.umaine.edu/etd/1588/,,,,,,,,,Google Scholar; OpenAlex,2004
8JMKD3MGPDW34P/3NDC42E,modelisation et extraction de la semantique des trajectoires a partir de donnees multi capteurs|2018,modelisation et extraction de la semantique des trajectoires a partir de donnees multi capteurs,2018,"F Bisone, L Étienne, T Devogele - Revue Internationale de Géomatique, 2018",,hal.science,https://hal.science/hal-02110261/,,,,,,,,,Google Scholar; OpenAlex,2016
83LX3pFwXQZ3V9uMbiY/NiaRQ,modelling altered revenue function based on varying power consumption distribution and electricity tariff charge using data analytics framework|2017,modelling altered revenue function based on varying power consumption distribution and electricity tariff charge using data analytics framework,2017,"W Zainudin, NA Ramli - Journal of Physics: Conference Series, 2017",,iopscience.iop.org,https://iopscience.iop.org/article/10.1088/1742-6596/890/1/012099/meta,,,,,,,,,Google Scholar; OpenAlex,2006
8JMKD3MGPDW34P/3KK5KM2,modelling and design of generic semantic trajectory data warehouse|2017,modelling and design of generic semantic trajectory data warehouse,2017,M Mireku Kwakye,,2017,https://ucalgary.scholaris.ca/items/6567d195-a6f4-4c39-b989-5fead6805846,,,,,,,,,Google Scholar; OpenAlex,2010
8JMKD3MGPDW34P/3KJKDN8,modelling and querying geographical data warehouses|2010,modelling and querying geographical data warehouses,2010,"J da Silva, AG de Oliveira, RN Fidalgo, AC Salgado… - Information Systems, 2010",,Elsevier,https://www.sciencedirect.com/science/article/pii/S0306437909001033,,,,,,,,,Google Scholar; OpenAlex,2008
8JMKD3MGPDW34P/3KJKKJ2,modelling and simulating fire spread in brazilian cerrado ecological reserves|2010,modelling and simulating fire spread in brazilian cerrado ecological reserves,2010,"RM Almeida, H França, EEN Macau - … Interdisciplinary Sciences, 1 …, 2010",,plutao.sid.inpe.br,http://plutao.sid.inpe.br/attachment.cgi/dpi.inpe.br/plutao/2010/11.11.17.37.36/doc/Almeida_RM_CCIS2010.pdf,,,,,,,,,Google Scholar; OpenAlex,2008
8JMKD3MGP8W/3GQ75L5,modelling and verifying land use regulations comprising 3d components to detect spatio semantic conflicts|2022,modelling and verifying land use regulations comprising 3d components to detect spatio semantic conflicts,2022,S Emamgholian,,2022,https://corpus.ulaval.ca/bitstreams/966daf02-3033-417a-b8e2-9b9f88c38244/download,,,,,,,,,Google Scholar; OpenAlex,2001
8JMKD3MGP8W/3FCBR3B,modelling eye level visibility of urban green space optimising city wide point based viewshed computations through prototyping|2022,modelling eye level visibility of urban green space optimising city wide point based viewshed computations through prototyping,2022,"ST Brinkmann, D Kremer… - AGILE: GIScience …, 2022",,agile-giss.copernicus.org,https://agile-giss.copernicus.org/articles/3/27/2022/,,,,,,,,,Google Scholar; OpenAlex,2013
83LX3pFwXQZ3V9uMbiY/MhU9d,modelling land use change in brazil 2000 2050|2015,modelling land use change in brazil 2000 2050,2015,"G Câmara, A Soterroni, F Ramos, A Carvalho…",,2015,https://epic.awi.de/id/eprint/41900/1/lucbrazil.pdf,,,,,,,,,Google Scholar; OpenAlex,2003
83LX3pFwXQZ4BFjAq/mGafE,modelling spatial relations by generalized proximity matrices|2003,modelling spatial relations by generalized proximity matrices,2003,"APD de Aguiar, G Câmara, AMV Monteiro… - …, 2003",,mtc-m16c.sid.inpe.br,http://mtc-m16c.sid.inpe.br/attachment.cgi/dpi.inpe.br/geoinfo@80/2006/08.28.19.26/doc/paper6.pdf,,,,,,,,,Google Scholar; OpenAlex,2000
8JMKD3MGPDW34P/3KQ2JSL,modelling the spatial and temporal resolution of a sensor observation|2013,modelling the spatial and temporal resolution of a sensor observation,2013,A Degbelo,,2013,https://www.austriaca.at/?arp=0x0032b445,,,,,,,,,Google Scholar; OpenAlex,2012
8JMKD3MGP8W/3B2274B,modelling the transmission of dengue fever based on spatial and temporal patterns|2023,modelling the transmission of dengue fever based on spatial and temporal patterns,2023,AHM Siddiq,,2023,https://search.proquest.com/openview/4a577fa1f11bd93e7a53403d1333d374/1?pq-origsite=gscholar&cbl=2026366&diss=y,,,,,,,,,Google Scholar; OpenAlex,2011
83LX3pFwXQZ3V9uMbiY/LHUFM,modelo autologıstico no estudo de padroes espaciais em doencas de citros|2008,modelo autologıstico no estudo de padroes espaciais em doencas de citros,2008,L Franciscon,,2008,http://www.leg.ufpr.br/lib/exe/fetch.php/pessoais:luziane:tesalq1.pdf,,,,,,,,,Google Scholar; OpenAlex,2005
83LX3pFwXQZ3V9uMbiY/Mc9St,modelo conceptual de entornos geograficos dinamicos|2014,modelo conceptual de entornos geograficos dinamicos,2014,"MA Martínez-Rosales, L Serguei - Ingeniería, investigación y …, 2014",,scielo.org.mx,https://www.scielo.org.mx/scielo.php?pid=S1405-77432014000200001&script=sci_abstract&tlng=pt,,,,,,,,,Google Scholar; OpenAlex,2004
8JMKD3MGP8W/3HHLNQ5,modelo multidimensional espacio temporal y lenguaje de consulta para temporadas|2010,modelo multidimensional espacio temporal y lenguaje de consulta para temporadas,2010,FJ Moreno Arboleda,,2010,https://repositorio.unal.edu.co/items/51b46a85-8232-4653-b800-56b3ecf7a178,,,,,,,,,Google Scholar; OpenAlex,2007
83LX3pFwXQZ3V9uMbiY/Nib3w,modelos conceituais para proveniencia|2008,modelos conceituais para proveniencia,2008,"ALA Marins - Dissertação Mestrado em Ciência da Informação, 2008",,tecgraf.puc-rio.br,https://www2.tecgraf.puc-rio.br/press/publication/Marins2008/Marins2008.pdf,,,,,,,,,Google Scholar; OpenAlex,2006
8JMKD3MGPDW34P/3KJKGPE,modelos dinamicos acoplados para simulacao da ecologia do vetor aedes aegypti|2009,modelos dinamicos acoplados para simulacao da ecologia do vetor aedes aegypti,2009,RM Lana,,2009,,,,,,,,,,Google Scholar; OpenAlex,2008
83LX3pFwXQZ3V9uMbiY/NiaA4,modelos dinamicos espaciais em programacao funcional|2010,modelos dinamicos espaciais em programacao funcional,2010,"SS Costa, AP Aguiar, G Câmara… - X Workcap. São José …, 2010",,mtc-m16c.sid.inpe.br,http://mtc-m16c.sid.inpe.br/attachment.cgi/sid.inpe.br/mtc-m18/2010/09.29.01.51/doc/artigo_worcap_coorigidov3.pdf,,,,,,,,,Google Scholar; OpenAlex,2006
83LX3pFwXQZ3V9uMbiY/Mc9P7,modelos paralelos para la resolucion de problemas de ingenieria|2015,modelos paralelos para la resolucion de problemas de ingenieria,2015,M Boratto,,2015,https://www.muriloboratto.docentes.uneb.br/teses/files/2014_upv_tesis_doutorado@muriloboratto.pdf,,,,,,,,,Google Scholar; OpenAlex,2004
83LX3pFwXQZ4BFjAq/mEp4v,modulo de integracao de padroes de analise com ontologias de dominio da ferramenta argocasegeo|2008,modulo de integracao de padroes de analise com ontologias de dominio da ferramenta argocasegeo,2008,"GS Gonçalves, J Lisboa Filho, EO da Silva… - Simpósio Brasileiro de …, 2008",,sol.sbc.org.br,https://sol.sbc.org.br/index.php/sbcars_estendido/article/view/24361,,,,,,,,,Google Scholar; OpenAlex,2000
8JMKD3MGP8W/3D62CSE,molecular epidemiology of methicillin resistant staphylococcus aureus in the brazilian primary health care system|2019,molecular epidemiology of methicillin resistant staphylococcus aureus in the brazilian primary health care system,2019,"EPL Pereira‐Franchi, MRN Barreira… - Tropical Medicine & …, 2019",,Wiley Online Library,https://onlinelibrary.wiley.com/doi/abs/10.1111/tmi.13192,,,,,,,,,Google Scholar; OpenAlex,2012
8JMKD3MGP3W34P/3N2UA78,monitoring forest fragmentation and carbon storage in the cerrado biome of mato grosso using optical and sar satellite images|2021,monitoring forest fragmentation and carbon storage in the cerrado biome of mato grosso using optical and sar satellite images,2021,F de Souza Mendes,,2021,https://ediss.uni-goettingen.de/bitstream/handle/21.11130/00-1735-0000-0005-1548-3/PhDThesis_Fl%C3%A1viaDeSouzaMendes.pdf?sequence=1,,,,,,,,,Google Scholar; OpenAlex,2016
83LX3pFwXQZ3V9uMbiY/NibBn,mortalidade por acidentes de transito no municipio de sao paulo uma analise intraurbana|2009,mortalidade por acidentes de transito no municipio de sao paulo uma analise intraurbana,2009,"PB Maia - Campinas: Instituto de Filosofia e Ciências …, 2009",,repositorio.unicamp.br,https://repositorio.unicamp.br/Busca/Download?codigoArquivo=497780&tipoMidia=0,,,,,,,,,Google Scholar; OpenAlex,2006
83LX3pFwXQZ3V9uMbiY/LHU82,mortalidade prematura por doencas cronicas nao transmissiveis nos municipios brasileiros nos trienios de 2010 a 2012 e 2015 a 2017|2021,mortalidade prematura por doencas cronicas nao transmissiveis nos municipios brasileiros nos trienios de 2010 a 2012 e 2015 a 2017,2021,"LSM Cardoso, RA Teixeira… - Revista Brasileira de …, 2021",,SciELO Public Health,https://www.scielosp.org/article/rbepid/2021.v24suppl1/e210005/pt/,,,,,,,,,Google Scholar; OpenAlex,2005
83LX3pFwXQZ3V9uMbiY/NibBn,mortes no transito urbano em sao paulo relacao entre residencia das vitimas e local de ocorrencia dos acidentes|2007,mortes no transito urbano em sao paulo relacao entre residencia das vitimas e local de ocorrencia dos acidentes,2007,"PB Maia, T Aidar - São Paulo perspect, 2007",,pesquisa.bvsalud.org,https://pesquisa.bvsalud.org/portal/resource/pt/lil-527731,,,,,,,,,Google Scholar; OpenAlex,2006
83LX3pFwXQZ3V9uMbiY/MdFRL,motivo de escolha do campus survey com alunos da puc minas na regiao metropolitana de belo horizonte|2014,motivo de escolha do campus survey com alunos da puc minas na regiao metropolitana de belo horizonte,2014,"SL de Oliveira, TL Rego… - Percurso …, 2014",,pucminas.emnuvens.com.br,https://pucminas.emnuvens.com.br/percursoacademico/article/view/5191,,,,,,,,,Google Scholar; OpenAlex,2004
83LX3pFwXQZ3V9uMbiY/MekwA,moved planning process|2009,moved planning process,2009,C Rottenbacher,,2009,,,,,,,,,,Google Scholar; OpenAlex,2004
8JMKD3MGP8W/3B25HBP,moving code sharing geoprocessing logic on the web|2013,moving code sharing geoprocessing logic on the web,2013,"M Müller, L Bernard, D Kadner - ISPRS Journal of Photogrammetry and …, 2013",,Elsevier,https://www.sciencedirect.com/science/article/pii/S0924271613000543,,,,,,,,,Google Scholar; OpenAlex,2011
8JMKD3MGPDW34R/3UFEGCS,mudancas espaco temporal no uso e cobertura do solo em unidade de conservacao de corredor ecologico amazonico o caso da intensa pressao antropica na|2022,mudancas espaco temporal no uso e cobertura do solo em unidade de conservacao de corredor ecologico amazonico o caso da intensa pressao antropica na,2022,"F Dall'Igna, V Maniesi - Revista Ibero-Americana de …, 2022",,cienciasambientais.com,https://cienciasambientais.com/index.php/rica/article/view/7181,,,,,,,,,Google Scholar; OpenAlex,2019
8JMKD3MGPDW34P/3NDDJ25,multi class twitter data categorization and geocoding with a novel computing framework|2020,multi class twitter data categorization and geocoding with a novel computing framework,2020,"SM Khan, M Chowdhury, LB Ngo, A Apon - Cities, 2020",,Elsevier,https://www.sciencedirect.com/science/article/pii/S0264275118314318,,,,,,,,,Google Scholar; OpenAlex,2016
8JMKD3MGPDW34P/3KQ2JDB,multi focus research and geospatial data anthropocentric concerns|2014,multi focus research and geospatial data anthropocentric concerns,2014,"A Santanchè, JSC Longo, G Jomier… - … of Information and …, 2014",,journals-sol.sbc.org.br,https://journals-sol.sbc.org.br/index.php/jidm/article/view/1530,,,,,,,,,Google Scholar; OpenAlex,2012
83LX3pFwXQZ3V9uMbiY/Mc9AB,multi group segregation indices for measuring ordinal classes|2006,multi group segregation indices for measuring ordinal classes,2006,"G Meng, GB Hall, S Roberts - Computers, Environment and Urban Systems, 2006",,Elsevier,https://www.sciencedirect.com/science/article/pii/S0198971505000554,,,,,,,,,Google Scholar; OpenAlex,2004
83LX3pFwXQZ3V9uMbiY/LHTK3,multi level trace abstraction linking and display|2014,multi level trace abstraction linking and display,2014,NE Jivan,,2014,,,,,,,,,,Google Scholar; OpenAlex,2005
8JMKD3MGP8W/3HHGCGP,multi network integration for an intelligent mobility|2017,multi network integration for an intelligent mobility,2017,A Masri,,2017,https://theses.hal.science/tel-01669051/,,,,,,,,,Google Scholar; OpenAlex,2007
8JMKD3MGPDW34P/3KKHJUS,multi observation points setting problem based on stepwise maximum viewshed approach|2024,multi observation points setting problem based on stepwise maximum viewshed approach,2024,"P Wang, J Ma, F Li - International Journal of Geographical …, 2024",,Taylor & Francis,https://www.tandfonline.com/doi/abs/10.1080/13658816.2024.2354822,,,,,,,,,Google Scholar; OpenAlex,2010
83LX3pFwXQZ3V9uMbiY/NiaFE,multi providers location based services for mobile tourism a use case for location and cartographic integrations on mobile devices|2011,multi providers location based services for mobile tourism a use case for location and cartographic integrations on mobile devices,2011,R Karam,,2011,https://theses.hal.science/tel-00694476/,,,,,,,,,Google Scholar; OpenAlex,2006
8JMKD3MGPDW34P/3KJKGEH,multi scale modelling for simulating marine activities under heterogeneous environmental constraints|2015,multi scale modelling for simulating marine activities under heterogeneous environmental constraints,2015,"A Minelli, C Tissot, M Rouan… - Spatial Analysis and …, 2015",,hal.science,https://hal.science/hal-01247518/,,,,,,,,,Google Scholar; OpenAlex,2008
83LX3pFwXQZ3V9uMbiY/MioRd,multi source entity based conflation for local search|2012,multi source entity based conflation for local search,2012,"D Ahlers - Revista Colombiana de Computación, 2012",,revistas.unab.edu.co,https://revistas.unab.edu.co/index.php/rcc/article/download/2124/1891,,,,,,,,,Google Scholar; OpenAlex,2003
8JMKD3MGPDW34P/3KJKF3P,multifaceted geotagging for streaming news|2012,multifaceted geotagging for streaming news,2012,MD Lieberman,,2012,https://search.proquest.com/openview/397911f0b5536eec98f14f367a6a75c0/1?pq-origsite=gscholar&cbl=18750,,,,,,,,,Google Scholar; OpenAlex,2008
83LX3pFwXQZ3V9uMbiY/LHTK3,multilevel label placement for execution trace events|2013,multilevel label placement for execution trace events,2013,"N Ezzati-Jivan, A Shameli-Sendi… - 2013 26th IEEE …, 2013",,ieeexplore.ieee.org,https://ieeexplore.ieee.org/abstract/document/6567826/,,,,,,,,,Google Scholar; OpenAlex,2005
8JMKD3MGP3W34P/3N2U8K2,multimedia big data computing and internet of things applications a taxonomy and process model|2018,multimedia big data computing and internet of things applications a taxonomy and process model,2018,"A Kumari, S Tanwar, S Tyagi, N Kumar… - Journal of Network and …, 2018",,Elsevier,https://www.sciencedirect.com/science/article/pii/S1084804518303011,,,,,,,,,Google Scholar; OpenAlex,2016
83LX3pFwXQZ4BFjAq/mENBs,multiplas representacoes em sistemas de informacao geograficos|2000,multiplas representacoes em sistemas de informacao geograficos,2000,D Junior,,2000,https://www.academia.edu/download/35905536/davis_tese.pdf,,,,,,,,,Google Scholar; OpenAlex,2000
8JMKD3MGPDW34P/3KKHJUS,multiple observer siting in huge terrains stored in external memory|2011,multiple observer siting in huge terrains stored in external memory,2011,"SVG Magalhaes, MVA Andrade… - International Journal of …, 2011",,researchgate.net,https://www.researchgate.net/profile/Salles-Magalhaes/publication/303475774_Multiple_Observer_Siting_in_Huge_Terrains_Stored_in_External_Memory/links/593aa541458515e398a4e685/Multiple-Observer-Siting-in-Huge-Terrains-Stored-in-External-Memory.pdf,,,,,,,,,Google Scholar; OpenAlex,2010
83LX3pFwXQZ3V9uMbiY/MhUig,multiple representations of elevation for dynamic process modeling|2006,multiple representations of elevation for dynamic process modeling,2006,LM Namikawa,,2006,https://search.proquest.com/openview/a487611bec4b0cf2b48f441d16d5a722/1?pq-origsite=gscholar&cbl=18750&diss=y,,,,,,,,,Google Scholar; OpenAlex,2003
8JMKD3MGPDW34R/3UFDG6B,multiplicative long short term memory with improved mayfly optimization for lulc classification|2022,multiplicative long short term memory with improved mayfly optimization for lulc classification,2022,"A Stateczny, SM Bolugallu, PB Divakarachari… - Remote Sensing, 2022",,mdpi.com,https://www.mdpi.com/2072-4292/14/19/4837,,,,,,,,,Google Scholar; OpenAlex,2019
8JMKD3MGPDW34P/3KP32ES,myroute a graph dependency based model for real time route prediction|2017,myroute a graph dependency based model for real time route prediction,2017,"H Amirat, N Lagraa, P Fournier-Viger, Y Ouinten - J. Commun., 2017",,researchgate.net,https://www.researchgate.net/profile/Philippe-Fournier-Viger/publication/329377950_MyRoute_A_Graph-Dependency_Based_Model_for_Real-Time_Route_Prediction/links/5c13014792851c39ebeb6823/MyRoute-A-Graph-Dependency-Based-Model-for-Real-Time-Route-Prediction.pdf,,,,,,,,,Google Scholar; OpenAlex,2015
8JMKD3MGP8W/3HHLNKL,named entity extraction and disambiguation for informal text the missing link|2014,named entity extraction and disambiguation for informal text the missing link,2014,MB Habib,,2014,https://research.utwente.nl/en/publications/named-entity-extraction-and-disambiguation-for-informal-text-the-/,,,,,,,,,Google Scholar; OpenAlex,2007
8JMKD3MGPDW34P/3KLNJTH,narrative cartography with knowledge graphs|2022,narrative cartography with knowledge graphs,2022,"G Mai, W Huang, L Cai, R Zhu, N Lao - Journal of Geovisualization and …, 2022",,Springer,https://link.springer.com/article/10.1007/s41651-021-00097-4,,,,,,,,,Google Scholar; OpenAlex,2011
8JMKD3MGP8W/3HHGC5L,natalgis um sistema multiagente de recomendacao de informacoes geograficas baseado em agrupamento de dados relacionais|2012,natalgis um sistema multiagente de recomendacao de informacoes geograficas baseado em agrupamento de dados relacionais,2012,JC Xavier,,2012,,,,,,,,,,Google Scholar; OpenAlex,2007
8JMKD3MGPDW34P/3KP35BL,natural language processing technology for spatial information recognition and visualization|2022,natural language processing technology for spatial information recognition and visualization,2022,"AV Vicentiy - Computer Science On-line Conference, 2022",,Springer,https://link.springer.com/chapter/10.1007/978-3-031-09076-9_46,,,,,,,,,Google Scholar; OpenAlex,2015
8JMKD3MGPDW34R/3UFDELB,near real time fire detection and monitoring in the matopiba region brazil|2022,near real time fire detection and monitoring in the matopiba region brazil,2022,"MAJS Pletsch, TS Körting, FC Morita, CHL Silva-Junior… - Remote sensing, 2022",,mdpi.com,https://www.mdpi.com/2072-4292/14/13/3141,,,,,,,,,Google Scholar; OpenAlex,2019
8JMKD3MGP8W/3HHLNKL,neogeography the challenge of channelling large and ill behaved data streams|2011,neogeography the challenge of channelling large and ill behaved data streams,2011,"MB Habib, P Apers… - 2011 IEEE 27th …, 2011",,ieeexplore.ieee.org,https://ieeexplore.ieee.org/abstract/document/5767666/,,,,,,,,,Google Scholar; OpenAlex,2007
8JMKD3MGPDW34P/3Q5DP2E,network based pick up and drop off location optimization for shared autonomous vehicles|2025,network based pick up and drop off location optimization for shared autonomous vehicles,2025,"S Wang, F Ding, Y Wang, A Gar on Yeh, G Huang - Urban Informatics, 2025",,Springer,https://link.springer.com/article/10.1007/s44212-025-00073-z,,,,,,,,,Google Scholar; OpenAlex,2017
8JMKD3MGP8W/3GQ75L5,network configurator and simulator system based on cim standard and node depth encoding|2019,network configurator and simulator system based on cim standard and node depth encoding,2019,"LMC Jurema, AAL JÚNIOR, MC VIEIRA… - … de Automática-CBA, 2019",,sba.org.br,https://www.sba.org.br/open_journal_systems/index.php/cba/article/view/926,,,,,,,,,Google Scholar; OpenAlex,2001
83LX3pFwXQZ4BFjAq/mGafE,networks of innovation and the establishment of a spatial data infrastructure in brazil|2006,networks of innovation and the establishment of a spatial data infrastructure in brazil,2006,"G Câmara, F Fonseca, AM Monteiro… - Information …, 2006",,Wiley Online Library,https://onlinelibrary.wiley.com/doi/abs/10.1002/itdj.20047,,,,,,,,,Google Scholar; OpenAlex,2000
83LX3pFwXQZ3V9uMbiY/LHTK3,newsstand a new view on news|2008,newsstand a new view on news,2008,"BE Teitler, MD Lieberman, D Panozzo… - Proceedings of the 16th …, 2008",,dl.acm.org,https://dl.acm.org/doi/abs/10.1145/1463434.1463458,,,,,,,,,Google Scholar; OpenAlex,2005
8JMKD3MGPDW34P/3KP32ES,nextroute a lossless model for accurate mobility prediction h amirat et al|2020,nextroute a lossless model for accurate mobility prediction h amirat et al,2020,"H Amirat, N Lagraa, P Fournier-Viger… - Journal of Ambient …, 2020",,Springer,https://link.springer.com/article/10.1007/s12652-019-01327-w,,,,,,,,,Google Scholar; OpenAlex,2015
8JMKD3MGPDW34P/3KP3985,non invasive intravital observation of lingual surface features using sliding oral mucoscopy techniques in clinically healthy subjects|2020,non invasive intravital observation of lingual surface features using sliding oral mucoscopy techniques in clinically healthy subjects,2020,"S Tsuchida, K Yoshimura, N Nakamura, N Asanuma… - Odontology, 2020",,Springer,https://link.springer.com/article/10.1007/s10266-019-00444-4,,,,,,,,,Google Scholar; OpenAlex,2015
83LX3pFwXQZ3V9uMbiY/NiaRQ,non monotonic reasoning rules for energy efficiency|2017,non monotonic reasoning rules for energy efficiency,2017,"C Tomazzoli, M Cristani, E Karafili… - Journal of Ambient …, 2017",,journals.sagepub.com,https://journals.sagepub.com/doi/abs/10.3233/AIS-170434,,,,,,,,,Google Scholar; OpenAlex,2006
83LX3pFwXQZ3V9uMbiY/Nibrc,normalisation of imprecise temporal expressions extracted from text h tissot et al|2019,normalisation of imprecise temporal expressions extracted from text h tissot et al,2019,"H Tissot, MD Del Fabro, L Derczynski… - … and Information Systems, 2019",,Springer,https://link.springer.com/article/10.1007/s10115-019-01338-1,,,,,,,,,Google Scholar; OpenAlex,2006
83LX3pFwXQZ3V9uMbiY/MhU9d,notas em matematica aplicada|2009,notas em matematica aplicada,2009,"PC Carvalho, L Velho, M Cicconet… - Sociedade …, 2009",,mtc-m16d.sid.inpe.br,http://mtc-m16d.sid.inpe.br/col/sid.inpe.br/mtc-m19@80/2010/01.20.19.55/doc/Volume-41.pdf,,,,,,,,,Google Scholar; OpenAlex,2003
8JMKD3MGP8W/3HHGER2,novas ferramentas para monitoramento ambiental usando sig web|2008,novas ferramentas para monitoramento ambiental usando sig web,2008,IPS Cabral,,2008,https://repositorio.ufrn.br/bitstreams/4911ca47-86cd-4788-857e-f95d888744f3/download,,,,,,,,,Google Scholar; OpenAlex,2007
8JMKD3MGPDW34P/3NDC42E,novel learning framework for optimal multi object video trajectory tracking|2023,novel learning framework for optimal multi object video trajectory tracking,2023,"S Chen, X Hu, W Jiang, W Zhou, X Ding - Virtual Reality & Intelligent …, 2023",,Elsevier,https://www.sciencedirect.com/science/article/pii/S2096579623000220,,,,,,,,,Google Scholar; OpenAlex,2016
8JMKD3MGPDW34P/3NDC8RH,nsdi compliant reference map experiences on implementing a standardized data modeling at large scale 1 2000|2017,nsdi compliant reference map experiences on implementing a standardized data modeling at large scale 1 2000,2017,"VS Araujo, CR Sluter, SP Camboim - Revista Brasileira de Cartografia, 2017",,seer.ufu.br,https://seer.ufu.br/index.php/revistabrasileiracartografia/article/download/44012/23263/182998,,,,,,,,,Google Scholar; OpenAlex,2016
83LX3pFwXQZ3V9uMbiY/MdK47,numa ictm uma versao paralela do ictm explorando estrategias de alocacao de memoria para maquinas numa|2009,numa ictm uma versao paralela do ictm explorando estrategias de alocacao de memoria para maquinas numa,2009,MB Castro,,2009,https://gmap.pucrs.br/gmap/files/publications/articles/000c7fa44ec53b2d15786685a9544bc3.pdf,,,,,,,,,Google Scholar; OpenAlex,2004
83LX3pFwXQZ4BFjAq/mEp4v,o desafio da interoperabilidade e as novas perspectivas para as bibliotecas digitais|2008,o desafio da interoperabilidade e as novas perspectivas para as bibliotecas digitais,2008,"LF Sayão, CH Marcondes - Transinformação, 2008",,SciELO Brasil,https://www.scielo.br/j/tinf/a/LSxTfhK6NfX54t4ypBK87kM/?lang=pt,,,,,,,,,Google Scholar; OpenAlex,2000
83LX3pFwXQZ3V9uMbiY/LHU82,o movimento da criminalidade em sao paulo um recorte tematico e bibliografico|2013,o movimento da criminalidade em sao paulo um recorte tematico e bibliografico,2013,"MB Nery, S Adorno - BIB-Revista Brasileira de …, 2013",,bibanpocs.emnuvens.com.br,https://bibanpocs.emnuvens.com.br/revista/article/view/381,,,,,,,,,Google Scholar; OpenAlex,2005
8JMKD3MGP8W/3GTEJ3P,o software saci e o crescimento urbano integrado ao ambiente natural|2010,o software saci e o crescimento urbano integrado ao ambiente natural,2010,"OM Peres, MC Polidori - Anais do Computer on the Beach, 2010",,periodicos.univali.br,https://periodicos.univali.br/index.php/acotb/article/view/6345/3582,,,,,,,,,Google Scholar; OpenAlex,2002
83LX3pFwXQZ4BFjAq/mGafE,o uso de padrao opengis em sistemas militares de comando e controle|2009,o uso de padrao opengis em sistemas militares de comando e controle,2009,"M Vasconcelos, M Guidini - Instituto Tecnológico de Aeronáutica (ITA), São José …, 2009",,,,,,,,,,,,Google Scholar; OpenAlex,2000
83LX3pFwXQZ3V9uMbiY/LHTfF,o uso do algoritmo genetico em segmentacao de imagens digitais|2007,o uso do algoritmo genetico em segmentacao de imagens digitais,2007,Í de Oliveira Matias,,2007,,,,,,,,,,Google Scholar; OpenAlex,2005
8JMKD3MGP8W/3AUUUAP,obas an olap benchmark for analysis services|2013,obas an olap benchmark for analysis services,2013,"BEM de Albuquerque Filho… - … of Information and …, 2013",,journals-sol.sbc.org.br,https://journals-sol.sbc.org.br/index.php/jidm/article/view/1505,,,,,,,,,Google Scholar; OpenAlex,2011
83LX3pFwXQZ3V9uMbiY/Mc9Hq,object detection and crime investigation|2024,object detection and crime investigation,2024,"T Kittappa, S Mrithul Snehal, G Nithishka… - … on Intelligent Computing …, 2024",,Springer,https://link.springer.com/chapter/10.1007/978-981-96-1264-2_5,,,,,,,,,Google Scholar; OpenAlex,2004
8JMKD3MGP8W/3GTJAAE,observatorio virtual sobre a biodiversidade marinha no brasil baseado em conceito webgis|2007,observatorio virtual sobre a biodiversidade marinha no brasil baseado em conceito webgis,2007,CH Bughi,,2007,,,,,,,,,,Google Scholar; OpenAlex,2002
8JMKD3MGP3W34P/3N2U9JL,ogescript an ogc oriented interoperable script api for online geospatial analysis|2023,ogescript an ogc oriented interoperable script api for online geospatial analysis,2023,"K Wang, P Yue, D Yu, R Liu, H Deng… - 2023 11th international …, 2023",,ieeexplore.ieee.org,https://ieeexplore.ieee.org/abstract/document/10233317/,,,,,,,,,Google Scholar; OpenAlex,2016
83LX3pFwXQZ3V9uMbiY/LHum9,ogsa dai 的异源空间数据访问技术及应用|2008,ogsa dai 的异源空间数据访问技术及应用,2008,"樊明辉， 陈崇成， 吴小竹 - 华侨大学学报: 自然科学版, 2008",,,,,,,,,,,,Google Scholar; OpenAlex,2005
83LX3pFwXQZ3V9uMbiY/MioRd,omt g modeling and cloud implementation of a reference database of addressing in morocco|2013,omt g modeling and cloud implementation of a reference database of addressing in morocco,2013,"MEI Malaainine, H Rhinane, L Baidder… - Journal of Geographic …, 2013",,academia.edu,https://www.academia.edu/download/42068209/OMT-G_Modeling_and_Cloud_Implementation_20160204-13033-bvbrh9.pdf,,,,,,,,,Google Scholar; OpenAlex,2003
8JMKD3MGPDW34P/4ADBJJE,on computing representative data for summarizing multiple aspect trajectories|2024,on computing representative data for summarizing multiple aspect trajectories,2024,VL Machado,,2024,https://repositorio.ufsc.br/handle/123456789/259832,dissertation,Data Management and Algorithms,Signal Processing,Computer Science,Physical Sciences,LA Referencia (Red Federada de Repositorios Institucionales de Publicaciones Científicas),green,https://openalex.org/W7120652915,Google Scholar; OpenAlex,2023
8JMKD3MGP3W34P/42GRQBL,on demand mobility platform|2021,on demand mobility platform,2021,CPM Afonso,,2021,https://comum.rcaap.pt/entities/publication/4e0ff6b8-eb78-4ccc-8c2d-0c9354cbe581,,,,,,,,,Google Scholar; OpenAlex,2014
83LX3pFwXQZ3V9uMbiY/LHTEt,on the high tech onrush of sensors geosensors sensor fusion and their networks their influence on geodesy and geomatics|2016,on the high tech onrush of sensors geosensors sensor fusion and their networks their influence on geodesy and geomatics,2016,ID Doukas,,2016,https://topo.auth.gr/wp-content/uploads/2024/10/11_Doukas.pdf,,,,,,,,,Google Scholar; OpenAlex,2005
8JMKD3MGP8W/3GTJ84E,on the integration of array and relational models in databases|2018,on the integration of array and relational models in databases,2018,D Mišev,,2018,https://sopus.constructor.university/frontdoor/index/index/docId/805,,,,,,,,,Google Scholar; OpenAlex,2002
83LX3pFwXQZeBBx/oS63E,on the move wirelessly connected to the world|2011,on the move wirelessly connected to the world,2011,"P Fröhlich, A Oulasvirta, M Baldauf… - Communications of the …, 2011",,dl.acm.org,https://dl.acm.org/doi/abs/10.1145/1866739.1866766,,,,,,,,,Google Scholar; OpenAlex,1999
83LX3pFwXQZ3V9uMbiY/MimPC,on the suitability of volunteered geographic information for the purpose of geocoding|2010,on the suitability of volunteered geographic information for the purpose of geocoding,2010,C Amelunxen,,2010,,,,,,,,,,Google Scholar; OpenAlex,2003
8JMKD3MGP8W/3GQ75L5,on updating service of fundamental gis database|2008,on updating service of fundamental gis database,2008,"Y Wang, F Wei - 2008 4th International Conference on Wireless …, 2008",,ieeexplore.ieee.org,https://ieeexplore.ieee.org/abstract/document/4681170/,,,,,,,,,Google Scholar; OpenAlex,2001
83LX3pFwXQZ3V9uMbiY/NiagS,one rasterization approach algorithm for high performance map overlay|2009,one rasterization approach algorithm for high performance map overlay,2009,"H Dong, Z Cheng, J Fang - 2009 17th International Conference …, 2009",,ieeexplore.ieee.org,https://ieeexplore.ieee.org/abstract/document/5293561/,,,,,,,,,Google Scholar; OpenAlex,2006
83LX3pFwXQZ3V9uMbiY/NiagS,one rasterization approach to high performance internet map server design and implementation|2010,one rasterization approach to high performance internet map server design and implementation,2010,"Z Cheng, H Dong, Y Zhao, X Zhang… - 2010 18th International …, 2010",,ieeexplore.ieee.org,https://ieeexplore.ieee.org/abstract/document/5567570/,,,,,,,,,Google Scholar; OpenAlex,2006
83LX3pFwXQZ3V9uMbiY/NiagS,one rasterization approach to spatial predicate|2010,one rasterization approach to spatial predicate,2010,"H Dong, Z Cheng, Y Zhao… - 2010 IEEE International …, 2010",,ieeexplore.ieee.org,https://ieeexplore.ieee.org/abstract/document/5649075/,,,,,,,,,Google Scholar; OpenAlex,2006
83LX3pFwXQZ3V9uMbiY/MipaK,ontoeditor uma ferramenta web para edicao de ontologias|2006,ontoeditor uma ferramenta web para edicao de ontologias,2006,"R Minghim, L Henrique",,2006,,,,,,,,,,Google Scholar; OpenAlex,2003
8JMKD3MGP8W/3GTEJES,ontologia de emergencia no apoio a geracao de solucoes de variabilidade de planos de emergencia|2010,ontologia de emergencia no apoio a geracao de solucoes de variabilidade de planos de emergencia,2010,"MIGB Ferreira, J Oliveira",,2010,http://objdig.ufrj.br/15/teses/867022.pdf,,,,,,,,,Google Scholar; OpenAlex,2002
8JMKD3MGP8W/3GQ75L5,ontologia para la infraestructura de datos espaciales maritima fluvial y costera de colombia|2023,ontologia para la infraestructura de datos espaciales maritima fluvial y costera de colombia,2023,AA Montoya Gonzalez,,2023,https://repositorio.unal.edu.co/items/310485ae-9d24-4812-8ce2-97b09ab2b996,,,,,,,,,Google Scholar; OpenAlex,2001
83LX3pFwXQZ3V9uMbiY/MdHf2,ontological view driven semantic integration in open environments|2010,ontological view driven semantic integration in open environments,2010,Y Xue,,2010,https://search.proquest.com/openview/a8a3e3996246964750a5b94fdcd4dcb1/1?pq-origsite=gscholar&cbl=18750&diss=y,,,,,,,,,Google Scholar; OpenAlex,2004
83LX3pFwXQZ3V9uMbiY/LHUxR,ontology based dynamic data gathering of geographic information services|2010,ontology based dynamic data gathering of geographic information services,2010,"R Chen - 2010 International Conference on Future Information …, 2010",,ieeexplore.ieee.org,https://ieeexplore.ieee.org/abstract/document/5654850/,,,,,,,,,Google Scholar; OpenAlex,2005
8JMKD3MGPDW34P/3KLNJLS,ontology based geographic data access in a peer data management system|2012,ontology based geographic data access in a peer data management system,2012,"R Figueiredo, D Pitta, AC Salgado, D Souza - GEOINFO, 2012",,academia.edu,https://www.academia.edu/download/79649179/easeGo.pdf,,,,,,,,,Google Scholar; OpenAlex,2011
83LX3pFwXQZ3V9uMbiY/NiaHU,ontology based querying and integration of heterogeneous flat files|2010,ontology based querying and integration of heterogeneous flat files,2010,R Dinakar,,2010,https://rave.ohiolink.edu/etdc/view?acc_num=osu1285063965,,,,,,,,,Google Scholar; OpenAlex,2006
8JMKD3MGPDW34P/3KK5KM2,ontology based semantic knowledge discovery for movement behaviors|2016,ontology based semantic knowledge discovery for movement behaviors,2016,A Mousavi,,2016,https://ucalgary.scholaris.ca/server/api/core/bitstreams/1ba3ff37-441d-4633-8f80-eb9a55705127/content,,,,,,,,,Google Scholar; OpenAlex,2010
83LX3pFwXQZ3V9uMbiY/Nib3w,ontology based semantic modelling of place knowledge|2021,ontology based semantic modelling of place knowledge,2021,D Oh,,2021,https://search.proquest.com/openview/c712e9bb0abe0decb9ff1a44977da4af/1?pq-origsite=gscholar&cbl=18750&diss=y,,,,,,,,,Google Scholar; OpenAlex,2006
8JMKD3MGP8W/3HHLNQ5,ontology based trajectory data warehouse conceptual model|2016,ontology based trajectory data warehouse conceptual model,2016,"M Manaa, J Akaichi - International Conference on Big Data Analytics and …, 2016",,Springer,https://link.springer.com/chapter/10.1007/978-3-319-43946-4_22,,,,,,,,,Google Scholar; OpenAlex,2007
83LX3pFwXQZ3V9uMbiY/MioRd,ontology driven discovery of geospatial evidence in web pages|2011,ontology driven discovery of geospatial evidence in web pages,2011,"KAV Borges, CA Davis Jr, AHF Laender, CB Medeiros - GeoInformatica, 2011",,Springer,https://link.springer.com/article/10.1007/s10707-010-0118-z,,,,,,,,,Google Scholar; OpenAlex,2003
83LX3pFwXQZ3V9uMbiY/MdHf2,ontology driven geographic information integration a survey of current approaches|2009,ontology driven geographic information integration a survey of current approaches,2009,"A Buccella, A Cechich, P Fillottrani - Computers & Geosciences, 2009",,Elsevier,https://www.sciencedirect.com/science/article/pii/S0098300408002021,,,,,,,,,Google Scholar; OpenAlex,2004
8JMKD3MGPDW34P/4ADCMKH,ontology driven semantic alignment assessing the reasoning capabilities of large language models in geospatial contexts|2025,ontology driven semantic alignment assessing the reasoning capabilities of large language models in geospatial contexts,2025,"FA Souza, SP Camboim",,2025,https://www.preprints.org/manuscript/202512.1800,,,,,,,,,Google Scholar,2023
83LX3pFwXQZ3V9uMbiY/NiaHU,ontology supported querying of geographical databases|2008,ontology supported querying of geographical databases,2008,"M Baglioni, E Giovannetti, MV Masserotti… - Transactions in …, 2008",,Wiley Online Library,https://onlinelibrary.wiley.com/doi/abs/10.1111/j.1467-9671.2008.01136.x,,,,,,,,,Google Scholar; OpenAlex,2006
83LX3pFwXQZ3V9uMbiY/MipaK,ontosigf um sistema de informacao geografica baseado em ontologias aplicado a area florestal ontosigf a geographic information system based on ontologies|2008,ontosigf um sistema de informacao geografica baseado em ontologias aplicado a area florestal ontosigf a geographic information system based on ontologies,2008,"BT Quinelato, DM Junior, RM Rosi - AMBIÊNCIA, 2008",,revistas.unicentro.br,https://revistas.unicentro.br/index.php/ambiencia/article/view/283,,,,,,,,,Google Scholar; OpenAlex,2003
83LX3pFwXQZ3V9uMbiY/MhUeP,op zoek naar delictconcentraties in tijd en ruimte|2013,op zoek naar delictconcentraties in tijd en ruimte,2013,"R Kerkab, S Van Daele - Panopticon, 2013",,biblio.ugent.be,https://biblio.ugent.be/publication/3228534,,,,,,,,,Google Scholar; OpenAlex,2003
83LX3pFwXQZ4BFjAq/mGafE,open access and the public domain in digital data and information for science proceedings of an international symposium|2004,open access and the public domain in digital data and information for science proceedings of an international symposium,2004,"PF Uhlir, JM Esanu",,2004,https://books.google.com/books?hl=pt-BR&lr=&id=NxudAgAAQBAJ&oi=fnd&pg=PR1&ots=SbWjhafEXv&sig=dgh_krdiJe6X8uiEkjlVivuml3I,,,,,,,,,Google Scholar; OpenAlex,2000
8JMKD3MGP8W/3GTJ9SB,open environmental ontology modeling|2011,open environmental ontology modeling,2011,"L Iribarne, N Padilla, JA Asensio… - … on Systems, Man …, 2011",,ieeexplore.ieee.org,https://ieeexplore.ieee.org/abstract/document/5759757/,,,,,,,,,Google Scholar; OpenAlex,2002
83LX3pFwXQZ3V9uMbiY/MhUig,open source databases and their spatial extensions|2008,open source databases and their spatial extensions,2008,"R Chen, J Xie - Open source approaches in spatial data handling, 2008",,Springer,https://link.springer.com/chapter/10.1007/978-3-540-74831-1_6,,,,,,,,,Google Scholar; OpenAlex,2003
83LX3pFwXQZ4BFjAq/mGafE,open source gis software myths and realities|2004,open source gis software myths and realities,2004,"G Câmara, H Onsrud - Open access and the public domain in …, 2004",,mtc-m16.sid.inpe.br,http://mtc-m16.sid.inpe.br/col/sid.inpe.br/marciana/2005/01.04.16.10/doc/camara_open_source_myths.pdf,,,,,,,,,Google Scholar; OpenAlex,2000
8JMKD3MGPDW34P/3KP2T4E,opportunities provided by geographic information systems and volunteered geographic information for a timely emergency response during flood events in cologne|2018,opportunities provided by geographic information systems and volunteered geographic information for a timely emergency response during flood events in cologne,2018,"K Tzavella, A Fekete, F Fiedrich - Natural Hazards, 2018",,Springer,https://link.springer.com/article/10.1007/s11069-017-3102-1,,,,,,,,,Google Scholar; OpenAlex,2015
8JMKD3MGP3W34P/3N2UA78,optical and sar remote sensing synergism for mapping vegetation types in the endangered cerrado amazon ecotone of nova mutum mato grosso|2019,optical and sar remote sensing synergism for mapping vegetation types in the endangered cerrado amazon ecotone of nova mutum mato grosso,2019,"F de Souza Mendes, D Baron, G Gerold, V Liesenberg… - Remote Sensing, 2019",,mdpi.com,https://www.mdpi.com/2072-4292/11/10/1161,,,,,,,,,Google Scholar; OpenAlex,2016
8JMKD3MGPDW34P/45U7CE8,optimal minimum l1 norm criteria for outlier identification in gnss and leveling networks|2023,optimal minimum l1 norm criteria for outlier identification in gnss and leveling networks,2023,"SS Suraci, LC Oliveira, I Klein… - Journal of surveying …, 2023",,ascelibrary.org,https://ascelibrary.org/doi/abs/10.1061/JSUED2.SUENG-1452,,,,,,,,,Google Scholar; OpenAlex,2021
83LX3pFwXQZ3V9uMbiY/LHTfF,optimal subdivision of land in agrarian reform projects an analysis using genetic algorithms|2011,optimal subdivision of land in agrarian reform projects an analysis using genetic algorithms,2011,"JAF Neto, EC dos Santos Junior… - … of Agriculture and …, 2011",,cuadernosinfo.uc.cl,https://cuadernosinfo.uc.cl/index.php/ijanr/article/view/37849,,,,,,,,,Google Scholar; OpenAlex,2005
83LX3pFwXQZ3V9uMbiY/NiaRQ,optimisation de la consommation energetique des menages application sur|2021,optimisation de la consommation energetique des menages application sur,2021,MM Denis,,2021,https://theses.fr/api/v1/document/2021TOUR1805,,,,,,,,,Google Scholar; OpenAlex,2006
8JMKD3MGPDW34P/3Q5DP2E,optimization of bus stops new pick up and drop off locations for public transportation|2018,optimization of bus stops new pick up and drop off locations for public transportation,2018,"CM Monteiro, FVC Martins… - Journal of Information …, 2018",,journals-sol.sbc.org.br,https://journals-sol.sbc.org.br/index.php/jidm/article/view/2042,,,,,,,,,Google Scholar; OpenAlex,2017
8JMKD3MGPDW34P/3KP3EUL,optimization of new pick up and drop off points for public transportation|2017,optimization of new pick up and drop off points for public transportation,2017,"CM Monteiro, FVC Martins, CAD Junior - GEOINFO, 2017",,academia.edu,https://www.academia.edu/download/55242410/30monteiro_davis.pdf,,,,,,,,,Google Scholar; OpenAlex,2015
8JMKD3MGP8W/3FCF4JP,optimization of road reference profiles based on highway design for connected and automated vehicles|2026,optimization of road reference profiles based on highway design for connected and automated vehicles,2026,"RO Jacome, C Stolle, G Grispos - WCX SAE World Congress …, 2026",,saemobilus.sae.org,https://saemobilus.sae.org/papers/optimization-road-reference-profiles-based-highway-design-connected-automated-vehicles-2026-01-0096,,,,,,,,,Google Scholar; OpenAlex,2013
8JMKD3MGPDW34P/3KP333E,optimization of taxi cabs assignment using a geographical location based system in distinct offer and demand scenarios|2015,optimization of taxi cabs assignment using a geographical location based system in distinct offer and demand scenarios,2015,"MP Souza, AAM Oliveira, MA Pereira… - Rev. Bras. De …, 2015",,researchgate.net,https://www.researchgate.net/profile/Marconi-Pereira-4/publication/304833999_OPTIMIZATION_OF_TAXI_CABS_ASSIGNMENT_USING_A_GEOGRAPHICAL_LOCATION-BASED_SYSTEM_IN_DISTINCT_OFFER_AND_DEMAND_SCENARIOS/links/58542e0808ae77ec37045a17/OPTIMIZATION-OF-TAXI-CABS-ASSIGNMENT-USING-A-GEOGRAPHICAL-LOCATION-BASED-SYSTEM-IN-DISTINCT-OFFER-AND-DEMAND-SCENARIOS.pdf,,,,,,,,,Google Scholar; OpenAlex,2015
83LX3pFwXQZ3V9uMbiY/LHU82,oral health work process disparity between teams in brazil 2014|2021,oral health work process disparity between teams in brazil 2014,2021,"LP Amorim, MIB Senna, JS Paula… - … e Serviços de …, 2021",,SciELO Public Health,https://www.scielosp.org/article/ress/2021.v30n1/e2019533/en/,,,,,,,,,Google Scholar; OpenAlex,2005
83LX3pFwXQZ3V9uMbiY/LHTfF,ordenamiento territorial en proyectos de reforma agraria un analisis utilizando algoritmos geneticos|2011,ordenamiento territorial en proyectos de reforma agraria un analisis utilizando algoritmos geneticos,2011,"JA Ferreira Neto… - … e investigación agraria, 2011",,SciELO Chile,https://www.scielo.cl/scielo.php?pid=S0718-16202011000200001&script=sci_arttext&tlng=en,,,,,,,,,Google Scholar; OpenAlex,2005
8JMKD3MGPDW34P/3KJKHE8,organizational challenges of development and implementation of virtual reality solution for industrial operation|2021,organizational challenges of development and implementation of virtual reality solution for industrial operation,2021,"M Saghafian, K Laumann, MR Skogstad - Frontiers in Psychology, 2021",,frontiersin.org,https://www.frontiersin.org/journals/psychology/articles/10.3389/fpsyg.2021.704723/full,,,,,,,,,Google Scholar; OpenAlex,2008
83LX3pFwXQZ3V9uMbiY/Mc9St,organizing observations data models|2009,organizing observations data models,2009,"AAT Bui, RK Taira - Medical Imaging Informatics, 2009",,Springer,https://link.springer.com/chapter/10.1007/978-1-4419-0385-3_7,,,,,,,,,Google Scholar; OpenAlex,2004
8JMKD3MGPDW34P/3Q5DTTP,otimizacao no custo para processamento de big geospatial data em ambiente de nuvem computacional|2018,otimizacao no custo para processamento de big geospatial data em ambiente de nuvem computacional,2018,J Bachiega Junior,,2018,,,,,,,,,,Google Scholar; OpenAlex,2017
8JMKD3MGP8W/3FCF4GH,outlier detection and comparison of origin destination flows using data depth|2018,outlier detection and comparison of origin destination flows using data depth,2018,"MH Jeong, J Yin, S Wang - 10th International Conference on …, 2018",,drops.dagstuhl.de,https://drops.dagstuhl.de/entities/document/10.4230/LIPIcs.GISCIENCE.2018.6,,,,,,,,,Google Scholar; OpenAlex,2013
83LX3pFwXQZ3V9uMbiY/LHum9,overlapped regions with distributed spatial databases in a grid environment|2006,overlapped regions with distributed spatial databases in a grid environment,2006,"WS Meyer, JM Souza - Rio de Janeiro, Brazil, 2006",,researchgate.net,https://www.researchgate.net/profile/Jano-Souza-2/publication/228622377_Overlapped_Regions_with_Distributed_Spatial_Databases_in_a_Grid_Environment/links/00b7d514706b674e4a000000/Overlapped-Regions-with-Distributed-Spatial-Databases-in-a-Grid-Environment.pdf,,,,,,,,,Google Scholar; OpenAlex,2005
83LX3pFwXQZ3V9uMbiY/NiaFE,owl based formalisation of geographic databases specifications|2010,owl based formalisation of geographic databases specifications,2010,"N Abadie, A Mechouche, S Mustière - 17th International Conference on …, 2010",,hal.science,https://hal.science/hal-02411468/,,,,,,,,,Google Scholar; OpenAlex,2006
8JMKD3MGP8W/3HHGCGP,owl schema matching|2010,owl schema matching,2010,"LAPP Leme, MA Casanova, KK Breitman… - Journal of the Brazilian …, 2010",,Springer,https://link.springer.com/article/10.1007/s13173-010-0005-3,,,,,,,,,Google Scholar; OpenAlex,2007
8JMKD3MGPDW34P/3Q5DKPP,p twdtw parallel processing of time series remote sensing images using manycore architectures|2018,p twdtw parallel processing of time series remote sensing images using manycore architectures,2018,"SST de Oliveira, VJS Rodrigues… - 2018 Symposium on …, 2018",,ieeexplore.ieee.org,https://ieeexplore.ieee.org/abstract/document/8748900/,,,,,,,,,Google Scholar; OpenAlex,2017
83LX3pFwXQZ3V9uMbiY/LHTK3,pal a cartographic labelling library|2009,pal a cartographic labelling library,2009,"O Ertz, M Laurent, D Rappo, A Sae-Tang… - Position IT …, 2009",,researchgate.net,https://www.researchgate.net/profile/Olivier-Ertz/publication/228946789_PAL-A_cartographic_labelling_library/links/0912f50ac0502bf9b4000000/PAL-A-cartographic-labelling-library.pdf,,,,,,,,,Google Scholar; OpenAlex,2005
83LX3pFwXQZ3V9uMbiY/LHTK3,pal placement automatique de legendes description des algorithmes|2009,pal placement automatique de legendes description des algorithmes,2009,MLÉD Taillard,,2009,,,,,,,,,,Google Scholar; OpenAlex,2005
83LX3pFwXQZ3V9uMbiY/NiaHU,pangea arquitetura semantica para a integracao de dados e modelos geoespaciais na web|2010,pangea arquitetura semantica para a integracao de dados e modelos geoespaciais na web,2010,CM Marques,,2010,https://repositorio.unesp.br/bitstreams/83598d9c-85b4-4647-9a55-32b607366216/download,,,,,,,,,Google Scholar; OpenAlex,2006
83LX3pFwXQZ3V9uMbiY/MhUig,parallel algorithm for improving the performance of spatial queries in sql the use cases of sqlite spatialite and postgresql postgis databases|2021,parallel algorithm for improving the performance of spatial queries in sql the use cases of sqlite spatialite and postgresql postgis databases,2021,"M Ilba - Computers & Geosciences, 2021",,Elsevier,https://www.sciencedirect.com/science/article/pii/S0098300421001382,,,,,,,,,Google Scholar; OpenAlex,2003
83LX3pFwXQZ3V9uMbiY/Mc9P7,parallel algorithm for landform attributes representation on multicore and multi gpu systems|2012,parallel algorithm for landform attributes representation on multicore and multi gpu systems,2012,"M Boratto, P Alonso, C Ramiro, M Barreto… - … Science and Its …, 2012",,Springer,https://link.springer.com/chapter/10.1007/978-3-642-31125-3_3,,,,,,,,,Google Scholar; OpenAlex,2004
8JMKD3MGPDW34P/3KK5MJ5,parallel calibration of spatial dynamic models in terrame|2011,parallel calibration of spatial dynamic models in terrame,2011,"SHC Silva, JC Lima, TGS Carneiro - IADIS-International Conference on Applied …, 2011",,,,,,,,,,,,Google Scholar; OpenAlex,2010
8JMKD3MGPDW34P/3KP36DH,parallel intersection detection in massive sets of cubes|2017,parallel intersection detection in massive sets of cubes,2017,"WR Franklin, SVG Magalhães - … of the 6th ACM SIGSPATIAL Workshop …, 2017",,dl.acm.org,https://dl.acm.org/doi/abs/10.1145/3150919.3150921,,,,,,,,,Google Scholar; OpenAlex,2015
8JMKD3MGPDW34P/43PLBGP,parallel processing of remote sensing time series applied to land use and land cover classification|2021,parallel processing of remote sensing time series applied to land use and land cover classification,2021,"RU Paiva, SST Oliveira, LML Pascoal… - … of Information and …, 2021",,journals-sol.sbc.org.br,https://journals-sol.sbc.org.br/index.php/jidm/article/view/1785,,,,,,,,,Google Scholar; OpenAlex,2020
8JMKD3MGP8W/3HHGCCB,parallel viewshed analysis on a pc cluster system using triple based irregular partition scheme|2016,parallel viewshed analysis on a pc cluster system using triple based irregular partition scheme,2016,"XD Song, GA Tang, XJ Liu, WF Dou, FY Li - Earth Science Informatics, 2016",,Springer,https://link.springer.com/article/10.1007/s12145-016-0263-5,,,,,,,,,Google Scholar; OpenAlex,2007
8JMKD3MGPDW34P/4ADBR52,parallelizing accelerographic records processing|2024,parallelizing accelerographic records processing,2024,"R Canizales, L Mixco, J McClurg - 2024 IEEE International …, 2024",,ieeexplore.ieee.org,https://ieeexplore.ieee.org/abstract/document/10596464/,,,,,,,,,Google Scholar,2023
8JMKD3MGP8W/3HHGDJL,pareamento de nomes de produtos e servicos utilizando medidas de similaridade textual nos niveis alfabetico lexico e semantico|2021,pareamento de nomes de produtos e servicos utilizando medidas de similaridade textual nos niveis alfabetico lexico e semantico,2021,"TP Meirelles, EC Gonçalves… - Cadernos do IME-Série …, 2021",,e-publicacoes.uerj.br,https://www.e-publicacoes.uerj.br/cadinf/article/view/68557,,,,,,,,,Google Scholar; OpenAlex,2007
83LX3pFwXQZ3V9uMbiY/LHTK3,particle based labeling fast point feature labeling without obscuring other visual features|2008,particle based labeling fast point feature labeling without obscuring other visual features,2008,"M Luboschik, H Schumann… - IEEE transactions on …, 2008",,ieeexplore.ieee.org,https://ieeexplore.ieee.org/abstract/document/4658135/,,,,,,,,,Google Scholar; OpenAlex,2005
83LX3pFwXQZ3V9uMbiY/LHTK3,particle based labelling without overlapping|2017,particle based labelling without overlapping,2017,MR Hasan,,2017,https://www.researchgate.net/profile/Mohammad-Rakib-Hasan/publication/323304585_Particle-based_Labeling_without_Overlapping/links/5a8d029baca27292c0f8353e/Particle-based-Labeling-without-Overlapping.pdf,,,,,,,,,Google Scholar; OpenAlex,2005
83LX3pFwXQZ3V9uMbiY/Nib6T,pathology of the fulfillment of sdi establishment requirements and its strategies in tehran metropolitan peri urban|2023,pathology of the fulfillment of sdi establishment requirements and its strategies in tehran metropolitan peri urban,2023,"A Modarreszadeh Barzoki, R Sarvar… - Program and …, 2023",,journaldfrc.ir,https://www.journaldfrc.ir/article_173129_en.html,,,,,,,,,Google Scholar; OpenAlex,2006
8JMKD3MGP8W/3HHLNQ5,patient trajectory modeling and analysis|2014,patient trajectory modeling and analysis,2014,"J Akaichi, M Manaa - IWBBIO, 2014",,academia.edu,https://www.academia.edu/download/47552734/IWBBIO_2014_paper_124_1.pdf,,,,,,,,,Google Scholar; OpenAlex,2007
83LX3pFwXQZ4BFjAq/mENBs,pattern analysis for safety evaluation system of groundwater well based on object oriented spatial model|2004,pattern analysis for safety evaluation system of groundwater well based on object oriented spatial model,2004,"JB Lee, HS Kwak - The KIPS Transactions …, 2004",,Korea Information Processing …,,,,,,,,,,Google Scholar; OpenAlex,2000
8JMKD3MGP8W/3FCF4P8,pedestrian path making create on mobile and edit on desktop|2021,pedestrian path making create on mobile and edit on desktop,2021,"M Kamilakis, E Batoglou… - CHI Greece 2021: 1st …, 2021",,dl.acm.org,https://dl.acm.org/doi/abs/10.1145/3489410.3489431,,,,,,,,,Google Scholar; OpenAlex,2013
8JMKD3MGPDW34P/3NDDHL8,pedology based management class establishment a study case in brazilian coffee crops|2022,pedology based management class establishment a study case in brazilian coffee crops,2022,"MGM Gonçalves, FAP Avalos, JV dos Reis… - Precision …, 2022",,Springer,https://link.springer.com/article/10.1007/s11119-021-09873-0,,,,,,,,,Google Scholar; OpenAlex,2016
8JMKD3MGPDW34P/3KJKHE8,peer feedback and its effects on chinese english as a foreign language efl learners text revisions and writing performance|2020,peer feedback and its effects on chinese english as a foreign language efl learners text revisions and writing performance,2020,Z Xu,,2020,https://researchspace.auckland.ac.nz/server/api/core/bitstreams/68a8ff0e-a7e7-45a4-b9e8-21fdc925ea8e/content,,,,,,,,,Google Scholar; OpenAlex,2008
83LX3pFwXQZ3V9uMbiY/MdGTa,pengembangan aplikasi web gis client side dengan model hexsagonal grid untuk mendukung manajemen bencana banjir|2012,pengembangan aplikasi web gis client side dengan model hexsagonal grid untuk mendukung manajemen bencana banjir,2012,"J Jumadi, P Priyono - Semantik, 2012",,,,,,,,,,,,Google Scholar; OpenAlex,2004
8JMKD3MGPDW34P/3KLNKJB,percepcao dos usuarios quanto a avaliacao indireta da qualidade de conjuntos de dados geoespaciais|2021,percepcao dos usuarios quanto a avaliacao indireta da qualidade de conjuntos de dados geoespaciais,2021,"TV Gottardo, I Barbosa - Rev. Bras. Cartogr, 2021",,seer.ufu.br,https://seer.ufu.br/index.php/revistabrasileiracartografia/article/download/57640/32231/267013,,,,,,,,,Google Scholar; OpenAlex,2011
8JMKD3MGPDW34P/3KLNKR2,performance analysis of mongodb versus postgis postgresql databases for line intersection and point containment spatial queries|2016,performance analysis of mongodb versus postgis postgresql databases for line intersection and point containment spatial queries,2016,"S Agarwal, KS Rajan - Spatial Information Research, 2016",,Springer,https://link.springer.com/article/10.1007/s41324-016-0059-1,,,,,,,,,Google Scholar; OpenAlex,2011
8JMKD3MGPDW34P/3KLNKR2,performance analysis of spatial queries and routing in nosql databases|2019,performance analysis of spatial queries and routing in nosql databases,2019,S AGARWAL,,2019,,,,,,,,,,Google Scholar; OpenAlex,2011
8JMKD3MGPDW34P/3KLNKR2,performance analysis on voluntary geographic information systems with document based nosql database|2017,performance analysis on voluntary geographic information systems with document based nosql database,2017,"DCM Maia, BDC Camargos, M Holanda - Developments and Advances in …, 2017",,Springer,https://link.springer.com/chapter/10.1007/978-3-319-58965-7_13,,,,,,,,,Google Scholar; OpenAlex,2011
8JMKD3MGP3W34P/42GRRQL,performance of gps positioning in the presence of irregularities in the auroral and polar ionospheres during eiscat uhf esr measurements|2021,performance of gps positioning in the presence of irregularities in the auroral and polar ionospheres during eiscat uhf esr measurements,2021,"HM John, B Forte, I Astin, T Allbrook, A Arnold… - Remote Sensing, 2021",,mdpi.com,https://www.mdpi.com/2072-4292/13/23/4798,,,,,,,,,Google Scholar; OpenAlex,2014
83LX3pFwXQZ3V9uMbiY/LHUQQ,performance optimization of grid aggregation in spatial data warehouses|2015,performance optimization of grid aggregation in spatial data warehouses,2015,"MA Kang, M Zaamoune, F Pinet… - … Journal of Digital …, 2015",,Taylor & Francis,https://www.tandfonline.com/doi/abs/10.1080/17538947.2014.962999,,,,,,,,,Google Scholar; OpenAlex,2005
83LX3pFwXQZeBBx/oS63E,personalized compass a compact visualization for direction and location|2016,personalized compass a compact visualization for direction and location,2016,"D Miau, S Feiner - Proceedings of the 2016 CHI Conference on Human …, 2016",,dl.acm.org,https://dl.acm.org/doi/abs/10.1145/2858036.2858068,,,,,,,,,Google Scholar; OpenAlex,1999
83LX3pFwXQZeBBx/oS63E,personalized navigation instruments for map user interfaces|2018,personalized navigation instruments for map user interfaces,2018,D Miau,,2018,https://search.proquest.com/openview/52dbb2770c4b4831caa0bb345a733dd3/1?pq-origsite=gscholar&cbl=18750,,,,,,,,,Google Scholar; OpenAlex,1999
83LX3pFwXQZ3V9uMbiY/MdHjv,personalizovana vizuelizacija geo informacija iz integrisanih izvora informacija zasnovana na semantici i web tehnologijama|2015,personalizovana vizuelizacija geo informacija iz integrisanih izvora informacija zasnovana na semantici i web tehnologijama,2015,MD Bogdanović,,2015,https://search.proquest.com/openview/3f1402c38e16f277147769316f5efd1a/1?pq-origsite=gscholar&cbl=2026366&diss=y,,,,,,,,,Google Scholar; OpenAlex,2004
83LX3pFwXQZeBBx/oS63E,pesquisas baseadas na localizacao e na orientacao em dispositivos moveis|2009,pesquisas baseadas na localizacao e na orientacao em dispositivos moveis,2009,"H Aguiar, MB Carmo, P Pombinho… - Actas do 17º Encontro …, 2009",,researchgate.net,https://www.researchgate.net/profile/Maria-Carmo/publication/267992425_Pesquisas_Baseadas_na_Localizacao_e_na_Orientacao_em_Dispositivos_Moveis/links/546336b50cf2cb7e9da683a9/Pesquisas-Baseadas-na-Localizacao-e-na-Orientacao-em-Dispositivos-Moveis.pdf,,,,,,,,,Google Scholar; OpenAlex,1999
8JMKD3MGP8W/3GTEJES,petrobras transportes transpetro contingency plan system metodologia sie sistema informatizado de emergencia aplicada no|2005,petrobras transportes transpetro contingency plan system metodologia sie sistema informatizado de emergencia aplicada no,2005,"R Berardinelli, D Mendonca, LB Morais, MTM Carvalho",,2005,,,,,,,,,,Google Scholar; OpenAlex,2002
83LX3pFwXQZ3V9uMbiY/LHToB,physical design and implementation of spatial data warehouses supporting continuous fields|2010,physical design and implementation of spatial data warehouses supporting continuous fields,2010,"L Gómez, A Vaisman, E Zimányi - International Conference on Data …, 2010",,Springer,https://link.springer.com/chapter/10.1007/978-3-642-15105-7_3,,,,,,,,,Google Scholar; OpenAlex,2005
83LX3pFwXQZeBBx/oS63E,physical interaction by pointing with a mobile device|2010,physical interaction by pointing with a mobile device,2010,J Persson,,2010,,,,,,,,,,Google Scholar; OpenAlex,1999
83LX3pFwXQZ3V9uMbiY/LHTK3,physikalisch basierte simulation von flussigkeiten in interaktiven umgebungen|2009,physikalisch basierte simulation von flussigkeiten in interaktiven umgebungen,2009,H Cords,,2009,,,,,,,,,,Google Scholar; OpenAlex,2005
8JMKD3MGP8W/3HHGGHL,phytogeographic analysis of shrub and tree flora in an ecotonal area in the bodoquena plateau ms brazil analise|2017,phytogeographic analysis of shrub and tree flora in an ecotonal area in the bodoquena plateau ms brazil analise,2017,"CBR Zavala, SSL Fernandes… - Ciencia …, 2017",,Universidade Federal de Santa …,,,,,,,,,,Google Scholar; OpenAlex,2007
8JMKD3MGP8W/3GQ75L5,pii s0167 739x 10 00172 x|2010,pii s0167 739x 10 00172 x,2010,"L Dıaz, C Granell, M Gould, J Huerta",,2010,,,,,,,,,,Google Scholar; OpenAlex,2001
8JMKD3MGPDW34P/3NDC29P,pixel based classificatrion analyisis of land use land cover in tarom basin|1970,pixel based classificatrion analyisis of land use land cover in tarom basin,1970,"SB Hosseini, A Saremi… - … of Water and …, 1970",,Science and Research Branch …,,,,,,,,,,Google Scholar; OpenAlex,2016
83LX3pFwXQZ3V9uMbiY/MdJ7h,pixel based invariant feature extraction and its application to radiometric co registration for multi temporal high resolution satellite imagery|2010,pixel based invariant feature extraction and its application to radiometric co registration for multi temporal high resolution satellite imagery,2010,"Y Li, CH Davis - IEEE Journal of Selected Topics in Applied …, 2010",,ieeexplore.ieee.org,https://ieeexplore.ieee.org/abstract/document/5551253/,,,,,,,,,Google Scholar; OpenAlex,2004
8JMKD3MGPDW34P/3NDC29P,plagiarism a research framework for supervised image classification for tornado chaos phenomena phenomena|2018,plagiarism a research framework for supervised image classification for tornado chaos phenomena phenomena,2018,"W Wanayumini - International Journal of Engineering & …, 2018",,repository.una.ac.id,http://repository.una.ac.id/107/22/Cek%20Plagiat%20Jurnal%20Internasional%20A_Research_Framework_For_Supervised_Image_Classifi.pdf,,,,,,,,,Google Scholar; OpenAlex,2016
83LX3pFwXQZ3V9uMbiY/Nia6G,planar and non planar topologically consistent vector map simplification|2011,planar and non planar topologically consistent vector map simplification,2011,"P Corcoran, P Mooney, A Winstanley - International Journal of …, 2011",,Taylor & Francis,https://www.tandfonline.com/doi/abs/10.1080/13658816.2010.545062,,,,,,,,,Google Scholar; OpenAlex,2006
8JMKD3MGPDW34P/3KP3985,planejamento de rede de monitoramento de estruturas empregandose lst laser scanner terrestre|2019,planejamento de rede de monitoramento de estruturas empregandose lst laser scanner terrestre,2019,"EM GONÇALVES, LAK Veiga - Revista Brasileira de Cartografia, 2019",,seer.ufu.br,https://seer.ufu.br/index.php/revistabrasileiracartografia/article/download/48308/26975,,,,,,,,,Google Scholar; OpenAlex,2015
83LX3pFwXQZ3V9uMbiY/LHUxR,planejamento geoespacial em terras indigenas|2015,planejamento geoespacial em terras indigenas,2015,TD Gonçalves,,2015,https://repositorio.ufmg.br/items/83f87a00-529c-4b19-80b9-29fc7be3e861,,,,,,,,,Google Scholar; OpenAlex,2005
8JMKD3MGP8W/3GTEJ3P,planejamento urbano e ambiente digital|2015,planejamento urbano e ambiente digital,2015,"CP Toralles, CAM Marques - Revista de Ciências Gerenciais, 2015",,,,,,,,,,,,Google Scholar; OpenAlex,2002
8JMKD3MGP8W/3FCBR3B,planning wireless backhaul links by testing line of sight and fresnel zone clearance|2023,planning wireless backhaul links by testing line of sight and fresnel zone clearance,2023,"PE Brown, K Czapiga, A Jotshi, Y Kanza… - ACM Transactions on …, 2023",,dl.acm.org,https://dl.acm.org/doi/abs/10.1145/3517382,,,,,,,,,Google Scholar; OpenAlex,2013
8JMKD3MGPDW34P/3SEUQQP,plastic pollution on beaches in an antillean manatee conservation area brazil|2024,plastic pollution on beaches in an antillean manatee conservation area brazil,2024,"MH de Oliveira, MES Verissimo, BC da Silva… - Marine Pollution …, 2024",,Elsevier,https://www.sciencedirect.com/science/article/pii/S0025326X24010397,,,,,,,,,Google Scholar; OpenAlex,2018
83LX3pFwXQZ4BFjAq/mxUqf,plataforma cad para elaboracao de projetos e gerenciamento e controle de impressao 3d com enfase na construcao civil|2020,plataforma cad para elaboracao de projetos e gerenciamento e controle de impressao 3d com enfase na construcao civil,2020,M Menezes,,2020,https://repositorio.ifgoiano.edu.br/handle/prefix/990,,,,,,,,,Google Scholar; OpenAlex,2000
83LX3pFwXQZ3V9uMbiY/LHTK3,popmusic for the point feature label placement problem|2009,popmusic for the point feature label placement problem,2009,"ACF Alvim, ÉD Taillard - European Journal of Operational Research, 2009",,Elsevier,https://www.sciencedirect.com/science/article/pii/S0377221707010041,,,,,,,,,Google Scholar; OpenAlex,2005
8JMKD3MGPDW34P/3SEUQ98,porting disk based spatial index structures to flash based solid state drives|2022,porting disk based spatial index structures to flash based solid state drives,2022,"AC Carniel, G Roumelis, RR Ciferri, M Vassilakopoulos… - GeoInformatica, 2022",,Springer,https://link.springer.com/article/10.1007/s10707-021-00455-w,,,,,,,,,Google Scholar; OpenAlex,2018
8JMKD3MGPDW34P/3KK5L2S,postal address extraction from the web a comprehensive survey m kayed et al|2022,postal address extraction from the web a comprehensive survey m kayed et al,2022,"M Kayed, S Dakrory, AA Ali - Artificial Intelligence Review, 2022",,Springer,https://link.springer.com/article/10.1007/s10462-021-09983-1,,,,,,,,,Google Scholar; OpenAlex,2010
8JMKD3MGPDW34P/3KQ2JSL,poster relative relationship odp scaling case|2015,poster relative relationship odp scaling case,2015,"H Ferguson, CF Vardeman II - CEUR Workshop Proceedings, 2015",,academia.edu,https://www.academia.edu/download/81345938/paper_83.pdf,,,,,,,,,Google Scholar; OpenAlex,2012
8JMKD3MGP8W/3GQ74T5,postgeoolap an open source tool for decision support|2005,postgeoolap an open source tool for decision support,2005,"G Colonese, RS Manhães, SM González… - Simpósio Brasileiro de …, 2005",,sol.sbc.org.br,https://sol.sbc.org.br/index.php/sbsi/article/view/14976,,,,,,,,,Google Scholar; OpenAlex,2001
83LX3pFwXQZ3V9uMbiY/MhUig,postgis raster plugin for quantum gis|2011,postgis raster plugin for quantum gis,2011,"MCM de Paulo, L Vinhas - Lúbia Vinhas and Clodoveu Davis Junior …, 2011",,academia.edu,https://www.academia.edu/download/83998004/proceedings_geoinfo2011.pdf#page=154,,,,,,,,,Google Scholar; OpenAlex,2003
8JMKD3MGPDW34R/3UFEAMH,potencial produtivo da cana de acucar modelo metodologico baseado em indices biofisicos com dados sentinel 2 msi|2023,potencial produtivo da cana de acucar modelo metodologico baseado em indices biofisicos com dados sentinel 2 msi,2023,JN Soares Filho,,2023,https://search.proquest.com/openview/7f7a9b3a3092e8095212649d932ba5fc/1?pq-origsite=gscholar&cbl=2026366&diss=y,,,,,,,,,Google Scholar; OpenAlex,2019
83LX3pFwXQZ3V9uMbiY/MimPC,pre procesamiento de datos vectoriales|2017,pre procesamiento de datos vectoriales,2017,LAC Fajardo,,2017,https://centrogeo.repositorioinstitucional.mx/jspui/bitstream/1012/150/1/06-Pre-Procesamiento%20de%20Datos%20Vectoriales%20-%20Diplomado%20de%20An%C3%A1lisis%20de%20Informaci%C3%B3n%20Geoespacial.pdf,,,,,,,,,Google Scholar; OpenAlex,2003
8JMKD3MGPDW34P/4ADCN3L,predicting rice stem stink bug population dynamics based on gamlss models|2020,predicting rice stem stink bug population dynamics based on gamlss models,2020,"EJ Seidel, JB Pazini, VLD Tomazella… - Environmental …, 2020",,academic.oup.com,https://academic.oup.com/ee/article-abstract/49/5/1145/5908825,,,,,,,,,Google Scholar,2023
8JMKD3MGPDW34P/3KP32ES,predicting the transportation activities of construction waste hauling trucks an input output hidden markov approach|2023,predicting the transportation activities of construction waste hauling trucks an input output hidden markov approach,2023,"H Yang, B Lei, K Han, L Liu - arXiv preprint arXiv:2312.03780, 2023",,arxiv.org,https://arxiv.org/abs/2312.03780,,,,,,,,,Google Scholar; OpenAlex,2015
83LX3pFwXQZ3V9uMbiY/LHTEt,prediction of wireless network connectivity using a taylor kriging approach|2011,prediction of wireless network connectivity using a taylor kriging approach,2011,"H Liu, SK Al-Khafaji, AE Smith - International Journal of …, 2011",,inderscienceonline.com,https://www.inderscienceonline.com/doi/abs/10.1504/IJAIP.2011.039744,,,,,,,,,Google Scholar; OpenAlex,2005
8JMKD3MGPDW34P/3NDC42E,predictive in memory multi level indexing algorithm for spatiotemporal trajectory streams in distributed environments|2024,predictive in memory multi level indexing algorithm for spatiotemporal trajectory streams in distributed environments,2024,N Phung,,2024,https://search.proquest.com/openview/6029cafa9a149378a7b2bbc44d87743e/1?pq-origsite=gscholar&cbl=18750&diss=y,,,,,,,,,Google Scholar; OpenAlex,2016
8JMKD3MGPDW34P/3Q5DPJ2,preference learning based decision map algebra specification and implementation|2019,preference learning based decision map algebra specification and implementation,2019,"AM Abubahia, S Chakhar, M Cocea - UK Workshop on Computational …, 2019",,Springer,https://link.springer.com/chapter/10.1007/978-3-030-29933-0_29,,,,,,,,,Google Scholar; OpenAlex,2017
83LX3pFwXQZ3V9uMbiY/LHU82,premature mortality due to non communicable diseases in brazilian municipalities estimated for the three year periods of 2010 to 2012 and 2015 to 2017|2021,premature mortality due to non communicable diseases in brazilian municipalities estimated for the three year periods of 2010 to 2012 and 2015 to 2017,2021,"LSM Cardoso, RA Teixeira… - Revista Brasileira de …, 2021",,SciELO Public Health,https://www.scielosp.org/article/rbepid/2021.v24suppl1/e210005/en/,,,,,,,,,Google Scholar; OpenAlex,2005
83LX3pFwXQZ3V9uMbiY/NiagS,preprocessing position data of mobile objects|2008,preprocessing position data of mobile objects,2008,"N Hönle, M Grossmann, D Nicklas… - The Ninth International …, 2008",,ieeexplore.ieee.org,https://ieeexplore.ieee.org/abstract/document/4511433/,,,,,,,,,Google Scholar; OpenAlex,2006
8JMKD3MGP3W34P/42H356B,press the button online offline mobile applications in an agricultural context|2016,press the button online offline mobile applications in an agricultural context,2016,"M Bartling, S Sotelo, A Eitzinger, K Atzmanstorfer - GI_Forum 2016,, 2016",,austriaca.at,https://www.austriaca.at/rootcollection?arp=0x0033fe93,,,,,,,,,Google Scholar; OpenAlex,2014
8JMKD3MGPDW34P/3SG4E4P,previsao da producao de soja utilizando imagens de satelite e logica fuzzy|2021,previsao da producao de soja utilizando imagens de satelite e logica fuzzy,2021,"JF de França, CC Souza… - … , Agrárias e da …, 2021",,ensaioseciencia.pgsscogna.com.br,https://ensaioseciencia.pgsscogna.com.br/ensaioeciencia/article/view/8218,,,,,,,,,Google Scholar; OpenAlex,2018
8JMKD3MGPDW34P/3KJKN5S,price formation on a housing market and spatial income segregation|2016,price formation on a housing market and spatial income segregation,2016,"M Pangallo, JP Nadal, A Vignes - ArXiv e-prints, arXiv, 2016",,,,,,,,,,,,Google Scholar; OpenAlex,2008
8JMKD3MGPDW34R/3UFDFDB,privacidade de dados de localizacao modelos tecnicas e mecanismos|2021,privacidade de dados de localizacao modelos tecnicas e mecanismos,2021,"JC Machado, ERD Neto - Sociedade Brasileira de Computação, 2021",,scholar.archive.org,https://scholar.archive.org/work/c6sr6ap7kvh23gb6xrgtkyzjlu/access/wayback/https://sol.sbc.org.br/livros/index.php/sbc/catalog/download/67/294/546-1,,,,,,,,,Google Scholar; OpenAlex,2019
8JMKD3MGP8W/3D62AT5,privacy preserving trajectory publication against parking point attacks|2013,privacy preserving trajectory publication against parking point attacks,2013,"P Sui, T Wo, Z Wen, X Li - … and Computing and 2013 IEEE 10th …, 2013",,ieeexplore.ieee.org,https://ieeexplore.ieee.org/abstract/document/6726261/,,,,,,,,,Google Scholar; OpenAlex,2012
8JMKD3MGP8W/3D62AT5,privacy risks in publication of taxi gps data|2014,privacy risks in publication of taxi gps data,2014,"P Sui, T Wo, Z Wen, X Li - 2014 IEEE Intl Conf on High …, 2014",,ieeexplore.ieee.org,https://ieeexplore.ieee.org/abstract/document/7056894/,,,,,,,,,Google Scholar; OpenAlex,2012
8JMKD3MGPDW34P/3KK5KM2,proactive monitoring of moving objects|2012,proactive monitoring of moving objects,2012,"F da Costa Albuquerque, I Barbosa, MA Casanova… - ICEIS (1), 2012",,scitepress.org,https://www.scitepress.org/PublishedPapers/2012/39886/39886.pdf,,,,,,,,,Google Scholar; OpenAlex,2010
8JMKD3MGPDW34P/3KK5KM2,probabilistic activity recognition in navigation|2014,probabilistic activity recognition in navigation,2014,"O Font, G Frances, A Jonsson, P Bartie… - 2014 11th Workshop …, 2014",,ieeexplore.ieee.org,https://ieeexplore.ieee.org/abstract/document/6843309/,,,,,,,,,Google Scholar; OpenAlex,2010
8JMKD3MGPDW34P/3KJKF3P,probabilistic framework for mining knowledge from georeferenced social annotation|2015,probabilistic framework for mining knowledge from georeferenced social annotation,2015,S Intagorn,,2015,https://search.proquest.com/openview/86fea1bccdddc99f43c7248cb57d68c5/1?pq-origsite=gscholar&cbl=18750&diss=y,,,,,,,,,Google Scholar; OpenAlex,2008
8JMKD3MGPDW34P/3KP34LS,procedimento para compatibilizar mapas em diferentes escalas eo problema da mudanca de suporte espacial|2020,procedimento para compatibilizar mapas em diferentes escalas eo problema da mudanca de suporte espacial,2020,"MP Libório, O da Silva Martinuci, RM Hadad… - Caminhos de …, 2020",,seer.ufu.br,https://seer.ufu.br/index.php/caminhosdegeografia/article/download/49943/28771,,,,,,,,,Google Scholar; OpenAlex,2015
83LX3pFwXQZ5Jpy/p2cBt,procedimentos para levantamento e analise de dados para confeccao de uma banco de dados geografico|2004,procedimentos para levantamento e analise de dados para confeccao de uma banco de dados geografico,2004,"DMM Júnior, REN Loch - COBRAC, 2004",,ojs.sites.ufsc.br,https://ojs.sites.ufsc.br/index.php/cobrac/article/view/10019,,,,,,,,,Google Scholar; OpenAlex,1999
8JMKD3MGPDW34P/3SEUQFS,processamento de consultas analiticas espaciais sobre dados de cidades inteligentes|2020,processamento de consultas analiticas espaciais sobre dados de cidades inteligentes,2020,"JPC Santos, CDA Ciferri - Companion proceedings, 2020",,repositorio.usp.br,https://repositorio.usp.br/directbitstream/b7766f8e-e563-44b4-8eed-8130f8b5a7e0/3046837.pdf,,,,,,,,,Google Scholar; OpenAlex,2018
8JMKD3MGP8W/3GTELGE,processamento de consultas em bancos de dados geograficos ambiguos|2010,processamento de consultas em bancos de dados geograficos ambiguos,2010,"VBN Coelho - Rio de Janeiro: UFRJ/COPPE, 2010",,objdig.ufrj.br,http://objdig.ufrj.br/60/teses/coppe_d/VagnerBragaNunesCoelho.pdf,,,,,,,,,Google Scholar; OpenAlex,2002
83LX3pFwXQZ3V9uMbiY/NiaHU,producao e aplicacao de hidrolisado de proteinas do soro de queijo bovino no preparado de suplemento nutricional minimizacao da sarcopenia em ratos idosos|2009,producao e aplicacao de hidrolisado de proteinas do soro de queijo bovino no preparado de suplemento nutricional minimizacao da sarcopenia em ratos idosos,2009,DP Marques,,2009,https://repositorio.unesp.br/items/7687ed8c-d28b-4bf2-a620-901760bab549,,,,,,,,,Google Scholar; OpenAlex,2006
83LX3pFwXQZ3V9uMbiY/Mipqu,produtos gerados pelo georeferenciamento de ocorrencias para auxiliar na tomada de decisao no cbmdf|2019,produtos gerados pelo georeferenciamento de ocorrencias para auxiliar na tomada de decisao no cbmdf,2019,TS Reichert,,2019,http://biblioteca.cbm.df.gov.br/jspui/handle/123456789/60,,,,,,,,,Google Scholar; OpenAlex,2003
8JMKD3MGPDW34P/3KP2T4E,profiling online social network platforms twitter vs instagram|2021,profiling online social network platforms twitter vs instagram,2021,"V Ayora, F Horita, C Kamienski",,2021,https://aisel.aisnet.org/hicss-54/dsm/digital_methods/2/,,,,,,,,,Google Scholar; OpenAlex,2015
83LX3pFwXQZ4BFjAq/mGafE,programacao generica aplicada a algoritmos de agrupamento|2002,programacao generica aplicada a algoritmos de agrupamento,2002,"GR Queiroz, L Vinhas, KR Ferreira… - Workshop dos Cursos …, 2002",,academia.edu,https://www.academia.edu/download/67558265/Programao_genrica_Aplicada_a_algoritmos_20210608-8623-18994ez.pdf,,,,,,,,,Google Scholar; OpenAlex,2000
83LX3pFwXQZ4BFjAq/mGafE,programacao generica aplicada a algoritmos geograficos|2002,programacao generica aplicada a algoritmos geograficos,2002,"L Vinhas, GR de Queiroz, K Ferreira… - IV Simpósio …, 2002",,mtc-m12.sid.inpe.br,http://mtc-m12.sid.inpe.br/attachment.cgi/sid.inpe.br/iris@1912/2005/07.21.01.02.56/doc/vinhas.pdf,,,,,,,,,Google Scholar; OpenAlex,2000
83LX3pFwXQZ3V9uMbiY/MdK47,programacao hibrida mpi e openmp|2013,programacao hibrida mpi e openmp,2013,"NS Ribeiro, LGL Fernandes",,2013,https://www.researchgate.net/profile/Luiz-Fernandes-4/publication/267809001_Programacao_Hibrida_MPI_e_OpenMP/links/561e760b08ae50795afefdda/Programacao-Hibrida-MPI-e-OpenMP.pdf,,,,,,,,,Google Scholar; OpenAlex,2004
83LX3pFwXQZ3V9uMbiY/NiaFE,progress and challenges on entity alignment of geographic knowledge bases|2019,progress and challenges on entity alignment of geographic knowledge bases,2019,"K Sun, Y Zhu, J Song - ISPRS International Journal of Geo-Information, 2019",,mdpi.com,https://www.mdpi.com/2220-9964/8/2/77,,,,,,,,,Google Scholar; OpenAlex,2006
83LX3pFwXQZ3V9uMbiY/Nia6G,progressive transmission of vector curve data over internetcao zhenzhouli manchun|2013,progressive transmission of vector curve data over internetcao zhenzhouli manchun,2013,"Z Cao, M Li, L Cheng, Z Chen - Geomatics and Information Science of Wuhan …, 2013",,,,,,,,,,,,Google Scholar; OpenAlex,2006
83LX3pFwXQZ3V9uMbiY/LHUuu,project leader|2018,project leader,2018,L Fonseca,,2018,http://www.dpi.inpe.br/gilberto/papers/e-sensing.pdf,,,,,,,,,Google Scholar; OpenAlex,2005
8JMKD3MGPDW34P/3KJKFU8,projecting landscape changes in southern chile simulation of human and natural processes driving land transformation|2011,projecting landscape changes in southern chile simulation of human and natural processes driving land transformation,2011,"SL Marín, L Nahuelhual, C Echeverría, WE Grant - Ecological modelling, 2011",,Elsevier,https://www.sciencedirect.com/science/article/pii/S0304380011002560,,,,,,,,,Google Scholar; OpenAlex,2008
83LX3pFwXQZeBBx/oS9cf,projeto conceitual de banco de dados geograficos atraves da reutilizacao de esquemas utilizando padroes de analise e um framework conceitual|2000,projeto conceitual de banco de dados geograficos atraves da reutilizacao de esquemas utilizando padroes de analise e um framework conceitual,2000,J Lisboa Filho,,2000,,,,,,,,,,Google Scholar; OpenAlex,1999
83LX3pFwXQZeBBx/oS9cf,projeto de banco de dados para sistemas de informacao geografica|2001,projeto de banco de dados para sistemas de informacao geografica,2001,"J Lisboa Filho - Revista Eletrônica de Iniciação Científica-REIC/SBC, 2001",,,,,,,,,,,,Google Scholar; OpenAlex,1999
83LX3pFwXQZ3V9uMbiY/MdK47,propagation and provenance of probabilistic and interval uncertainty in cyberinfrastructure related data processing and data fusion|2007,propagation and provenance of probabilistic and interval uncertainty in cyberinfrastructure related data processing and data fusion,2007,"P Pinheiro da Silva, AA Velasco, M Ceberio, C Servin…",,2007,https://scholarworks.utep.edu/cs_techrep/225/,,,,,,,,,Google Scholar; OpenAlex,2004
83LX3pFwXQZ3V9uMbiY/Mc4v6,propondo uma linguagem de consulta geografica multidimensional|2004,propondo uma linguagem de consulta geografica multidimensional,2004,"J Da Silva, VC Times, AC Salgado… - GEOINFO, 2004",,researchgate.net,https://www.researchgate.net/profile/Ana-Carolina-Salgado/publication/220913323_Propondo_uma_Linguagem_de_Consulta_Geografica_Multidimensional/links/09e4150c62c3423885000000/Propondo-uma-Linguagem-de-Consulta-Geografica-Multidimensional.pdf,,,,,,,,,Google Scholar; OpenAlex,2004
83LX3pFwXQZ3V9uMbiY/LHUxR,proposal of an academic spatial data infrastructure for the federal university of vicosa|2020,proposal of an academic spatial data infrastructure for the federal university of vicosa,2020,"PL e Silva, AP dos Santos… - International Journal of …, 2020",,ijsdir.sadl.kuleuven.be,https://ijsdir.sadl.kuleuven.be/index.php/ijsdir/article/view/496,,,,,,,,,Google Scholar; OpenAlex,2005
83LX3pFwXQZ3V9uMbiY/NiaVh,proposicao de infra estrutura de dados espaciais sdi local baseada em arquitetura orientada por servicos soa|2008,proposicao de infra estrutura de dados espaciais sdi local baseada em arquitetura orientada por servicos soa,2008,"PA Oliveira, CAD Junior… - URL [On line]: http://www …, 2008",,researchgate.net,https://www.researchgate.net/profile/Clodoveu-Davis-Jr/publication/228776338_Proposicao_de_Infra-Estrutura_de_Dados_Espaciais_SDI_Local_Baseada_em_Arquitetura_Orientada_por_Servicos_SOA/links/5419880d0cf25ebee98869fa/Proposicao-de-Infra-Estrutura-de-Dados-Espaciais-SDI-Local-Baseada-em-Arquitetura-Orientada-por-Servicos-SOA.pdf,,,,,,,,,Google Scholar; OpenAlex,2006
8JMKD3MGP8W/3GQ6SSH,proposicao de modelo conceitual de banco de dados geoespacial para o cadastro ambiental rural|2017,proposicao de modelo conceitual de banco de dados geoespacial para o cadastro ambiental rural,2017,"R de Souza Couto, RS Brites, E de Souza Bias… - Revista Brasileira de …, 2017",,seer.ufu.br,https://seer.ufu.br/index.php/revistabrasileiracartografia/article/download/43991/23242,,,,,,,,,Google Scholar; OpenAlex,2001
83LX3pFwXQZ4BFjAq/mGafE,proposing a model for property and equipment location management in libraries and documentation centers a geographic information system gis the case of|2015,proposing a model for property and equipment location management in libraries and documentation centers a geographic information system gis the case of,2015,"R Pournaghi, F Babalhavaeji - Librarianship and Information …, 2015",,nastinfo.nlai.ir,https://nastinfo.nlai.ir/article_23.html?lang=en,,,,,,,,,Google Scholar; OpenAlex,2000
8JMKD3MGP3W34P/3N2UA78,proposta de mapeamento de cobertura e uso da terra a partir do metodo de detalhamento progressivo estudo de caso para o entorno dos reservatorios das|2022,proposta de mapeamento de cobertura e uso da terra a partir do metodo de detalhamento progressivo estudo de caso para o entorno dos reservatorios das,2022,I de Souza Silva,,2022,https://search.proquest.com/openview/9e13fdb9d6939877c51e4d32fb2fa871/1?pq-origsite=gscholar&cbl=2026366&diss=y,,,,,,,,,Google Scholar; OpenAlex,2016
8JMKD3MGP8W/3GTJAAE,proposta de uma extensao do padrao fgdc csgdm para dados de radar meteorologico|2005,proposta de uma extensao do padrao fgdc csgdm para dados de radar meteorologico,2005,"LC Pinheiro, MSMG Vaz… - Publicatio UEPG: Ciências …, 2005",,revistas.uepg.br,https://revistas.uepg.br/index.php/exatas/article/view/857,,,,,,,,,Google Scholar; OpenAlex,2002
83LX3pFwXQZ3V9uMbiY/MdHf2,propuesta preliminar de soporte para la integracion de datos metadatos y conocimiento geografico mediante geo ontologias|2009,propuesta preliminar de soporte para la integracion de datos metadatos y conocimiento geografico mediante geo ontologias,2009,"R Oliva Santos, E Garea-Llano… - VI Jornadas para el …, 2009",,academia.edu,https://www.academia.edu/download/77429006/JDARE-09-K.pdf,,,,,,,,,Google Scholar; OpenAlex,2004
8JMKD3MGP8W/3FCBQME,prospective detection of outbreaks|2019,prospective detection of outbreaks,2019,"B Allévius, M Höhle - Handbook of infectious disease data …, 2019",,books.google.com,https://books.google.com/books?hl=pt-BR&lr=&id=cXC9DwAAQBAJ&oi=fnd&pg=PA411&ots=Lk3A727yl5&sig=DKtiYiNEFa8D2fvY_3zZMRIX8qI,,,,,,,,,Google Scholar; OpenAlex,2013
83LX3pFwXQZ3V9uMbiY/LHTj8,prospective space time surveillance with cumulative surfaces for geographical identification of the emerging cluster|2015,prospective space time surveillance with cumulative surfaces for geographical identification of the emerging cluster,2015,"T Paiva, R Assunção, T Simões - Computational Statistics, 2015",,Springer,https://link.springer.com/article/10.1007/s00180-014-0541-y,,,,,,,,,Google Scholar; OpenAlex,2005
83LX3pFwXQZ3V9uMbiY/Mc9AB,prostorna segregacija romskog stanovnistva u međimurskoj zupaniji|2009,prostorna segregacija romskog stanovnistva u međimurskoj zupaniji,2009,"H Šlezak - Croatian Geographical/Hrvatski Geografski Glasnik, 2009",,researchgate.net,https://www.researchgate.net/profile/Hrvoje-Slezak/publication/306219870_Spatial_Segregation_of_the_Roma_Population_in_Medimurje_County/links/65948b9e0bb2c7472b2c4e3d/Spatial-Segregation-of-the-Roma-Population-in-Medimurje-County.pdf,,,,,,,,,Google Scholar; OpenAlex,2004
8JMKD3MGPDW34P/3KP2T4E,providing a greater precision of situational awareness of urban floods through multimodal fusion|2022,providing a greater precision of situational awareness of urban floods through multimodal fusion,2022,"TAG da Costa, RI Meneguette, J Ueyama - Expert Systems with …, 2022",,Elsevier,https://www.sciencedirect.com/science/article/pii/S095741742101277X,,,,,,,,,Google Scholar; OpenAlex,2015
83LX3pFwXQZ3V9uMbiY/Mc4v6,providing geographic multidimensional decision support over the web|2005,providing geographic multidimensional decision support over the web,2005,"J da Silva, VC Times, RN Fidalgo… - Asia-Pacific Web …, 2005",,Springer,https://link.springer.com/chapter/10.1007/978-3-540-31849-1_46,,,,,,,,,Google Scholar; OpenAlex,2004
83LX3pFwXQZ3V9uMbiY/Mc4v6,providing multidimensional and geographical integration based on a gdw and metamodels|2010,providing multidimensional and geographical integration based on a gdw and metamodels,2010,"R do Nascimento Fidalgo, VC Times… - … of information and …, 2010",,journals-sol.sbc.org.br,https://journals-sol.sbc.org.br/index.php/jidm/article/view/946,,,,,,,,,Google Scholar; OpenAlex,2004
83LX3pFwXQZ3V9uMbiY/LHTNp,providing semantic links to the invisible geospatial web|2012,providing semantic links to the invisible geospatial web,2012,"FJ López-Pellicer, R Béjar",,2012,https://books.google.com/books?hl=pt-BR&lr=&id=tXKDgfvx2UIC&oi=fnd&pg=PA1&ots=z6lDVlD8Nj&sig=zLJ40I_XfXGJe94GI8_-_Epy3UM,,,,,,,,,Google Scholar; OpenAlex,2005
83LX3pFwXQZ3V9uMbiY/MipaK,publicacao e integracao de workflows cientıficos na web|2005,publicacao e integracao de workflows cientıficos na web,2005,GZ Pastorello Jr,,2005,https://repositorio.unicamp.br/Busca/Download?codigoArquivo=488856,,,,,,,,,Google Scholar; OpenAlex,2003
8JMKD3MGPDW34P/3NDBUPE,qgissparql integrando dados conectados e sistemas de informacao geografica|2023,qgissparql integrando dados conectados e sistemas de informacao geografica,2023,"N de JS Junior, SS Costa, CDS Silva - Escola Regional de …, 2023",,sol.sbc.org.br,https://sol.sbc.org.br/index.php/ercemapi/article/view/28468,,,,,,,,,Google Scholar; OpenAlex,2016
8JMKD3MGPDW34R/3UFEBCB,qpec qgis toolkit for evaluating geospatial data positional accuracy according to the brazilian cartographic accuracy standard|2023,qpec qgis toolkit for evaluating geospatial data positional accuracy according to the brazilian cartographic accuracy standard,2023,"ENN Elias, S Giehl, FR Amorim, MAR Schmidt… - Anuário do Instituto de …, 2023",,redalyc.org,https://www.redalyc.org/journal/6953/695375062030/html/,,,,,,,,,Google Scholar; OpenAlex,2019
8JMKD3MGPDW34P/4ADBK2H,qq spm spatial keyword search based on qualitative and quantitative spatial patterns|2025,qq spm spatial keyword search based on qualitative and quantitative spatial patterns,2025,"CVAM Pontes, CEC Campelo… - … of Information and …, 2025",SEM_MATCH,journals-sol.sbc.org.br,https://journals-sol.sbc.org.br/index.php/jidm/article/view/4182,,,,,,,,,Google Scholar; OpenAlex,2023
8JMKD3MGPDW34P/4ADBK2H,qqespm gs an efficient solution for geo textual search parameterized by graph based spatial patterns|2026,qqespm gs an efficient solution for geo textual search parameterized by graph based spatial patterns,2026,"CVAM Pontes, CEC Campelo… - International Journal of …, 2026",,Taylor & Francis,https://www.tandfonline.com/doi/abs/10.1080/13658816.2026.2620025,,,,,,,,,Google Scholar,2023
83LX3pFwXQZ3V9uMbiY/MioRd,qualitative geocoding of persistent web pages|2008,qualitative geocoding of persistent web pages,2008,"A Angel, C Lontou, D Pfoser, A Efentakis - Proceedings of the 16th ACM …, 2008",,dl.acm.org,https://dl.acm.org/doi/abs/10.1145/1463434.1463460,,,,,,,,,Google Scholar; OpenAlex,2003
8JMKD3MGPDW34P/3KR52SE,quality assessment of volunteered geographic information a survey|2024,quality assessment of volunteered geographic information a survey,2024,"D Nciri, S Sassi, R Chbeir, S Faiz - Transactions on Large-Scale Data-and …, 2024",,Springer,https://link.springer.com/chapter/10.1007/978-3-662-70140-9_5,,,,,,,,,Google Scholar; OpenAlex,2013
8JMKD3MGP3W34P/42H34US,quality attributes and methods for vgi|2016,quality attributes and methods for vgi,2016,"JHS Câmara, J Lisboa-Filho, WD de Souza… - … Science and Its …, 2016",,Springer,https://link.springer.com/chapter/10.1007/978-3-319-42111-7_24,,,,,,,,,Google Scholar; OpenAlex,2014
83LX3pFwXQZ3V9uMbiY/MimPC,quality evaluation of postal address datasets measuring their autocorrelation|2019,quality evaluation of postal address datasets measuring their autocorrelation,2019,"H Rezayan, J Sadidi, V Hosseini - GeoJournal, 2019",,Springer,https://link.springer.com/article/10.1007/s10708-018-9940-x,,,,,,,,,Google Scholar; OpenAlex,2003
83LX3pFwXQZ3V9uMbiY/MdGTa,quality management of rural and urban planning|2011,quality management of rural and urban planning,2011,"DH Liang, P Lii, DS Liang - 2011 International Conference on …, 2011",,ieeexplore.ieee.org,https://ieeexplore.ieee.org/abstract/document/6002945/,,,,,,,,,Google Scholar; OpenAlex,2004
8JMKD3MGPDW34P/3NDDJ25,quality of location based crowdsourced speed data on surface streets a case study of waze and bluetooth speed data in sevierville tn|2020,quality of location based crowdsourced speed data on surface streets a case study of waze and bluetooth speed data in sevierville tn,2020,"N Hoseinzadeh, Y Liu, LD Han, C Brakewood… - … Environment and Urban …, 2020",,Elsevier,https://www.sciencedirect.com/science/article/pii/S0198971520302519,,,,,,,,,Google Scholar; OpenAlex,2016
83LX3pFwXQZ3V9uMbiY/Mc9AB,quantitative indicators of residential segregation|2007,quantitative indicators of residential segregation,2007,"I Ratkaj - Zbornik radova-Geografski fakultet Univerziteta u …, 2007",,gery.gef.bg.ac.rs,https://gery.gef.bg.ac.rs/handle/123456789/243,,,,,,,,,Google Scholar; OpenAlex,2004
8JMKD3MGP3W34P/42GRRDH,quantitative remote sensing fundamentals and environmental applications|2024,quantitative remote sensing fundamentals and environmental applications,2024,J Gao,,2024,https://books.google.com/books?hl=pt-BR&lr=&id=S4shEQAAQBAJ&oi=fnd&pg=PP1&ots=N9lsutif0g&sig=rR1eenMRJtvP73KuB-0SXXHbw00,,,,,,,,,Google Scholar; OpenAlex,2014
83LX3pFwXQZ3V9uMbiY/MhUig,query and visualization of extremely large network datasets over the web using quadtree based kml regional network links|2009,query and visualization of extremely large network datasets over the web using quadtree based kml regional network links,2009,"U Dadi, C Liu, RR Vatsavai - 2009 17th International …, 2009",,ieeexplore.ieee.org,https://ieeexplore.ieee.org/abstract/document/5293465/,,,,,,,,,Google Scholar; OpenAlex,2003
83LX3pFwXQZ3V9uMbiY/MhUig,querying patterns in high dimensional heterogenous datasets|2012,querying patterns in high dimensional heterogenous datasets,2012,V Singh,,2012,https://search.proquest.com/openview/8a07d6bf4feae877c0ae4b64551fcead/1?pq-origsite=gscholar&cbl=18750,,,,,,,,,Google Scholar; OpenAlex,2003
83LX3pFwXQZ3V9uMbiY/MhUig,querying spatial patterns|2010,querying spatial patterns,2010,"V Singh, A Bhattacharya, AK Singh - Proceedings of the 13th …, 2010",,dl.acm.org,https://dl.acm.org/doi/abs/10.1145/1739041.1739092,,,,,,,,,Google Scholar; OpenAlex,2003
8JMKD3MGPDW34P/3KJKN5S,race culture and practice segregation and local food in birmingham alabama|2014,race culture and practice segregation and local food in birmingham alabama,2014,"Z Henson, G Munsey - Urban geography, 2014",,Taylor & Francis,https://www.tandfonline.com/doi/abs/10.1080/02723638.2014.941691,,,,,,,,,Google Scholar; OpenAlex,2008
8JMKD3MGPDW34P/4ADCN3L,radial basis functions applied to the spatial interpolation of categorical variables effect of parameters neighborhood and number of categories|2026,radial basis functions applied to the spatial interpolation of categorical variables effect of parameters neighborhood and number of categories,2026,"RM Lima, EJ Seidel - Boletim de Ciências Geodésicas, 2026",,SciELO Brasil,https://www.scielo.br/j/bcg/a/qcgCVDZ4kWR9khTj9vsqy6x/?lang=en,,,,,,,,,Google Scholar,2023
8JMKD3MGPDW34P/3Q5DQHL,random forest techniques for spatial interpolation of evapotranspiration data from brazilian s northeast|2019,random forest techniques for spatial interpolation of evapotranspiration data from brazilian s northeast,2019,"JC da Silva Junior, V Medeiros, C Garrozi… - … and electronics in …, 2019",,Elsevier,https://www.sciencedirect.com/science/article/pii/S0168169919302315,,,,,,,,,Google Scholar; OpenAlex,2017
8JMKD3MGP3W34P/42H34L2,ranking de relevancia baseado em informacoes geograficas e sociais|2016,ranking de relevancia baseado em informacoes geograficas e sociais,2016,JH ROCHA,,2016,https://dspace.sti.ufcg.edu.br/handle/riufcg/661,,,,,,,,,Google Scholar; OpenAlex,2014
8JMKD3MGP8W/3HHGCGP,raphael do vale amaral gomes|2010,raphael do vale amaral gomes,2010,C da PUC-Rio,,2010,https://www2.tecgraf.puc-rio.br/press/publication/Gomes2010/Gomes2010.pdf,,,,,,,,,Google Scholar; OpenAlex,2007
83LX3pFwXQZ3V9uMbiY/NiaHU,raster and vector integration for fuzzy vector information representation within gis|2012,raster and vector integration for fuzzy vector information representation within gis,2012,"E Grandchamp - Application of Geographic Information Systems, 2012",,books.google.com,https://books.google.com/books?hl=pt-BR&lr=&id=kcePDwAAQBAJ&oi=fnd&pg=PA21&ots=KPUn3QCtKf&sig=iBudg-_hXho0wC39jKniBvCIcQ0,,,,,,,,,Google Scholar; OpenAlex,2006
8JMKD3MGPDW34P/43PLDDS,rastreia saude a spatiotemporal disease tracking system through open unstructured data and gis|2021,rastreia saude a spatiotemporal disease tracking system through open unstructured data and gis,2021,"LHA Cardim, NP Kozievitch - Rev. Bras. Cartogr, 2021",,seer.ufu.br,https://seer.ufu.br/index.php/revistabrasileiracartografia/article/download/59881/32713,,,,,,,,,Google Scholar; OpenAlex,2020
83LX3pFwXQZ3V9uMbiY/LHUKe,rdengue um ambiente para o monitoramento de ovos do mosquito aedes aegypti|2008,rdengue um ambiente para o monitoramento de ovos do mosquito aedes aegypti,2008,"W BONAT, HS Dallazuana, PJR Junior, AMV Monteiro…",,2008,http://mtc-m16c.sid.inpe.br/attachment.cgi/sid.inpe.br/mtc-m16c/2015/11.13.18.35/doc/proceedings_geoinfo2008.173_180.pdf,,,,,,,,,Google Scholar; OpenAlex,2005
83LX3pFwXQZ3V9uMbiY/LHU82,re producao do espaco urbano de juiz de fora mg e distribuicao espacial da tuberculose|2008,re producao do espaco urbano de juiz de fora mg e distribuicao espacial da tuberculose,2008,JR Angelo,,2008,https://bdtd.ibict.br/vufind/Record/CRUZ_c6874de4b182470674407ba0e06b1aba,,,,,,,,,Google Scholar; OpenAlex,2005
83LX3pFwXQZ3V9uMbiY/Mc9ry,real time content transformations in a web service based delivery architecture for geographic information|2007,real time content transformations in a web service based delivery architecture for geographic information,2007,L Lehto,,2007,https://aaltodoc.aalto.fi/items/0f9518ac-6f42-403a-b5b8-d58f12d21a64,,,,,,,,,Google Scholar; OpenAlex,2004
83LX3pFwXQZ3V9uMbiY/NiagS,real time interactive analysis on big data|2020,real time interactive analysis on big data,2020,"Z Yuan - Journal of Software, 2020",,sciengine.com,https://www.sciengine.com/doi/10.13328/j.cnki.jos.005886,,,,,,,,,Google Scholar; OpenAlex,2006
8JMKD3MGPDW34P/4ADCMKH,reasoning over heterogeneous geospatial schemas aligning authoritative taxonomies and collaborative folksonomies through large language models|2026,reasoning over heterogeneous geospatial schemas aligning authoritative taxonomies and collaborative folksonomies through large language models,2026,"FA Souza, SP Camboim - ISPRS International Journal of Geo-Information, 2026",,mdpi.com,https://www.mdpi.com/2220-9964/15/2/87,,,,,,,,,Google Scholar,2023
8JMKD3MGPDW34P/3NDC4BB,recognizing human daily activity using social media sensors and deep learning|2019,recognizing human daily activity using social media sensors and deep learning,2019,"J Gong, R Li, H Yao, X Kang, S Li - International Journal of Environmental …, 2019",,mdpi.com,https://www.mdpi.com/1660-4601/16/20/3955,,,,,,,,,Google Scholar; OpenAlex,2016
8JMKD3MGP3W34R/42GRPC2,recuperacao de dados por interpolacao para algoritmos on line de descoberta de padroes flock|2017,recuperacao de dados por interpolacao para algoritmos on line de descoberta de padroes flock,2017,"V Bezerra, D Sanches, D Kaster - Simpósio Brasileiro de Sistemas de …, 2017",,sol.sbc.org.br,https://sol.sbc.org.br/index.php/sbsi/article/view/6079,,,,,,,,,Google Scholar; OpenAlex,2015
83LX3pFwXQZ3V9uMbiY/MdHf2,recuperacion de objetos geoespaciales utilizando medidas de similitud semantica recuperacion de objetos geoespaciales utilizando medidas de similitud|2014,recuperacion de objetos geoespaciales utilizando medidas de similitud semantica recuperacion de objetos geoespaciales utilizando medidas de similitud,2014,"MG Neili, GR Lilibeth, BE Carlos - Revista Cubana de Ciencias …, 2014",,rcci.uci.cu,https://rcci.uci.cu/index.php/RCCI/article/view/780,,,,,,,,,Google Scholar; OpenAlex,2004
83LX3pFwXQZ3V9uMbiY/MdHf2,recuperacion de objetos geoespaciales utilizando medidas de similitud semantica|2014,recuperacion de objetos geoespaciales utilizando medidas de similitud semantica,2014,"N Machado-García, L González-Ruiz… - Revista Cubana de …, 2014",,redalyc.org,https://www.redalyc.org/pdf/3783/378334194009.pdf,,,,,,,,,Google Scholar; OpenAlex,2004
83LX3pFwXQZ4BFjAq/mEp4v,recuperacion e integracion de datos geoespaciales mediante alineacion de ontologias|2016,recuperacion e integracion de datos geoespaciales mediante alineacion de ontologias,2016,DRMJT RUIZ,,2016,,,,,,,,,,Google Scholar; OpenAlex,2000
8JMKD3MGPDW34P/4ADCP7P,rede espacial regional e localizacao de empresas de tecnologia da informacao um estudo configuracional para o rio grande do sul|2021,rede espacial regional e localizacao de empresas de tecnologia da informacao um estudo configuracional para o rio grande do sul,2021,LX Corrêa,SEM_MATCH,2021,https://lume.ufrgs.br/handle/10183/235906,,,,,,,,,Google Scholar; OpenAlex,2023
8JMKD3MGPDW34P/3KKHMK2,redesign de interfaces de usuario em sistemas de gestao territorial na web|2011,redesign de interfaces de usuario em sistemas de gestao territorial na web,2011,CA de Carvalho,,2011,https://repositorio.unicamp.br/acervo/detalhe/822086,,,,,,,,,Google Scholar; OpenAlex,2010
8JMKD3MGP3W34P/42GRQBL,redesigning the infrastructure and process of debriefing parcels|2017,redesigning the infrastructure and process of debriefing parcels,2017,IAB Mastenbroek,,2017,,,,,,,,,,Google Scholar; OpenAlex,2014
83LX3pFwXQZ3V9uMbiY/LHTfF,reducao de atributos utilizando analise discriminante com aplicacoes na deteccao de defeitos em couro bovino|2009,reducao de atributos utilizando analise discriminante com aplicacoes na deteccao de defeitos em couro bovino,2009,WP Amorim,,2009,https://repositorio.ufms.br/handle/123456789/514,,,,,,,,,Google Scholar; OpenAlex,2005
83LX3pFwXQZ3V9uMbiY/LHTfF,reducao de atributos utilizando analise discriminante de fisher com aplicacoes na deteccao de defeitos em couro bovino|2008,reducao de atributos utilizando analise discriminante de fisher com aplicacoes na deteccao de defeitos em couro bovino,2008,WP Amorim,,2008,http://www.gpec.ucdb.br/pistori/orientacoes/planos/willian2008.pdf,,,,,,,,,Google Scholar; OpenAlex,2005
83LX3pFwXQZ3V9uMbiY/MipaK,reengenharia do ontocover uma biblioteca java para manipular ontologias em aplicacoes da web semantica|2007,reengenharia do ontocover uma biblioteca java para manipular ontologias em aplicacoes da web semantica,2007,MO Moraes,,2007,https://repositorio.ufsc.br/handle/123456789/183969,,,,,,,,,Google Scholar; OpenAlex,2003
83LX3pFwXQZ3V9uMbiY/MdGsf,reference management in a loosely coupled distributed information system|2008,reference management in a loosely coupled distributed information system,2008,"M Grossmann, N Hönle, D Nicklas… - … European Conference on …, 2008",,Springer,https://link.springer.com/chapter/10.1007/978-3-540-85713-6_7,,,,,,,,,Google Scholar; OpenAlex,2004
8JMKD3MGPDW34P/3KJKN5S,reference research of the public housing policies of the united states and singapore for improving the diversification of shenzhen s security house location|2018,reference research of the public housing policies of the united states and singapore for improving the diversification of shenzhen s security house location,2018,"X Huang, K Chen - Journal of Landscape Research, 2018",,search.proquest.com,https://search.proquest.com/openview/3b586e1da55042acee58793a5d371f1f/1?pq-origsite=gscholar&cbl=1596366,,,,,,,,,Google Scholar; OpenAlex,2008
83LX3pFwXQZ3V9uMbiY/MimPC,region based dynamic weighting probabilistic geocoding|2014,region based dynamic weighting probabilistic geocoding,2014,Z Li,,2014,https://oaktrust.library.tamu.edu/items/2111b8d5-9da0-4a12-a176-cc6eb5058037,,,,,,,,,Google Scholar; OpenAlex,2003
8JMKD3MGPDW34P/4ADCN3L,regional wind variability in the state of rio grande do sul brazil|2025,regional wind variability in the state of rio grande do sul brazil,2025,"SD Santos, IS Leonardi, MD Cassenote, AM Silva… - HOLOS, 2025",SEM_MATCH,search.proquest.com,https://search.proquest.com/openview/d80335be6eb2217474b9dd0346796d80/1?pq-origsite=gscholar&cbl=1356374,,,,,,,,,Google Scholar; OpenAlex,2023
8JMKD3MGP8W/3GTJ9AP,regionalizacao via skater|2010,regionalizacao via skater,2010,"ECG Camargo, AMV Monteiro - SER-301 Análise Espacial de Dados Geográficos …, 2010",,,,,,,,,,,,Google Scholar; OpenAlex,2002
8JMKD3MGP8W/3HHLNQ5,regions of interest in trajectory data warehouse|2010,regions of interest in trajectory data warehouse,2010,"M Gorawski, P Jureczek - Asian Conference on Intelligent Information and …, 2010",,Springer,https://link.springer.com/chapter/10.1007/978-3-642-12145-6_8,,,,,,,,,Google Scholar; OpenAlex,2007
83LX3pFwXQZ3V9uMbiY/LHTK3,reinforced labels multi agent deep reinforcement learning for point feature label placement|2023,reinforced labels multi agent deep reinforcement learning for point feature label placement,2023,"P Bobák, L Čmolík, M Čadík - IEEE Transactions on …, 2023",,ieeexplore.ieee.org,https://ieeexplore.ieee.org/abstract/document/10246431/,,,,,,,,,Google Scholar; OpenAlex,2005
8JMKD3MGPDW34R/3UFDD2S,relating driver behaviour and response to messages through hmi in autonomous and connected vehicular environment|2022,relating driver behaviour and response to messages through hmi in autonomous and connected vehicular environment,2022,"MZ Iskandarani - Cogent Engineering, 2022",,Taylor & Francis,https://www.tandfonline.com/doi/abs/10.1080/23311916.2021.2002793,,,,,,,,,Google Scholar; OpenAlex,2019
8JMKD3MGPDW34P/4ADCP7P,relationships between urban network centrality and apartments prices in porto alegre brazil|2024,relationships between urban network centrality and apartments prices in porto alegre brazil,2024,"R Aguilar, C Maraschin - Finisterra, 2024",SEM_MATCH,revistas.rcaap.pt,https://revistas.rcaap.pt/finisterra/article/view/34731/,,,,,,,,,Google Scholar; OpenAlex,2023
8JMKD3MGP3W34P/3N2U8K2,remote sensing image time series metrics for distinction between pasture and croplands using the random forest classifier|2020,remote sensing image time series metrics for distinction between pasture and croplands using the random forest classifier,2020,"MAA Rodrigues, HN Bendini, AR Soares… - 2020 IEEE Latin …, 2020",,ieeexplore.ieee.org,https://ieeexplore.ieee.org/abstract/document/9165671/,,,,,,,,,Google Scholar; OpenAlex,2016
8JMKD3MGP3W34P/3N2UA78,remote sensing of woody plant species diversity estimation in a heterogeneous savanna vegetation ecosystem|2021,remote sensing of woody plant species diversity estimation in a heterogeneous savanna vegetation ecosystem,2021,E Fundisi,,2021,https://search.proquest.com/openview/d150170f25f57f6ad830cad933e7c1fb/1?pq-origsite=gscholar&cbl=2026366&diss=y,,,,,,,,,Google Scholar; OpenAlex,2016
83LX3pFwXQZ4BFjAq/mEp4v,repositorio semantico de datos espaciales|2010,repositorio semantico de datos espaciales,2010,JCV ROMERO,,2010,,,,,,,,,,Google Scholar; OpenAlex,2000
83LX3pFwXQZ4BFjAq/mEp4v,representacoes computacionais do espaco fundamentos epistemologicos da ciencia da geoinformacao|2003,representacoes computacionais do espaco fundamentos epistemologicos da ciencia da geoinformacao,2003,"G Câmara, AMV Monteiro… - …, 2003",,periodicos.rc.biblioteca.unesp.br,https://www.periodicos.rc.biblioteca.unesp.br/index.php/ageteo/article/view/1090,,,,,,,,,Google Scholar; OpenAlex,2000
83LX3pFwXQZ4BFjAq/mEp4v,representacoes computacionais do espaco um dialogo entre a geografia e a ciencia da geoinformacao|2001,representacoes computacionais do espaco um dialogo entre a geografia e a ciencia da geoinformacao,2001,"G Câmara, AMV Monteiro, JS MEDEIROS - Revista Geografia, 2001",,mtc-m12.sid.inpe.br,http://mtc-m12.sid.inpe.br/col/sid.inpe.br/iris@1912/2005/07.21.00.57.17/doc/2000_camara2.pdf,,,,,,,,,Google Scholar; OpenAlex,2000
83LX3pFwXQZeBBx/oS8KP,representation et construction des systemes d information par l image|2009,representation et construction des systemes d information par l image,2009,G Moreau,,2009,https://theses.hal.science/tel-00488770/,,,,,,,,,Google Scholar; OpenAlex,1999
83LX3pFwXQZ4BFjAq/mENBs,representing and processing polygonal maps with sector lists|2023,representing and processing polygonal maps with sector lists,2023,"JAS Ramos, C Esperança - Computers & Geosciences, 2023",,Elsevier,https://www.sciencedirect.com/science/article/pii/S009830042300122X,,,,,,,,,Google Scholar; OpenAlex,2000
8JMKD3MGP8W/3HHGHUE,representing storing and mining moving objects data|2011,representing storing and mining moving objects data,2011,"JH Peña, MY Santos - Proceedings of the World Congress on …, 2011",,iaeng.org,https://www.iaeng.org/publication/WCE2011/WCE2011_pp1823-1828.pdf,,,,,,,,,Google Scholar; OpenAlex,2007
8JMKD3MGP8W/3GTEJMH,representing uncertainty profile and movement history in mobile objects databases|2004,representing uncertainty profile and movement history in mobile objects databases,2004,"E Nóbrega, JT Rolim, VC Times - GEOINFO, 2004",,researchgate.net,https://www.researchgate.net/profile/Valeria-Times/publication/220913398_Representing_Uncertainty_Profile_and_Movement_History_in_Mobile_Objects_Databases/links/5445119e0cf2dccf30b7c626/Representing-Uncertainty-Profile-and-Movement-History-in-Mobile-Objects-Databases.pdf,,,,,,,,,Google Scholar; OpenAlex,2002
8JMKD3MGP3W34P/3N2U8K2,reproducible geospatial data science exploratory data analysis using collaborative analysis environments|2017,reproducible geospatial data science exploratory data analysis using collaborative analysis environments,2017,"AH Sánchez, L Vinhas, GR de Queiroz, REO Simões… - GEOINFO, 2017",,seer.ufu.br,https://seer.ufu.br/index.php/revistabrasileiracartografia/article/download/47410/25639,,,,,,,,,Google Scholar; OpenAlex,2016
8JMKD3MGPDW34P/3KKHK8H,research on complex data management and analysis at ufsc|2011,research on complex data management and analysis at ufsc,2011,"R dos Santos Mello, R Fileto… - … of Information and …, 2011",,journals-sol.sbc.org.br,https://journals-sol.sbc.org.br/index.php/jidm/article/view/1399,,,,,,,,,Google Scholar; OpenAlex,2010
83LX3pFwXQZ3V9uMbiY/NiaFE,research on development of agricultural geographic information ontology|2012,research on development of agricultural geographic information ontology,2012,"YQ Huang, Y ZHANG - Journal of Integrative Agriculture, 2012",,Elsevier,https://www.sciencedirect.com/science/article/pii/S209531191260077X,,,,,,,,,Google Scholar; OpenAlex,2006
8JMKD3MGP3W34P/3N2UAT8,research on distributed technology of spatiotemporal big data in large and medium sized smart cities driven by full space information|2025,research on distributed technology of spatiotemporal big data in large and medium sized smart cities driven by full space information,2025,"L Lu, H Zhao, H Zhou, Y Jiang - 2025 IEEE 6th International …, 2025",,ieeexplore.ieee.org,https://ieeexplore.ieee.org/abstract/document/11388713/,,,,,,,,,Google Scholar; OpenAlex,2016
8JMKD3MGP3W34P/3N2U8K2,research on improved method of storage and query of large scale remote sensing images|2018,research on improved method of storage and query of large scale remote sensing images,2018,"J Weipeng, T Dongxue, C Guangsheng… - Journal of Database …, 2018",,igi-global.com,https://www.igi-global.com/article/research-on-improved-method-of-storage-and-query-of-large-scale-remote-sensing-images/218924,,,,,,,,,Google Scholar; OpenAlex,2016
83LX3pFwXQZ3V9uMbiY/LHToB,research online|2018,research online,2018,"AKM AL-Nasrawi, BG Jones, YM Alyazichi, S Hamylton",,2018,https://ro.uow.edu.au/ndownloader/files/50451546,,,,,,,,,Google Scholar; OpenAlex,2005
8JMKD3MGPDW34P/3KJKN5S,residential income segregation a behavioral model of the housing market|2019,residential income segregation a behavioral model of the housing market,2019,"M Pangallo, JP Nadal, A Vignes - Journal of Economic Behavior & …, 2019",,Elsevier,https://www.sciencedirect.com/science/article/pii/S0167268119300228,,,,,,,,,Google Scholar; OpenAlex,2008
83LX3pFwXQZ3V9uMbiY/Mc9AB,residential segregation in warsaw and its metropolitan area in the context of changing housing policy|2018,residential segregation in warsaw and its metropolitan area in the context of changing housing policy,2018,"A Grzegorczyk, B Jaczewska",,2018,https://www.ceeol.com/search/article-detail?id=709389,,,,,,,,,Google Scholar; OpenAlex,2004
83LX3pFwXQZ3V9uMbiY/Mc9AB,residential segregation indices as tools for identifying socially vulnerable families|2005,residential segregation indices as tools for identifying socially vulnerable families,2005,"FF Feitosa, G Câmara, AMV Monteiro, T Koschitzki…",,2005,http://mtc-m12.sid.inpe.br/col/sid.inpe.br/iris@1912/2006/01.13.11.49/doc/residential%20segregation.PDF,,,,,,,,,Google Scholar; OpenAlex,2004
8JMKD3MGP8W/3GTJAAE,resolucao no 132 de 14 de dezembro de 2018|2015,resolucao no 132 de 14 de dezembro de 2018,2015,OPDOCS DO,,2015,https://portal.ifce.edu.br/documents/1893/Resolu%C3%A7%C3%A3o_131_-_2018.pdf,,,,,,,,,Google Scholar; OpenAlex,2002
8JMKD3MGPDW34P/4ADCN3L,responses to environmental variability by herbivorous insects and their natural enemies within a bioenergy crop miscanthus x giganteus|2021,responses to environmental variability by herbivorous insects and their natural enemies within a bioenergy crop miscanthus x giganteus,2021,"AW Coffin, DM Olson, L Seymour, DD Bosch… - Plos one, 2021",,journals.plos.org,https://journals.plos.org/plosone/article?id=10.1371/journal.pone.0246855,,,,,,,,,Google Scholar,2023
8JMKD3MGPDW34P/3NDDJ25,rethinking highway safety analysis by leveraging crowdsourced waze data|2020,rethinking highway safety analysis by leveraging crowdsourced waze data,2020,"X Li, B Dadashova, S Yu, Z Zhang - Sustainability, 2020",,mdpi.com,https://www.mdpi.com/2071-1050/12/23/10127,,,,,,,,,Google Scholar; OpenAlex,2016
8JMKD3MGP3W34P/3N2U8K2,retracted article relationship between land use carbon emission and economic growth based on gis|2021,retracted article relationship between land use carbon emission and economic growth based on gis,2021,"X Shen, L Huang, J Zhu, J Gao - Arabian Journal of Geosciences, 2021",,Springer,https://link.springer.com/article/10.1007/s12517-021-06794-0,,,,,,,,,Google Scholar; OpenAlex,2016
8JMKD3MGP3W34P/3N2U8K2,retracted article the characters of teaching physical qigong in coastal area based on geological management information system|2021,retracted article the characters of teaching physical qigong in coastal area based on geological management information system,2021,"S Wang - Arabian Journal of Geosciences, 2021",,Springer,https://link.springer.com/article/10.1007/s12517-021-06856-3,,,,,,,,,Google Scholar; OpenAlex,2016
8JMKD2USPTW34P/4DKBAFL,revelando dinamicas da agricultura itinerante na amazonia a sinergia entre dados de campo e classificacao de series temporais de imagens de|2025,revelando dinamicas da agricultura itinerante na amazonia a sinergia entre dados de campo e classificacao de series temporais de imagens de,2025,"MS Reis, ÉT Rodrigues, E Gomes… - Rev. Bras. Cartogr, 2025",SEM_MATCH,seer.ufu.br,https://seer.ufu.br/index.php/revistabrasileiracartografia/article/download/79282/42518/379877,,,,,,,,,Google Scholar; OpenAlex,2025
83LX3pFwXQZ3V9uMbiY/Nib3w,reverse geocoding for photo captioning with a meta gazetteer|2014,reverse geocoding for photo captioning with a meta gazetteer,2014,"V Tanasescu, PD Smart, CB Jones - Proceedings of the 22nd ACM …, 2014",,dl.acm.org,https://dl.acm.org/doi/abs/10.1145/2666310.2666492,,,,,,,,,Google Scholar; OpenAlex,2006
8JMKD3MGP3W34P/3N2U8K2,review of ubiquitous computing based on markov chain and high complexity data streaming model|2020,review of ubiquitous computing based on markov chain and high complexity data streaming model,2020,"P Chen - 2020 Third International Conference on Smart …, 2020",,ieeexplore.ieee.org,https://ieeexplore.ieee.org/abstract/document/9214168/,,,,,,,,,Google Scholar; OpenAlex,2016
83LX3pFwXQZ3V9uMbiY/Nib3w,revising the constraints of lightweight mediated schemas|2010,revising the constraints of lightweight mediated schemas,2010,"MA Casanova, T Lauschner, LAPP Leme… - Data & Knowledge …, 2010",,Elsevier,https://www.sciencedirect.com/science/article/pii/S0169023X10001254,,,,,,,,,Google Scholar; OpenAlex,2006
83LX3pFwXQZ3V9uMbiY/Nib3w,revisitando os desafios da recuperacao de informacao geografica na web|2010,revisitando os desafios da recuperacao de informacao geografica na web,2010,"LT Li, R da Silva Torres - Caderno CPqd, Tecnologia, Campinas, 2010",,ic.unicamp.br,https://www.ic.unicamp.br/~reltech/2009/09-18.pdf,,,,,,,,,Google Scholar; OpenAlex,2006
8JMKD3MGPDW34P/3Q5DM7H,revisiting food deserts in north carolina usa using a cloud based real time quality assurance quality control qa qc tool revisiting food deserts in north|2023,revisiting food deserts in north carolina usa using a cloud based real time quality assurance quality control qa qc tool revisiting food deserts in north,2023,"T Mulrooney, I Gutierrez",,2023,https://par.nsf.gov/biblio/10477170,,,,,,,,,Google Scholar; OpenAlex,2017
8JMKD3MGP3W34P/42H363P,riobusdata outlier detection in bus routes of rio de janeiro|2016,riobusdata outlier detection in bus routes of rio de janeiro,2016,"A Bessa, FM Silva, RF Nogueira, E Bertini… - arXiv preprint arXiv …, 2016",,arxiv.org,https://arxiv.org/abs/1601.06128,,,,,,,,,Google Scholar; OpenAlex,2014
8JMKD3MGP8W/3HHLNQ5,road map generation and feature extraction algorithms from gps trajectories and trajectories data warehousing|2020,road map generation and feature extraction algorithms from gps trajectories and trajectories data warehousing,2020,T Alsahfi,,2020,https://mavmatrix.uta.edu/cse_dissertations/388/,,,,,,,,,Google Scholar; OpenAlex,2007
8JMKD3MGPDW34P/3KP3262,road network based region of interest mining and social relationship recommendation r tan y zhang|2019,road network based region of interest mining and social relationship recommendation r tan y zhang,2019,"R Tan, Y Zhang - Soft Computing, 2019",,Springer,https://link.springer.com/article/10.1007/s00500-019-03759-0,,,,,,,,,Google Scholar; OpenAlex,2015
8JMKD3MGPDW34P/3Q5DUE5,road network graph representation for traffic analysis and routing|2022,road network graph representation for traffic analysis and routing,2022,"C Bachechi, L Po - European Conference on Advances in Databases and …, 2022",,Springer,https://link.springer.com/chapter/10.1007/978-3-031-15740-0_7,,,,,,,,,Google Scholar; OpenAlex,2017
8JMKD3MGPDW34P/3KR52SE,routes generation for selective collection of urban waste using volunteered geographic information|2019,routes generation for selective collection of urban waste using volunteered geographic information,2019,"VEC Dias, VG Sperandio… - 2019 14th Iberian …, 2019",,ieeexplore.ieee.org,https://ieeexplore.ieee.org/abstract/document/8760773/,,,,,,,,,Google Scholar; OpenAlex,2013
83LX3pFwXQZ3V9uMbiY/NiaA4,rule based evolution of typed spatiotemporal objects|2007,rule based evolution of typed spatiotemporal objects,2007,"O Bittencourt, G Câmara, L Vinhas… - IX Brazilian Symposium on …, 2007",,dpi.inpe.br,http://www.dpi.inpe.br/gilberto/papers/olga_geoinfo2007.pdf,,,,,,,,,Google Scholar; OpenAlex,2006
83LX3pFwXQZ3V9uMbiY/NiaRQ,rural electrification pathways an implementation of leap and gis tools in mali energies 2021 14 3338|2021,rural electrification pathways an implementation of leap and gis tools in mali energies 2021 14 3338,2021,"V Sessa, R Bhandari, A Ba",,2021,https://epb.bibl.th-koeln.de/frontdoor/deliver/index/docId/1708/file/energies-14-03338-v2.pdf,,,,,,,,,Google Scholar; OpenAlex,2006
83LX3pFwXQZ3V9uMbiY/NiaRQ,rural electrification pathways an implementation of leap and gis tools in mali|2021,rural electrification pathways an implementation of leap and gis tools in mali,2021,"V Sessa, R Bhandari, A Ba - Energies, 2021",,mdpi.com,https://www.mdpi.com/1996-1073/14/11/3338,,,,,,,,,Google Scholar; OpenAlex,2006
83LX3pFwXQZ3V9uMbiY/MimPC,safety at quebec s roundabouts investigating injuries and accident occurrence|2014,safety at quebec s roundabouts investigating injuries and accident occurrence,2014,S Burns,,2014,https://search.proquest.com/openview/cc076f6adb6b320b265cf6fe1907048b/1?pq-origsite=gscholar&cbl=18750&diss=y,,,,,,,,,Google Scholar; OpenAlex,2003
83LX3pFwXQZ3V9uMbiY/MimPC,sagel smart address geocoding engine for supply chain logistics|2016,sagel smart address geocoding engine for supply chain logistics,2016,"A Chatterjee, J Anjaria, S Roy, A Ganguli… - Proceedings of the 24th …, 2016",,dl.acm.org,https://dl.acm.org/doi/abs/10.1145/2996913.2996917,,,,,,,,,Google Scholar; OpenAlex,2003
8JMKD3MGPDW34P/487MH25,sagingeo a space aerial ground integrated framework for vgi geolocalization in multi disaster scenarios|2026,sagingeo a space aerial ground integrated framework for vgi geolocalization in multi disaster scenarios,2026,"W Yin, F Deuser, J Jiang, Z Liu, X Luo… - IEEE Journal of …, 2026",SEM_MATCH,ieeexplore.ieee.org,https://ieeexplore.ieee.org/abstract/document/11603959/,,,,,,,,,Google Scholar; OpenAlex,2022
8JMKD3MGPDW34P/4ADCRLE,sam2 elnet label enhancement and automatic annotation for remote sensing segmentation|2025,sam2 elnet label enhancement and automatic annotation for remote sensing segmentation,2025,"J Yang, W Yu, Y Lv, J Sun, B Sun… - IEEE Journal of Selected …, 2025",,ieeexplore.ieee.org,https://ieeexplore.ieee.org/abstract/document/11143946/,,,,,,,,,Google Scholar,2023
83LX3pFwXQZ3V9uMbiY/MdJcT,sampling basierte roadmaps fur unbemannte luftfahrzeuge zur eigenstandigen durchfuhrung von aufgaben in strukturreicher umgebung|2024,sampling basierte roadmaps fur unbemannte luftfahrzeuge zur eigenstandigen durchfuhrung von aufgaben in strukturreicher umgebung,2024,FM Adolf,,2024,https://search.proquest.com/openview/91fc34f0b06d9a42a44198cc6f6e51ba/1?pq-origsite=gscholar&cbl=2026366&diss=y,,,,,,,,,Google Scholar; OpenAlex,2004
8JMKD3MGP3W34P/3N2U8K2,sat cep monitor an air quality monitoring software architecture combining complex event processing with satellite remote sensing|2021,sat cep monitor an air quality monitoring software architecture combining complex event processing with satellite remote sensing,2021,"BEB Semlali, C El Amrani, G Ortiz… - Computers & Electrical …, 2021",,Elsevier,https://www.sciencedirect.com/science/article/pii/S0045790621002421,,,,,,,,,Google Scholar; OpenAlex,2016
83LX3pFwXQZ3V9uMbiY/MimPC,saudavel bridging the gap between research and services in public health operational programs by multi institutional networking development and use|2009,saudavel bridging the gap between research and services in public health operational programs by multi institutional networking development and use,2009,"AMV Monteiro, MS Carvalho, R Assunçao, W Vieira… - Rev. Bras …, 2009",,academia.edu,https://www.academia.edu/download/43465354/ArtigoSAUDAVELAgo2004.pdf,,,,,,,,,Google Scholar; OpenAlex,2003
83LX3pFwXQZ3V9uMbiY/NiagS,scalable spatial groupby aggregations over complex polygons|2020,scalable spatial groupby aggregations over complex polygons,2020,"L Abdelhafeez, A Magdy, VJ Tsotras - Proceedings of the 28th …, 2020",,dl.acm.org,https://dl.acm.org/doi/abs/10.1145/3397536.3422222,,,,,,,,,Google Scholar; OpenAlex,2006
83LX3pFwXQZ3V9uMbiY/NiagS,scalable spatial grouping queries in big data systems|2024,scalable spatial grouping queries in big data systems,2024,LMH Abdelhafeez,,2024,https://search.proquest.com/openview/e90c8a76d7fafd2aaed6b44f0c58f935/1?pq-origsite=gscholar&cbl=18750&diss=y,,,,,,,,,Google Scholar; OpenAlex,2006
8JMKD3MGPDW34P/3KP38AL,scale matters spatially partitioned unsupervised segmentation parameter optimization for large and heterogeneous satellite images|2018,scale matters spatially partitioned unsupervised segmentation parameter optimization for large and heterogeneous satellite images,2018,"S Georganos, T Grippa, M Lennert, S Vanhuysse… - Remote Sensing, 2018",,mdpi.com,https://www.mdpi.com/2072-4292/10/9/1440,,,,,,,,,Google Scholar; OpenAlex,2015
8JMKD3MGPDW34P/3Q5DLK2,scales of inequality the role of spatial extent in environmental justice analysis|2022,scales of inequality the role of spatial extent in environmental justice analysis,2022,"C Carvalho, AG Del Campo… - Landscape and Urban …, 2022",,Elsevier,https://www.sciencedirect.com/science/article/pii/S0169204622000184,,,,,,,,,Google Scholar; OpenAlex,2017
8JMKD3MGP8W/3B25HBP,scaling up slic superpixels using a tile based approach|2019,scaling up slic superpixels using a tile based approach,2019,"D Derksen, J Inglada, J Michel - IEEE transactions on …, 2019",,ieeexplore.ieee.org,https://ieeexplore.ieee.org/abstract/document/8606448/,,,,,,,,,Google Scholar; OpenAlex,2011
8JMKD3MGP8W/3HHGCGP,schema matching using similarity models|2008,schema matching using similarity models,2008,"LAP Leme, MA Casanova",,2008,,,,,,,,,,Google Scholar; OpenAlex,2007
83LX3pFwXQZ3V9uMbiY/Nia6G,schematic maps for in car navigation schematizing car routes with polygonal landmarks and surrounding street network to improve digital map interaction|2021,schematic maps for in car navigation schematizing car routes with polygonal landmarks and surrounding street network to improve digital map interaction,2021,ML Galvão,,2021,,,,,,,,,,Google Scholar; OpenAlex,2006
83LX3pFwXQZ3V9uMbiY/LHTK3,schematized visualizations of shortest paths in road networks|2010,schematized visualizations of shortest paths in road networks,2010,"A Gemsa - Informatiktage, 2010",,i11www.iti.kit.edu,https://i11www.iti.kit.edu/_media/teaching/theses/files/da-gemsa-09.pdf,,,,,,,,,Google Scholar; OpenAlex,2005
8JMKD3MGPDW34P/3SEUN7L,scientometric review and visualisation of city information modeling cim trends and future directions|2025,scientometric review and visualisation of city information modeling cim trends and future directions,2025,"ED Okonta, GC Israel, FO Okeke - Discover Cities, 2025",,Springer,https://link.springer.com/article/10.1007/s44327-025-00072-4,,,,,,,,,Google Scholar; OpenAlex,2018
8JMKD3MGP8W/3HHGGN5,sciframe a conceptual framework to describe data sharing in e science|2009,sciframe a conceptual framework to describe data sharing in e science,2009,"RDA Senra, CB Medeiros - SBBD. III e-Science Workshop, 2009",,academia.edu,https://www.academia.edu/download/123881720/sbbd2009.pdf,,,,,,,,,Google Scholar; OpenAlex,2007
83LX3pFwXQZ3V9uMbiY/Mc9Hq,scrutinize analysis of crime investigation assigned weighted approach|2023,scrutinize analysis of crime investigation assigned weighted approach,2023,"T Kittappa, SM Snehal, J Amrutha, JJ Osborne… - Migration …, 2023",,academia.edu,https://www.academia.edu/download/118377744/4344.pdf,,,,,,,,,Google Scholar; OpenAlex,2004
8JMKD3MGPDW34P/3KJKLB2,sdi as a corporate tool and sharing instrument datageo s role in sao paulo s environmental system|2017,sdi as a corporate tool and sharing instrument datageo s role in sao paulo s environmental system,2017,"CR Freitas, CR Freitas, AT Ohata… - Revista Brasileira de …, 2017",,academia.edu,https://www.academia.edu/download/85809103/24170.pdf,,,,,,,,,Google Scholar; OpenAlex,2008
8JMKD3MGP3W34P/42GRQJB,searching for data sources for the semantic enrichment of trajectories|2016,searching for data sources for the semantic enrichment of trajectories,2016,"LAPP Leme, C Renso, BP Nunes, GR Lopes… - … Conference on Web …, 2016",,Springer,https://link.springer.com/chapter/10.1007/978-3-319-48743-4_19,,,,,,,,,Google Scholar; OpenAlex,2014
83LX3pFwXQZ3V9uMbiY/LHUxR,searching for metadata using knowledge bases and topic maps in spatial data infrastructures|2009,searching for metadata using knowledge bases and topic maps in spatial data infrastructures,2009,"OC Da Silva, J Lisboa-Filho, JL Braga… - Earth science …, 2009",,Springer,https://link.springer.com/article/10.1007/s12145-009-0039-2,,,,,,,,,Google Scholar; OpenAlex,2005
83LX3pFwXQZ3V9uMbiY/LHUxR,searching metadata in spatial data infrastructures for urban planning at local level|2011,searching metadata in spatial data infrastructures for urban planning at local level,2011,"OC Silva, TS Miranda, J Lisboa-Filho… - 2011 International …, 2011",,ieeexplore.ieee.org,https://ieeexplore.ieee.org/abstract/document/6002890/,,,,,,,,,Google Scholar; OpenAlex,2005
8JMKD3MGPDW34P/45U7LQS,seasonal study on changing trends in climatic extremes indicators in the brazilian territory|2023,seasonal study on changing trends in climatic extremes indicators in the brazilian territory,2023,"T Brasileiro - Rev. Bras. Cartogr, 2023",,researchgate.net,https://www.researchgate.net/profile/Marconi-Pereira-4/publication/376513171_Seasonal_Study_on_Changing_Trends_in_Climatic_Extremes_Indicators_in_the_Brazilian_Territory_Estudo_Sazonal_sobre_Mudanca_de_Tendencias_em_Indicadores_de_Extremos_Climaticos_no_Territorio_Brasileiro/links/657b09dacbd2c535ea28e8d4/Seasonal-Study-on-Changing-Trends-in-Climatic-Extremes-Indicators-in-the-Brazilian-Territory-Estudo-Sazonal-sobre-Mudanca-de-Tendencias-em-Indicadores-de-Extremos-Climaticos-no-Territorio-Brasileiro.pdf,,,,,,,,,Google Scholar,2021
8JMKD3MGP8W/3HHGCGP,secure and flexible information sharing in federated systems|2021,secure and flexible information sharing in federated systems,2021,S Oni,,2021,https://search.proquest.com/openview/9f7408ce602e69a9427019002602e63d/1?pq-origsite=gscholar&cbl=18750&diss=y,,,,,,,,,Google Scholar; OpenAlex,2007
8JMKD3MGP8W/3HHGCPE,segmentacao automatica de areas urbanas em imagens de sensoriamento remoto|2011,segmentacao automatica de areas urbanas em imagens de sensoriamento remoto,2011,"AG Marco, AB Bruno, FA Rodrigues… - Learning and …, 2011",,repositorio.usp.br,https://repositorio.usp.br/directbitstream/38d0a611-c8d8-431c-b3b8-aeaf651247a0/PROD018408_2201117.pdf,,,,,,,,,Google Scholar; OpenAlex,2007
83LX3pFwXQZ3V9uMbiY/Mc9AB,segregacion residencial migracion y movilidad espacial el caso de santiago de chile|2007,segregacion residencial migracion y movilidad espacial el caso de santiago de chile,2007,"JR Vignoli - Cadernos metrópole, 2007",,revistas.pucsp.br,https://revistas.pucsp.br/metropole/article/view/8768/,,,,,,,,,Google Scholar; OpenAlex,2004
83LX3pFwXQZ3V9uMbiY/Mc9AB,segregation in the city of groningen an explorative study into the developments in housing income and segregation based on income in the city of|2021,segregation in the city of groningen an explorative study into the developments in housing income and segregation based on income in the city of,2021,IW de Vries,,2021,,,,,,,,,,Google Scholar; OpenAlex,2004
83LX3pFwXQZ3V9uMbiY/Mc9AB,segregation in the city of groningen|2021,segregation in the city of groningen,2021,I de Vries,,2021,,,,,,,,,,Google Scholar; OpenAlex,2004
83LX3pFwXQZ4BFjAq/mGafE,selecao de candidatos uma estrategia para incorporacao da distancia de mahalanobis no algoritmo k medias n 7|2008,selecao de candidatos uma estrategia para incorporacao da distancia de mahalanobis no algoritmo k medias n 7,2008,"DM Uba, LV Dutra - 7th Brazilian Conference on Dynamics, Control and …, 2008",,,,,,,,,,,,Google Scholar; OpenAlex,2000
83LX3pFwXQZ3V9uMbiY/Nia6G,self intersecting polygons resulting from contour evolution for shape similarity|2009,self intersecting polygons resulting from contour evolution for shape similarity,2009,"P Corcoran, A Winstanley, P Mooney… - International Journal of …, 2009",,World Scientific,https://www.worldscientific.com/doi/abs/10.1142/S0218654309001227,,,,,,,,,Google Scholar; OpenAlex,2006
8JMKD3MGP8W/3HHGF2E,semantic access to inspire|2011,semantic access to inspire,2011,"S Tschirner, A Scherp, S Staab - Terra Cognita 2011 …, 2011",,informatik.rwth-aachen.de,http://ftp.informatik.rwth-aachen.de/Publications/CEUR-WS/Vol-798/proceedings.pdf#page=83,,,,,,,,,Google Scholar; OpenAlex,2007
8JMKD3MGP8W/3GTJAAE,semantic alignment of official and collaborative geospatial data a case study in brazil|2024,semantic alignment of official and collaborative geospatial data a case study in brazil,2024,"AA Machado, SP Camboim - Rev. Bras. Cartogr, 2024",,seer.ufu.br,https://seer.ufu.br/index.php/revistabrasileiracartografia/article/download/72070/38763,,,,,,,,,Google Scholar; OpenAlex,2002
8JMKD3MGPDW34P/3KK5KM2,semantic based anomalous pattern discovery in moving object trajectories|1946,semantic based anomalous pattern discovery in moving object trajectories,1946,"E Camossi, P Villa, L Mazzola - arXiv preprint arXiv:1305.1946, 2013",,arxiv.org,https://arxiv.org/abs/1305.1946,,,,,,,,,Google Scholar; OpenAlex,2010
8JMKD3MGPDW34P/3KLNJLS,semantic based geospatial data integration with unique features|2018,semantic based geospatial data integration with unique features,2018,"Y Zhang, C Li, N Chen, S Liu, L Du… - … , and Applications of …, 2018",,igi-global.com,https://www.igi-global.com/chapter/semantic-based-geospatial-data-integration-with-unique-features/196447,,,,,,,,,Google Scholar; OpenAlex,2011
8JMKD3MGP3W34P/42GRQJB,semantic enrichment and analysis of movement data probably it is just starting|2015,semantic enrichment and analysis of movement data probably it is just starting,2015,"R Fileto, V Bogorny, C May, D Klein - SIGSPATIAL Special, 2015",,dl.acm.org,https://dl.acm.org/doi/abs/10.1145/2782759.2782763,,,,,,,,,Google Scholar; OpenAlex,2014
83LX3pFwXQZ3V9uMbiY/MimPC,semantic expansion of geographic web queries based on natural language positioning expressions|2007,semantic expansion of geographic web queries based on natural language positioning expressions,2007,"TM Delboni, KAV Borges, AHF Laender… - Transactions in …, 2007",,Wiley Online Library,https://onlinelibrary.wiley.com/doi/abs/10.1111/j.1467-9671.2007.01051.x,,,,,,,,,Google Scholar; OpenAlex,2003
83LX3pFwXQZ4BFjAq/mENBs,semantic granularity in ontology driven geographic information systems|2002,semantic granularity in ontology driven geographic information systems,2002,"F Fonseca, M Egenhofer, C Davis… - Annals of mathematics and …, 2002",,Springer,https://link.springer.com/article/10.1023/A:1015808104769,,,,,,,,,Google Scholar; OpenAlex,2000
83LX3pFwXQZ3V9uMbiY/Mc4v6,semantic integration between geographical information system gis and online analytical processing olap|2007,semantic integration between geographical information system gis and online analytical processing olap,2007,"MA Ismail - T3 Information Systems for Competitive Advantage, 2007",,academia.edu,https://www.academia.edu/download/32417769/ISCA.pdf,,,,,,,,,Google Scholar; OpenAlex,2004
83LX3pFwXQZ4BFjAq/mEp4v,semantic interoperability in healthcare information systems a top level ontology based solution|2013,semantic interoperability in healthcare information systems a top level ontology based solution,2013,"F Farinelli, MB Almeida - 4th Enterprise Engineering Working …, 2013",,ciaonetwork.org,http://www.ciaonetwork.org/uploads/eewc2014/doctoral_consortium/papers/fernanda_farinelli.pdf,,,,,,,,,Google Scholar; OpenAlex,2000
83LX3pFwXQZ3V9uMbiY/LHTNp,semantic linkage of the invisible geospatial web|2011,semantic linkage of the invisible geospatial web,2011,FJL Pellicer,,2011,https://dialnet.unirioja.es/servlet/tesis?codigo=22467,,,,,,,,,Google Scholar; OpenAlex,2005
8JMKD3MGPDW34P/3KK5LE2,semantic relatedness algorithm for keyword sets of geographic metadata|2020,semantic relatedness algorithm for keyword sets of geographic metadata,2020,"Z Chen, Y Yang - Cartography and Geographic Information Science, 2020",,Taylor & Francis,https://www.tandfonline.com/doi/abs/10.1080/15230406.2019.1647797,,,,,,,,,Google Scholar; OpenAlex,2010
8JMKD3MGP8W/3HHGDJL,semantic similarity of product and service names in portuguese an approach based on onto pt|2022,semantic similarity of product and service names in portuguese an approach based on onto pt,2022,"E Gonçalves - CLEI electronic journal, 2022",,clei.org,https://www.clei.org/cleiej/index.php/cleiej/article/view/557,,,,,,,,,Google Scholar; OpenAlex,2007
8JMKD3MGPDW34P/3KK5KM2,semantic trajectories a survey from modeling to application|2015,semantic trajectories a survey from modeling to application,2015,"BH Albanna, IF Moawad, SM Moussa… - Information Fusion and …, 2015",,Springer,https://link.springer.com/chapter/10.1007/978-3-319-16667-4_4,,,,,,,,,Google Scholar; OpenAlex,2010
8JMKD3MGPDW34P/3NDC4BB,semantic trajectory inference from geo tagged tweets|2019,semantic trajectory inference from geo tagged tweets,2019,"Q Huang, X Liu - Abstracts of the ICA, 2019",,ica-abs.copernicus.org,https://ica-abs.copernicus.org/articles/1/129/2019/,,,,,,,,,Google Scholar; OpenAlex,2016
8JMKD3MGPDW34P/3KK5KM2,semantic trajectory knowledge discovery a promising way to extract meaningful patterns from spatiotemporal data|2017,semantic trajectory knowledge discovery a promising way to extract meaningful patterns from spatiotemporal data,2017,"S Chakri, S Raghay, S El Hadaj - International Journal of Software …, 2017",,World Scientific,https://www.worldscientific.com/doi/abs/10.1142/S0218194017500140,,,,,,,,,Google Scholar; OpenAlex,2010
8JMKD3MGPDW34P/3NDC42E,semantic trajectory modelling in indoor and outdoor spaces|2020,semantic trajectory modelling in indoor and outdoor spaces,2020,"H Noureddine, C Ray… - 2020 21st IEEE …, 2020",,ieeexplore.ieee.org,https://ieeexplore.ieee.org/abstract/document/9162193/,,,,,,,,,Google Scholar; OpenAlex,2016
8JMKD3MGP3W34P/42GRQJB,semantic understanding of spatio temporal data technology application|2018,semantic understanding of spatio temporal data technology application,2018,"D Yao - Journal of software, 2018",,sciengine.com,https://www.sciengine.com/doi/10.13328/j.cnki.jos.005576,,,,,,,,,Google Scholar; OpenAlex,2014
8JMKD3MGP8W/3HHLNQ5,semantic view on trajectory data for ambulance services enhancement modeling storage and analysis issues|2014,semantic view on trajectory data for ambulance services enhancement modeling storage and analysis issues,2014,"F Jenhani, J Akaichi - 6th International Workshop on Business Intelligence for …, 2014",,,,,,,,,,,,Google Scholar; OpenAlex,2007
8JMKD3MGPDW34P/3KLNJLS,semantic web and geospatial unique features based geospatial data integration|2016,semantic web and geospatial unique features based geospatial data integration,2016,"Y Zhang, C Li, N Chen, S Liu, L Du… - International Journal on …, 2016",,igi-global.com,https://www.igi-global.com/article/semantic-web-and-geospatial-unique-features-based-geospatial-data-integration/149200,,,,,,,,,Google Scholar; OpenAlex,2011
8JMKD3MGPDW34P/45U7L2L,semi automated parcel based reports for different environmental conditions based on open source technologies|2024,semi automated parcel based reports for different environmental conditions based on open source technologies,2024,E Šahinović,SEM_MATCH,2024,https://eplus.uni-salzburg.at/Abschlussarbeiten/content/titleinfo/10620624/full.pdf,,,,,,,,,Google Scholar; OpenAlex,2021
83LX3pFwXQZ4BFjAq/mxUyb,semi automatic road network extraction from digital images using object based classification and morphological operators|2018,semi automatic road network extraction from digital images using object based classification and morphological operators,2018,"DM Nunes, NG Medeiros, AP Santos - Boletim de Ciências …, 2018",,SciELO Brasil,https://www.scielo.br/j/bcg/a/F6TCNb5GWhv4ynWgTtbGtyQ/?lang=en,,,,,,,,,Google Scholar; OpenAlex,2000
83LX3pFwXQZ3V9uMbiY/MimPC,semiotics of addressing systems in urban environments|2015,semiotics of addressing systems in urban environments,2015,"N Alinaghi - AGILE PhD School, 2015",,ceur-ws.org,https://ceur-ws.org/Vol-1598/paper9.pdf,,,,,,,,,Google Scholar; OpenAlex,2003
83LX3pFwXQZ4BFjAq/mEoEp,sensoriamento remoto aplicado ao mapeamento tematico do uso e cobertura do solo na bacia do caete municipio de alfredo wagner sc|2005,sensoriamento remoto aplicado ao mapeamento tematico do uso e cobertura do solo na bacia do caete municipio de alfredo wagner sc,2005,FL Viecili,,2005,https://repositorio.ufsc.br/handle/123456789/102503,,,,,,,,,Google Scholar; OpenAlex,2000
8JMKD3MGPDW34P/487LUJH,sentence itdl generating poi type embeddings based on variable length sentences|2024,sentence itdl generating poi type embeddings based on variable length sentences,2024,"SD Silva, CEC Campelo… - Journal of Information …, 2024",SEM_MATCH,journals-sol.sbc.org.br,https://journals-sol.sbc.org.br/index.php/jidm/article/view/3209,,,,,,,,,Google Scholar; OpenAlex,2022
8JMKD3MGPDW34P/3KJKHE8,serious game design for flooding triggered by extreme weather|2017,serious game design for flooding triggered by extreme weather,2017,"J Radianti, MN Tronslien, KK Thomassen… - International Journal of …, 2017",,igi-global.com,https://www.igi-global.com/article/serious-game-design-for-flooding-triggered-by-extreme-weather/207714,,,,,,,,,Google Scholar; OpenAlex,2008
8JMKD3MGPDW34P/3KJKHE8,serious games as experiments for emergency management research a review|2011,serious games as experiments for emergency management research a review,2011,"T Van Ruijven - Proceedings of the 8th International ISCRAM…, 2011",,academia.edu,https://www.academia.edu/download/26008092/235.pdf,,,,,,,,,Google Scholar; OpenAlex,2008
83LX3pFwXQZ3V9uMbiY/LHUjj,service oriented architectures for pervasive computing|2010,service oriented architectures for pervasive computing,2010,"ES Manolakos, DG Galatopoullos - International Journal of …, 2010",,igi-global.com,https://www.igi-global.com/article/service-oriented-architecturespervasive-computing/52970,,,,,,,,,Google Scholar; OpenAlex,2005
8JMKD3MGP8W/3HHLNKL,servico web para anotacao de dados geograficos vetoriais e sua aplicacao em sistemas de informacao de biodiversidade|2009,servico web para anotacao de dados geograficos vetoriais e sua aplicacao em sistemas de informacao de biodiversidade,2009,FB Gil,,2009,https://repositorio.unicamp.br/Busca/Download?codigoArquivo=488628,,,,,,,,,Google Scholar; OpenAlex,2007
8JMKD3MGP3W34P/3N2U9JL,servico web para extracao de metricas fenologicas para agricultura usando series temporais de imagens de satelite|2022,servico web para extracao de metricas fenologicas para agricultura usando series temporais de imagens de satelite,2022,"GK Alves, KR Ferreira, B Schultz, TG Rodrigues… - GEOINFO, 2022",,,,,,,,,,,,Google Scholar; OpenAlex,2016
83LX3pFwXQZ3V9uMbiY/MdHR7,servicos e aplicacoes moveis|2005,servicos e aplicacoes moveis,2005,"AL Brunozi, E De Martino, N Corradi, R Bafini, G Kelly… - Cad. CPqD Tecnologia, 2005",,,,,,,,,,,,Google Scholar; OpenAlex,2004
83LX3pFwXQZeBBx/oS6vP,servlets e com para a visualizacao de dados geograficos na web|2012,servlets e com para a visualizacao de dados geograficos na web,2012,"AC VIANNA, AC DE PAIVA, M GATTASS",,2012,https://www.researchgate.net/profile/Marcelo-Gattass/publication/255622499_Servlets_e_COM_para_a_Visualizacao_de_Dados_Geograficos_na_Web/links/54083dd60cf23d9765af0215/Servlets-e-COM-para-a-Visualizacao-de-Dados-Geograficos-na-Web.pdf,,,,,,,,,Google Scholar; OpenAlex,1999
83LX3pFwXQZ3V9uMbiY/NiagS,sgpac generalized scalable spatial groupby aggregations over complex polygons|2023,sgpac generalized scalable spatial groupby aggregations over complex polygons,2023,"L Abdelhafeez, A Magdy, VJ Tsotras - GeoInformatica, 2023",,Springer,https://link.springer.com/article/10.1007/s10707-023-00491-8,,,,,,,,,Google Scholar; OpenAlex,2006
8JMKD3MGPDW34P/3Q5DKPP,shadow removal from uav images based on color and texture equalization compensation of local homogeneous regions|2022,shadow removal from uav images based on color and texture equalization compensation of local homogeneous regions,2022,"X Liu, F Yang, H Wei, M Gao - Remote Sensing, 2022",,mdpi.com,https://www.mdpi.com/2072-4292/14/11/2616,,,,,,,,,Google Scholar; OpenAlex,2017
8JMKD3MGP8W/3AUUQ5E,shadows a new means of representing documents shadows uma nova forma de representar documentos|2012,shadows a new means of representing documents shadows uma nova forma de representar documentos,2012,MS Mota,,2012,https://repositorio.unicamp.br/Busca/Download?codigoArquivo=489469&tipoMidia=0,,,,,,,,,Google Scholar; OpenAlex,2011
83LX3pFwXQZ3V9uMbiY/MdHuF,shape analysis and spatio temporal tracking of mesoscale eddies in miami isopycnic coordinate ocean model|2006,shape analysis and spatio temporal tracking of mesoscale eddies in miami isopycnic coordinate ocean model,2006,"V Moolani, R Balasubramanian… - … Symposium on 3D …, 2006",,ieeexplore.ieee.org,https://ieeexplore.ieee.org/abstract/document/4155787/,,,,,,,,,Google Scholar; OpenAlex,2004
8JMKD3MGPDW34R/3UFDFL2,shared mobility opportunities and their computational challenges for improving health related quality of life|2021,shared mobility opportunities and their computational challenges for improving health related quality of life,2021,"CM Monteiro, CAS Machado, AC Nardocci… - International …, 2021",,researchgate.net,https://www.researchgate.net/profile/Claudia-Machado-3/publication/351685779_List_of_Contributors_to_Volume_7/links/6130bbab0360302a0073ed68/List-of-Contributors-to-Volume-7.pdf,,,,,,,,,Google Scholar; OpenAlex,2019
83LX3pFwXQZ3V9uMbiY/NiboS,sharing executable models through an open architecture based on geospatial web services a case study in biodiversity modelling|2008,sharing executable models through an open architecture based on geospatial web services a case study in biodiversity modelling,2008,"KD Fook, S Amaral, AMV Monteiro, G Câmara… - GEOINFO, 2008",,dpi.inpe.br,http://www.dpi.inpe.br/gilberto/papers/karla_geoinfo2008.pdf,,,,,,,,,Google Scholar; OpenAlex,2006
83LX3pFwXQZeBBx/oS63E,sharing geographical information between users|2012,sharing geographical information between users,2012,"T Dayan, M Ross - US Patent 8,122,341, 2012",,Google Patents,https://patents.google.com/patent/US8122341B1/en,,,,,,,,,Google Scholar; OpenAlex,1999
83LX3pFwXQZ3V9uMbiY/MdJ7h,short papers_|2010,short papers_,2010,"SZ Kovalsky, G Cohen, R Hagege… - IEEE TRANSACTIONS …, 2010",,researchgate.net,https://www.researchgate.net/profile/Joseph-Francos/publication/42345301_Decoupled_Linear_Estimation_of_Affine_Geometric_Deformations_and_Nonlinear_Intensity_Transformations_of_Images/links/00b4952b1ebabe6de9000000/Decoupled-Linear-Estimation-of-Affine-Geometric-Deformations-and-Nonlinear-Intensity-Transformations-of-Images.pdf?_sg%5B0%5D=started_experiment_milestone&origin=journalDetail,,,,,,,,,Google Scholar; OpenAlex,2004
8JMKD3MGPDW34P/4ADC9GS,short term sentinel 2 spectral signature characterization for suspended sediment assessment in low turbidity shatt al hilla river iraq|2026,short term sentinel 2 spectral signature characterization for suspended sediment assessment in low turbidity shatt al hilla river iraq,2026,"OA Al-Obaidi, AZ Al-Qaisi, H Dibs",,2026,https://assets-eu.researchsquare.com/files/rs-9297461/v1_covered_5ecdf1d9-779c-4f6f-aad4-34624e2522fe.pdf,,,,,,,,,Google Scholar,2023
8JMKD3MGP3W34P/42H35Q5,sigatoka negra pseudocercospora fijiensis perspectivas no manejo da cultura da banana musa spp sob a otica agroecologica o estado da arte|2021,sigatoka negra pseudocercospora fijiensis perspectivas no manejo da cultura da banana musa spp sob a otica agroecologica o estado da arte,2021,LM Machado,,2021,https://rima.ufrrj.br/jspui/handle/20.500.14407/10670,,,,,,,,,Google Scholar; OpenAlex,2014
8JMKD3MGPDW34P/3NDC8RH,simbolos pontuais para o mapeamento topografico em escala grande|2021,simbolos pontuais para o mapeamento topografico em escala grande,2021,"F Silveira, AA Machado, AF Andrade… - Revista Brasileira de …, 2021",,seer.ufu.br,https://seer.ufu.br/index.php/revistabrasileiracartografia/article/download/57110/31275/257837,,,,,,,,,Google Scholar; OpenAlex,2016
83LX3pFwXQZ3V9uMbiY/NiagS,similaridade raster de poligonos|2011,similaridade raster de poligonos,2011,"L Antunes, LG Azevedo - … Brasileiro de Sistemas de Informação (SBSI …, 2011",,sol.sbc.org.br,https://sol.sbc.org.br/index.php/sbsi/article/view/14564,,,,,,,,,Google Scholar; OpenAlex,2006
8JMKD3MGPDW34P/45U7KBS,similarity slim extension reducing financial and computational costs of similarity queries in document collections in nosql databases|2024,similarity slim extension reducing financial and computational costs of similarity queries in document collections in nosql databases,2024,"WZ Silva, IAR Eleutério, LR Teixeira, AJM Traina… - …, 2024",,repositorio.usp.br,https://repositorio.usp.br/directbitstream/a66169b1-06c4-440e-9997-d2f8ce39e20d/3194358.pdf,,,,,,,,,Google Scholar,2021
8JMKD3MGPDW34P/3KP32ES,similarmove similarity based prediction for moving object future path|2018,similarmove similarity based prediction for moving object future path,2018,"M Abdalla, A Hendawi, N ElGamal… - Proceedings of the 2nd …, 2018",,dl.acm.org,https://dl.acm.org/doi/abs/10.1145/3283590.3283593,,,,,,,,,Google Scholar; OpenAlex,2015
8JMKD3MGPDW34P/3Q5DKPP,simple nonlinear iterative temporal clustering|2020,simple nonlinear iterative temporal clustering,2020,"A Soares, T Körting, L Fonseca… - IEEE Transactions on …, 2020",,ieeexplore.ieee.org,https://ieeexplore.ieee.org/abstract/document/9258957/,,,,,,,,,Google Scholar; OpenAlex,2017
83LX3pFwXQZeBBx/oS63E,simplified guided visibility sampling for location based services|2007,simplified guided visibility sampling for location based services,2007,"S Maierhofer, R Simon, RF Tobler",,2007,https://www.researchgate.net/profile/Stefan-Maierhofer/publication/236256265_Simplified_Guided_Visibility_Sampling_for_Location_Based_Services/links/58638c1708aebf17d3973812/Simplified-Guided-Visibility-Sampling-for-Location-Based-Services.pdf,,,,,,,,,Google Scholar; OpenAlex,1999
83LX3pFwXQZ3V9uMbiY/Nia6G,simplifikace vektorovych geodat pro ucely progresivni vizualizace|2014,simplifikace vektorovych geodat pro ucely progresivni vizualizace,2014,V Razým,,2014,https://dspace.zcu.cz/items/1a6b7fe0-b2a5-4112-9a02-5fac162466a5,,,,,,,,,Google Scholar; OpenAlex,2006
83LX3pFwXQZ3V9uMbiY/MhU9d,simulacao da expansao da rede viaria vicinal no leste do para|2006,simulacao da expansao da rede viaria vicinal no leste do para,2006,LC Coelho,,2006,https://repositorio.ufmg.br/items/d808e9df-06a2-4c1a-8094-4786b7aba009,,,,,,,,,Google Scholar; OpenAlex,2003
8JMKD3MGPDW34P/3KJKN5S,simulating urban growth and residential segregation through agent based modeling|2010,simulating urban growth and residential segregation through agent based modeling,2010,"RV Maretto, TO Assis, AA Gavlak - 2010 Second Brazilian …, 2010",,ieeexplore.ieee.org,https://ieeexplore.ieee.org/abstract/document/6030014/,,,,,,,,,Google Scholar; OpenAlex,2008
8JMKD3MGP8W/3GQ75L5,simultaneous extraction of spatial and attributional building information across large scale urban landscapes from high resolution satellite imagery|2024,simultaneous extraction of spatial and attributional building information across large scale urban landscapes from high resolution satellite imagery,2024,"Z Qian, M Chen, Z Sun, F Zhang, Q Xu, J Guo… - Sustainable Cities and …, 2024",,Elsevier,https://www.sciencedirect.com/science/article/pii/S221067072400221X,,,,,,,,,Google Scholar; OpenAlex,2001
83LX3pFwXQZ3V9uMbiY/Nia6G,simultaneous topologically safe line simplification for a variable scale planar partition|2011,simultaneous topologically safe line simplification for a variable scale planar partition,2011,"M Meijers - Advancing Geoinformation Science for a Changing …, 2011",,Springer,https://link.springer.com/chapter/10.1007/978-3-642-19789-5_17,,,,,,,,,Google Scholar; OpenAlex,2006
8JMKD3MGP8W/3FCF4GH,singling out vs blending in outlier detection and differential privacy in data|2019,singling out vs blending in outlier detection and differential privacy in data,2019,YH Kuo,,2019,https://search.proquest.com/openview/65ddebaa7670be0c069b3313b45f917d/1?pq-origsite=gscholar&cbl=18750&diss=y,,,,,,,,,Google Scholar; OpenAlex,2013
83LX3pFwXQZ3V9uMbiY/Mipec,sistema de controle dinamico para a gestao dos usos multiplos da agua|2010,sistema de controle dinamico para a gestao dos usos multiplos da agua,2010,FA Marques,,2010,https://bdtd.ibict.br/vufind/Record/UFV_24704f678c53a9836e124ae22fb440f2,,,,,,,,,Google Scholar; OpenAlex,2003
8JMKD3MGPDW34P/43PLBM8,sistema de geracao de dados faltantes em series temporais climatologicas usando triangulacao aprendizado e meta aprendizado de maquinas|2022,sistema de geracao de dados faltantes em series temporais climatologicas usando triangulacao aprendizado e meta aprendizado de maquinas,2022,"PO Passarini, FJS Coelho, MA Pereira, NG Silva… - GEOINFO, 2022",,researchgate.net,https://www.researchgate.net/profile/Marconi-Pereira-4/publication/376513417_Sistema_de_Geracao_de_Dados_Faltantes_em_Series_Temporais_Climatologicas_usando_Triangulacao_Aprendizado_e_Meta-Aprendizado_de_Maquinas/links/657b0974ea5f7f02057034d9/Sistema-de-Geracao-de-Dados-Faltantes-em-Series-Temporais-Climatologicas-usando-Triangulacao-Aprendizado-e-Meta-Aprendizado-de-Maquinas.pdf,,,,,,,,,Google Scholar; OpenAlex,2020
83LX3pFwXQZ3V9uMbiY/LHTbc,sistema de informacao geografica uma analise sobre o desenvolvimento tecnico tecnologico academico e conceitual|2015,sistema de informacao geografica uma analise sobre o desenvolvimento tecnico tecnologico academico e conceitual,2015,"D Melo, PLB Silva, LA Menezes - Revista MundoGEO. Curitiba …, 2015",,academia.edu,https://www.academia.edu/download/41474614/Mundo_Geo.pdf,,,,,,,,,Google Scholar; OpenAlex,2005
83LX3pFwXQZ4BFjAq/mEoPs,sistema de raciocinio baseado em casos para auxilio ao diagnostico de patologias do joelho em idosos|2011,sistema de raciocinio baseado em casos para auxilio ao diagnostico de patologias do joelho em idosos,2011,"S Araújo - Anais do Computer on the Beach, 2011",,academia.edu,https://www.academia.edu/download/76034521/3627.pdf,,,,,,,,,Google Scholar; OpenAlex,2000
83LX3pFwXQZ3V9uMbiY/LHTbc,sistema para registro e manipulacao de dados de precipitacao de chuva do projeto trmm|2013,sistema para registro e manipulacao de dados de precipitacao de chuva do projeto trmm,2013,"GS Souza, IM Santos, P Zeilhofer - Anais da V Escola Regional de …, 2013",,academia.edu,https://www.academia.edu/download/43006402/Anais_da_V_Escola_Regional_de_Informtica20160224-3725-lma7kc.pdf#page=88,,,,,,,,,Google Scholar; OpenAlex,2005
83LX3pFwXQZ3V9uMbiY/LHT4o,sistemas de informacao geografica adaptativos baseados em modelos|2006,sistemas de informacao geografica adaptativos baseados em modelos,2006,MA Casanova,,2006,https://web.tecgraf.puc-rio.br/press/publication/Alencar2009/Couto2006/Couto2006.pdf,,,,,,,,,Google Scholar; OpenAlex,2005
83LX3pFwXQZ3V9uMbiY/NiaHU,sistemas de informacao geografica moveis orientados ao contexto uma abordagem baseada em ontologias de dominios|2008,sistemas de informacao geografica moveis orientados ao contexto uma abordagem baseada em ontologias de dominios,2008,"AR Lamas, J Lisboa Filho… - Simpósio Brasileiro de …, 2008",,sol.sbc.org.br,https://sol.sbc.org.br/index.php/sbsi/article/view/5928,,,,,,,,,Google Scholar; OpenAlex,2006
83LX3pFwXQZ4BFjAq/mEp4v,sistemas de informacoes geograficas elementos para o desenvolvimento de bibliotecas digitais geograficas distribuidas|2006,sistemas de informacoes geograficas elementos para o desenvolvimento de bibliotecas digitais geograficas distribuidas,2006,MS Silva,,2006,https://repositorio.unesp.br/items/0602a083-2bb7-4e43-b483-7eb506865dfe,,,,,,,,,Google Scholar; OpenAlex,2000
8JMKD3MGPDW34P/3KKHJUS,siting multiple observers for maximum coverage an accurate approach|2015,siting multiple observers for maximum coverage an accurate approach,2015,"AR Cervilla, S Tabik, LF Romero - Procedia computer science, 2015",,Elsevier,https://www.sciencedirect.com/science/article/pii/S1877050915010637,,,,,,,,,Google Scholar; OpenAlex,2010
8JMKD3MGP8W/3FCBR3B,siting thousands of radio transmitter towers on terrains with billions of points|2006,siting thousands of radio transmitter towers on terrains with billions of points,2006,"WR Franklin, SVG de Magalhães, W Li - arXiv preprint arXiv:2006.16783, 2020",,arxiv.org,https://arxiv.org/abs/2006.16783,,,,,,,,,Google Scholar; OpenAlex,2013
83LX3pFwXQZ3V9uMbiY/LHUxR,smart city mobility simulation and monitoring platform|2017,smart city mobility simulation and monitoring platform,2017,"G Suciu, C Butca, C Dobre… - 2017 21st International …, 2017",,ieeexplore.ieee.org,https://ieeexplore.ieee.org/abstract/document/7968633/,,,,,,,,,Google Scholar; OpenAlex,2005
83LX3pFwXQZeBBx/oS63E,smart glasses exposing and elucidating the ethical issues|2017,smart glasses exposing and elucidating the ethical issues,2017,"B Hofmann, D Haustein, L Landeweerd - Science and Engineering Ethics, 2017",,Springer,https://link.springer.com/article/10.1007/s11948-016-9792-z,,,,,,,,,Google Scholar; OpenAlex,1999
8JMKD3MGP3W34P/3N2U8K2,smart machine learning approach for efficient filtering and retrieval of spatial and temporal data in big data|2021,smart machine learning approach for efficient filtering and retrieval of spatial and temporal data in big data,2021,"SST de Oliveira, VJS Rodrigues… - Journal of Information …, 2021",,journals-sol.sbc.org.br,https://journals-sol.sbc.org.br/index.php/jidm/article/view/1951,,,,,,,,,Google Scholar; OpenAlex,2016
8JMKD3MGPDW34R/3UFDFDB,smart privacy an anonymization based framework for smart mobility open data|2024,smart privacy an anonymization based framework for smart mobility open data,2024,EP de Mattos,,2024,https://repositorio.ufmg.br/items/80439fcf-775d-45a2-9141-004f153bb23a,,,,,,,,,Google Scholar; OpenAlex,2019
8JMKD3MGP3W34P/3N2U8K2,smart uso de aprendizado de maquina para filtragem e recuperacao eficiente de dados espaciais e temporais em big data|2020,smart uso de aprendizado de maquina para filtragem e recuperacao eficiente de dados espaciais e temporais em big data,2020,"SST de Oliveira… - Simpósio Brasileiro de …, 2020",,sol.sbc.org.br,https://sol.sbc.org.br/index.php/sbbd/article/view/13627,,,,,,,,,Google Scholar; OpenAlex,2016
83LX3pFwXQZ4BFjAq/mEp4v,sobre a estruturacao de informacao em sistemas de seguranca computacional o uso de ontologias|2006,sobre a estruturacao de informacao em sistemas de seguranca computacional o uso de ontologias,2006,LAF Martimiano,,2006,https://teses.usp.br/teses/disponiveis/55/55134/tde-02102006-091853/en.html,,,,,,,,,Google Scholar; OpenAlex,2000
8JMKD3MGPDW34P/3KP2T4E,social networks as real time data distribution platforms for smart cities|2018,social networks as real time data distribution platforms for smart cities,2018,"V Ayora, F Horita, C Kamienski - Proceedings of the 10th Latin America …, 2018",,dl.acm.org,https://dl.acm.org/doi/abs/10.1145/3277103.3277123,,,,,,,,,Google Scholar; OpenAlex,2015
8JMKD3MGPDW34P/3KP3262,social relationship mining based on user telephone communication data for cooperative relationship recommendation|2022,social relationship mining based on user telephone communication data for cooperative relationship recommendation,2022,"W Zhao, W Kang, X Liu, X Su, Y Zhang… - IEEE INFOCOM 2022 …, 2022",,ieeexplore.ieee.org,https://ieeexplore.ieee.org/abstract/document/9797995/,,,,,,,,,Google Scholar; OpenAlex,2015
83LX3pFwXQZ3V9uMbiY/NiaRQ,social vulnerability as a component of landslide risk in quito ecuador|2026,social vulnerability as a component of landslide risk in quito ecuador,2026,"F Puente-Sotomayor, F Barragán-Ochoa, J Teller - Land, 2026",,mdpi.com,https://www.mdpi.com/2073-445X/15/7/1248,,,,,,,,,Google Scholar; OpenAlex,2006
8JMKD3MGPDW34P/3KP3EUL,socio spatial segregation and human mobility a review of empirical evidence|2025,socio spatial segregation and human mobility a review of empirical evidence,2025,"Y Liao, J Gil, S Yeh, RHM Pereira… - … , Environment and Urban …, 2025",,Elsevier,https://www.sciencedirect.com/science/article/pii/S0198971525000031,,,,,,,,,Google Scholar; OpenAlex,2015
8JMKD3MGPDW34P/3KQ6N2L,socio technical challenges impacting data quality in agriculture an integrated review|2025,socio technical challenges impacting data quality in agriculture an integrated review,2025,"L Da Silva, F Berisha, Z Pourzolfaghar… - … on Metrology for …, 2025",,ieeexplore.ieee.org,https://ieeexplore.ieee.org/abstract/document/11512500/,,,,,,,,,Google Scholar; OpenAlex,2012
83LX3pFwXQZeBBx/oS63E,software for the control and analysis of public transport systems|2012,software for the control and analysis of public transport systems,2012,B Shalaik,,2012,https://mural.maynoothuniversity.ie/id/eprint/4218/,,,,,,,,,Google Scholar; OpenAlex,1999
8JMKD3MGPDW34R/3UFDFDB,sok differentially private publication of trajectory data|2023,sok differentially private publication of trajectory data,2023,"À Miranda-Pascual, P Guerra-Balboa… - Proceedings on …, 2023",,petsymposium.org,https://petsymposium.org/popets/2023/popets-2023-0065.php,,,,,,,,,Google Scholar; OpenAlex,2019
83LX3pFwXQZ3V9uMbiY/Mc4v6,solap integracao de gis e olap|2014,solap integracao de gis e olap,2014,"CE Hernández-Simões, JP Cintra - Geografia (Londrina), 2014",,ojs.uel.br,https://ojs.uel.br/revistas/uel/index.php/geografia/article/view/17750,,,,,,,,,Google Scholar; OpenAlex,2004
8JMKD3MGPDW34P/3Q5DKPP,sp twdtw a new parallel algorithm for spatio temporal analysis of remote sensing images|2018,sp twdtw a new parallel algorithm for spatio temporal analysis of remote sensing images,2018,"SST de Oliveira, LML Pascoal, LG Ferreira… - …, 2018",,mtc-m16c.sid.inpe.br,http://mtc-m16c.sid.inpe.br/col/sid.inpe.br/mtc-m16c/2018/12.27.18.12/doc/p5.pdf,,,,,,,,,Google Scholar; OpenAlex,2017
83LX3pFwXQZ3V9uMbiY/Mipqu,space analysis of transit accidents attended at the emergency of a university hospital|2017,space analysis of transit accidents attended at the emergency of a university hospital,2017,T da Silva,,2017,https://www.academia.edu/download/89200814/19095.pdf,,,,,,,,,Google Scholar; OpenAlex,2003
83LX3pFwXQZ3V9uMbiY/LHTj8,space time prospective surveillance based on knox local statistics|2014,space time prospective surveillance based on knox local statistics,2014,"A Piroutek, R Assunção, T Paiva - Statistics in Medicine, 2014",,Wiley Online Library,https://onlinelibrary.wiley.com/doi/abs/10.1002/sim.6118,,,,,,,,,Google Scholar; OpenAlex,2005
8JMKD3MGP8W/3D62DML,spatial analysis of asymmetry in the development of tourism infrastructure in the borderlands the case of the bystrzyckie and orlickie mountains|2020,spatial analysis of asymmetry in the development of tourism infrastructure in the borderlands the case of the bystrzyckie and orlickie mountains,2020,"M Jędruch, M Furmankiewicz, I Kaczmarek - ISPRS International Journal …, 2020",,mdpi.com,https://www.mdpi.com/2220-9964/9/8/470,,,,,,,,,Google Scholar; OpenAlex,2012
83LX3pFwXQZ3V9uMbiY/LHU82,spatial analysis of fetal mortality from congenital syphilis in the municipality of recife pe brazil between 2007 and 2016|2025,spatial analysis of fetal mortality from congenital syphilis in the municipality of recife pe brazil between 2007 and 2016,2025,"RSP da Silva, GR Carneiro, ALS de Oliveira… - Escola Anna Nery …, 2025",,eanjournal.org,https://www.eanjournal.org/article/doi/10.1590/2177-9465-EAN-2021-0013?languageSelector=pt,,,,,,,,,Google Scholar; OpenAlex,2005
83LX3pFwXQZ3V9uMbiY/NiaRQ,spatial analysis of the electrical energy demand in greece|2017,spatial analysis of the electrical energy demand in greece,2017,"H Tyralis, N Mamassis, YN Photis - Energy Policy, 2017",,Elsevier,https://www.sciencedirect.com/science/article/pii/S0301421516306978,,,,,,,,,Google Scholar; OpenAlex,2006
83LX3pFwXQZ3V9uMbiY/LHU82,spatial analysis of tuberculosis in rio de janeiro in the period from 2005 to 2008 and associated socioeconomic factors using micro data and global spatial|2017,spatial analysis of tuberculosis in rio de janeiro in the period from 2005 to 2008 and associated socioeconomic factors using micro data and global spatial,2017,"MAFM Magalhães, RA Medronho - Ciencia & saude coletiva, 2017",,SciELO Public Health,https://www.scielosp.org/article/csc/2017.v22n3/831-840/en/,,,,,,,,,Google Scholar; OpenAlex,2005
83LX3pFwXQZ3V9uMbiY/LHU82,spatial analysis temporal trend and local risk of congenital syphilis new cases in sergipe brazil|2020,spatial analysis temporal trend and local risk of congenital syphilis new cases in sergipe brazil,2020,"KB Da Silveira, JRS Silva, FP Reis, AD Dos Santos… - Scientia Plena, 2020",,academia.edu,https://www.academia.edu/download/120706243/2342.pdf,,,,,,,,,Google Scholar; OpenAlex,2005
8JMKD3MGPDW34P/3KQ2JSL,spatial and temporal resolution of geographic information an observation based theory|2018,spatial and temporal resolution of geographic information an observation based theory,2018,"A Degbelo, W Kuhn - Open Geospatial Data, Software and Standards, 2018",,Springer,https://link.springer.com/article/10.1186/s40965-018-0053-8,,,,,,,,,Google Scholar; OpenAlex,2012
8JMKD3MGP8W/3HHLNKL,spatial and temporal resolution of sensor observations|2015,spatial and temporal resolution of sensor observations,2015,A Degbelo,,2015,https://philpapers.org/rec/DEGSAT-2,,,,,,,,,Google Scholar; OpenAlex,2007
83LX3pFwXQZ3V9uMbiY/MimPC,spatial approaches to reducing error in geocoded data|2010,spatial approaches to reducing error in geocoded data,2010,DW Goldberg,,2010,https://search.proquest.com/openview/16fe0d3d5e8f9fe39617e833b4e3b98d/1?pq-origsite=gscholar&cbl=18750,,,,,,,,,Google Scholar; OpenAlex,2003
8JMKD3MGPDW34P/3NDC42E,spatial big data and moving objects a comprehensive survey|2018,spatial big data and moving objects a comprehensive survey,2018,"U Mir, U Abbasi, Y Yang, ZA Bhatti, T Mir - IEEE Access, 2018",,ieeexplore.ieee.org,https://ieeexplore.ieee.org/abstract/document/8485391/,,,,,,,,,Google Scholar; OpenAlex,2016
8JMKD3MGPDW34P/3SEUQFS,spatial data handling in nosql databases a user centric view|2021,spatial data handling in nosql databases a user centric view,2021,"AC Carniel, HC Gonçalves - Brazilian Symposium on …, 2021",,mtc-m16c.sid.inpe.br,http://mtc-m16c.sid.inpe.br/attachment.cgi/sid.inpe.br/mtc-m16c/2021/12.09.12.04/doc/Goncalves_Spatial.pdf,,,,,,,,,Google Scholar; OpenAlex,2018
83LX3pFwXQZ3V9uMbiY/Mc4v6,spatial data infrastructures for environmental sciences|2011,spatial data infrastructures for environmental sciences,2011,G Giuliani,,2011,https://access.archive-ouverte.unige.ch/access/metadata/9d85bff4-73f7-4e76-a7f8-68b3699a3e8c/download,,,,,,,,,Google Scholar; OpenAlex,2004
83LX3pFwXQZ3V9uMbiY/LHUxR,spatial data infrastructures|2009,spatial data infrastructures,2009,"CA Davis Jr - Encyclopedia of Information Science and Technology …, 2009",,igi-global.com,https://www.igi-global.com/chapter/spatial-data-infrastructures/14103,,,,,,,,,Google Scholar; OpenAlex,2005
8JMKD3MGP8W/3GQ75L5,spatial data integration and conflicts resolving approaches|2009,spatial data integration and conflicts resolving approaches,2009,"Y Wang, S Hu - 2009 International Conference on Information …, 2009",,ieeexplore.ieee.org,https://ieeexplore.ieee.org/abstract/document/5368679/,,,,,,,,,Google Scholar; OpenAlex,2001
8JMKD3MGPDW34P/3NDDJ25,spatial data integration from heterogeneous sources for urban computing|2023,spatial data integration from heterogeneous sources for urban computing,2023,RS da Silva,,2023,https://repositorio.ufmg.br/items/7ca1cf6d-02fe-42f7-8bb0-5ba3303fc79d,,,,,,,,,Google Scholar; OpenAlex,2016
8JMKD3MGP8W/3GQ75L5,spatial data integration over the web|2009,spatial data integration over the web,2009,"L Diaz, C Granell, M Gould - … of Research on Innovations in Database …, 2009",,igi-global.com,https://www.igi-global.com/chapter/spatial-data-integration-over-web/20717,,,,,,,,,Google Scholar; OpenAlex,2001
8JMKD3MGP8W/3FCBRC8,spatial data integration using ontology based approach|2015,spatial data integration using ontology based approach,2015,"S Hasani, A Sadeghi-Niaraki… - … Archives of the …, 2015",,isprs-archives.copernicus.org,https://isprs-archives.copernicus.org/articles/XL-1-W5/293/2015/,,,,,,,,,Google Scholar; OpenAlex,2013
8JMKD3MGP8W/3GQ75L5,spatial data interoperability for multi platform gis based on oracle spatial|2006,spatial data interoperability for multi platform gis based on oracle spatial,2006,"Y Xia, X Zhu - Geoinformatics 2006: Geospatial Information …, 2006",,spiedigitallibrary.org,https://www.spiedigitallibrary.org/conference-proceedings-of-spie/6421/64210M/Spatial-data-interoperability-for-multi-platform-GIS-based-on-Oracle/10.1117/12.712889.short,,,,,,,,,Google Scholar; OpenAlex,2001
8JMKD3MGPDW34P/3NDDJ8P,spatial datasets for conducting experimental evaluations of spatial indices|2017,spatial datasets for conducting experimental evaluations of spatial indices,2017,"AC Carniel, RR Ciferri, CDA Ciferri - Satellite Events of the …, 2017",,researchgate.net,https://www.researchgate.net/profile/Anderson-Chaves-Carniel/publication/320270968_Spatial_Datasets_for_Conducting_Experimental_Evaluations_of_Spatial_Indices/links/59d98c51458515a5bc26330b/Spatial-Datasets-for-Conducting-Experimental-Evaluations-of-Spatial-Indices.pdf,,,,,,,,,Google Scholar; OpenAlex,2016
8JMKD3MGP3W34P/3N2U8K2,spatial feature data cube for spatiotemporal remote sensing data processing and analysis d xu et al|2020,spatial feature data cube for spatiotemporal remote sensing data processing and analysis d xu et al,2020,"D Xu, Y Ma, J Yan, P Liu, L Chen - Computing, 2020",,Springer,https://link.springer.com/article/10.1007/s00607-018-0681-y,,,,,,,,,Google Scholar; OpenAlex,2016
83LX3pFwXQZeBBx/oS63E,spatial geometric approach to physical mobile interaction based on accelerometer and ir sensory data fusion|2010,spatial geometric approach to physical mobile interaction based on accelerometer and ir sensory data fusion,2010,"ASMM Rahman, MA Hossain, AE Saddik - ACM Transactions on …, 2010",,dl.acm.org,https://dl.acm.org/doi/abs/10.1145/1865106.1865112,,,,,,,,,Google Scholar; OpenAlex,1999
8JMKD3MGPDW34P/3SEUQ98,spatial index structures for modern storage devices a survey|2023,spatial index structures for modern storage devices a survey,2023,"AC Carniel, CD Aguiar - IEEE Transactions on Knowledge and …, 2023",,ieeexplore.ieee.org,https://ieeexplore.ieee.org/abstract/document/10036144/,,,,,,,,,Google Scholar; OpenAlex,2018
83LX3pFwXQZ3V9uMbiY/Mc9AB,spatial indices of residential segregation|2009,spatial indices of residential segregation,2009,M Pisati,,2009,https://www.academia.edu/download/82303481/italy09_pisati.pdf,,,,,,,,,Google Scholar; OpenAlex,2004
8JMKD3MGPDW34P/3KP34LS,spatial microsimulation combined with skater regionalization methods a study for the paraiba valley and north coast metropolitan region subregion 4 in|2020,spatial microsimulation combined with skater regionalization methods a study for the paraiba valley and north coast metropolitan region subregion 4 in,2020,"GC de Oliveira, TM Anazawa, AMV Monteiro - Rev. Bras. Cartogr, 2020",,seer.ufu.br,https://seer.ufu.br/index.php/revistabrasileiracartografia/article/download/53160/30198/244943,,,,,,,,,Google Scholar; OpenAlex,2015
83LX3pFwXQZ3V9uMbiY/MhU9d,spatial modeling of the schistosomiasis mansoni in minas gerais state brazil using spatial regression|2014,spatial modeling of the schistosomiasis mansoni in minas gerais state brazil using spatial regression,2014,"F Fonseca, C Freitas, L Dutra, R Guimarães… - Acta tropica, 2014",,Elsevier,https://www.sciencedirect.com/science/article/pii/S0001706X1400028X,,,,,,,,,Google Scholar; OpenAlex,2003
83LX3pFwXQZ3V9uMbiY/NiagS,spatial online sampling and aggregation|2015,spatial online sampling and aggregation,2015,"L Wang, R Christensen, F Li, K Yi - Proceedings of the VLDB Endowment, 2015",,cse.ust.hk,http://home.cse.ust.hk/~yike/storm-vldb16.pdf,,,,,,,,,Google Scholar; OpenAlex,2006
8JMKD3MGPDW34P/4ADBK2H,spatial pattern search through language models|2025,spatial pattern search through language models,2025,"NR Schneider - Proceedings of the 33rd ACM International Conference …, 2025",,dl.acm.org,https://dl.acm.org/doi/abs/10.1145/3748636.3766525,,,,,,,,,Google Scholar,2023
83LX3pFwXQZ3V9uMbiY/NiagS,spatial predicate implementation for modern internet map server|2010,spatial predicate implementation for modern internet map server,2010,"H Dong, Z Cheng, Y Zhao… - 2010 18th International …, 2010",,ieeexplore.ieee.org,https://ieeexplore.ieee.org/abstract/document/5567573/,,,,,,,,,Google Scholar; OpenAlex,2006
83LX3pFwXQZ3V9uMbiY/LHum9,spatial query broker in a grid environment|2006,spatial query broker in a grid environment,2006,"WS Meyer, MR Ramirez, JM Souza - … 2006, Campos do Jordão (SP), Brazil …, 2007",,Springer,https://link.springer.com/chapter/10.1007/978-3-540-73414-7_7,,,,,,,,,Google Scholar; OpenAlex,2005
83LX3pFwXQZ3V9uMbiY/MhU9d,spatial relations across scales in land change models|2008,spatial relations across scales in land change models,2008,"E Moreira, APD de Aguiar, SS Costa, G Câmara - GEOINFO, 2008",,mtc-m16c.sid.inpe.br,http://mtc-m16c.sid.inpe.br/attachment.cgi/sid.inpe.br/mtc-m16c/2015/11.13.17.22/doc/proceedings_geoinfo2008.105_118.pdf,,,,,,,,,Google Scholar; OpenAlex,2003
83LX3pFwXQZ3V9uMbiY/Mc9AB,spatial segregation of the roma population in međimurje county|2009,spatial segregation of the roma population in međimurje county,2009,"H Šlezak - Hrvatski geografski glasnik, 2009",,hrcak.srce.hr,https://hrcak.srce.hr/hr/clanak/74084%3F,,,,,,,,,Google Scholar; OpenAlex,2004
83LX3pFwXQZ3V9uMbiY/Nib3w,spatial signatures for geographic feature types examining gazetteer ontologies using spatial statistics|2016,spatial signatures for geographic feature types examining gazetteer ontologies using spatial statistics,2016,"R Zhu, Y Hu, K Janowicz, G McKenzie - Transactions in GIS, 2016",,Wiley Online Library,https://onlinelibrary.wiley.com/doi/abs/10.1111/tgis.12232,,,,,,,,,Google Scholar; OpenAlex,2006
83LX3pFwXQZ3V9uMbiY/MhU9d,spatial statistical analysis of land use determinants in the brazilian amazonia exploring intra regional heterogeneity|2007,spatial statistical analysis of land use determinants in the brazilian amazonia exploring intra regional heterogeneity,2007,"APD Aguiar, G Câmara, MIS Escada - Ecological modelling, 2007",,Elsevier,https://www.sciencedirect.com/science/article/pii/S0304380007003377,,,,,,,,,Google Scholar; OpenAlex,2003
8JMKD3MGPDW34P/3QCRA6L,spatial temporal analysis of active fire classified by inpe s fire risk model in brazil using python language|2020,spatial temporal analysis of active fire classified by inpe s fire risk model in brazil using python language,2020,"GM da Silva, BV Adorno, GR de Queiroz… - …, 2020",,dataserver-coids.inpe.br,https://dataserver-coids.inpe.br/queimadas/queimadas/Publicacoes-Impacto/documentos/2020_Silva_etal_SpatialTemporalFireRiskPython_XXIGEOINFO.pdf,,,,,,,,,Google Scholar; OpenAlex,2017
8JMKD3MGP8W/3GTJ9SB,spatio temporal database constraints for spatial dynamic simulation|2004,spatio temporal database constraints for spatial dynamic simulation,2004,"BM Pedrosa, L Camolesi Jr, G Câmara, MTP Vieira - GEOINFO, 2004",,academia.edu,https://www.academia.edu/download/44384578/6422.pdf,,,,,,,,,Google Scholar; OpenAlex,2002
83LX3pFwXQZ3V9uMbiY/LHUr8,spatio temporal databases|2010,spatio temporal databases,2010,"BSD Ing, Z Kapovic - International Multidisciplinary Scientific …, 2010",,search.proquest.com,https://search.proquest.com/openview/7c4f27a2c79fb380dac15df8843acea2/1?pq-origsite=gscholar&cbl=1536338,,,,,,,,,Google Scholar; OpenAlex,2005
8JMKD3MGP8W/3D62DML,spatio temporal visualisation and data exploration of traditional ecological knowledge indigenous knowledge|2017,spatio temporal visualisation and data exploration of traditional ecological knowledge indigenous knowledge,2017,"K Mackenzie, W Siabato, F Reitsma… - Conservation and …, 2017",,journals.lww.com,https://journals.lww.com/coas/fulltext/2017/15010/Spatio_temporal_Visualisation_and_Data_Exploration.5.aspx,,,,,,,,,Google Scholar; OpenAlex,2012
8JMKD3MGPDW34P/3Q5DQN5,spatio temporal water quality variability and regionalization of tropical reservoirs based on landsat imagery|2023,spatio temporal water quality variability and regionalization of tropical reservoirs based on landsat imagery,2023,"BC Carvalho, RMA Figueira… - Journal of Applied …, 2023",,spiedigitallibrary.org,https://www.spiedigitallibrary.org/journals/journal-of-applied-remote-sensing/volume-17/issue-1/014512/Spatio-temporal-water-quality-variability-and-regionalization-of-tropical-reservoirs/10.1117/1.JRS.17.014512.short,,,,,,,,,Google Scholar; OpenAlex,2017
8JMKD3MGPDW34P/3KP2RBP,spatiotemporal data representation in r|2016,spatiotemporal data representation in r,2016,"LA Santos, KR Ferreira, GR de Queiroz, L Vinhas - GEOINFO, 2016",,seer.ufu.br,https://seer.ufu.br/index.php/revistabrasileiracartografia/article/download/44008/23259/182994,,,,,,,,,Google Scholar; OpenAlex,2015
83LX3pFwXQZ3V9uMbiY/MdHzf,spatiotemporal database models and languages for moving objects a review|2010,spatiotemporal database models and languages for moving objects a review,2010,"JP Silva, MY Santos - 5th Iberian Conference on Information …, 2010",,ieeexplore.ieee.org,https://ieeexplore.ieee.org/abstract/document/5556684/,,,,,,,,,Google Scholar; OpenAlex,2004
8JMKD3MGP3W34P/3N2U9JL,spdrad3 solucao computacional para exploracao e analise espacial de dados de radiacao solar|2024,spdrad3 solucao computacional para exploracao e analise espacial de dados de radiacao solar,2024,"DM Uba, JC Ceballos… - … de Energia Solar …, 2024",,anaiscbens.emnuvens.com.br,https://anaiscbens.emnuvens.com.br/cbens/article/view/2357,,,,,,,,,Google Scholar; OpenAlex,2016
83LX3pFwXQZ3V9uMbiY/NiaHU,specification for a shared conceptual layer in gis|2011,specification for a shared conceptual layer in gis,2011,"E Grandchamp - Proceedings of the International Conference on …, 2011",,researchgate.net,https://www.researchgate.net/profile/Enguerran-Grandchamp/publication/266369385_Specification_for_a_Shared_Conceptual_Layer_in_GIS/links/54de00c30cf2814662ec412d/Specification-for-a-Shared-Conceptual-Layer-in-GIS.pdf,,,,,,,,,Google Scholar; OpenAlex,2006
83LX3pFwXQZ3V9uMbiY/Mc9St,specifying geographic information ontology knowledge representation and formal constraints|2007,specifying geographic information ontology knowledge representation and formal constraints,2007,JV Christensen,,2007,https://orbit.dtu.dk/en/publications/specifying-geographic-information-ontology-knowledge-representati/,,,,,,,,,Google Scholar; OpenAlex,2004
83LX3pFwXQZ3V9uMbiY/NiboS,specimen s behavior management a masterpiece for biodiversity information system s representation|2009,specimen s behavior management a masterpiece for biodiversity information system s representation,2009,"D Sébastien, R Courdier, N Conruyt… - … : Proceedings of the 4th …, 2009",,Springer,https://link.springer.com/chapter/10.1007/978-3-540-88351-7_42,,,,,,,,,Google Scholar; OpenAlex,2006
83LX3pFwXQZeBBx/oS63E,spring and terralib integrating spatial analysis and gis|2002,spring and terralib integrating spatial analysis and gis,2002,"G Câmara, M Neves, AMV Monteiro… - Proceedings of the …, 2002",,academia.edu,https://www.academia.edu/download/42005729/SPRING_and_TerraLib_Integrating_Spatial_20160203-5548-1ijjres.pdf,,,,,,,,,Google Scholar; OpenAlex,1999
8JMKD3MGPDW34P/3NDC42E,ss ococlus a contiguous order aware method for semantic trajectory co clustering|2022,ss ococlus a contiguous order aware method for semantic trajectory co clustering,2022,"Y Santos, JT Carvalho… - 2022 23rd IEEE …, 2022",,ieeexplore.ieee.org,https://ieeexplore.ieee.org/abstract/document/9861180/,,,,,,,,,Google Scholar; OpenAlex,2016
8JMKD3MGP8W/3B25HBP,stable mean shift algorithm and its application to the segmentation of arbitrarily large remote sensing images|2014,stable mean shift algorithm and its application to the segmentation of arbitrarily large remote sensing images,2014,"J Michel, D Youssefi, M Grizonnet - IEEE Transactions on …, 2014",,ieeexplore.ieee.org,https://ieeexplore.ieee.org/abstract/document/6849524/,,,,,,,,,Google Scholar; OpenAlex,2011
8JMKD3MGPDW34P/3Q5DP2E,state of the art for the creation of a methodology for the proper location of urban truck stops on route 2a|2021,state of the art for the creation of a methodology for the proper location of urban truck stops on route 2a,2021,"MM Martel, E Carrum, A Ochoa-Zezzatti - Technological and Industrial …, 2021",,Springer,https://link.springer.com/chapter/10.1007/978-3-030-68655-0_13,,,,,,,,,Google Scholar; OpenAlex,2017
83LX3pFwXQZ4BFjAq/mxUyb,state of the art on automatic road extraction for gis update a novel classification|2003,state of the art on automatic road extraction for gis update a novel classification,2003,"JB Mena - Pattern recognition letters, 2003",,Elsevier,https://www.sciencedirect.com/science/article/pii/S0167865503001648,,,,,,,,,Google Scholar; OpenAlex,2000
83LX3pFwXQZ3V9uMbiY/LHUKe,statistics analysis embedded in spatial dbms|2006,statistics analysis embedded in spatial dbms,2006,"R Chen, S Chen - Geoinformatics 2006: Geospatial …, 2006",,spiedigitallibrary.org,https://www.spiedigitallibrary.org/conference-proceedings-of-spie/6421/642110/Statistics-analysis-embedded-in-spatial-DBMS/10.1117/12.712952.short,,,,,,,,,Google Scholar; OpenAlex,2005
83LX3pFwXQZ3V9uMbiY/LHTK3,stereoscopic label placement reducing distraction and ambiguity in visually cluttered displays|2009,stereoscopic label placement reducing distraction and ambiguity in visually cluttered displays,2009,SD Peterson,,2009,https://search.proquest.com/openview/d1142238baa720236cf69369bdaad873/1?pq-origsite=gscholar&cbl=2026366&diss=y,,,,,,,,,Google Scholar; OpenAlex,2005
8JMKD3MGPDW34P/3KP36L8,stmetrics a python package for satellite image time series feature extraction|2020,stmetrics a python package for satellite image time series feature extraction,2020,"AR Soares, HN Bendini, DV Vaz… - IGARSS 2020-2020 …, 2020",,ieeexplore.ieee.org,https://ieeexplore.ieee.org/abstract/document/9323346/,,,,,,,,,Google Scholar; OpenAlex,2015
8JMKD3MGP8W/3HHGCCB,stochastic optimization of sensor s deployment location over terrain to maximize viewshed coverage area for a fixed number of sensors scenario|2022,stochastic optimization of sensor s deployment location over terrain to maximize viewshed coverage area for a fixed number of sensors scenario,2022,"V Saxena, R Shukla… - 2022 9th International …, 2022",,ieeexplore.ieee.org,https://ieeexplore.ieee.org/abstract/document/9763237/,,,,,,,,,Google Scholar; OpenAlex,2007
83LX3pFwXQZ3V9uMbiY/MimPC,street legibility and sustainable urban development insights from saudi arabia s addressing system|2025,street legibility and sustainable urban development insights from saudi arabia s addressing system,2025,"MS Alshammari - ISPRS International Journal of Geo-Information, 2025",,mdpi.com,https://www.mdpi.com/2220-9964/14/5/199,,,,,,,,,Google Scholar; OpenAlex,2003
8JMKD3MGPDW34P/3KJKMCS,strepitus um aplicativo para coleta colaborativa de dados sobre ruido urbano|2013,strepitus um aplicativo para coleta colaborativa de dados sobre ruido urbano,2013,"H de Souza Vellozo, MB Pinheiro… - … de Computação Aplicada …, 2013",,sol.sbc.org.br,https://sol.sbc.org.br/index.php/wcama/article/view/27644,,,,,,,,,Google Scholar; OpenAlex,2008
83LX3pFwXQZ3V9uMbiY/MdHf2,structure based modular ontologies composition|2016,structure based modular ontologies composition,2016,"H Abbes, F Gargouri - 2016 IEEE/ACS 13th International …, 2016",,ieeexplore.ieee.org,https://ieeexplore.ieee.org/abstract/document/7945767/,,,,,,,,,Google Scholar; OpenAlex,2004
8JMKD3MGP8W/3HHLNQ5,struktury indeksujace zintegrowane z materializowa lista agregatow dla trajektoryjnej hurtowni danych|2009,struktury indeksujace zintegrowane z materializowa lista agregatow dla trajektoryjnej hurtowni danych,2009,"M Gorawski, P Talaga - Studia Informatica, 2009",,yadda.icm.edu.pl,https://yadda.icm.edu.pl/baztech/element/bwmeta1.element.baztech-article-BSL9-0027-0030,,,,,,,,,Google Scholar; OpenAlex,2007
8JMKD3MGPDW34R/3UFEC9P,subpixel analysis of modis imagery time series using transfer learning and relative calibration|2020,subpixel analysis of modis imagery time series using transfer learning and relative calibration,2020,"NAP Moreira, MS Reis, TS Körting, LV Dutra… - Rev. Bras …, 2020",,plutao.sid.inpe.br,http://plutao.sid.inpe.br/attachment.cgi/sid.inpe.br/plutao/2020/12.07.13.58.33/doc/moreira_subpixel.pdf,,,,,,,,,Google Scholar; OpenAlex,2019
83LX3pFwXQZeBBx/oS8KP,subsidio a gestao ambiental hidroviaria o empreendimento hidrico santa maria da serra|2004,subsidio a gestao ambiental hidroviaria o empreendimento hidrico santa maria da serra,2004,PSR Nascimento,,2004,https://repositorio.unesp.br/entities/publication/d1a54f43-2b74-4cb3-96b8-b80dd22b1186,,,,,,,,,Google Scholar; OpenAlex,1999
8JMKD3MGPDW34R/3UFEAMH,sugarcane health monitoring with satellite spectroscopy and machine learning a review|2025,sugarcane health monitoring with satellite spectroscopy and machine learning a review,2025,"EK Waters, CCM Chen, MR Azghadi - Computers and Electronics in …, 2025",,Elsevier,https://www.sciencedirect.com/science/article/pii/S0168169924010779,,,,,,,,,Google Scholar; OpenAlex,2019
8JMKD3MGP8W/3HHLP88,suitability mapping for broiler closed house farm using analytical hierarchy process and weighted overlay with emphasize on environmental aspects|2015,suitability mapping for broiler closed house farm using analytical hierarchy process and weighted overlay with emphasize on environmental aspects,2015,"AK Wijayanto, KB Seminar, R Afnan - International Journal of …, 2015",,researchgate.net,https://www.researchgate.net/profile/Arif-Wijayanto/publication/288343289_Suitability_Mapping_for_Broiler_Closed_House_Farm_Using_Analytical_Hierarchy_Process_and_Weighted_Overlay_with_Emphasize_on_Environmental_Aspects/links/56803be508aebccc4e0751cd/Suitability-Mapping-for-Broiler-Closed-House-Farm-Using-Analytical-Hierarchy-Process-and-Weighted-Overlay-with-Emphasize-on-Environmental-Aspects.pdf,,,,,,,,,Google Scholar; OpenAlex,2007
83LX3pFwXQZ3V9uMbiY/LHUQQ,suitability maps based on the lsp method|2008,suitability maps based on the lsp method,2008,"JJ Dujmović, G De Tré, N Van de Weghe - International Conference on …, 2008",,Springer,https://link.springer.com/chapter/10.1007/978-3-540-88269-5_3,,,,,,,,,Google Scholar; OpenAlex,2005
83LX3pFwXQZ3V9uMbiY/NibBn,sujeitos masculinos em construcao sentidos de etica nas relacoes de genero de trabalhadores de uma obra da construcao civil em manaus amazonas|2015,sujeitos masculinos em construcao sentidos de etica nas relacoes de genero de trabalhadores de uma obra da construcao civil em manaus amazonas,2015,FA Silva,,2015,https://tede.ufam.edu.br/handle/tede/5066,,,,,,,,,Google Scholar; OpenAlex,2006
83LX3pFwXQZ3V9uMbiY/MdGTa,sunspot a spatial decision support web application for exploring urban solar energy potential|2013,sunspot a spatial decision support web application for exploring urban solar energy potential,2013,A Blakey,,2013,https://uwspace.uwaterloo.ca/items/3e4fe725-3dee-48c4-9bc4-3e90cccb80b5,,,,,,,,,Google Scholar; OpenAlex,2004
8JMKD3MGPDW34P/3KQ6N2L,supporting data quality assessment in escience a provenance based approach|2013,supporting data quality assessment in escience a provenance based approach,2013,"JEG Malaverri - University of Campinas Institute of Computing, 2013",,lis-unicamp.github.io,https://lis-unicamp.github.io/wp-content/uploads/2014/09/thesisJoana.pdf,,,,,,,,,Google Scholar; OpenAlex,2012
83LX3pFwXQZ3V9uMbiY/LHum9,supporting distributed geo processing a framework for managing multi accuracy spatial data|2012,supporting distributed geo processing a framework for managing multi accuracy spatial data,2012,S Migliorini,,2012,https://iris.univr.it/handle/11562/397936,,,,,,,,,Google Scholar; OpenAlex,2005
8JMKD3MGPDW34P/3KJKHE8,survey development and analysis of a games based crisis scenario generation system|2016,survey development and analysis of a games based crisis scenario generation system,2016,"P Praiwattana, A El Rhalibi - … Conference on Technologies for E-Learning …, 2016",,Springer,https://link.springer.com/chapter/10.1007/978-3-319-40259-8_8,,,,,,,,,Google Scholar; OpenAlex,2008
83LX3pFwXQZ3V9uMbiY/MdHuF,survey of parallel and distributed volume rendering revisited|2005,survey of parallel and distributed volume rendering revisited,2005,"J Zhang, J Sun, Z Jin, Y Zhang, Q Zhai - International Conference on …, 2005",,Springer,https://link.springer.com/chapter/10.1007/11424857_46,,,,,,,,,Google Scholar; OpenAlex,2004
83LX3pFwXQZeBBx/oS8KP,sustentabilidade da atividade produtora de agua envasada em fortaleza ce|2008,sustentabilidade da atividade produtora de agua envasada em fortaleza ce,2008,AJC Rosas,,2008,https://repositorio.ufc.br/handle/riufc/16237,,,,,,,,,Google Scholar; OpenAlex,1999
83LX3pFwXQZ3V9uMbiY/LHTbc,swamp uma metodologia espaco temporal para analise de dados ambientais usando wavelets e series temporais|2018,swamp uma metodologia espaco temporal para analise de dados ambientais usando wavelets e series temporais,2018,GSS Guarienti,,2018,,,,,,,,,,Google Scholar; OpenAlex,2005
83LX3pFwXQZeBBx/oS63E,sweep shake finding digital resources in physical environments|2009,sweep shake finding digital resources in physical environments,2009,"S Robinson, P Eslambolchilar, M Jones - Proceedings of the 11th …, 2009",,dl.acm.org,https://dl.acm.org/doi/abs/10.1145/1613858.1613874,,,,,,,,,Google Scholar; OpenAlex,1999
8JMKD3MGP8W/3FCBR3B,sweeping orders for simplicial complex reconstruction|2025,sweeping orders for simplicial complex reconstruction,2025,"T Ophelders, A Schenfisch - arXiv preprint arXiv:2501.01901, 2025",,arxiv.org,https://arxiv.org/abs/2501.01901,,,,,,,,,Google Scholar; OpenAlex,2013
8JMKD3MGP8W/3FCF4P8,swi a semantic web interactive gazetteer to support linked open data|2016,swi a semantic web interactive gazetteer to support linked open data,2016,"SD Cardoso, FK Amanqui, KJA Serique… - Future Generation …, 2016",,Elsevier,https://www.sciencedirect.com/science/article/pii/S0167739X15001818,,,,,,,,,Google Scholar; OpenAlex,2013
83LX3pFwXQZ3V9uMbiY/NiaHU,sws gis uma arquitetura baseada em servicos para uma federacao de spatial data infrastructures|2007,sws gis uma arquitetura baseada em servicos para uma federacao de spatial data infrastructures,2007,FL LEITE JÚNIOR,,2007,https://dspace.sti.ufcg.edu.br/handle/riufcg/2905,,,,,,,,,Google Scholar; OpenAlex,2006
83LX3pFwXQZ3V9uMbiY/MdGsf,system support for ubiquitous computing|2006,system support for ubiquitous computing,2006,E Aitenbichler,,2006,https://www.researchgate.net/profile/Erwin-Aitenbichler/publication/2903057_System_Support_For_Ubiquitous_Computing/links/558e752208ae47a3490bf4f1/System-Support-For-Ubiquitous-Computing.pdf,,,,,,,,,Google Scholar; OpenAlex,2004
8JMKD3MGP8W/3HHFPFE,task learning of bimanual object handling|2008,task learning of bimanual object handling,2008,M Mühlig,,2008,,,,,,,,,,Google Scholar; OpenAlex,2007
83LX3pFwXQZ3V9uMbiY/MdGsf,task orientierte anwendungen in einer smart factory|2006,task orientierte anwendungen in einer smart factory,2006,"M Wieland, F Leymann, L Jendoubi, D Nicklas… - … , Hindernisse, Einsatz. 1 …, 2006",,dl.gi.de,https://dl.gi.de/items/ad7a92fe-54d9-4e78-b2e2-dde9b6b99a15,,,,,,,,,Google Scholar; OpenAlex,2004
83LX3pFwXQZ3V9uMbiY/LHTEt,taylor kriging metamodeling for simulation interpolation sensitivity analysis and optimization|2009,taylor kriging metamodeling for simulation interpolation sensitivity analysis and optimization,2009,H Liu,,2009,https://search.proquest.com/openview/716a4dfb78830ddbbed3d5b2baf57a37/1?pq-origsite=gscholar&cbl=18750,,,,,,,,,Google Scholar; OpenAlex,2005
8JMKD3MGPDW34P/3KJKMHB,tecnicas de simulacao para apoio a decisao em planejamento urbano|2016,tecnicas de simulacao para apoio a decisao em planejamento urbano,2016,GDS Figueiredo,,2016,,,,,,,,,,Google Scholar; OpenAlex,2008
8JMKD3MGP8W/3GQ75FL,tecnologias da informacao como instrumento de auxilio no monitoramento e gestao de ocorrencias em trecho de faixa de seguranca de linhas de transmissao|2013,tecnologias da informacao como instrumento de auxilio no monitoramento e gestao de ocorrencias em trecho de faixa de seguranca de linhas de transmissao,2013,SM Ulbricht,,2013,https://repositorio.ufsc.br/handle/123456789/107423,,,,,,,,,Google Scholar; OpenAlex,2001
83LX3pFwXQZ3V9uMbiY/LHUQQ,template based gis computation a geometric algebra approach|2017,template based gis computation a geometric algebra approach,2017,"W Luo, Z Yu, L Yuan, Y Hu, AX Zhu… - International Journal of …, 2017",,Taylor & Francis,https://www.tandfonline.com/doi/abs/10.1080/13658816.2017.1346796,,,,,,,,,Google Scholar; OpenAlex,2005
8JMKD3MGP8W/3D62DML,temporal geospatial cooperative visual analysis|2016,temporal geospatial cooperative visual analysis,2016,"JA Walsh, J Zucco, RT Smith… - 2016 Big Data Visual …, 2016",,ieeexplore.ieee.org,https://ieeexplore.ieee.org/abstract/document/7787050/,,,,,,,,,Google Scholar; OpenAlex,2012
8JMKD3MGP3W34P/42H35D2,temporal gis and spatiotemporal data sources|2015,temporal gis and spatiotemporal data sources,2015,"KR Ferreira, AG de Oliveira, AMV Monteiro… - …, 2015",,mtc-m21b.sid.inpe.br,http://mtc-m21b.sid.inpe.br/attachment.cgi/sid.inpe.br/mtc-m21b/2017/01.23.15.20/doc/ferreira_temporal.pdf,,,,,,,,,Google Scholar; OpenAlex,2014
83LX3pFwXQZ3V9uMbiY/LHTK3,temporally coherent real time labeling of dynamic scenes|2012,temporally coherent real time labeling of dynamic scenes,2012,"M Vaaraniemi, M Treib, R Westermann - Proceedings of the 3rd …, 2012",,dl.acm.org,https://dl.acm.org/doi/abs/10.1145/2345316.2345337,,,,,,,,,Google Scholar; OpenAlex,2005
8JMKD3MGPDW34P/3NDC32P,tensoranalyzer identification of urban patterns in big cities using non negative tensor factorization|2022,tensoranalyzer identification of urban patterns in big cities using non negative tensor factorization,2022,"J Silveira, G García, A Paiva, M Nery, S Adorno… - arXiv preprint arXiv …, 2022",,arxiv.org,https://arxiv.org/abs/2210.02623,,,,,,,,,Google Scholar; OpenAlex,2016
8JMKD3MGPDW34P/3KJKGPE,terra me gims uma interface grafica para a descricao de modelos ambientais para a plataforma terrame|2010,terra me gims uma interface grafica para a descricao de modelos ambientais para a plataforma terrame,2010,TFM de Lima,,2010,https://repositorio.ufmg.br/items/2c5a56b8-ee99-4f1f-92de-87a3a12b2412,,,,,,,,,Google Scholar; OpenAlex,2008
8JMKD3MGP3W34P/3N2U8K2,terrabrasilis a spatial data analytics infrastructure for large scale thematic mapping|2019,terrabrasilis a spatial data analytics infrastructure for large scale thematic mapping,2019,"LF FG Assis, KR Ferreira, L Vinhas, L Maurano… - … International Journal of …, 2019",,mdpi.com,https://www.mdpi.com/2220-9964/8/11/513,,,,,,,,,Google Scholar; OpenAlex,2016
83LX3pFwXQZ3V9uMbiY/NiaA4,terrahidro a distributed hydrological system to delimit large basins|2012,terrahidro a distributed hydrological system to delimit large basins,2012,"ES Abreu, S Rosim, CD Rennó… - … and Remote Sensing …, 2012",,ieeexplore.ieee.org,https://ieeexplore.ieee.org/abstract/document/6351535/,,,,,,,,,Google Scholar; OpenAlex,2006
83LX3pFwXQZ4BFjAq/mGafE,terrahidro uma plataforma computacional para o desenvolvimento de aplicativos para a analise integrada de recursos hidricos|2003,terrahidro uma plataforma computacional para o desenvolvimento de aplicativos para a analise integrada de recursos hidricos,2003,"S Rosim, AMV MONTEIRO, CD RENNÓ… - XI Simpósio Brasileiro …, 2003",,marte.sid.inpe.br,http://marte.sid.inpe.br/col/ltid.inpe.br/sbsr/2002/11.17.20.15/doc/18_330.pdf,,,,,,,,,Google Scholar; OpenAlex,2000
83LX3pFwXQZ3V9uMbiY/LHUQQ,terrahs integration of functional programming and spatial databases for gis application development|2006,terrahs integration of functional programming and spatial databases for gis application development,2006,"SS Costa, G Câmara, D Palomo - … GEOINFO 2006, Campos do Jordão (SP …, 2007",,Springer,https://link.springer.com/chapter/10.1007/978-3-540-73414-7_8,,,,,,,,,Google Scholar; OpenAlex,2005
83LX3pFwXQZ3V9uMbiY/NiaA4,terrahydro a distributed hydrological system using graph structure for unified water flow representation|2011,terrahydro a distributed hydrological system using graph structure for unified water flow representation,2011,"S Rosim, AMV Monteiro, CD Rennó… - … and Remote Sensing …, 2011",,ieeexplore.ieee.org,https://ieeexplore.ieee.org/abstract/document/6050154/,,,,,,,,,Google Scholar; OpenAlex,2006
8JMKD3MGPDW34P/3KJKM68,terralab using free software for earth system research and free software development|2009,terralab using free software for earth system research and free software development,2009,"TGS Carneiro, TFM De Lima… - … of the X Workshop of Free …, 2009",,researchgate.net,https://www.researchgate.net/profile/Tiago-Carneiro-2/publication/238110910_TerraLAB_-_Using_Free_Software_for_Earth_System_Research_and_Free_Software_Development/links/0deec52a764ca14ccc000000/TerraLAB-Using-Free-Software-for-Earth-System-Research-and-Free-Software-Development.pdf,,,,,,,,,Google Scholar; OpenAlex,2008
83LX3pFwXQZ3V9uMbiY/LHUuu,terralib an open source gis library for large scale environmental and socio economic applications|2008,terralib an open source gis library for large scale environmental and socio economic applications,2008,"G Câmara, L Vinhas, KR Ferreira, GRD Queiroz… - … source approaches in …, 2008",,Springer,https://link.springer.com/chapter/10.1007/978-3-540-74831-1_12,,,,,,,,,Google Scholar; OpenAlex,2005
83LX3pFwXQZeBBx/oS8KP,terralib technology in support of gis innovation|2000,terralib technology in support of gis innovation,2000,"G Camara, R Souza, B Pedrosa… - II Workshop …, 2000",,mtc-m16c.sid.inpe.br,http://mtc-m16c.sid.inpe.br/col/dpi.inpe.br/vagner/2000/07.07.15.29/doc/019.pdf,,,,,,,,,Google Scholar; OpenAlex,1999
8JMKD3MGPDW34P/3KJKGEH,terrame gims an eclipse plug in for environmental modeling|2013,terrame gims an eclipse plug in for environmental modeling,2013,"T Lima, T Carneiro, S Faria, P Silva… - 2013 3rd International …, 2013",,ieeexplore.ieee.org,https://ieeexplore.ieee.org/abstract/document/6597192/,,,,,,,,,Google Scholar; OpenAlex,2008
83LX3pFwXQZ4BFjAq/mGafE,terrame observer an extensible real time visualization pipeline for dynamic spatial models|2012,terrame observer an extensible real time visualization pipeline for dynamic spatial models,2012,"AJC Rodrigues, TGS Carneiro, PR de Andrade - GEOINFO, 2012",,mtc-m16c.sid.inpe.br,http://mtc-m16c.sid.inpe.br/attachment.cgi/sid.inpe.br/mtc-m16c/2015/12.17.16.46/doc/proceedings2012_p6.pdf,,,,,,,,,Google Scholar; OpenAlex,2000
83LX3pFwXQZ4BFjAq/mGafE,terraml a cell based modeling language for an open source gis library|2002,terraml a cell based modeling language for an open source gis library,2002,"B Pedrosa, G Câmara, F Fonseca… - II International Conference …, 2002",,dpi.inpe.br,http://www.dpi.inpe.br/gilberto/papers/terraml_giscience2002.pdf,,,,,,,,,Google Scholar; OpenAlex,2000
83LX3pFwXQZ4BFjAq/mGafE,terraml a language to support spatial dynamic modeling|2002,terraml a language to support spatial dynamic modeling,2002,"B PEDRosA, G Câmara, F Fonseca… - Proc. GeoInfo, IV …, 2002",,mtc-m16c.sid.inpe.br,http://mtc-m16c.sid.inpe.br/attachment.cgi/sid.inpe.br/mtc-m18/2014/08.27.13.45/doc/paper16.pdf,,,,,,,,,Google Scholar; OpenAlex,2000
83LX3pFwXQZ3V9uMbiY/MhU9d,territorios digitais as novas fronteiras do brasil|2007,territorios digitais as novas fronteiras do brasil,2007,"G Câmara, AM Monteiro, A Sposati… - … Preparatório para a …, 2007",,mtc-m16c.sid.inpe.br,http://mtc-m16c.sid.inpe.br/attachment.cgi/sid.inpe.br/ePrint@80/2007/02.14.12.00/doc/v1.pdf,,,,,,,,,Google Scholar; OpenAlex,2003
83LX3pFwXQZ3V9uMbiY/Mc4v6,testing ogc web feature and coverage service performance towards efficient delivery of geospatial data|2013,testing ogc web feature and coverage service performance towards efficient delivery of geospatial data,2013,"G Giuliani, A Dubois, P Lacroix - Journal of Spatial Information Science, 2013",,josis.net,http://josis.net/index.php/josis/article/view/39,,,,,,,,,Google Scholar; OpenAlex,2004
83LX3pFwXQZ4BFjAq/mGafE,the amazon deforestation monitoring system a large environmental database developed on terralib and postgresql|2007,the amazon deforestation monitoring system a large environmental database developed on terralib and postgresql,2007,"UM Freitas, VO Ribeiro, GR Queiroz… - Community …, 2007",,trac.osgeo.org,https://trac.osgeo.org/osgeo/export/669/journal/volume_3/en-us/OSGeoJournal_vol3.pdf#page=44,,,,,,,,,Google Scholar; OpenAlex,2000
83LX3pFwXQZeBBx/oS63E,the ambient tag cloud a new concept for topic driven mobile urban exploration|2009,the ambient tag cloud a new concept for topic driven mobile urban exploration,2009,"M Baldauf, P Fröhlich, P Reichl - European Conference on Ambient …, 2009",,Springer,https://link.springer.com/chapter/10.1007/978-3-642-05408-2_5,,,,,,,,,Google Scholar; OpenAlex,1999
83LX3pFwXQZ4BFjAq/mGafE,the architecture of a flexible querier for spatio temporal databases|2005,the architecture of a flexible querier for spatio temporal databases,2005,"KR Ferreira, L Vinhas, GR de Queiroz, RCM de Souza… - GEOINFO, 2005",,academia.edu,https://www.academia.edu/download/47624323/Architecture_Flexible_Querier_Spatio_Temporal_Databases_final.pdf,,,,,,,,,Google Scholar; OpenAlex,2000
8JMKD3MGP3W34P/42GRQJB,the baquara2 knowledge based framework for semantic enrichment and analysis of movement data|2015,the baquara2 knowledge based framework for semantic enrichment and analysis of movement data,2015,"R Fileto, C May, C Renso, N Pelekis, D Klein… - Data & Knowledge …, 2015",,Elsevier,https://www.sciencedirect.com/science/article/pii/S0169023X15000555,,,,,,,,,Google Scholar; OpenAlex,2014
83LX3pFwXQZ3V9uMbiY/MimPC,the case of electoral polling station data for geocoding in facilitating accessibility to social economic and cultural opportunities in ghana|2023,the case of electoral polling station data for geocoding in facilitating accessibility to social economic and cultural opportunities in ghana,2023,"G Dumedah, NNY Binche, GM Bob-Milliar… - African Geographical …, 2023",,Taylor & Francis,https://www.tandfonline.com/doi/abs/10.1080/19376812.2022.2076134,,,,,,,,,Google Scholar; OpenAlex,2003
83LX3pFwXQZ3V9uMbiY/MimPC,the case of paratransit trotro service data as a credible location addressing of road networks in ghana|2020,the case of paratransit trotro service data as a credible location addressing of road networks in ghana,2020,"G Dumedah, G Eshun - Journal of Transport Geography, 2020",,Elsevier,https://www.sciencedirect.com/science/article/pii/S0966692319307331,,,,,,,,,Google Scholar; OpenAlex,2003
83LX3pFwXQZ3V9uMbiY/LHTEt,the contribution of contemporary sensors to the management of natural and manmade disasters the present and the future|2011,the contribution of contemporary sensors to the management of natural and manmade disasters the present and the future,2011,"I Doukas, G Retscher - Joint International Symposium on …, 2011",,academia.edu,https://www.academia.edu/download/92426768/doukas_retscher.pdf,,,,,,,,,Google Scholar; OpenAlex,2005
8JMKD3MGPDW34P/3SEUQQP,the contribution of fishing to human well being in brazilian coastal communities|2023,the contribution of fishing to human well being in brazilian coastal communities,2023,"NC Gamarra, ACL Costa, MAC Ferreira… - Marine Policy, 2023",,Elsevier,https://www.sciencedirect.com/science/article/pii/S0308597X23000489,,,,,,,,,Google Scholar; OpenAlex,2018
83LX3pFwXQZ4BFjAq/mEoEp,the damage capacity of mahanarva spectabilis distant 1909 hemiptera cercopidae adults on brachiaria ruziziensis pasture|2013,the damage capacity of mahanarva spectabilis distant 1909 hemiptera cercopidae adults on brachiaria ruziziensis pasture,2013,"TT Resende, AM Auad, MG Fonseca… - The Scientific World …, 2013",,Wiley Online Library,https://onlinelibrary.wiley.com/doi/abs/10.1155/2013/281295,,,,,,,,,Google Scholar; OpenAlex,2000
8JMKD3MGPDW34P/3KJKHE8,the decision game a serious game approach to understanding environmental risk management decisions|2020,the decision game a serious game approach to understanding environmental risk management decisions,2020,"N Yiannakoulias, JN Gordon… - Journal of Risk …, 2020",,Taylor & Francis,https://www.tandfonline.com/doi/abs/10.1080/13669877.2018.1517379,,,,,,,,,Google Scholar; OpenAlex,2008
8JMKD3MGP8W/3HHLNQ5,the design and development of a ship trajectory data management and analysis system based on ais|2021,the design and development of a ship trajectory data management and analysis system based on ais,2021,"C Feng, B Fu, Y Luo, H Li - Sensors, 2021",,mdpi.com,https://www.mdpi.com/1424-8220/22/1/310,,,,,,,,,Google Scholar; OpenAlex,2007
8JMKD3MGP8W/3GQ75L5,the design of distribution query processor based on specified model|2010,the design of distribution query processor based on specified model,2010,"J Zhang - 2010 3rd International Conference on Computer …, 2010",,ieeexplore.ieee.org,https://ieeexplore.ieee.org/abstract/document/5563902/,,,,,,,,,Google Scholar; OpenAlex,2001
8JMKD3MGP8W/3FCBSBS,the design of vague spatial data warehouses|2015,the design of vague spatial data warehouses,2015,TLL Siqueira,,2015,https://repositorio.ufscar.br/items/3df45487-15e8-447c-9f6c-487ef36e7f28,,,,,,,,,Google Scholar; OpenAlex,2013
8JMKD3MGP8W/3GQ6P35,the design of xpae an emergency plan definition language|2002,the design of xpae an emergency plan definition language,2002,"MA Casanova, TAS Coelho… - Proc. IV Workshop …, 2002",,researchgate.net,https://www.researchgate.net/profile/Marcelo-Tilio/publication/228944595_The_Design_of_XPAE-An_Emergency_Plan_Definition_Language/links/00b7d534d61aa9153b000000/The-Design-of-XPAE-An-Emergency-Plan-Definition-Language.pdf,,,,,,,,,Google Scholar; OpenAlex,2001
83LX3pFwXQZ3V9uMbiY/Nib3w,the digmap geo temporal web gazetteer service|2009,the digmap geo temporal web gazetteer service,2009,"H Manguinhas, B Martins, J Borbinha… - e-Perimetron: Int. Web J …, 2009",,e-perimetron.org,http://www.e-perimetron.org/Vol_4_1/Manguinhas_et_al.pdf,,,,,,,,,Google Scholar; OpenAlex,2006
8JMKD3MGP8W/3B25HBP,the divide and segment method for parallel image segmentation|2013,the divide and segment method for parallel image segmentation,2013,"TS Körting, EF Castejon, LMG Fonseca - International Conference on …, 2013",,Springer,https://link.springer.com/chapter/10.1007/978-3-319-02895-8_45,,,,,,,,,Google Scholar; OpenAlex,2011
8JMKD3MGPDW34P/45U7K7E,the dual lens of sustainability economic and environmental insights into novel carbon reduction technologies using systems modeling data science and multi|2024,the dual lens of sustainability economic and environmental insights into novel carbon reduction technologies using systems modeling data science and multi,2024,BJ Limb,,2024,https://search.proquest.com/openview/8567a4e0c2084e57fc239d13398b41ac/1?pq-origsite=gscholar&cbl=18750&diss=y,,,,,,,,,Google Scholar; OpenAlex,2021
8JMKD3MGP3W34P/3N2U9JL,the e sensing architecture for big earth observation data analysis|2018,the e sensing architecture for big earth observation data analysis,2018,"G Camara, G Queiroz, L Vinhas, K Ferreira… - Proceedings of the …, 2018",,iris.unitn.it,https://iris.unitn.it/bitstream/11572/189368/3/proceedings%20of%20the%202017%20conference%20on%20big%20data%20from-KJNA28783ENN.pdf#page=68,,,,,,,,,Google Scholar; OpenAlex,2016
8JMKD3MGPDW34P/3SEURDB,the effect of intra urban mobility flows on the spatial heterogeneity of social media activity investigating the response to rainfall events|2022,the effect of intra urban mobility flows on the spatial heterogeneity of social media activity investigating the response to rainfall events,2022,"SC de Andrade, J Porto de Albuquerque… - International Journal …, 2022",,Taylor & Francis,https://www.tandfonline.com/doi/abs/10.1080/13658816.2021.1957898,,,,,,,,,Google Scholar; OpenAlex,2018
83LX3pFwXQZ3V9uMbiY/MdGTa,the evaluation of hospital information system usability and its effectiveness on customers satisfaction based on iso 9241 10|2013,the evaluation of hospital information system usability and its effectiveness on customers satisfaction based on iso 9241 10,2013,"FWA Bakr, NAA Sheikha, FN Al-Madi - Jordan Journal of Business …, 2013",,academia.edu,https://www.academia.edu/download/115720247/1e2798e2925fb60be11a4eeb8e5caa2ad5c2.pdf,,,,,,,,,Google Scholar; OpenAlex,2004
83LX3pFwXQZ3V9uMbiY/NiaFE,the framework of a geospatial semantic web based spatial decision support system for digital earth|2010,the framework of a geospatial semantic web based spatial decision support system for digital earth,2010,"C Zhang, T Zhao, W Li - International Journal of Digital Earth, 2010",,Taylor & Francis,https://www.tandfonline.com/doi/abs/10.1080/17538940903373803,,,,,,,,,Google Scholar; OpenAlex,2006
8JMKD3MGPDW34P/4ADBK2H,the future of graph based spatial pattern matching vision paper|2024,the future of graph based spatial pattern matching vision paper,2024,"NR Schneider, K O'Sullivan… - 2024 IEEE 40th …, 2024",,ieeexplore.ieee.org,https://ieeexplore.ieee.org/abstract/document/10555097/,,,,,,,,,Google Scholar,2023
8JMKD3MGPDW34R/3UFEFD8,the harmonize project and the eodcthrs architecture an earth observation data cube tuned for health response systems|2023,the harmonize project and the eodcthrs architecture an earth observation data cube tuned for health response systems,2023,"AM Maciel, ML Rodrigues, Y Nunes, LB Luz… - GEOINFO, 2023",,data.inpe.br,https://data.inpe.br/bdc/wp-content/uploads/sites/4/2025/05/The-HARMONIZE-Project-and-the-EODCtHRS-Architecture-An-Earth-Observation-Data-Cube-tuned-for-Health-Response-Systems-1.pdf,,,,,,,,,Google Scholar; OpenAlex,2019
8JMKD3MGPDW34P/45U7JC8,the impact of geological and rainfall characteristics on slope stability analysis in shallow landslide modelling using the trigrs model|2023,the impact of geological and rainfall characteristics on slope stability analysis in shallow landslide modelling using the trigrs model,2023,"K Sugianti, A Tohari - Rudarsko-geološko-naftni zbornik, 2023",,hrcak.srce.hr,https://hrcak.srce.hr/309865,,,,,,,,,Google Scholar; OpenAlex,2021
8JMKD3MGP8W/3D62DML,the impact of interactivity on comprehending 2d and 3d visualizations of movement data|2014,the impact of interactivity on comprehending 2d and 3d visualizations of movement data,2014,"F Amini, S Rufiange, Z Hossain… - IEEE transactions on …, 2014",,ieeexplore.ieee.org,https://ieeexplore.ieee.org/abstract/document/6826569/,,,,,,,,,Google Scholar; OpenAlex,2012
8JMKD3MGPDW34P/3KJKDN8,the impact of spatial data redundancy on solap query performance|2009,the impact of spatial data redundancy on solap query performance,2009,"TLL Siqueira, CDA Ciferri, VC Times… - Journal of the Brazilian …, 2009",,SciELO Brasil,https://www.scielo.br/j/jbcos/a/yQyXJLpCbVbKQ5QH7HJK9wM/?lang=en,,,,,,,,,Google Scholar; OpenAlex,2008
8JMKD3MGPDW34P/3KQ6N2L,the importance of data quality assessment for machinery data in the field of agriculture|2022,the importance of data quality assessment for machinery data in the field of agriculture,2022,"M Abdipourchenarestansofla, C Schroth - VDI-Berichte, 2022",,h2020-demeter.eu,https://h2020-demeter.eu/wp-content/uploads/2022/04/Theimportanceofdataqualityassessmentformachinery-1.pdf,,,,,,,,,Google Scholar; OpenAlex,2012
8JMKD3MGPDW34P/3NDC8C8,the measurement of mobility based accessibility the impact of floods on trips of various length and motivation|2019,the measurement of mobility based accessibility the impact of floods on trips of various length and motivation,2019,"M Borowska-Stefańska, M Kowalski… - … International Journal of …, 2019",,mdpi.com,https://www.mdpi.com/2220-9964/8/12/534,,,,,,,,,Google Scholar; OpenAlex,2016
83LX3pFwXQZ4BFjAq/mEoEp,the neglected contribution of mound building termites on ch4 emissions in brazilian pastures|2021,the neglected contribution of mound building termites on ch4 emissions in brazilian pastures,2021,"DMS Oliveira, EM Araújo, EF Frade… - Revista Brasileira de …, 2021",,SciELO Brasil,https://www.scielo.br/j/rbz/a/jmBrgGbXFKWkrgwWjHstGRb/?lang=en,,,,,,,,,Google Scholar; OpenAlex,2000
83LX3pFwXQZeBBx/oS63E,the point to discover geowand|2007,the point to discover geowand,2007,"R Simon, P Fröhlich, G Obernberger… - Adjunct Proceedings of …, 2007",,researchgate.net,https://www.researchgate.net/profile/Rainer-Simon-4/publication/228804389_The_Point_to_Discover_GeoWand/links/00b495174f46d91325000000/The-Point-to-Discover-GeoWand.pdf,,,,,,,,,Google Scholar; OpenAlex,1999
83LX3pFwXQZ4BFjAq/mGafE,the promise of open source systems software in developing requisite e government solutions for the developing countries a review of literature|2014,the promise of open source systems software in developing requisite e government solutions for the developing countries a review of literature,2014,"A Tella, AO Tella - … and Platform Enhancements for Successful Global …, 2014",,igi-global.com,https://www.igi-global.com/chapter/the-promise-of-open-source-systemssoftware-in-developing-requisite-e-government-solutions-for-the-developing-countries/96693,,,,,,,,,Google Scholar; OpenAlex,2000
83LX3pFwXQZ3V9uMbiY/Mekki,the role of gazetteers in geographic knowledge discovery on the web|2005,the role of gazetteers in geographic knowledge discovery on the web,2005,"LA Souza, CA Davis, KAV Borges… - Third Latin American …, 2005",,ieeexplore.ieee.org,https://ieeexplore.ieee.org/abstract/document/1592372/,,,,,,,,,Google Scholar; OpenAlex,2004
83LX3pFwXQZeBBx/oS63E,the role of mobility in continued usage intention of smart mobile device|2014,the role of mobility in continued usage intention of smart mobile device,2014,"V Cho, E Ngai - Communications of the ICISA, 2014",,airitilibrary.com,https://www.airitilibrary.com/Article/Detail/15332454-201412-201501230007-201501230007-1-21,,,,,,,,,Google Scholar; OpenAlex,1999
83LX3pFwXQZ3V9uMbiY/Nib6T,the role of universities in the brazilian nsdi capacity building plan the case of the open geospatial laboratory at ufpr|2013,the role of universities in the brazilian nsdi capacity building plan the case of the open geospatial laboratory at ufpr,2013,"SP Camboim, MCB Brandalize - Proceeding of the 26th ICC, Dresden …, 2013",,icaci.org,https://icaci.org/files/documents/ICC_proceedings/ICC2013/_extendedAbstract/430_proceeding.pdf,,,,,,,,,Google Scholar; OpenAlex,2006
8JMKD3MGPDW34P/3KJKDN8,the sb index and the hsb index efficient indices for spatial data warehouses|2012,the sb index and the hsb index efficient indices for spatial data warehouses,2012,"TLL Siqueira, CDA Ciferri, VC Times, RR Ciferri - Geoinformatica, 2012",,Springer,https://link.springer.com/article/10.1007/s10707-011-0128-5,,,,,,,,,Google Scholar; OpenAlex,2008
8JMKD3MGPDW34P/3KQ2JSL,the semantics of sensor observations based on attention|2015,the semantics of sensor observations based on attention,2015,"S Scheider, C Stasch - Attention and Meaning: The Attentional Basis …, 2015",,philpapers.org,https://philpapers.org/archive/MARAAM-11.pdf#page=339,,,,,,,,,Google Scholar; OpenAlex,2012
8JMKD3MGPDW34P/3KP36L8,the sensitivity of evapotranspiration for land uses and topography in area of cerrado biome brazil|2021,the sensitivity of evapotranspiration for land uses and topography in area of cerrado biome brazil,2021,"LAP da Silva, ÉL Bolfe, CMP de Souza… - Revista Espaço e …, 2021",,periodicos.unb.br,https://periodicos.unb.br/index.php/espacoegeografia/article/view/40281,,,,,,,,,Google Scholar; OpenAlex,2015
8JMKD3MGP8W/3D62DML,the st vis tool for spatiotemporal visualization|2018,the st vis tool for spatiotemporal visualization,2018,"APSB Vieira, RS João, LAS Romani… - … -New Generations: 15th …, 2018",,Springer,https://link.springer.com/chapter/10.1007/978-3-319-77028-4_74,,,,,,,,,Google Scholar; OpenAlex,2012
83LX3pFwXQZ3V9uMbiY/LHUxR,the strategies of advanced local spatial data infrastructure for seoul metropolitan government|2019,the strategies of advanced local spatial data infrastructure for seoul metropolitan government,2019,"M Kim, I Gwak, J Koh - International Journal of Urban Sciences, 2019",,Taylor & Francis,https://www.tandfonline.com/doi/abs/10.1080/12265934.2018.1458639,,,,,,,,,Google Scholar; OpenAlex,2005
83LX3pFwXQZ3V9uMbiY/LHUxR,the study of slums as social and physical constructs challenges and emerging research opportunities|2016,the study of slums as social and physical constructs challenges and emerging research opportunities,2016,"R Mahabir, A Crooks, A Croitoru… - Regional Studies …, 2016",,Taylor & Francis,https://www.tandfonline.com/doi/abs/10.1080/21681376.2016.1229130,,,,,,,,,Google Scholar; OpenAlex,2005
8JMKD3MGPDW34P/3KP35BL,the technology of spatial relations visualization based on the analysis of natural language texts|2021,the technology of spatial relations visualization based on the analysis of natural language texts,2021,"AV Vicentiy, MG Shishaev - Proceedings of the Computational Methods in …, 2021",,Springer,https://link.springer.com/chapter/10.1007/978-3-030-90318-3_78,,,,,,,,,Google Scholar; OpenAlex,2015
8JMKD3MGP8W/3GTEJES,the transpetro emergency response system|2004,the transpetro emergency response system,2004,"AT Ferreira Filho, VF Cardoso… - International …, 2004",,asmedigitalcollection.asme.org,https://asmedigitalcollection.asme.org/IPC/proceedings-abstract/IPC2004/613/307879,,,,,,,,,Google Scholar; OpenAlex,2002
83LX3pFwXQZ3V9uMbiY/LHUQQ,the use of breeding sites of tilapia congica thys van audenaerde 1960 to delineate conservation sites in the lake tumba democratic republic of congo|2010,the use of breeding sites of tilapia congica thys van audenaerde 1960 to delineate conservation sites in the lake tumba democratic republic of congo,2010,"BI Inogwabini, M Dianda… - African Journal of Ecology, 2010",,Wiley Online Library,https://onlinelibrary.wiley.com/doi/abs/10.1111/j.1365-2028.2009.01180.x,,,,,,,,,Google Scholar; OpenAlex,2005
8JMKD3MGP8W/3GTEJ3P,the use of simulation in urban modelling|2010,the use of simulation in urban modelling,2010,"RM Alves, CH Albrecht - Methods and Techniques in Urban …, 2010",,books.google.com,https://books.google.com/books?hl=pt-BR&lr=&id=NOqODwAAQBAJ&oi=fnd&pg=PA109&ots=NaNqixkdF7&sig=7e2JhxGxuqm3tXHyNSbOOqb3gcs,,,,,,,,,Google Scholar; OpenAlex,2002
8JMKD3MGPDW34P/3KP37UP,the vaguegeometry abstract data type|2016,the vaguegeometry abstract data type,2016,"AC Carniel, RR Ciferri… - Journal of Information …, 2016",,journals-sol.sbc.org.br,https://journals-sol.sbc.org.br/index.php/jidm/article/view/1574,,,,,,,,,Google Scholar; OpenAlex,2015
83LX3pFwXQZeBBx/oS63E,the virtual oceanarium|2000,the virtual oceanarium,2000,"T Fröhlich - Communications of the ACM, 2000",,dl.acm.org,https://dl.acm.org/doi/fullHtml/10.1145/341852.341868,,,,,,,,,Google Scholar; OpenAlex,1999
8JMKD3MGP8W/3FCF4P8,themerise a theme oriented framework for volunteered geographic information applications|2018,themerise a theme oriented framework for volunteered geographic information applications,2018,"MB Pinheiro, CA Davis Jr - Open Geospatial Data, Software and …, 2018",,Springer,https://link.springer.com/article/10.1186/s40965-018-0049-4,,,,,,,,,Google Scholar; OpenAlex,2013
8JMKD3MGP8W/3GQ6SSH,thiago panchiniak|2017,thiago panchiniak,2017,DSM CONCEITUAIS,,2017,https://repositorio.ufsc.br/bitstream/handle/123456789/189319/PTRA0015-D.pdf?sequence=-1,,,,,,,,,Google Scholar; OpenAlex,2001
8JMKD3MGPDW34P/3NDC29P,this thesis is dedicated to my loving parents mahendra prasad sangeetha devi my brother anuj kumar kushwaha|2018,this thesis is dedicated to my loving parents mahendra prasad sangeetha devi my brother anuj kumar kushwaha,2018,MP Sangeetha Devi,,2018,https://www.researchgate.net/profile/Sunni-Kanta-Prasad-Kushwaha/publication/344256747_3D_Documentation_and_Condition_Assessment_of_Surface_and_Subsurface_of_Engineering_Structures/links/5f610f35a6fdcc1164157dfc/3D-Documentation-and-Condition-Assessment-of-Surface-and-Subsurface-of-Engineering-Structures.pdf,,,,,,,,,Google Scholar; OpenAlex,2016
8JMKD3MGPDW34P/4ADCN3L,tibraca limbativentris rice stem bug|2022,tibraca limbativentris rice stem bug,2022,"MA Dueñas-López - CABI Compendium, 2022",,cabidigitallibrary.org,https://www.cabidigitallibrary.org/doi/pdf/10.1079/cabicompendium.53851,,,,,,,,,Google Scholar,2023
83LX3pFwXQZ3V9uMbiY/MdGTa,time aware consideration towards the intelligent gis user interface design|2026,time aware consideration towards the intelligent gis user interface design,2026,"JH Hong, SY Ho",,2026,https://assets-eu.researchsquare.com/files/rs-9171396/v1_covered_0eaf741d-bff1-478e-b46e-71a6d61bf1fb.pdf,,,,,,,,,Google Scholar; OpenAlex,2004
8JMKD3MGPDW34R/3UFE9MS,time series metrics applied to land use and land cover mapping with focus on landslide detection|2022,time series metrics applied to land use and land cover mapping with focus on landslide detection,2022,"TDT Uehara, T Sehn Körting… - Journal of Applied …, 2022",,spiedigitallibrary.org,https://www.spiedigitallibrary.org/journals/journal-of-applied-remote-sensing/volume-16/issue-3/034518/Time-series-metrics-applied-to-land-use-and-land-cover/10.1117/1.JRS.16.034518.short,,,,,,,,,Google Scholar; OpenAlex,2019
83LX3pFwXQZ3V9uMbiY/LHTK3,todays common errors for display toponyms on web maps and solutions|2012,todays common errors for display toponyms on web maps and solutions,2012,"R Župan, S Frangeš - Geodetski list, 2012",,hrcak.srce.hr,https://hrcak.srce.hr/clanak/141125,,,,,,,,,Google Scholar; OpenAlex,2005
8JMKD3MGPDW34P/3KQ2JSL,too fine to be good issues of granularity uniformity and error in spatial crime analysis|2021,too fine to be good issues of granularity uniformity and error in spatial crime analysis,2021,"RG Ramos, BFA Silva, KC Clarke, M Prates - Journal of Quantitative …, 2021",,Springer,https://link.springer.com/article/10.1007/s10940-020-09474-6,,,,,,,,,Google Scholar; OpenAlex,2012
83LX3pFwXQZ3V9uMbiY/MdGsf,tool support for the design and management of context models|2011,tool support for the design and management of context models,2011,"N Cipriani, M Wieland, M Grossmann, D Nicklas - Information Systems, 2011",,Elsevier,https://www.sciencedirect.com/science/article/pii/S0306437910000669,,,,,,,,,Google Scholar; OpenAlex,2004
83LX3pFwXQZ3V9uMbiY/MdGsf,tool support for the design and management of spatial context models|2009,tool support for the design and management of spatial context models,2009,"N Cipriani, M Wieland, M Grossmann… - … European Conference on …, 2009",,Springer,https://link.springer.com/chapter/10.1007/978-3-642-03973-7_7,,,,,,,,,Google Scholar; OpenAlex,2004
83LX3pFwXQZ3V9uMbiY/LHUxR,tools for coastal marine ecosystem based management and geographically referred data integration the santos region case study|2009,tools for coastal marine ecosystem based management and geographically referred data integration the santos region case study,2009,"SMP Sartor, A Sartor, L Palm, EJ Shinohara… - GLOBAL SPATIAL …, 2009",,academia.edu,https://www.academia.edu/download/70590404/Tools_for_coastal_marine_ecosystem-based20210929-19397-s0wem1.pdf,,,,,,,,,Google Scholar; OpenAlex,2005
83LX3pFwXQZ3V9uMbiY/Nia6G,topologically consistent selective progressive transmission|2011,topologically consistent selective progressive transmission,2011,"P Corcoran, P Mooney - … Geoinformation Science for a Changing World, 2011",,Springer,https://link.springer.com/chapter/10.1007/978-3-642-19789-5_26,,,,,,,,,Google Scholar; OpenAlex,2006
83LX3pFwXQZ3V9uMbiY/MioRd,toponym disambiguation by arborescent relationships|2010,toponym disambiguation by arborescent relationships,2010,"I Bensalem, MK Kholladi - Journal of Computer Science, 2010",,researchgate.net,https://www.researchgate.net/profile/Imene-Bensalem-2/publication/47554451_Toponym_Disambiguation_by_Arborescent_Relationships/links/043af3b25ada9f8b5b0b3db3/Toponym-Disambiguation-by-Arborescent-Relationships.pdf,,,,,,,,,Google Scholar; OpenAlex,2003
8JMKD3MGP8W/3HHGDJL,toponym matching through deep neural networks|2018,toponym matching through deep neural networks,2018,"R Santos, P Murrieta-Flores, P Calado… - International Journal of …, 2018",,Taylor & Francis,https://www.tandfonline.com/doi/abs/10.1080/13658816.2017.1390119,,,,,,,,,Google Scholar; OpenAlex,2007
83LX3pFwXQZ3V9uMbiY/LHTK3,toponyms placement on web maps|2013,toponyms placement on web maps,2013,"R Župan, S Frangeš - 26th International Cartographic Conference …, 2013",,icaci.org,https://icaci.org/files/documents/ICC_proceedings/ICC2013/_extendedAbstract/181_proceeding.pdf,,,,,,,,,Google Scholar; OpenAlex,2005
83LX3pFwXQZeBBx/oS63E,touch me interaction paradigm for physically browsing personal learning spaces|2010,touch me interaction paradigm for physically browsing personal learning spaces,2010,"AM Rahman, AE Saddik - 2010 IEEE International Conference …, 2010",,ieeexplore.ieee.org,https://ieeexplore.ieee.org/abstract/document/5583565/,,,,,,,,,Google Scholar; OpenAlex,1999
8JMKD3MGPDW34P/3KP38AL,toward an operational framework for fine scale urban land cover mapping in wallonia using submeter remote sensing and ancillary vector data|2017,toward an operational framework for fine scale urban land cover mapping in wallonia using submeter remote sensing and ancillary vector data,2017,"B Beaumont, T Grippa, M Lennert… - Journal of Applied …, 2017",,spiedigitallibrary.org,https://www.spiedigitallibrary.org/journals/journal-of-applied-remote-sensing/volume-11/issue-3/036011/Toward-an-operational-framework-for-fine-scale-urban-land-cover/10.1117/1.JRS.11.036011.short,,,,,,,,,Google Scholar; OpenAlex,2015
8JMKD3MGP8W/3HHGCCB,toward human centered approaches in landscape planning exploring geospatial and visualization techniques for the management of forest aesthetics|2011,toward human centered approaches in landscape planning exploring geospatial and visualization techniques for the management of forest aesthetics,2011,BC Chamberlain,,2011,https://open.library.ubc.ca/soa/cIRcle/collections/ubctheses/24/items/1.0072308,,,,,,,,,Google Scholar; OpenAlex,2007
83LX3pFwXQZ3V9uMbiY/MioRd,towards a development process for geospatial information retrieval and search|2013,towards a development process for geospatial information retrieval and search,2013,"D Ahlers - Proceedings of the 22nd International Conference on …, 2013",,dl.acm.org,https://dl.acm.org/doi/abs/10.1145/2487788.2487857,,,,,,,,,Google Scholar; OpenAlex,2003
83LX3pFwXQZ3V9uMbiY/Smzyj,towards a dynamic geospatial database model|2011,towards a dynamic geospatial database model,2011,"KR Ferreira, G Camara… - Copyrightⓒ 2011 EDB …, 2011",,researchgate.net,https://www.researchgate.net/profile/Rezaul-Karim-52/publication/283712216_An_Efficient_Approach_for_Mining_Significant_Contiguous_Frequent_Patterns_in_Biological_Sequences/links/5643e46708aef646e6c9745f/An-Efficient-Approach-for-Mining-Significant-Contiguous-Frequent-Patterns-in-Biological-Sequences.pdf#page=80,,,,,,,,,Google Scholar; OpenAlex,2007
83LX3pFwXQZ4BFjAq/mENBs,towards a general theory of geographic representation in gis|2007,towards a general theory of geographic representation in gis,2007,"MF Goodchild, M Yuan, TJ Cova - International journal of …, 2007",,Taylor & Francis,https://www.tandfonline.com/doi/abs/10.1080/13658810600965271,,,,,,,,,Google Scholar; OpenAlex,2000
83LX3pFwXQZ3V9uMbiY/NiaFE,towards a geographic ontology reference model for matching purposes|2007,towards a geographic ontology reference model for matching purposes,2007,"GN Hess, C Iochpe, S Castano - GEOINFO, 2007",,mtc-m16c.sid.inpe.br,http://mtc-m16c.sid.inpe.br/col/sid.inpe.br/mtc-m18/2014/12.10.16.51/doc/Towards%20a%20Geographic%20Ontology%20Reference%20Model%20for.pdf,,,,,,,,,Google Scholar; OpenAlex,2006
8JMKD3MGPDW34R/3UFDFDB,towards a granular computing framework for multiple aspect trajectory representation and privacy preservation research challenges and opportunities|2022,towards a granular computing framework for multiple aspect trajectory representation and privacy preservation research challenges and opportunities,2022,"ZC Dagdia, V Bogorny - 17th CONFERENCE ON COMPUTER …, 2022",,uvsq.hal.science,https://uvsq.hal.science/hal-03723133/,,,,,,,,,Google Scholar; OpenAlex,2019
8JMKD3MGP3W34P/42GRQJB,towards a hybrid and semantically enriched trajectory data warehouse|2021,towards a hybrid and semantically enriched trajectory data warehouse,2021,"DR de Almeida, SP de Vasconcelos… - 2021 IEEE/ACS 18th …, 2021",,ieeexplore.ieee.org,https://ieeexplore.ieee.org/abstract/document/9686877/,,,,,,,,,Google Scholar; OpenAlex,2014
8JMKD3MGPDW34P/4ADBJJE,towards a representativeness measure for summarized trajectories with multiple aspects|2023,towards a representativeness measure for summarized trajectories with multiple aspects,2023,"VL Machado, TT Portela, C Renso… - GEOINFO, 2023",,openportal.isti.cnr.it,https://openportal.isti.cnr.it/data/2023/492043/2023_492043.published.pdf,conference-paper,,,,,ISTI Open Portal,green,https://openalex.org/W7132058003,Google Scholar; OpenAlex,2023
83LX3pFwXQZ3V9uMbiY/MdHzf,towards a spatio temporal information system for moving objects|2011,towards a spatio temporal information system for moving objects,2011,"M Yasmina Santos, J Mendes, A Moreira… - … Science and Its …, 2011",,Springer,https://link.springer.com/chapter/10.1007/978-3-642-21928-3_1,,,,,,,,,Google Scholar; OpenAlex,2004
83LX3pFwXQZ4BFjAq/mENBs,towards a unifying formalisation of geographic representation the object field model with uncertainty and semantics|2010,towards a unifying formalisation of geographic representation the object field model with uncertainty and semantics,2010,"V Voudouris - International Journal of Geographical Information …, 2010",,Taylor & Francis,https://www.tandfonline.com/doi/abs/10.1080/13658816.2010.488237,,,,,,,,,Google Scholar; OpenAlex,2000
8JMKD3MGP8W/3GQ74T5,towards a web service for geographic and multidimensional processing|2004,towards a web service for geographic and multidimensional processing,2004,"J da Silva, VC Times, R do Nascimento Fidalgo… - GEOINFO, 2004",,researchgate.net,https://www.researchgate.net/profile/Roberto-Barros-4/publication/313396703_Towards_a_web_service_for_geographic_and_multidimensional_processing/links/652ea76f0ebf091c48fac97f/Towards-a-web-service-for-geographic-and-multidimensional-processing.pdf,,,,,,,,,Google Scholar; OpenAlex,2001
8JMKD3MGP8W/3FCBREE,towards activity recognition in moving object trajectories from twitter data|2016,towards activity recognition in moving object trajectories from twitter data,2016,"MA Beber, CA Ferrero, R Fileto, V Bogorny - GeoInfo, 2016",,researchgate.net,https://www.researchgate.net/profile/Carlos-Ferrero/publication/311451176_TOWARDS_ACTIVITY_RECOGNITION_IN_MOVING_OBJECT_TRAJECTORIES_FROM_TWITTER_DATA/links/5846cbf708ae61f75ddfdaab/TOWARDS-ACTIVITY-RECOGNITION-IN-MOVING-OBJECT-TRAJECTORIES-FROM-TWITTER-DATA.pdf,,,,,,,,,Google Scholar; OpenAlex,2013
8JMKD3MGPDW34P/3KJKHE8,towards an adoption framework for digital game based learning across information systems curricula at tertiary education institutions|2010,towards an adoption framework for digital game based learning across information systems curricula at tertiary education institutions,2010,"S Roodt, P Joubert - INTED2010 Proceedings, 2010",,library.iated.org,https://library.iated.org/view/ROODT2010TOW,,,,,,,,,Google Scholar; OpenAlex,2008
83LX3pFwXQZ3V9uMbiY/NiaFE,towards an interoperable online volunteered geographic information system for disaster response|2015,towards an interoperable online volunteered geographic information system for disaster response,2015,"C Zhang, T Zhao, W Li - Journal of Spatial Science, 2015",,Taylor & Francis,https://www.tandfonline.com/doi/abs/10.1080/14498596.2015.972996,,,,,,,,,Google Scholar; OpenAlex,2006
83LX3pFwXQZ3V9uMbiY/Nib6T,towards building a geo service broker|2009,towards building a geo service broker,2009,"KK Moreri, X Yi, D Mioc - 2009 17th International Conference on …, 2009",,ieeexplore.ieee.org,https://ieeexplore.ieee.org/abstract/document/5293554/,,,,,,,,,Google Scholar; OpenAlex,2006
8JMKD3MGPDW34P/4ADBJJE,towards data summarization of multi aspect trajectories based on spatio temporal segmentation|2025,towards data summarization of multi aspect trajectories based on spatio temporal segmentation,2025,"VL Machado, TT Portela, GA Schreiner… - … of Information and …, 2025",SEM_MATCH,journals-sol.sbc.org.br,https://journals-sol.sbc.org.br/index.php/jidm/article/view/4110,,,,,,,,,Google Scholar; OpenAlex,2023
8JMKD3MGP8W/3D62DML,towards effcient prospective detection of multiple spatio temporal clusters|2013,towards effcient prospective detection of multiple spatio temporal clusters,2013,"B Veloso, A Iabrudi, T Correa - GEOINFO, 2013",,mtc-m16c.sid.inpe.br,http://mtc-m16c.sid.inpe.br/col/sid.inpe.br/mtc-m18/2013/12.10.18.20/doc/paper7.pdf,,,,,,,,,Google Scholar; OpenAlex,2012
83LX3pFwXQZ3V9uMbiY/MioRd,towards geospatial search for honduras|2011,towards geospatial search for honduras,2011,"D Ahlers - Proceedings of the Latinamerican …, 2011",,informatik.uni-oldenburg.de,https://www.informatik.uni-oldenburg.de/~there/Ahlers-TowardsGeospatialSearchForHonduras.pdf,,,,,,,,,Google Scholar; OpenAlex,2003
8JMKD3MGPDW34P/4ADBR52,towards heterogeneity aware automatic optimization of time critical systems via graph machine learning|2024,towards heterogeneity aware automatic optimization of time critical systems via graph machine learning,2024,"RA Canizales Turcios, J McClurg, S Rajopadhye…",SEM_MATCH,2024,https://mountainscholar.org/items/d47d0cbd-6432-48a3-afde-ed81c9013c1b,,,,,,,,,Google Scholar; OpenAlex,2023
83LX3pFwXQZeBBx/oS63E,towards internet of things interaction framework using geometric annotated multimedia objects|2017,towards internet of things interaction framework using geometric annotated multimedia objects,2017,ASMM Rahman,,2017,https://ruor.uottawa.ca/items/48265db5-99c8-48f1-80a4-7a7d99f47dff,,,,,,,,,Google Scholar; OpenAlex,1999
8JMKD3MGPDW34R/3UFDFDB,towards optimization methods for movelets extraction in multiple aspect trajectory classification|2023,towards optimization methods for movelets extraction in multiple aspect trajectory classification,2023,T Tortelli Portela,,2023,https://tesidottorato.depositolegale.it/handle/20.500.14242/215492,,,,,,,,,Google Scholar; OpenAlex,2019
83LX3pFwXQZeBBx/oS63E,towards programmable context aware interaction with smart home internet of things|2023,towards programmable context aware interaction with smart home internet of things,2023,"A Rahman, M Momeni, C Braton - Intelligent Systems Conference, 2023",,Springer,https://link.springer.com/chapter/10.1007/978-3-031-47715-7_45,,,,,,,,,Google Scholar; OpenAlex,1999
83LX3pFwXQZ3V9uMbiY/MdK47,towards secure cyberinfrastructure for sharing border information|2006,towards secure cyberinfrastructure for sharing border information,2006,"AQ Gates, V Kreinovich, L Longpré, P Pinheiro da Silva…",,2006,https://scholarworks.utep.edu/cs_techrep/151/,,,,,,,,,Google Scholar; OpenAlex,2004
8JMKD3MGPDW34P/3NDC42E,towards semantic aware multiple aspect trajectory similarity measuring|2019,towards semantic aware multiple aspect trajectory similarity measuring,2019,"LM Petry, CA Ferrero, LO Alvares, C Renso… - Transactions in …, 2019",,Wiley Online Library,https://onlinelibrary.wiley.com/doi/abs/10.1111/tgis.12542,,,,,,,,,Google Scholar; OpenAlex,2016
8JMKD3MGP8W/3FCF4GH,towards semantic trajectory outlier detection|2013,towards semantic trajectory outlier detection,2013,"AR de Aquino, LO Alvares, C Renso, V Bogorny - GeoInfo, 2013",,mtc-m16c.sid.inpe.br,http://mtc-m16c.sid.inpe.br/attachment.cgi/sid.inpe.br/mtc-m18/2013/12.10.18.29/doc/paper12.pdf,,,,,,,,,Google Scholar; OpenAlex,2013
8JMKD3MGP3W34P/3N2U9JL,towards sustainable agriculture in iran using a machine learning driven crop mapping framework|2025,towards sustainable agriculture in iran using a machine learning driven crop mapping framework,2025,"I Khosravi - European Journal of Remote Sensing, 2025",,Taylor & Francis,https://www.tandfonline.com/doi/abs/10.1080/22797254.2025.2490787,,,,,,,,,Google Scholar; OpenAlex,2016
83LX3pFwXQZ4BFjAq/mGafE,towards systematic software reuse of gis insights from a case study|2013,towards systematic software reuse of gis insights from a case study,2013,"A Buccella, A Cechich, M Arias, M Pol'La… - Computers & …, 2013",,Elsevier,https://www.sciencedirect.com/science/article/pii/S0098300412003913,,,,,,,,,Google Scholar; OpenAlex,2000
8JMKD3MGPDW34P/43PLBA5,towards the semantic enrichment of trajectories using spatial data infrastructures|2021,towards the semantic enrichment of trajectories using spatial data infrastructures,2021,"JN Vidal-Filho, VC Times, J Lisboa-Filho… - … International Journal of …, 2021",,mdpi.com,https://www.mdpi.com/2220-9964/10/12/825,,,,,,,,,Google Scholar; OpenAlex,2020
8JMKD3MGPDW34P/3KP2SDL,traffic analysis model with bayesian network and social media data d100 highway travel information system|2023,traffic analysis model with bayesian network and social media data d100 highway travel information system,2023,"C Çiftçi, H Kazan - Journal of Transportation and Logistics, 2023",,dergipark.org.tr,https://dergipark.org.tr/en/pub/jtl/article/1179093,,,,,,,,,Google Scholar; OpenAlex,2015
8JMKD3MGPDW34P/3KP2SDL,traffic congestion analysis based on a web gis and data mining of traffic events from twitter|2021,traffic congestion analysis based on a web gis and data mining of traffic events from twitter,2021,"J Salazar-Carrillo, M Torres-Ruiz, CA Davis Jr… - Sensors, 2021",,mdpi.com,https://www.mdpi.com/1424-8220/21/9/2964,,,,,,,,,Google Scholar; OpenAlex,2015
8JMKD3MGPDW34P/3Q5DPDH,traffic data collection and visualization tool for knowledge discovery using google maps|2022,traffic data collection and visualization tool for knowledge discovery using google maps,2022,"I Hossain, N Nower - International Journal of Software Innovation …, 2022",,igi-global.com,https://www.igi-global.com/article/traffic-data-collection-and-visualization-tool-for-knowledge-discovery-using-google-maps/293270,,,,,,,,,Google Scholar; OpenAlex,2017
8JMKD3MGPDW34P/3KJKHE8,training games and gis|2009,training games and gis,2009,"MG Metello, MA Casanova - Research Trends in Geographic Information …, 2009",,Springer,https://link.springer.com/content/pdf/10.1007/978-3-540-88244-2_17.pdf,,,,,,,,,Google Scholar; OpenAlex,2008
8JMKD3MGPDW34P/3NDC42E,traj2user exploiting embeddings for computing similarity of users mobile behavior|2018,traj2user exploiting embeddings for computing similarity of users mobile behavior,2018,"A Esuli, LM Petry, C Renso, V Bogorny - arXiv preprint arXiv:1808.00554, 2018",,arxiv.org,https://arxiv.org/abs/1808.00554,,,,,,,,,Google Scholar; OpenAlex,2016
8JMKD3MGPDW34P/3NDC42E,trajectory data privacy research challenges and opportunities|2019,trajectory data privacy research challenges and opportunities,2019,"TT Portela, F Vicenzi, V Bogorny - GEOINFO, 2019",,mtc-m16d.sid.inpe.br,http://mtc-m16d.sid.inpe.br/attachment.cgi/sid.inpe.br/mtc-m16d/2019/11.27.13.45/doc/99-110.pdf,,,,,,,,,Google Scholar; OpenAlex,2016
8JMKD3MGP8W/3HHLNQ5,trajectory data warehouse modeling based on a trajectory uml profile medical example|2014,trajectory data warehouse modeling based on a trajectory uml profile medical example,2014,"W Oueslati, J Akaichi - IWBBIO, 2014",,academia.edu,https://www.academia.edu/download/115377112/IWBBIO_2014_paper_162.pdf,,,,,,,,,Google Scholar; OpenAlex,2007
8JMKD3MGP8W/3FCBREE,trajectory outlier detection based on dbscan and velocity entropy|2020,trajectory outlier detection based on dbscan and velocity entropy,2020,"W Dai, C Zhang, X Su, S Cao - 2020 International Conferences …, 2020",,ieeexplore.ieee.org,https://ieeexplore.ieee.org/abstract/document/9291696/,,,,,,,,,Google Scholar; OpenAlex,2013
8JMKD3MGP8W/3HHLNQ5,trajectory with predefined path on a data warehouse a case study on public transport|2010,trajectory with predefined path on a data warehouse a case study on public transport,2010,"FJ Moreno Arboleda, F Arango Isaza… - Revista Ingenierías …, 2010",,scielo.org.co,http://www.scielo.org.co/scielo.php?pid=S1692-33242010000100010&script=sci_abstract&tlng=en,,,,,,,,,Google Scholar; OpenAlex,2007
8JMKD3MGPDW34P/3KQ2JSL,transformation and linking of authoritative multi scale geodata for the semantic web a case study of swedish national building data sets|2018,transformation and linking of authoritative multi scale geodata for the semantic web a case study of swedish national building data sets,2018,"E Eiðsson - Master Thesis in Geographical Information Science, 2018",,lup.lub.lu.se,https://lup.lub.lu.se/student-papers/search/publication/8957696,,,,,,,,,Google Scholar; OpenAlex,2012
83LX3pFwXQZ3V9uMbiY/MdHME,transmissao progressiva de mapas baseada em gis services|2006,transmissao progressiva de mapas baseada em gis services,2006,DC Costa,,2006,https://tedebc.ufma.br/jspui/handle/tede/464,,,,,,,,,Google Scholar; OpenAlex,2004
8JMKD3MGPDW34P/3NDC8C8,transport accessibility and road network load in poland when faced with flood hazards|2024,transport accessibility and road network load in poland when faced with flood hazards,2024,S Wiśniewski,,2024,https://www.ceeol.com/search/book-detail?id=1242820,,,,,,,,,Google Scholar; OpenAlex,2016
8JMKD3MGP8W/3FCBRC8,transport sustainability indicators for an enhanced urban analytics data infrastructure|2020,transport sustainability indicators for an enhanced urban analytics data infrastructure,2020,"M Reisi, S Sabri, M Agunbiade, A Rajabifard… - Sustainable cities and …, 2020",,Elsevier,https://www.sciencedirect.com/science/article/pii/S2210670720300822,,,,,,,,,Google Scholar; OpenAlex,2013
8JMKD3MGPDW34P/3NDC8C8,transportation an overview from open data approach|2018,transportation an overview from open data approach,2018,"Y Parcianello, NP Kozievitch… - 2018 IEEE …, 2018",,ieeexplore.ieee.org,https://ieeexplore.ieee.org/abstract/document/8656937/,,,,,,,,,Google Scholar; OpenAlex,2016
83LX3pFwXQZ4BFjAq/mGafE,tratamento de erros de arredondamento na biblioteca terralib|2004,tratamento de erros de arredondamento na biblioteca terralib,2004,"J Daltio, MVA Andrade, GR de Queiroz - GEOINFO, 2004",,,,,,,,,,,,Google Scholar; OpenAlex,2000
8JMKD3MGP8W/3GTEJMH,tratamento de tempo e dinamicidade em dados representados em espacos metricos|2009,tratamento de tempo e dinamicidade em dados representados em espacos metricos,2009,R Bueno,,2009,https://teses.usp.br/teses/disponiveis/55/55134/tde-30032010-142105/en.html,,,,,,,,,Google Scholar; OpenAlex,2002
8JMKD3MGP8W/3HHLNQ5,trayectorias con ruta predefinida en una bodega de datos un caso de estudio sobre transporte publico|2010,trayectorias con ruta predefinida en una bodega de datos un caso de estudio sobre transporte publico,2010,"FJ Moreno Arboleda, F Arango Isaza… - Revista Ingenierías …, 2010",,scielo.org.co,http://www.scielo.org.co/scielo.php?pid=S1692-33242010000100010&script=sci_arttext,,,,,,,,,Google Scholar; OpenAlex,2007
8JMKD3MGP8W/3GTELRB,trustmail um modelo de confianca entre servidores de email|2005,trustmail um modelo de confianca entre servidores de email,2005,LB de Oliveira,,2005,https://archivum.grupomarista.org.br/pergamumweb/vinculos/tede/leonardoinfor.pdf,,,,,,,,,Google Scholar; OpenAlex,2002
8JMKD3MGP8W/3GQ6TCS,tutorial sobre bancos de dados geograficos|2006,tutorial sobre bancos de dados geograficos,2006,"GR Queiroz, KR Ferreira - Instituto Nacional de Pesquisas …, 2006",,cerrado.obt.inpe.br,http://cerrado.obt.inpe.br/DPI/livros/pdfs/tutorialbdgeo_geobrasil2006.pdf,,,,,,,,,Google Scholar; OpenAlex,2001
83LX3pFwXQZ3V9uMbiY/LHTEt,ultrametri city|2024,ultrametri city,2024,"F Papadimitriou - Geo-Topology: Theory, Models and Applications, 2024",,Springer,https://link.springer.com/chapter/10.1007/978-3-031-48185-7_10,,,,,,,,,Google Scholar; OpenAlex,2005
83LX3pFwXQZ4BFjAq/mxUyb,um algoritmo de otimizacao global para a extracao de rodovias em imagens digitais|2001,um algoritmo de otimizacao global para a extracao de rodovias em imagens digitais,2001,"AP Dal Poz, P Agouris - Revista Brasileira de Cartografia, 2001",,researchgate.net,https://www.researchgate.net/profile/Aluir-Dal-Poz/publication/26467887_UM_ALGORITMO_DE_OTIMIZACAO_GLOBAL_PARA_A_EXTRACAO_DE_RODOVIAS_EM_IMAGENS_DIGITAIS/links/55ba513108aed621de0acd7b/UM-ALGORITMO-DE-OTIMIZACAO-GLOBAL-PARA-A-EXTRACAO-DE-RODOVIAS-EM-IMAGENS-DIGITAIS.pdf?_sg%5B0%5D=started_experiment_milestone&origin=journalDetail,,,,,,,,,Google Scholar; OpenAlex,2000
83LX3pFwXQZ3V9uMbiY/MhU9d,um algoritmo genetico com representacao explicita de relacionamentos espaciais para modelagem socio ambiental|2006,um algoritmo genetico com representacao explicita de relacionamentos espaciais para modelagem socio ambiental,2006,"A Santa Catarina, JR de Freitas Oliveira, AMV Monteiro - São José, SP, Brasil: Tese …, 2006",,,,,,,,,,,,Google Scholar; OpenAlex,2003
8JMKD3MGP3W34P/3N2U9JL,um ambiente para acesso e analise de trajetorias de uso e cobertura da terra|2019,um ambiente para acesso e analise de trajetorias de uso e cobertura da terra,2019,"F Zioti, VCF Gomes, E Llapa, GR de Queiroz…",,2019,http://marte2.sid.inpe.br/attachment.cgi/sid.inpe.br/marte2/2019/09.16.15.34/doc/97534.pdf,,,,,,,,,Google Scholar; OpenAlex,2016
8JMKD3MGP3W34P/3N2U9JL,um ambiente para analise exploratoria de grandes volumes de dados geoespaciais explorando risco de fogo e focos de queimadas|2017,um ambiente para analise exploratoria de grandes volumes de dados geoespaciais explorando risco de fogo e focos de queimadas,2017,"V Gomes, GR de Queiroz, K Ferreira… - Proceedings of the …, 2017",,mtc-m16c.sid.inpe.br,http://mtc-m16c.sid.inpe.br/col/sid.inpe.br/mtc-m16c/2018/01.16.12.12/doc/38gomes_morelli.pdf,,,,,,,,,Google Scholar; OpenAlex,2016
8JMKD3MGP8W/3GTJAAE,um conversor de dados geograficos abrangendo os formatos mid mif shp dbf sdl|2003,um conversor de dados geograficos abrangendo os formatos mid mif shp dbf sdl,2003,AD Pinter,,2003,https://repositorio.ufsc.br/bitstream/handle/123456789/183808/tcc-completo.pdf?sequence=-1,,,,,,,,,Google Scholar; OpenAlex,2002
83LX3pFwXQZ3V9uMbiY/MipaK,um editor web de ontologias|2007,um editor web de ontologias,2007,LHM de Oliveira,,2007,https://web2.icmc.usp.br/SCATUSU/RT/Relatorios_Tecnicos/RT_294.pdf,,,,,,,,,Google Scholar; OpenAlex,2003
83LX3pFwXQZ4BFjAq/mGafE,um estudo de automatos celulares com sistemas difusos para modelos compartimentais do tipo sir|2012,um estudo de automatos celulares com sistemas difusos para modelos compartimentais do tipo sir,2012,"W da Costa12, L Medeiros, S Sandri",,2012,http://mtc-m16c.sid.inpe.br/attachment.cgi/sid.inpe.br/mtc-m18/2012/12.19.22.24/doc/worcap2012_submission_50%20-%20Walley%20da%20Costa.pdf,,,,,,,,,Google Scholar; OpenAlex,2000
8JMKD3MGP3W34P/42H36ES,um framework multitematico para coleta de informacao geografica produzida por voluntarios|2016,um framework multitematico para coleta de informacao geografica produzida por voluntarios,2016,MB Pinheiro,,2016,https://repositorio.ufmg.br/items/f13c1ef6-0b9c-41ea-a0d7-3d2f32513e7b,,,,,,,,,Google Scholar; OpenAlex,2014
83LX3pFwXQZ3V9uMbiY/LHTbc,um framework para avaliacao de interfaces de aplicacoes sig web|2006,um framework para avaliacao de interfaces de aplicacoes sig web,2006,"J Schimiguel, MCC Baranauskas… - Proceedings of VII …, 2006",,dl.acm.org,https://dl.acm.org/doi/abs/10.1145/1298023.1298046,,,,,,,,,Google Scholar; OpenAlex,2005
83LX3pFwXQZ3V9uMbiY/LHUxR,um framework para coleta e filtragem de dados geograficos fornecidos voluntariamente|2008,um framework para coleta e filtragem de dados geograficos fornecidos voluntariamente,2008,"JCT da Silva, CA Davis Jr",,2008,https://bib.pucminas.br/teses/Informatica_SilvaJC_1.pdf,,,,,,,,,Google Scholar; OpenAlex,2005
8JMKD3MGPDW34P/43PQTUP,um framework para desenvolvimento de sistemas de gerenciamento de informacoes de desastres naturais|2021,um framework para desenvolvimento de sistemas de gerenciamento de informacoes de desastres naturais,2021,"CHT Brumatti, EL Figueiredo, LF Dorigueto… - Simpósio Brasileiro de …, 2021",,sol.sbc.org.br,https://sol.sbc.org.br/index.php/sbsi_estendido/article/view/15345,,,,,,,,,Google Scholar; OpenAlex,2020
83LX3pFwXQZ3V9uMbiY/Mc8Q3,um framework para sistemas de mediacao baseados em xml|2009,um framework para sistemas de mediacao baseados em xml,2009,GML Teixeira,,2009,https://mdcc.ufc.br/wp-content/uploads/2024/08/121.-george-marcel-lima-teixeira.pdf,,,,,,,,,Google Scholar; OpenAlex,2004
83LX3pFwXQZ3V9uMbiY/LHTK3,um grasp para o problema da rotulacao cartografica de pontos novas solucoes|2009,um grasp para o problema da rotulacao cartografica de pontos novas solucoes,2009,"GM Ribeiro, GL Cravo - Produto & Produção, 2009",,academia.edu,https://www.academia.edu/download/49126668/1465-24154-1-PB.pdf,,,,,,,,,Google Scholar; OpenAlex,2005
8JMKD3MGPDW34P/3KJKHE8,um jogo serio sobre realidade economica financeira de portugal|2013,um jogo serio sobre realidade economica financeira de portugal,2013,"NFV Ponte - Instituto Superior Técnico. Lisboa, Portugal …, 2013",,scholar.tecnico.ulisboa.pt,https://scholar.tecnico.ulisboa.pt/api/records/fb6gH2RL-mrxfXe7dQxnaBdW5dirasJxeRgO/file/2b58c19dc9a4ca12a8f570c96341b303eaaeb2019ea4dce0b63b68ac1a545635.pdf,,,,,,,,,Google Scholar; OpenAlex,2008
83LX3pFwXQZ3V9uMbiY/Mc4v6,um metamodelo para a especificacao de data warehouses geograficos|2007,um metamodelo para a especificacao de data warehouses geograficos,2007,"RL Fonseca, RN Fidalgo, J Silva… - Brazilian Symposium on …, 2007",,researchgate.net,https://www.researchgate.net/profile/Valeria-Times/publication/221535858_Um_Metamodelo_para_a_Especificacao_de_Data_Warehouses_Geograficos/links/5445119e0cf2dccf30b7c620/Um-Metamodelo-para-a-Especificacao-de-Data-Warehouses-Geograficos.pdf,,,,,,,,,Google Scholar; OpenAlex,2004
8JMKD3MGP8W/3GQ74T5,um metodo de analise de dados temporais para o cadastro territorial multifinalitario urbano|2013,um metodo de analise de dados temporais para o cadastro territorial multifinalitario urbano,2013,GG Sass,,2013,https://repositorio.unesp.br/bitstreams/ff41d93a-c7de-4f4b-b1e1-dcf0d2608447/download,,,,,,,,,Google Scholar; OpenAlex,2001
8JMKD3MGP8W/3GTEJES,um metodo de apoio a construcao de planos de emergencia|2012,um metodo de apoio a construcao de planos de emergencia,2012,BB Lage,,2012,,,,,,,,,,Google Scholar; OpenAlex,2002
83LX3pFwXQZ3V9uMbiY/Nij9G,um metodo para determinar a equivalencia semantica entre esquemas gml|2007,um metodo para determinar a equivalencia semantica entre esquemas gml,2007,AA Frozza,,2007,https://repositorio.ufsc.br/bitstream/handle/123456789/90575/241097.pdf?sequence=1,,,,,,,,,Google Scholar; OpenAlex,2006
8JMKD3MGP8W/3FCBREE,um metodo para interpretar outliers em trajetorias de objetos moveis|2014,um metodo para interpretar outliers em trajetorias de objetos moveis,2014,AR Aquino,,2014,https://repositorio.ufsc.br/handle/123456789/123274,,,,,,,,,Google Scholar; OpenAlex,2013
8JMKD3MGP8W/3GQ74T5,um modelo para suporte a integracao de analises|2002,um modelo para suporte a integracao de analises,2002,ME ESPACIAIS,,2002,,,,,,,,,,Google Scholar; OpenAlex,2001
83LX3pFwXQZ3V9uMbiY/LHUxR,um perfil de metadados dublin core para documentar padroes de analise em uma infraestrutura de reuso|2012,um perfil de metadados dublin core para documentar padroes de analise em uma infraestrutura de reuso,2012,LFM Vegi,,2012,https://bdtd.ibict.br/vufind/Record/UFV_65e6ae7a5844f1f918b4debd03261492,,,,,,,,,Google Scholar; OpenAlex,2005
8JMKD3MGP8W/3GQ6URS,um subsistema extensivel para o armazenamento de geo campos em bancos de dados geograficos|2006,um subsistema extensivel para o armazenamento de geo campos em bancos de dados geograficos,2006,L Vinhas,,2006,http://bibdigital.sid.inpe.br/sid.inpe.br/MTC-m13@80/2006/06.12.17.17,,,,,,,,,Google Scholar; OpenAlex,2001
83LX3pFwXQZ4BFjAq/mEp4v,uma abordagem baseada em ontologias para melhorar a cooperacao em estudos ambientais em areas produtoras de|2004,uma abordagem baseada em ontologias para melhorar a cooperacao em estudos ambientais em areas produtoras de,2004,"LG de Sousa, JC Leite, CF de Souza, AF de Castro…",,2004,https://www.portalabpg.org.br/PDPetro/3/trabalhos/IBP0467_05.pdf,,,,,,,,,Google Scholar; OpenAlex,2000
8JMKD3MGP3W34P/42H34L2,uma abordagem de analise de sentimentos espaco temporal em microtextos|2014,uma abordagem de analise de sentimentos espaco temporal em microtextos,2014,ALF ALVES,,2014,https://dspace.sti.ufcg.edu.br/handle/riufcg/176,,,,,,,,,Google Scholar; OpenAlex,2014
83LX3pFwXQZ3V9uMbiY/LHTK3,uma abordagem heuristica construtiva para o problema de maximizacao do numero de legendas|2009,uma abordagem heuristica construtiva para o problema de maximizacao do numero de legendas,2009,VR Braga,,2009,http://www.repositorio-bc.unirio.br:8080/xmlui/bitstream/handle/unirio/12820/MI%2018%20-%202009.pdf?sequence=1,,,,,,,,,Google Scholar; OpenAlex,2005
83LX3pFwXQZ3V9uMbiY/MipaK,uma abordagem para manipulacao de informacoes geograficas utilizando scalable vectors graphics|2006,uma abordagem para manipulacao de informacoes geograficas utilizando scalable vectors graphics,2006,IPS Cabral,,2006,https://repositorio.ufrn.br/bitstreams/73ed18fe-b59a-40ad-9bd9-002d5e22db1e/download,,,,,,,,,Google Scholar; OpenAlex,2003
8JMKD3MGP8W/3GQ6PRB,uma abordagem para modelar fenomenos espaco temporais|2002,uma abordagem para modelar fenomenos espaco temporais,2002,EC Lopes,,2002,https://dspace.sti.ufcg.edu.br/handle/riufcg/8767,,,,,,,,,Google Scholar; OpenAlex,2001
8JMKD3MGPDW34P/3KJKF3P,uma abordagem para o enriquecimento de gazetteers a partir de noticias visando o georreferenciamento de textos na web|2009,uma abordagem para o enriquecimento de gazetteers a partir de noticias visando o georreferenciamento de textos na web,2009,C Gouvêa,,2009,http://tede.ucpel.edu.br:8080/jspui/handle/tede/98,,,,,,,,,Google Scholar; OpenAlex,2008
8JMKD3MGPDW34P/3KLNKR2,uma abordagem para visualizacao e analise baseada em clustering de dados espaco temporais|2012,uma abordagem para visualizacao e analise baseada em clustering de dados espaco temporais,2012,MG OLIVEIRA,,2012,https://dspace.sti.ufcg.edu.br/handle/riufcg/1348,,,,,,,,,Google Scholar; OpenAlex,2011
8JMKD3MGPDW34P/3Q5DTTP,uma arquitetura de big data as a service baseada no modelo de nuvem privada|2018,uma arquitetura de big data as a service baseada no modelo de nuvem privada,2018,MA de Sousa Reis,,2018,,,,,,,,,,Google Scholar; OpenAlex,2017
83LX3pFwXQZ4BFjAq/mEp4v,uma arquitetura de servicos web como meio de intercambio de dados entre sistemas heterogeneos|2013,uma arquitetura de servicos web como meio de intercambio de dados entre sistemas heterogeneos,2013,MEH Nascimento,,2013,https://repositorio.ufsc.br/bitstream/handle/123456789/99628/TCC-M%C3%A1rcioElias-2013-03-29-final.pdf?sequence=1,,,,,,,,,Google Scholar; OpenAlex,2000
83LX3pFwXQZ3V9uMbiY/LHT4o,uma arquitetura de software para sistemas espaco temporais baseados na web para agricultura de precisao|2007,uma arquitetura de software para sistemas espaco temporais baseados na web para agricultura de precisao,2007,LCM Ribeiro Junior,,2007,https://teses.usp.br/teses/disponiveis/3/3141/tde-01082007-182328/en.html,,,,,,,,,Google Scholar; OpenAlex,2005
83LX3pFwXQZ3V9uMbiY/NiaVh,uma arquitetura para bancos de dados distribuidos apoiada em servicos|2008,uma arquitetura para bancos de dados distribuidos apoiada em servicos,2008,BM Rabelo,,2008,https://bib.pucminas.br/teses/Informatica_RabeloBM_1.pdf,,,,,,,,,Google Scholar; OpenAlex,2006
8JMKD3MGPDW34P/3KJKMCS,uma arquitetura para contribuicao geografica voluntaria em infraestruturas de dados espaciais um estudo de caso no municipio de vicosa|2010,uma arquitetura para contribuicao geografica voluntaria em infraestruturas de dados espaciais um estudo de caso no municipio de vicosa,2010,"TS Miranda - Post-PhD thesis, Federal University of Viçosa, 2010",,academia.edu,https://www.academia.edu/download/99462164/2010-ms-Thiago_Silva_Miranda.pdf,,,,,,,,,Google Scholar; OpenAlex,2008
83LX3pFwXQZ3V9uMbiY/MdHR7,uma arquitetura para o desenvolvimento de sistemas de informacao geografica moveis sensiveis ao contexto|2009,uma arquitetura para o desenvolvimento de sistemas de informacao geografica moveis sensiveis ao contexto,2009,AR Lamas,,2009,,,,,,,,,,Google Scholar; OpenAlex,2004
83LX3pFwXQZ3V9uMbiY/Mekki,uma biblioteca digital georreferenciada para dados ecologicos|2005,uma biblioteca digital georreferenciada para dados ecologicos,2005,"EG Barros, LA de Souza, RG Cota, KAV Borges… - SBBD, 2005",,academia.edu,https://www.academia.edu/download/67839688/Uma_Biblioteca_Digital_Georreferenciada_20210701-16525-16oa4q8.pdf,,,,,,,,,Google Scholar; OpenAlex,2004
8JMKD3MGP8W/3HHGDJL,uma estrategia hibrida para o pareamento de textos curtos baseada em similaridade lexica e embeddings semanticos|2021,uma estrategia hibrida para o pareamento de textos curtos baseada em similaridade lexica e embeddings semanticos,2021,"TP Meirelles, EC Gonçalves, DT Gomes - … do Rio de Janeiro (ERI-RJ), 2021",,sol.sbc.org.br,https://sol.sbc.org.br/index.php/eri-rj/article/view/18772,,,,,,,,,Google Scholar; OpenAlex,2007
8JMKD3MGPDW34P/3KJKGPE,uma extensao do terra me para modelagem de dinamica de sistemas espaciais|2014,uma extensao do terra me para modelagem de dinamica de sistemas espaciais,2014,A Chiarelli,,2014,http://bibdigital.sid.inpe.br/sid.inpe.br/mtc-m21b/2014/04.01.11.00,,,,,,,,,Google Scholar; OpenAlex,2008
83LX3pFwXQZ3V9uMbiY/Nij9G,uma ferramenta de apoio a determinacao de equivalencias semanticas entre esquemas gml utilizando ontologias owl|2006,uma ferramenta de apoio a determinacao de equivalencias semanticas entre esquemas gml utilizando ontologias owl,2006,LR DA ROSA,,2006,https://repositorio.ufsc.br/bitstream/handle/123456789/184360/relatorio_tcc_leonardo.pdf?sequence=-1,,,,,,,,,Google Scholar; OpenAlex,2006
8JMKD3MGP8W/3GQ74T5,uma ferramenta em software livre para o desenvolvimento de sistemas de suporte a decisao|2008,uma ferramenta em software livre para o desenvolvimento de sistemas de suporte a decisao,2008,"G Colonese, RS Manhães, SM González, AC Galante…",,2008,https://www.academia.edu/download/78382035/Uma_Ferramenta_em_Software_Livre_para_o_20220108-22922-18oqp1q.pdf,,,,,,,,,Google Scholar; OpenAlex,2001
83LX3pFwXQZ3V9uMbiY/NiaA4,uma ferramenta open source que unifica representacoes de fluxo local para apoio a gestao de recursos hidricos no brasil ip|2008,uma ferramenta open source que unifica representacoes de fluxo local para apoio a gestao de recursos hidricos no brasil ip,2008,"S Rosim, AMV Monteiro, CD Rennó… - Informática …, 2008",,plutao.sid.inpe.br,http://plutao.sid.inpe.br/attachment.cgi/dpi.inpe.br/plutao@80/2008/12.04.12.46.54/doc/rosim_ferramenta.pdf,,,,,,,,,Google Scholar; OpenAlex,2006
83LX3pFwXQZ3V9uMbiY/MioRd,uma implementacao do servico wms sobre a biblioteca terralib|2004,uma implementacao do servico wms sobre a biblioteca terralib,2004,M de Arruda Pereira,,2004,https://web.tecgraf.puc-rio.br/press/publication/Alencar2009/Pereira2004/Pereira2004.pdf,,,,,,,,,Google Scholar; OpenAlex,2003
8JMKD3MGPDW34P/3KJKEMS,uma infraestrutura orientada a servicos para a modelagem de nicho ecologico|2009,uma infraestrutura orientada a servicos para a modelagem de nicho ecologico,2009,FS Santana,,2009,https://teses.usp.br/teses/disponiveis/3/3141/tde-13072009-165044/en.html,,,,,,,,,Google Scholar; OpenAlex,2008
83LX3pFwXQZ3V9uMbiY/MioRd,uma introducao a web semantica no dominio dos sistemas de informacoes geograficas|2010,uma introducao a web semantica no dominio dos sistemas de informacoes geograficas,2010,"AA Frozza, R Gonçalves - Florianópolis. Universidade Federal de …, 2010",,researchgate.net,https://www.researchgate.net/profile/Rodrigo-Goncalves-17/publication/228406642_Uma_introducao_a_Web_Semantica_no_dominio_dos_Sistemas_de_Informacoes_Geograficas/links/540d09c60cf2df04e7547744/Uma-introducao-a-Web-Semantica-no-dominio-dos-Sistemas-de-Informacoes-Geograficas.pdf,,,,,,,,,Google Scholar; OpenAlex,2003
8JMKD3MGPDW34P/3SG4EDL,uma plataforma de dados geoespaciais para caracterizacao e combate a desertificacao da caatinga|2021,uma plataforma de dados geoespaciais para caracterizacao e combate a desertificacao da caatinga,2021,"J Daltio, AR Farias, LA Magalhães… - Congresso Brasileiro de …, 2021",,sol.sbc.org.br,https://sol.sbc.org.br/index.php/sbiagro/article/view/18406,,,,,,,,,Google Scholar; OpenAlex,2018
8JMKD3MGP8W/3GTEHF8,uma plataforma de suporte a aplicacoes moveis sensiveis ao contexto|2006,uma plataforma de suporte a aplicacoes moveis sensiveis ao contexto,2006,"CZ Calvi - Edição do, 2006",,,,,,,,,,,,Google Scholar; OpenAlex,2002
8JMKD3MGP3W34P/42H363P,uma plataforma na nuvem para armazenamento de dados georreferenciados de mobilidade urbana|2016,uma plataforma na nuvem para armazenamento de dados georreferenciados de mobilidade urbana,2016,R Nasser,,2016,https://scholar.archive.org/work/4erfjq2lf5authqnoafuzoghrm/access/wayback/https://www.maxwell.vrac.puc-rio.br/28415/28415.PDF,,,,,,,,,Google Scholar; OpenAlex,2014
8JMKD3MGP8W/3GTJAES,uma proposta para a integracao de modelos de padroes de software com ferramentas de apoio ao desenvolvimento de sistemas|2004,uma proposta para a integracao de modelos de padroes de software com ferramentas de apoio ao desenvolvimento de sistemas,2004,"M da Silva Santos - Universidade Federal do Ceará, 2004",,mdcc.ufc.br,https://mdcc.ufc.br/wp-content/uploads/2024/08/062.-misael-da-silva-santos.pdf,,,,,,,,,Google Scholar; OpenAlex,2002
8JMKD3MGPDW34P/3NDC42E,un modele hierarchique pour les trajectoires semantiques et l extraction d evenements dans les espaces interieurs et exterieurs|2022,un modele hierarchique pour les trajectoires semantiques et l extraction d evenements dans les espaces interieurs et exterieurs,2022,H Noureddine,,2022,https://theses.hal.science/tel-03888591/,,,,,,,,,Google Scholar; OpenAlex,2016
83LX3pFwXQZ4BFjAq/mGafE,un modele spatio temporel hybride de sig temporel application a la geomorphologie marine|2020,un modele spatio temporel hybride de sig temporel application a la geomorphologie marine,2020,Y Hamdani,,2020,https://hal.science/tel-03403473/,,,,,,,,,Google Scholar; OpenAlex,2000
8JMKD3MGPDW34P/4ADBQ9P,unaccounted for nonforest vegetation loss in the brazilian amazon|2024,unaccounted for nonforest vegetation loss in the brazilian amazon,2024,"CG Messias, CA de Almeida, DE Silva… - … Earth & Environment, 2024",,nature.com,https://www.nature.com/articles/s43247-024-01542-0,,,,,,,,,Google Scholar,2023
8JMKD3MGP8W/3FCBRRH,uncertainties in land change modeling|2016,uncertainties in land change modeling,2016,C Krüger,,2016,https://edoc.hu-berlin.de/items/19478b62-2c40-4e2e-ac8f-e37f2c776c8d,,,,,,,,,Google Scholar; OpenAlex,2013
8JMKD3MGPDW34P/487M7GH,uncertainty propagation analysis for distributed hydrological forecasting using a neural network|2024,uncertainty propagation analysis for distributed hydrological forecasting using a neural network,2024,"JAJP Soares, MM Diniz, L Bacelar… - Transactions in …, 2024",,Wiley Online Library,https://onlinelibrary.wiley.com/doi/abs/10.1111/tgis.13169,,,,,,,,,Google Scholar,2022
8JMKD3MGPDW34P/3NDC4BB,understanding context for tasks and activities|2019,understanding context for tasks and activities,2019,"JR Benetka, J Krumm, PN Bennett - … of the 2019 Conference on Human …, 2019",,dl.acm.org,https://dl.acm.org/doi/abs/10.1145/3295750.3298929,,,,,,,,,Google Scholar; OpenAlex,2016
8JMKD3MGPDW34P/4ADBJJE,understanding human mobility dynamics insights from summarized semantic trajectories|2024,understanding human mobility dynamics insights from summarized semantic trajectories,2024,"C Pugliese, F Lettich, F Pinelli… - 2024 25th IEEE …, 2024",,ieeexplore.ieee.org,https://ieeexplore.ieee.org/abstract/document/10591689/,,,,,,,,,Google Scholar,2023
8JMKD3MGPDW34P/3KQ6N2L,understanding of the characteristics of rice panicle blast survey data from an ecological and environmental perspective|2026,understanding of the characteristics of rice panicle blast survey data from an ecological and environmental perspective,2026,황은택,,2026,https://s-space.snu.ac.kr/handle/10371/234103,,,,,,,,,Google Scholar; OpenAlex,2012
8JMKD3MGPDW34P/3Q5DP2E,understanding public transport ridership in developing countries to promote sustainable urban mobility a case study of mexicali mexico|2020,understanding public transport ridership in developing countries to promote sustainable urban mobility a case study of mexicali mexico,2020,"A Sanchez-Atondo, L Garcia, J Calderon-Ramirez… - Sustainability, 2020",,mdpi.com,https://www.mdpi.com/2071-1050/12/8/3266,,,,,,,,,Google Scholar; OpenAlex,2017
8JMKD3MGPDW34P/3KJKN5S,understanding the discourses of changing urbanism from the perspective of east kolkata a study of the wetlands|2024,understanding the discourses of changing urbanism from the perspective of east kolkata a study of the wetlands,2024,"S Huque, S Yadav - … Local Development for Environmental and Social …, 2024",,Springer,https://link.springer.com/chapter/10.1007/978-3-031-67303-0_8,,,,,,,,,Google Scholar; OpenAlex,2008
8JMKD3MGPDW34P/3NDC42E,une approche basee sur le web semantique pour l etude de trajectoires de vie|2019,une approche basee sur le web semantique pour l etude de trajectoires de vie,2019,D Noel,,2019,https://theses.hal.science/tel-02307133/,,,,,,,,,Google Scholar; OpenAlex,2016
8JMKD3MGPDW34P/4ADBMKL,unidades de conservacao e a supressao da vegetacao nativa em areas criticas na mata atlantica|2025,unidades de conservacao e a supressao da vegetacao nativa em areas criticas na mata atlantica,2025,"MMS CURSINO, S AMARAL",SEM_MATCH,2025,https://ric.cps.sp.gov.br/handle/123456789/40625,,,,,,,,,Google Scholar; OpenAlex,2023
83LX3pFwXQZ3V9uMbiY/MimRS,unificacao semantica de esquemas conceituais de banco de dados geograficos|2004,unificacao semantica de esquemas conceituais de banco de dados geograficos,2004,GN Hess,,2004,https://lume.ufrgs.br/handle/10183/5665,,,,,,,,,Google Scholar; OpenAlex,2003
8JMKD3MGP8W/3HHLNQ5,unifying mobility data warehouse models using uml profile|2014,unifying mobility data warehouse models using uml profile,2014,"M Manaa, J Akaichi - International Conference: Beyond Databases …, 2014",,Springer,https://link.springer.com/chapter/10.1007/978-3-319-06932-6_9,,,,,,,,,Google Scholar; OpenAlex,2007
83LX3pFwXQZ3V9uMbiY/MdHjv,universidade federal do estado do rio de janeiro centro de ciencias exatas e tecnologia estudo dos principais conceitos sobre inte|2010,universidade federal do estado do rio de janeiro centro de ciencias exatas e tecnologia estudo dos principais conceitos sobre inte,2010,A Tanaka,,2010,https://www.academia.edu/download/92113075/1170.pdf,,,,,,,,,Google Scholar; OpenAlex,2004
8JMKD3MGPDW34P/3KJKLHL,universidade federal do rio grande do norte centro de ciencias humanas letras e artes programa de pos graduacao em|2024,universidade federal do rio grande do norte centro de ciencias humanas letras e artes programa de pos graduacao em,2024,"EDAS FIGUEREDO, EDETNO MATOPIBA, OSAI DO",,2024,https://repositorio.ufrn.br/bitstreams/4b9e2c02-a198-405f-aab5-0350387af624/download,,,,,,,,,Google Scholar; OpenAlex,2008
8JMKD3MGPDW34P/3NDC29P,unmanned aerial vehicle based multispectral remote sensing for commercially important aromatic crops in india for its efficient monitoring and management|2022,unmanned aerial vehicle based multispectral remote sensing for commercially important aromatic crops in india for its efficient monitoring and management,2022,"S Bahuguna, S Anchal, D Guleria, M Devi… - Journal of the Indian …, 2022",,Springer,https://link.springer.com/article/10.1007/s12524-020-01302-5,,,,,,,,,Google Scholar; OpenAlex,2016
8JMKD3MGPDW34P/3Q5DNG5,unsupervised port berth identification from automatic identification system data|2025,unsupervised port berth identification from automatic identification system data,2025,"A Hadjipieris, N Dimitriou - arXiv preprint arXiv:2505.12046, 2025",,arxiv.org,https://arxiv.org/abs/2505.12046,,,,,,,,,Google Scholar; OpenAlex,2017
8JMKD3MGP8W/3FCBREE,unusual behavior detection and object ranking from movement trajectories in target regions|2017,unusual behavior detection and object ranking from movement trajectories in target regions,2017,"M Barragana, LO Alvares, V Bogorny - International Journal of …, 2017",,Taylor & Francis,https://www.tandfonline.com/doi/abs/10.1080/13658816.2016.1202415,,,,,,,,,Google Scholar; OpenAlex,2013
8JMKD3MGPDW34P/3KP2RBP,upstream corporate database management collaboration using gis|2020,upstream corporate database management collaboration using gis,2020,"RM Wiyadi, Y Syahnur, Y Supriyadi - SPE Asia Pacific Oil and Gas …, 2020",,onepetro.org,https://onepetro.org/SPEAPOG/proceedings-abstract/19APOG/19APOG/217210,,,,,,,,,Google Scholar; OpenAlex,2015
83LX3pFwXQZ3V9uMbiY/MimPC,urban addressing practices and geocoding algorithm validity in developing countries|2021,urban addressing practices and geocoding algorithm validity in developing countries,2021,"MEI MALAAININE, H LECHGAR - International Journal of …, 2021",,search.proquest.com,https://search.proquest.com/openview/52002d0b8870e193466291144378fe50/1?pq-origsite=gscholar&cbl=5444811,,,,,,,,,Google Scholar; OpenAlex,2003
8JMKD3MGP8W/3GQ75L5,urban information model for city planning|2005,urban information model for city planning,2005,"A Hamilton, H Wang, AM Tanyer… - Electronic …, 2005",,researchportal.northumbria.ac.uk,https://researchportal.northumbria.ac.uk/ws/files/28864106/voisard99,,,,,,,,,Google Scholar; OpenAlex,2001
83LX3pFwXQZ4BFjAq/mGafE,urban land cover classification using worldview 2 images and c4 5 algorithm|2013,urban land cover classification using worldview 2 images and c4 5 algorithm,2013,"BMG Ribeiro, LMG Fonseca - Joint Urban Remote Sensing …, 2013",,ieeexplore.ieee.org,https://ieeexplore.ieee.org/abstract/document/6550712/,,,,,,,,,Google Scholar; OpenAlex,2000
8JMKD3MGP8W/3GQ75L5,urban multi dimension information model for aided decision making|2009,urban multi dimension information model for aided decision making,2009,"X Kang, W Zhang - 2009 International Conference on …, 2009",,ieeexplore.ieee.org,https://ieeexplore.ieee.org/abstract/document/5365429/,,,,,,,,,Google Scholar; OpenAlex,2001
8JMKD3MGPDW34P/3KJKN5S,urban segregation as a complex system an agent based simulation approach|2010,urban segregation as a complex system an agent based simulation approach,2010,"FF Feitosa - … Dissertation ist auf dem Hochschulschriftenserver der …, 2010",,researchgate.net,https://www.researchgate.net/profile/Flavia-Feitosa/publication/47444584_Urban_Segregation_as_a_Complex_System_An_Agent-Based_Simulation_Approach/links/09e4150bf336a60aa8000000/Urban-Segregation-as-a-Complex-System-An-Agent-Based-Simulation-Approach.pdf,,,,,,,,,Google Scholar; OpenAlex,2008
8JMKD3MGPDW34P/3KJKN5S,urban segregation as a complex system|2010,urban segregation as a complex system,2010,F da Fonseca Feitosa,,2010,https://bonndoc.ulb.uni-bonn.de/xmlui/handle/20.500.11811/4540,,,,,,,,,Google Scholar; OpenAlex,2008
83LX3pFwXQZ3V9uMbiY/MdGTa,usabilidade de aplicacoes sig web na perspectiva do usuario um estudo de caso|2005,usabilidade de aplicacoes sig web na perspectiva do usuario um estudo de caso,2005,"J Schimiguel, MCC Baranauskas, CB Medeiros - GEOINFO, 2005",,academia.edu,https://www.academia.edu/download/52000457/ANO8N1_Juliano.pdf,,,,,,,,,Google Scholar; OpenAlex,2004
83LX3pFwXQZ3V9uMbiY/MdGTa,usability evaluation for geographic information systems a systematic literature review|2019,usability evaluation for geographic information systems a systematic literature review,2019,"R Unrau, C Kray - International Journal of Geographical …, 2019",,Taylor & Francis,https://www.tandfonline.com/doi/abs/10.1080/13658816.2018.1554813,,,,,,,,,Google Scholar; OpenAlex,2004
83LX3pFwXQZ3V9uMbiY/MdGTa,usability evaluation of web based gis applications a comparative study of google maps and mapquest|2010,usability evaluation of web based gis applications a comparative study of google maps and mapquest,2010,"ZA Khan, M Adnan",,2010,https://www.researchgate.net/profile/Muhammad-Adnan-163/publication/374420638_Usability_Evaluation_of_Web-based_GIS_Applications_A_Comparative_Study_of_Google_Maps_and_MapQuest/links/651d34aab0df2f20a20f831f/Usability-Evaluation-of-Web-based-GIS-Applications-A-Comparative-Study-of-Google-Maps-and-MapQuest.pdf,,,,,,,,,Google Scholar; OpenAlex,2004
83LX3pFwXQZeBBx/oS8KP,usability of geographic information systems in internet|2003,usability of geographic information systems in internet,2003,"K Tiits - A case study of Journey Planners. Tartu, 2003",,,,,,,,,,,,Google Scholar; OpenAlex,1999
83LX3pFwXQZ3V9uMbiY/LHTK3,usability oriented visualization techniques for 3d navigation map display|2014,usability oriented visualization techniques for 3d navigation map display,2014,M Vaaraniemi,,2014,https://mediatum.ub.tum.de/1195222,,,,,,,,,Google Scholar; OpenAlex,2005
83LX3pFwXQZ3V9uMbiY/MdGTa,usability requirements for gis application comparative study of google maps on pc and smartphone|2011,usability requirements for gis application comparative study of google maps on pc and smartphone,2011,"I Ali, SSA Shah",,2011,,,,,,,,,,Google Scholar; OpenAlex,2004
8JMKD3MGPDW34P/3KQ6NG2,usage of focused gazetteers in geoparsing|2021,usage of focused gazetteers in geoparsing,2021,BR Monteiro,,2021,https://repositorio.ufmg.br/items/2175abe5-e100-4fd2-8b1d-1f0038b9cc3c,,,,,,,,,Google Scholar; OpenAlex,2012
8JMKD3MGPDW34P/3SG4FHP,use of airspace control data and gis for assistance in road accidents a case study|2022,use of airspace control data and gis for assistance in road accidents a case study,2022,"JG Costa, NP Kozievitch - Escola Regional de Banco de Dados …, 2022",,sol.sbc.org.br,https://sol.sbc.org.br/index.php/erbd/article/view/21398,,,,,,,,,Google Scholar; OpenAlex,2018
83LX3pFwXQZ4BFjAq/mEoEp,use of artificial neural networks in the classification of degradation levels of pastures|2009,use of artificial neural networks in the classification of degradation levels of pastures,2009,"CS Chagas, CAO Vieira, EI Fernandes Filho… - Revista Brasileira de …, 2009",,SciELO Brasil,https://www.scielo.br/j/rbeaa/a/RWhqYHdk73dJxR3QSkTWfWj/abstract/?lang=en&format=html,,,,,,,,,Google Scholar; OpenAlex,2000
83LX3pFwXQZ3V9uMbiY/Nibz8,use of data mining and spectral profiles to differentiate condition after harvest of coffee plants|2012,use of data mining and spectral profiles to differentiate condition after harvest of coffee plants,2012,"RAC Lamparelli, JA Johann, ÉR Santos… - Engenharia …, 2012",,SciELO Brasil,https://www.scielo.br/j/eagri/a/yYZvY9HJJ3qX8tvF9pTT7rN/?lang=en,,,,,,,,,Google Scholar; OpenAlex,2006
8JMKD3MGPDW34R/3UFEG68,use of machine learning algorithms in the context of sugarcane in brazil a review|2025,use of machine learning algorithms in the context of sugarcane in brazil a review,2025,"LAS Cardoso, BDR de Mesquita… - Iran Journal of Computer …, 2025",,Springer,https://link.springer.com/article/10.1007/s42044-025-00250-y,,,,,,,,,Google Scholar; OpenAlex,2019
8JMKD3MGPDW34P/43PLCC2,use of unmanned aerial vehicle in sugarcane cultivation in brazil a review|2022,use of unmanned aerial vehicle in sugarcane cultivation in brazil a review,2022,"LAS Cardoso, PRS Farias, JAC Soares - Sugar Tech, 2022",,Springer,https://link.springer.com/article/10.1007/s12355-022-01149-9,,,,,,,,,Google Scholar; OpenAlex,2020
83LX3pFwXQZeBBx/oS8KP,user interfaces for semantic authoring of textual content a systematic literature review|2013,user interfaces for semantic authoring of textual content a systematic literature review,2013,"A Khalili, S Auer - Journal of web semantics, 2013",,Elsevier,https://www.sciencedirect.com/science/article/pii/S1570826813000498,,,,,,,,,Google Scholar; OpenAlex,1999
83LX3pFwXQZeBBx/oS8KP,user interfaces for semantic content authoring a systematic literature review|2012,user interfaces for semantic content authoring a systematic literature review,2012,A Khalili,,2012,https://www.academia.edu/download/51787175/public.pdf,,,,,,,,,Google Scholar; OpenAlex,1999
8JMKD3MGP8W/3HHLNQ5,using apriori like algorithms for spatio temporal pattern queries|2009,using apriori like algorithms for spatio temporal pattern queries,2009,"M Gorawski, P Jureczek - 2009 International Multiconference …, 2009",,ieeexplore.ieee.org,https://ieeexplore.ieee.org/abstract/document/5352771/,,,,,,,,,Google Scholar; OpenAlex,2007
8JMKD3MGP3W34P/42H34US,using case tools in mda transformation of geographical database schemas|2016,using case tools in mda transformation of geographical database schemas,2016,"TB Ferreira, J Lisboa-Filho… - International Journal on …, 2016",,personales.upv.es,https://personales.upv.es/thinkmind/dl/journals/soft/soft_v9_n34_2016/soft_v9_n34_2016_15.pdf,,,,,,,,,Google Scholar; OpenAlex,2014
83LX3pFwXQZ3V9uMbiY/Nib6T,using distributed semantic catalogs for information discovery on spatial data infrastructures|2011,using distributed semantic catalogs for information discovery on spatial data infrastructures,2011,"FG de Andrade, FL Leite… - Geospatial Web Services …, 2011",,igi-global.com,https://www.igi-global.com/chapter/geospatial-web-services/51485,,,,,,,,,Google Scholar; OpenAlex,2006
8JMKD3MGPDW34P/3NDDHL8,using ensembles with spatial clustering approaches applied in the delineation of management classes in precision agriculture|2017,using ensembles with spatial clustering approaches applied in the delineation of management classes in precision agriculture,2017,"EA Speranza, RR Ciferri - Revista Brasileira de Entomologia, 2017",,seer.ufu.br,https://seer.ufu.br/index.php/revistabrasileiracartografia/article/download/44005/23256,,,,,,,,,Google Scholar; OpenAlex,2016
83LX3pFwXQZ3V9uMbiY/MdHuF,using expert knowledge for distributed rendering optimization|2011,using expert knowledge for distributed rendering optimization,2011,"C Glez-Morcillo, D Vallejo - … Conference on Computer Vision, Imaging and …, 2011",,Springer,https://link.springer.com/chapter/10.1007/978-3-642-32350-8_1,,,,,,,,,Google Scholar; OpenAlex,2004
83LX3pFwXQZ3V9uMbiY/LHUQQ,using gis tools for mapping sea level rise impacts on casal velino coast italy|2025,using gis tools for mapping sea level rise impacts on casal velino coast italy,2025,"U Falchi, P Maglione, P Mercogliano… - … on Metrology for …, 2025",,ieeexplore.ieee.org,https://ieeexplore.ieee.org/abstract/document/11547927/,,,,,,,,,Google Scholar; OpenAlex,2005
8JMKD3MGP3W34P/3N2U9JL,using google earth engine to detect land cover change singapore as a use case|2018,using google earth engine to detect land cover change singapore as a use case,2018,"N Sidhu, E Pebesma, G Câmara - European Journal of Remote …, 2018",,Taylor & Francis,https://www.tandfonline.com/doi/abs/10.1080/22797254.2018.1451782,,,,,,,,,Google Scholar; OpenAlex,2016
8JMKD3MGP8W/3GTJA62,using knowledge discovery to identify analysis patterns for geographic database|2003,using knowledge discovery to identify analysis patterns for geographic database,2003,"C Silva, C Iochpe, PM Engel - ICEIS (2), 2003",,,,,,,,,,,,Google Scholar; OpenAlex,2002
8JMKD3MGPDW34P/3KK5MJ5,using linked data to extract geo knowledge|2011,using linked data to extract geo knowledge,2011,JS Longo,,2011,https://www.academia.edu/download/83143470/proceedings_geoinfo2011.pdf,,,,,,,,,Google Scholar; OpenAlex,2010
8JMKD3MGP8W/3GQ6NA5,using non linear regression for inference of semivariograms affected by change of support an exploratory study of an exponential family|2002,using non linear regression for inference of semivariograms affected by change of support an exploratory study of an exponential family,2002,"LPV Braga, CFP Almeida, C Bettini - Proceedings of the Annual Conference of the …, 2002",,,,,,,,,,,,Google Scholar; OpenAlex,2001
83LX3pFwXQZ4BFjAq/mENBs,using ontologies for integrated geographic information systems|2002,using ontologies for integrated geographic information systems,2002,"FT Fonseca, MJ Egenhofer, P Agouris… - Transactions in …, 2002",,Wiley Online Library,https://onlinelibrary.wiley.com/doi/abs/10.1111/1467-9671.00109,,,,,,,,,Google Scholar; OpenAlex,2000
8JMKD3MGPDW34P/3NDC32P,using open data to analyze urban mobility from social networks|2017,using open data to analyze urban mobility from social networks,2017,"CLM Jerônimo, CEC Campelo… - … of Information and …, 2017",,journals-sol.sbc.org.br,https://journals-sol.sbc.org.br/index.php/jidm/article/view/1608/1439,,,,,,,,,Google Scholar; OpenAlex,2016
83LX3pFwXQZ3V9uMbiY/LHUKe,using r to implement spatial analysis in open source environment|2007,using r to implement spatial analysis in open source environment,2007,"Y Shao, D Chen, B Zhao - Geoinformatics 2007: Geospatial …, 2007",,spiedigitallibrary.org,https://www.spiedigitallibrary.org/conference-proceedings-of-spie/6753/67530N/Using-R-to-implement-spatial-analysis-in-open-source-environment/10.1117/12.761851.short,,,,,,,,,Google Scholar; OpenAlex,2005
83LX3pFwXQZ3V9uMbiY/NiaRQ,using satellite imagery and deep learning to predict energy demand and measure sales performance|2021,using satellite imagery and deep learning to predict energy demand and measure sales performance,2021,AF Flores,,2021,https://lume.ufrgs.br/handle/10183/306494,,,,,,,,,Google Scholar; OpenAlex,2006
83LX3pFwXQZ3V9uMbiY/Mc9Hq,using self organizing maps for rural territorial typology|2011,using self organizing maps for rural territorial typology,2011,"MS da Silva, ER de Siqueira, O Teixeira… - Computational …, 2011",,igi-global.com,https://www.igi-global.com/chapter/using-self-organizing-maps-rural/48484,,,,,,,,,Google Scholar; OpenAlex,2004
8JMKD3MGP8W/3HHGEBL,using serious game techniques to simulate emergency situations|2008,using serious game techniques to simulate emergency situations,2008,"MG Metello, MA Casanova, MTM de Carvalho - GeoInfo, 2008",,www-di.inf.puc-rio.br,https://www-di.inf.puc-rio.br/~casanova/Publications/Papers/2008-Papers/2008-GeoInfo-paper39.pdf,,,,,,,,,Google Scholar; OpenAlex,2007
83LX3pFwXQZ3V9uMbiY/Nib6T,using service oriented architecture in a new anonymous mobile payment system|2011,using service oriented architecture in a new anonymous mobile payment system,2011,"B Shaghayegh - 2011 IEEE 2nd International Conference on …, 2011",,ieeexplore.ieee.org,https://ieeexplore.ieee.org/abstract/document/5982335/,,,,,,,,,Google Scholar; OpenAlex,2006
83LX3pFwXQZ3V9uMbiY/LHSQs,using virtual reality and percolation theory to visualize fluid flow in porous media|2013,using virtual reality and percolation theory to visualize fluid flow in porous media,2013,"CM de Lima, LMG Gonçalves, C Bentes, R Farias - GeoInformatica, 2013",,Springer,https://link.springer.com/article/10.1007/s10707-012-0168-5,,,,,,,,,Google Scholar; OpenAlex,2005
83LX3pFwXQZ3V9uMbiY/NiaVh,using wireless sensor networks in the sensor web for flood monitoring in brazil|2013,using wireless sensor networks in the sensor web for flood monitoring in brazil,2013,"LC Degrossi, GG Do Amaral, ESM De Vasconcelos… - ISCRAM, 2013",,researchgate.net,https://www.researchgate.net/profile/Joao-De-Albuquerque/publication/236838358_Using_Wireless_Sensor_Networks_in_the_Sensor_Web_for_Flood_Monitoring_in_Brazil/links/00463519488f50af9c000000/Using-Wireless-Sensor-Networks-in-the-Sensor-Web-for-Flood-Monitoring-in-Brazil.pdf,,,,,,,,,Google Scholar; OpenAlex,2006
83LX3pFwXQZ3V9uMbiY/LHUxR,uso combinado de editor de metadados e arvore hiperbolica para auxilio na recuperacao de dados em infraestruturas de dados espaciais caso de estudo da ide|2016,uso combinado de editor de metadados e arvore hiperbolica para auxilio na recuperacao de dados em infraestruturas de dados espaciais caso de estudo da ide,2016,MV Montanari,,2016,https://bdtd.ibict.br/vufind/Record/UFV_1b1b4dededa017b5ed85551f1e072caa,,,,,,,,,Google Scholar; OpenAlex,2005
83LX3pFwXQZ4BFjAq/mEoEp,uso de imagens do sensor aster na identificacao de niveis de degradacao em pastagens|2006,uso de imagens do sensor aster na identificacao de niveis de degradacao em pastagens,2006,"MC Nascimento, RDD Riva, CS Chagas… - Revista Brasileira de …, 2006",,SciELO Brasil,https://www.scielo.br/j/rbeaa/a/ZbMqCJxWktvvWgjXFTvPXMp/?format=html&lang=pt,,,,,,,,,Google Scholar; OpenAlex,2000
83LX3pFwXQZ3V9uMbiY/MdHf2,uso de la similitud semantica para la recuperacion de informacion geoespacial|2015,uso de la similitud semantica para la recuperacion de informacion geoespacial,2015,NM García,,2015,https://dialnet.unirioja.es/servlet/dctes?codigo=61960,,,,,,,,,Google Scholar; OpenAlex,2004
83LX3pFwXQZ4BFjAq/mEp4v,uso de ontologia para classificacao de vulnerabilidades em sistemas computacionais1|2004,uso de ontologia para classificacao de vulnerabilidades em sistemas computacionais1,2004,AJ dos Santos Brandão,,2004,https://pdfs.semanticscholar.org/edec/bec0f5242cfa03b461e7e31e9a6f41a5cd28.pdf,,,,,,,,,Google Scholar; OpenAlex,2000
83LX3pFwXQZ4BFjAq/mEp4v,uso de ontologia para classificacao de vulnerabilidades em sistemas computacionais|2004,uso de ontologia para classificacao de vulnerabilidades em sistemas computacionais,2004,AJS Brandão,,2004,https://teses.usp.br/teses/disponiveis/55/55134/tde-05122014-161212/en.html,,,,,,,,,Google Scholar; OpenAlex,2000
83LX3pFwXQZ3V9uMbiY/Nij9G,uso de ontologias e xmi como instrumento de modelagem para zoneamento urbano|2009,uso de ontologias e xmi como instrumento de modelagem para zoneamento urbano,2009,ALP Manhães,,2009,https://www.bdtd.uerj.br:8443/handle/1/10832,,,,,,,,,Google Scholar; OpenAlex,2006
83LX3pFwXQZ3V9uMbiY/Nib6T,uso de ontologias para busca de dados geoespaciais uma ferramenta semantica para a infraestrutura nacional de dados espaciais|2013,uso de ontologias para busca de dados geoespaciais uma ferramenta semantica para a infraestrutura nacional de dados espaciais,2013,"SP Camboim, CR Sluter - Revista Brasileira de Cartografia, 2013",,seer.ufu.br,https://seer.ufu.br/index.php/revistabrasileiracartografia/article/download/43885/23149,,,,,,,,,Google Scholar; OpenAlex,2006
83LX3pFwXQZ3V9uMbiY/LHSQs,uso de renderizacao volumetrica e realidade virtual para problemas de percolacao na engenharia|2005,uso de renderizacao volumetrica e realidade virtual para problemas de percolacao na engenharia,2005,CM Lima,,2005,https://repositorio.ufrn.br/bitstreams/4f16378b-9c90-433f-a974-a85fb3e803d5/download,,,,,,,,,Google Scholar; OpenAlex,2005
83LX3pFwXQZ3V9uMbiY/LHUxR,uso de tesauro e topic maps na recuperacao de metadados em infraestruturas de dados espaciais um estudo de caso do ecossistema antartico|2009,uso de tesauro e topic maps na recuperacao de metadados em infraestruturas de dados espaciais um estudo de caso do ecossistema antartico,2009,OC Silva,,2009,https://bdtd.ibict.br/vufind/Record/UFV_483abf901af736a3948ee207b1971dbe,,,,,,,,,Google Scholar; OpenAlex,2005
8JMKD3MGPDW34P/3KJKEMS,uso de web services e softwares livres na disseminacao de informacoes georreferenciadas sobre produtos da floresta amazonica|2009,uso de web services e softwares livres na disseminacao de informacoes georreferenciadas sobre produtos da floresta amazonica,2009,FS Costa,,2009,https://www.bdtd.uerj.br:8443/handle/1/10854,,,,,,,,,Google Scholar; OpenAlex,2008
8JMKD3MGPDW34R/3UFEB7S,uso do indice canadense de qualidade de agua na bacia hidrografica do rio das velhas mg|2022,uso do indice canadense de qualidade de agua na bacia hidrografica do rio das velhas mg,2022,"AS Cavalcante, JL Maia, ACV Freitas… - Revista Ibero-Americana …, 2022",,sustenere.inf.br,https://www.sustenere.inf.br/index.php/rica/article/view/7629,,,,,,,,,Google Scholar; OpenAlex,2019
8JMKD3MGP8W/3HHGG8P,uso do sensoriamento remoto e geoprocessamento no mapeamento de uso da terra no extremo sul da bahia|2012,uso do sensoriamento remoto e geoprocessamento no mapeamento de uso da terra no extremo sul da bahia,2012,"TM de ALMEIDA… - …, 2012",,periodicos.rc.biblioteca.unesp.br,https://www.periodicos.rc.biblioteca.unesp.br/index.php/ageteo/article/view/7692,,,,,,,,,Google Scholar; OpenAlex,2007
83LX3pFwXQZ4BFjAq/mGafE,utilizacao da biblioteca terralib para algoritmos de agrupamento em sistemas de informacoes geograficas|2006,utilizacao da biblioteca terralib para algoritmos de agrupamento em sistemas de informacoes geograficas,2006,"MP Guidini, CHC Ribeiro - GEOINFO, 2006",,sige.ita.br,https://www.sige.ita.br/edicoes-anteriores/2006/st/C2008.pdf,,,,,,,,,Google Scholar; OpenAlex,2000
8JMKD3MGP8W/3FCBRJS,utilizacao de analitica visual para complementacao da analise estatistica sobre dados coletados pelo sistema integrado de monitoramento ambiental sima|2014,utilizacao de analitica visual para complementacao da analise estatistica sobre dados coletados pelo sistema integrado de monitoramento ambiental sima,2014,"A Carmo, M Hirokazu, E Alcântara… - … Computação Aplicada à …, 2014",,sol.sbc.org.br,https://sol.sbc.org.br/index.php/wcama/article/view/10917,,,,,,,,,Google Scholar; OpenAlex,2013
8JMKD3MGP8W/3D62QL8,utilizacao de dados de altimetria para o fornecimento de rotas acessıveis para cadeirantes|2017,utilizacao de dados de altimetria para o fornecimento de rotas acessıveis para cadeirantes,2017,"GL Barczyszyn, NP Kozievitch, R Minetto, RD da Silva…",,2017,http://mtc-m16c.sid.inpe.br/attachment.cgi/sid.inpe.br/mtc-m16c/2017/12.01.20.38/doc/12barczyszyn_santi.pdf,,,,,,,,,Google Scholar; OpenAlex,2012
83LX3pFwXQZ4BFjAq/mEoEp,utilizacao de redes neurais artificiais na classificacao de niveis de degradacao em pastagens|2009,utilizacao de redes neurais artificiais na classificacao de niveis de degradacao em pastagens,2009,"CS Chagas, CAO Vieira, EI Fernandes Filho… - Revista Brasileira de …, 2009",,SciELO Brasil,https://www.scielo.br/j/rbeaa/a/RWhqYHdk73dJxR3QSkTWfWj/?lang=pt,,,,,,,,,Google Scholar; OpenAlex,2000
83LX3pFwXQZ4BFjAq/mGafE,utilizacao de wavelets na multirresolucao de imagens|2005,utilizacao de wavelets na multirresolucao de imagens,2005,"ORF OLIVEIRA, DM Palomo",,2005,,,,,,,,,,Google Scholar; OpenAlex,2000
8JMKD3MGPDW34P/3KJKKJ2,utilizacao do ndvi na analise da vegetacao apos ocorrencia de incendio|2019,utilizacao do ndvi na analise da vegetacao apos ocorrencia de incendio,2019,"F Assis LEAL, CM de SOUZA… - Nativa, 2019",,researchgate.net,https://www.researchgate.net/profile/Eder-Miguel-3/publication/331655955_UTILIZACAO_DO_NDVI_NA_ANALISE_DA_VEGETACAO_APOS_OCORRENCIA_DE_INCENDIO/links/5c8946cba6fdcc3817525cb4/UTILIZACAO-DO-NDVI-NA-ANALISE-DA-VEGETACAO-APOS-OCORRENCIA-DE-INCENDIO.pdf,,,,,,,,,Google Scholar; OpenAlex,2008
8JMKD3MGPDW34R/3UFEFD8,utilizando o padrao spatiotemporal asset catalog para visualizacao de dados|2021,utilizando o padrao spatiotemporal asset catalog para visualizacao de dados,2021,"T de Medeiros, B dos Santos, GET Oliveira… - …, 2021",,mtc-m16c.sid.inpe.br,http://mtc-m16c.sid.inpe.br/col/sid.inpe.br/mtc-m16c/2021/12.09.11.39/doc/Medeiros_utilizando.pdf,,,,,,,,,Google Scholar; OpenAlex,2019
8JMKD3MGP8W/3GTJA62,utilizando o processo de descoberta de conhecimento em banco de dados para identificar candidatos a padrao de analise para bancos de dados geograficos|2003,utilizando o processo de descoberta de conhecimento em banco de dados para identificar candidatos a padrao de analise para bancos de dados geograficos,2003,CMS Silva,,2003,https://lume.ufrgs.br/bitstream/handle/10183/5861/000432663.pdf?sequence=1,,,,,,,,,Google Scholar; OpenAlex,2002
83LX3pFwXQZ4BFjAq/mEp4v,utilizando ontologia para a descricao da interacao em componentes de interface de usuario|2004,utilizando ontologia para a descricao da interacao em componentes de interface de usuario,2004,"LG Sousa, JC Leite - VI SIMPOSIO SOBRE FATORES HUMANOS EM …, 2004",,,,,,,,,,,,Google Scholar; OpenAlex,2000
8JMKD3MGPDW34P/4ADCN3L,variabilidade regional do vento no estado do rio grande do sul brasil|2025,variabilidade regional do vento no estado do rio grande do sul brasil,2025,"SD Santos, IS Leonardi, M de Dineque Cassenote… - HOLOS, 2025",,ifrn.edu.br,https://www2.ifrn.edu.br/ojs/index.php/HOLOS/article/view/15955,,,,,,,,,Google Scholar,2023
83LX3pFwXQZ3V9uMbiY/Nia6G,variable scale geo information|2011,variable scale geo information,2011,BM Meijers,,2011,https://gdmc.nl/publications/reports/GISt48.pdf,,,,,,,,,Google Scholar; OpenAlex,2006
8JMKD3MGPDW34P/3KLNKR2,various representations of geometric objects in spatial relational and spatial object relational databases management systems|2025,various representations of geometric objects in spatial relational and spatial object relational databases management systems,2025,"A Stasiak - Spodzieja S.(red.), Synergy of Diversity: Data …, 2025",,dspace.uni.lodz.pl,https://dspace.uni.lodz.pl/handle/11089/57010,,,,,,,,,Google Scholar; OpenAlex,2011
8JMKD3MGPDW34P/3Q5DKPP,vedam urban vegetation extraction based on deep attention model from high resolution satellite images|2023,vedam urban vegetation extraction based on deep attention model from high resolution satellite images,2023,"B Yang, M Zhao, Y Xing, F Zeng, Z Sun - Electronics, 2023",,mdpi.com,https://www.mdpi.com/2079-9292/12/5/1215,,,,,,,,,Google Scholar; OpenAlex,2017
8JMKD3MGP8W/3HHLNQ5,vehicle trajectory data warehouse point of interest and time interval of interest|2017,vehicle trajectory data warehouse point of interest and time interval of interest,2017,"N Arfaoui, J Akaichi - … of the Second International Conference on Internet …, 2017",,dl.acm.org,https://dl.acm.org/doi/abs/10.1145/3018896.3056790,,,,,,,,,Google Scholar; OpenAlex,2007
8JMKD3MGPDW34R/3UFDD2S,vehicle usage extraction using unsupervised ensemble approach|2022,vehicle usage extraction using unsupervised ensemble approach,2022,"R Khoshkangini, NR Kalia… - Proceedings of SAI …, 2022",,Springer,https://link.springer.com/chapter/10.1007/978-3-031-16072-1_43,,,,,,,,,Google Scholar; OpenAlex,2019
8JMKD3MGPDW34P/3NDDJ25,verification and employment of crowd sourcing data in road safety assessment|2020,verification and employment of crowd sourcing data in road safety assessment,2020,"S Tian, Z Yang, Q Yin, Y Yue, X Pei, Z Zhang - CICTP 2020, 2020",,ascelibrary.org,https://ascelibrary.org/doi/abs/10.1061/9780784482933.310,,,,,,,,,Google Scholar; OpenAlex,2016
83LX3pFwXQZ3V9uMbiY/MdHjv,veroffentlichungen der abteilung db des ifis 1982 2005 alphabetisch nach erstem autor bzw erster autorin|1987,veroffentlichungen der abteilung db des ifis 1982 2005 alphabetisch nach erstem autor bzw erster autorin,1987,"HD Ehrich - Information Systems, 1987",,,,,,,,,,,,Google Scholar; OpenAlex,2004
83LX3pFwXQZ3V9uMbiY/MdHR7,version base controle de versao de banco de dados para aplicacoes moveis|2016,version base controle de versao de banco de dados para aplicacoes moveis,2016,"J dos Santos Carvalho, MTP Santos - Revista TIS, 2016",,academia.edu,https://www.academia.edu/download/113784859/128.pdf,,,,,,,,,Google Scholar; OpenAlex,2004
8JMKD3MGP8W/3GQ75L5,vges oriented multi sourced heterogeneous spatial data integration|2008,vges oriented multi sourced heterogeneous spatial data integration,2008,"H Su, Y Wen, M Chen, H Tao… - Geoinformatics 2008 and …, 2008",,spiedigitallibrary.org,https://www.spiedigitallibrary.org/conference-proceedings-of-spie/7146/71460D/VGEs-oriented-multi-sourced-heterogeneous-spatial-data-integration/10.1117/12.813104.short,,,,,,,,,Google Scholar; OpenAlex,2001
83LX3pFwXQZ5Jpy/p2cBt,viabilidade de acesso publico a informacoes geograficas por meio de metadados espaciais em sistema de codigo aberto|2006,viabilidade de acesso publico a informacoes geograficas por meio de metadados espaciais em sistema de codigo aberto,2006,"CM Costa - Boletim de Ciências Geodésicas, 2006",,redalyc.org,https://www.redalyc.org/pdf/3939/393937698011.pdf,,,,,,,,,Google Scholar; OpenAlex,1999
83LX3pFwXQZ3V9uMbiY/LHUMt,view based model driven architecture for enhancing maintainability of data access services|2011,view based model driven architecture for enhancing maintainability of data access services,2011,"C Mayr, U Zdun, S Dustdar - Data & Knowledge Engineering, 2011",,Elsevier,https://www.sciencedirect.com/science/article/pii/S0169023X1100067X,,,,,,,,,Google Scholar; OpenAlex,2005
8JMKD3MGP8W/3HHGCCB,viewshed computation based on los scanning|2008,viewshed computation based on los scanning,2008,"S Ying, L Li, Y Mei, Y Gao - 2008 International Conference on …, 2008",,ieeexplore.ieee.org,https://ieeexplore.ieee.org/abstract/document/4722215/,,,,,,,,,Google Scholar; OpenAlex,2007
8JMKD3MGP8W/3FCF4JP,virtual barriers for mitigating and preventing run off road crashes phase iii|2021,virtual barriers for mitigating and preventing run off road crashes phase iii,2021,"R Jacome, M Sweigard, CS Stolle, RK Faller",,2021,https://rosap.ntl.bts.gov/view/dot/77914,,,,,,,,,Google Scholar; OpenAlex,2013
83LX3pFwXQZ3V9uMbiY/MdHuF,visfluid an analysis tool for fluid flow in porous media|2005,visfluid an analysis tool for fluid flow in porous media,2005,"CM de Lima, LMG Gonçalves, C Bentes, RC Farias - GEOINFO, 2005",,academia.edu,https://www.academia.edu/download/101015271/P34.pdf,,,,,,,,,Google Scholar; OpenAlex,2004
8JMKD3MGP8W/3D62DML,visual analysis system for exploring spatio temporal exhibition data|2020,visual analysis system for exploring spatio temporal exhibition data,2020,"L LIU, H HU, T YANG - Journal of Computer Applications, 2020",,sciengine.com,https://www.sciengine.com/doi/10.11772/j.issn.1001-9081.2019111976,,,,,,,,,Google Scholar; OpenAlex,2012
8JMKD3MGPDW34P/3KLNKDS,visual analytics of dynamic higher order information|2017,visual analytics of dynamic higher order information,2017,Y Wang,,2017,https://researchonline.jcu.edu.au/51660,,,,,,,,,Google Scholar; OpenAlex,2011
83LX3pFwXQZeBBx/oS63E,visual presentation challenges for mobile spatial applications three case studies|2008,visual presentation challenges for mobile spatial applications three case studies,2008,"P Fröhlich, M Baldauf, P Reichl… - 2008 12th International …, 2008",,ieeexplore.ieee.org,https://ieeexplore.ieee.org/abstract/document/4578001/,,,,,,,,,Google Scholar; OpenAlex,1999
83LX3pFwXQZeBBx/oS63E,visualizacao de conteudos geograficos em dispositivos moveis|2009,visualizacao de conteudos geograficos em dispositivos moveis,2009,JMV Andrade,,2009,https://search.proquest.com/openview/917037584abf09cf92668a0cc3002903/1?pq-origsite=gscholar&cbl=2026366&diss=y,,,,,,,,,Google Scholar; OpenAlex,1999
83LX3pFwXQZeBBx/oS63E,visualizacao de informacao em ambientes moveis|2015,visualizacao de informacao em ambientes moveis,2015,P Pombinho,,2015,https://repositorio.ulisboa.pt/entities/publication/b3d2c6d6-4313-4fd9-8a70-abb4f1cbce67,,,,,,,,,Google Scholar; OpenAlex,1999
83LX3pFwXQZ3V9uMbiY/LHU82,visualizacao dos padroes de variacao da taxa de mortalidade infantil no rio grande do sul brasil comparacao entre as abordagens bayesiana empirica e|2011,visualizacao dos padroes de variacao da taxa de mortalidade infantil no rio grande do sul brasil comparacao entre as abordagens bayesiana empirica e,2011,"SLC Silva, JMG Fachel, SK Kato… - Cadernos de Saúde …, 2011",,SciELO Brasil,https://www.scielo.br/j/csp/a/JvCTZWqtYVY6wMmGQRL8snQ/?lang=pt,,,,,,,,,Google Scholar; OpenAlex,2005
83LX3pFwXQZ4BFjAq/mGafE,visualizacao e analise exploratoria da area de abrangencia das unidades de ensino da area da saude da fmusp de ribeirao preto|2008,visualizacao e analise exploratoria da area de abrangencia das unidades de ensino da area da saude da fmusp de ribeirao preto,2008,"PC Pereira, LT do Nascimento, PL de Souza… - … de Informática em …, 2008",,academia.edu,https://www.academia.edu/download/38359945/1038.pdf,,,,,,,,,Google Scholar; OpenAlex,2000
83LX3pFwXQZ3V9uMbiY/MimFG,visualizacoes temporais em uma plataforma de software extensivel e adaptavel|2004,visualizacoes temporais em uma plataforma de software extensivel e adaptavel,2004,MH Shimabukuro,,2004,https://teses.usp.br/teses/disponiveis/55/55134/tde-03042005-132736/en.html,,,,,,,,,Google Scholar; OpenAlex,2003
83LX3pFwXQZ3V9uMbiY/LHTK3,visualization of clustered directed acyclic graphs without node overlapping|2008,visualization of clustered directed acyclic graphs without node overlapping,2008,"P Kumar, K Zhang, Y Wang - 2008 12th International …, 2008",,ieeexplore.ieee.org,https://ieeexplore.ieee.org/abstract/document/4577923/,,,,,,,,,Google Scholar; OpenAlex,2005
83LX3pFwXQZ3V9uMbiY/LHUQQ,visualization of urban concepts in two directions of thinking|2009,visualization of urban concepts in two directions of thinking,2009,H Ban,,2009,https://search.proquest.com/openview/fd5c216413c4420f674711e7906ef895/1?pq-origsite=gscholar&cbl=18750,,,,,,,,,Google Scholar; OpenAlex,2005
83LX3pFwXQZ3V9uMbiY/LHUQQ,visualization of vessel traffic|2013,visualization of vessel traffic,2013,"N Willems, R Scheepens, H van de Wetering… - … Awareness with Systems …, 2013",,Springer,https://link.springer.com/chapter/10.1007/978-1-4614-6230-9_5,,,,,,,,,Google Scholar; OpenAlex,2005
8JMKD3MGPDW34P/3KQ6N2L,visualizations of uncertainties in precision agriculture lessons learned from farm machinery|2020,visualizations of uncertainties in precision agriculture lessons learned from farm machinery,2020,"T Řezník, P Kubíček, L Herman, T Pavelka, Š Leitgeb… - Applied Sciences, 2020",,mdpi.com,https://www.mdpi.com/2076-3417/10/17/6132,,,,,,,,,Google Scholar; OpenAlex,2012
83LX3pFwXQZ3V9uMbiY/NiaFE,volunteered geographic information vgi systems and their interactions with geospatial semantic web|2015,volunteered geographic information vgi systems and their interactions with geospatial semantic web,2015,"C Zhang, T Zhao, W Li - Geospatial Semantic Web, 2015",,Springer,https://link.springer.com/chapter/10.1007/978-3-319-17801-1_5,,,,,,,,,Google Scholar; OpenAlex,2006
8JMKD3MGP8W/3FCBREE,vsso a vehicle signal and attribute ontology for the web of things|2018,vsso a vehicle signal and attribute ontology for the web of things,2018,"K Benjamin, T Raphaël, W Daniel… - 9 th International …, 2018",,semantic-web-journal.net,http://semantic-web-journal.net/system/files/swj2085.pdf,,,,,,,,,Google Scholar; OpenAlex,2013
8JMKD3MGP8W/3FCBREE,vsso the vehicle signal and attribute ontology|2018,vsso the vehicle signal and attribute ontology,2018,"B Klotz, R Troncy, D Wilms, C Bonnet - SSN@ ISWC, 2018",,ssn2018.github.io,https://ssn2018.github.io/submissions/SSN2018_paper_4_submitted.pdf,,,,,,,,,Google Scholar; OpenAlex,2013
8JMKD3MGPDW34P/3NDC8C8,vulnerabilidade as ilhas de calor no municipio de sao paulo uma abordagem para a implantacao de medidas mitigadoras na gestao urbana|2017,vulnerabilidade as ilhas de calor no municipio de sao paulo uma abordagem para a implantacao de medidas mitigadoras na gestao urbana,2017,"J Siqueira-Gay, APA Dibo, MA Giannotti - Revista de Gestão Ambiental …, 2017",,redalyc.org,https://www.redalyc.org/journal/4716/471655311009/html/,,,,,,,,,Google Scholar; OpenAlex,2016
8JMKD3MGP8W/3D62CSE,vulnerabilidade socioespacial a violencia letal na regiao metropolitana de aracaju rma entre 2010 e 2022|2025,vulnerabilidade socioespacial a violencia letal na regiao metropolitana de aracaju rma entre 2010 e 2022,2025,CFP Jesus,,2025,https://ri.ufs.br/handle/riufs/21918,,,,,,,,,Google Scholar; OpenAlex,2012
8JMKD3MGPDW34P/3NDC8C8,vulnerability of the scottish road network to flooding|2023,vulnerability of the scottish road network to flooding,2023,"N Ferguson, G Boura, A Gray, E Patelli, E Tubaldi",,2023,https://pureportal.strath.ac.uk/en/publications/vulnerability-of-the-scottish-road-network-to-flooding/,,,,,,,,,Google Scholar; OpenAlex,2016
8JMKD3MGPDW34P/3NDC8C8,vulnerability to urban heat island in sao paulo municipality an approach to support the mitigation measures|2017,vulnerability to urban heat island in sao paulo municipality an approach to support the mitigation measures,2017,"J Siqueira-Gay, APA Dibo… - Revista de Gestão …, 2017",,Universidade Nove de Julho,,,,,,,,,,Google Scholar; OpenAlex,2016
8JMKD3MGP8W/3HHLNQ5,warehousing and mining aggregate measures concerning trajectories of moving objects|2009,warehousing and mining aggregate measures concerning trajectories of moving objects,2009,FJ Braz,,2009,https://www.researchgate.net/profile/Salvatore-Orlando-4/publication/266607403_Universi_a_Warehousing_and_Mining_Aggregate_Measures_Concerning_Trajectories_of_Moving_Objects/links/55a018fa08ae032ef05453f0/Universi-a-Warehousing-and-Mining-Aggregate-Measures-Concerning-Trajectories-of-Moving-Objects.pdf,,,,,,,,,Google Scholar; OpenAlex,2007
8JMKD3MGP8W/3HHLNQ5,warehousing and mining aggregate measures over trajectories of moving objects|2009,warehousing and mining aggregate measures over trajectories of moving objects,2009,B Fernando José,,2009,https://tesidottorato.depositolegale.it/handle/20.500.14242/162368,,,,,,,,,Google Scholar; OpenAlex,2007
8JMKD3MGP8W/3HHGE78,web gis by ajax for analysis and control of environmental data|2009,web gis by ajax for analysis and control of environmental data,2009,IPS Cabral,,2009,https://dspace.zcu.cz/items/95df9c67-6d78-4b1b-9e42-926e297ba911,,,,,,,,,Google Scholar; OpenAlex,2007
8JMKD3MGPDW34P/3KK5L2S,web madenciligi ve mekansal icerik tespiti|2019,web madenciligi ve mekansal icerik tespiti,2019,"L Kuşak - Geomatik, 2019",,dergipark.org.tr,https://dergipark.org.tr/en/pub/geomatik/article/429344,,,,,,,,,Google Scholar; OpenAlex,2010
83LX3pFwXQZ3V9uMbiY/MioRd,web ortamında mekansal veri kazanımı|2010,web ortamında mekansal veri kazanımı,2010,L Kuşak,,2010,https://polen.itu.edu.tr/items/b723d3c9-b6f1-4c0d-948d-8adfcc33f02b,,,,,,,,,Google Scholar; OpenAlex,2003
8JMKD3MGP3W34P/3N2U9JL,web service based exploration of earth observation time series data for analyzing environmental changes|2019,web service based exploration of earth observation time series data for analyzing environmental changes,2019,J Eberle,,2019,https://www.db-thueringen.de/receive/dbt_mods_00040272,,,,,,,,,Google Scholar; OpenAlex,2016
83LX3pFwXQZ3V9uMbiY/LHTNp,web service for cooperation in biodiversity modeling|2007,web service for cooperation in biodiversity modeling,2007,"KD Fook, AMV Monteiro, G Câmara - … do Jordão (SP), Brazil, November 19 …, 2007",,Springer,https://link.springer.com/chapter/10.1007/978-3-540-73414-7_13,,,,,,,,,Google Scholar; OpenAlex,2005
8JMKD3MGP8W/3HHGCGP,web service schema matching based on characteristic vector|2011,web service schema matching based on characteristic vector,2011,"W Ke, O Wei-Jie, Z Cheng, L De-Yi… - 2011 IEEE 2nd …, 2011",,ieeexplore.ieee.org,https://ieeexplore.ieee.org/abstract/document/5982307/,,,,,,,,,Google Scholar; OpenAlex,2007
8JMKD3MGP8W/3HHGCGP,web service schema matching based on invocation instance duplicates|2011,web service schema matching based on invocation instance duplicates,2011,"W Ke, O Wei-Jie, Z Cheng, L De-Yi… - 2011 7th International …, 2011",,ieeexplore.ieee.org,https://ieeexplore.ieee.org/abstract/document/6088210/,,,,,,,,,Google Scholar; OpenAlex,2007
8JMKD3MGP3W34P/3N2U9JL,web services the leverage in query and bulk download of big climate geospatial data case of study the chihuahuan desert|2024,web services the leverage in query and bulk download of big climate geospatial data case of study the chihuahuan desert,2024,"VM Rodríguez-Moreno, AR Martinez-Sifuentes… - Climate Services, 2024",,Elsevier,https://www.sciencedirect.com/science/article/pii/S2405880724000700,,,,,,,,,Google Scholar; OpenAlex,2016
8JMKD3MGP8W/3GQ74T5,webgeoolap visualizacao de dados multidimensionais e geograficos para ambiente web|2008,webgeoolap visualizacao de dados multidimensionais e geograficos para ambiente web,2008,"ROL da Silva, RS Manhães… - Revista de Sistemas de …, 2008",,scholar.archive.org,https://scholar.archive.org/work/6ll6ky6bjffpzlukhc72lgtfri/access/wayback/http://www.fsma.edu.br/si/Artigos/WebGeoOlap.pdf,,,,,,,,,Google Scholar; OpenAlex,2001
83LX3pFwXQZ3V9uMbiY/Mc9ry,wfs 와 geosensor 서버를 지원하는 모바일 ar 시스템|2012,wfs 와 geosensor 서버를 지원하는 모바일 ar 시스템,2012,"정용희， 양평우， 이창우， 남광우 - 정보과학회논문지: 컴퓨팅의 실제 및 …, 2012",,dbpia.co.kr,https://www.dbpia.co.kr/pdf/pdfView.do?nodeId=NODE02055331,,,,,,,,,Google Scholar; OpenAlex,2004
83LX3pFwXQZeBBx/oS63E,what s up that street exploring streets using a haptic geowand|2012,what s up that street exploring streets using a haptic geowand,2012,"R Jacob, P Mooney, A Winstanley - Advances in Location-Based Services …, 2012",,Springer,https://link.springer.com/chapter/10.1007/978-3-642-24198-7_6,,,,,,,,,Google Scholar; OpenAlex,1999
83LX3pFwXQZeBBx/oS8KP,will we be lost without paper maps in the digital age|2013,will we be lost without paper maps in the digital age,2013,"P Hurst, P Clough - Journal of Information Science, 2013",,journals.sagepub.com,https://journals.sagepub.com/doi/abs/10.1177/0165551512470043,,,,,,,,,Google Scholar; OpenAlex,1999
83LX3pFwXQZ3V9uMbiY/NiaRQ,willingness to pay estimation of microhydro power plant user for hydrological ecosystem services in north buton wildlife reserve area|2021,willingness to pay estimation of microhydro power plant user for hydrological ecosystem services in north buton wildlife reserve area,2021,"W Isnan, H Nugroho, M Saad - IOP Conference Series: Earth and …, 2021",,iopscience.iop.org,https://iopscience.iop.org/article/10.1088/1755-1315/917/1/012034/meta,,,,,,,,,Google Scholar; OpenAlex,2006
8JMKD3MGP8W/3GTEJES,workflow execution in disconnected environments|2003,workflow execution in disconnected environments,2003,"FM de Oliveira Dias, MA Casanova, MTM de Carvalho - SBBD, 2003",,www-di.inf.puc-rio.br,https://www-di.inf.puc-rio.br/~casanova/Publications/Papers/2003-Papers/2003-SBBD-Casanova.pdf,,,,,,,,,Google Scholar; OpenAlex,2002
8JMKD3MGP8W/3FCBRC8,world geographical ontology model|2015,world geographical ontology model,2015,"E MF ElHouby - International Journal of Computer …, 2015",,ui.adsabs.harvard.edu,https://ui.adsabs.harvard.edu/abs/2015IJCA..120o..25M/abstract,,,,,,,,,Google Scholar; OpenAlex,2013
83LX3pFwXQZ3V9uMbiY/LHUxR,ws gis towards a soa based sdi federation|2007,ws gis towards a soa based sdi federation,2007,"FL Leite Jr, CS Baptista, PA Silva… - … in Geoinformatics: VIII …, 2007",,Springer,https://link.springer.com/chapter/10.1007/978-3-540-73414-7_16,,,,,,,,,Google Scholar; OpenAlex,2005
8JMKD3MGP8W/3HHLNQ5,xml warehouse modelling and querying|2014,xml warehouse modelling and querying,2014,"F Abdelhedi, L Ntsama, G Zurfluh - International Conference: Beyond …, 2014",,Springer,https://link.springer.com/chapter/10.1007/978-3-319-06932-6_8,,,,,,,,,Google Scholar; OpenAlex,2007
8JMKD3MGP8W/3HHLNQ5,year of publication 2016|2016,year of publication 2016,2016,"P Mahadev, P Nagabhushan",,2016,,,,,,,,,,Google Scholar; OpenAlex,2007
83LX3pFwXQZ4BFjAq/mGafE,younes hamdani|2020,younes hamdani,2020,M VILLANOVA-OLIVER,,2020,,,,,,,,,,Google Scholar; OpenAlex,2000
8JMKD3MGP8W/3HHLNQ5,zaawansowane hurtownie danych|2009,zaawansowane hurtownie danych,2009,"M Gorawski - Studia Informatica, 2009",,yadda.icm.edu.pl,https://yadda.icm.edu.pl/baztech/element/bwmeta1.element.baztech-article-BSL1-0005-0031,,,,,,,,,Google Scholar; OpenAlex,2007
83LX3pFwXQZeBBx/oS63E,zooming interfaces for augmented reality browsers|2010,zooming interfaces for augmented reality browsers,2010,"A Mulloni, A Dünser, D Schmalstieg - Proceedings of the 12th …, 2010",,dl.acm.org,https://dl.acm.org/doi/abs/10.1145/1851600.1851629,,,,,,,,,Google Scholar; OpenAlex,1999
8JMKD3MGPDW34P/3KJKF3P,συστημα αναζητησης ειδησεων με χρηση rss feeds γεωγραφικη συσχετιση και παρουσιαση σε περιβαλλον gis|2010,συστημα αναζητησης ειδησεων με χρηση rss feeds γεωγραφικη συσχετιση και παρουσιαση σε περιβαλλον gis,2010,Ι Ραμαντά,,2010,,,,,,,,,,Google Scholar; OpenAlex,2008
8JMKD3MGPDW34P/3SEUQ98,τεχνικες δομησης δεδομενων για μη πτητικες μνημες|2019,τεχνικες δομησης δεδομενων για μη πτητικες μνημες,2019,ΑΙ Φεύγας,,2019,https://ir.lib.uth.gr/xmlui/bitstream/handle/11615/50457/19475.pdf?sequence=1,,,,,,,,,Google Scholar; OpenAlex,2018
83LX3pFwXQZ3V9uMbiY/LHRRo,алгоритам за генерисање једнополних шема електродистрибутивних система|2024,алгоритам за генерисање једнополних шема електродистрибутивних система,2024,Н Ковачев,,2024,https://search.proquest.com/openview/9963a0fe3f76a9be4bf71d4f1ac336b3/1?pq-origsite=gscholar&cbl=2026366&diss=y,,,,,,,,,Google Scholar; OpenAlex,2005
8JMKD3MGPDW34P/3Q5DTGL,применение естественно языкового машинного обучения для обобщения геоэкологических параметров пелагических биоресурсов атлантического и|2021,применение естественно языкового машинного обучения для обобщения геоэкологических параметров пелагических биоресурсов атлантического и,2021,"ОЮ Краснобородько - Гидрометеорология и экология, 2021",,notes.rshu.ru,https://notes.rshu.ru/wp-content/uploads/2021/07/maket-63-el-79-96.pdf,,,,,,,,,Google Scholar; OpenAlex,2017
83LX3pFwXQZ3V9uMbiY/LHTNp,принципы создания специализированного сервиса для поиска геопространственных данных в сети интернет|2006,принципы создания специализированного сервиса для поиска геопространственных данных в сети интернет,2006,"АИ Рябинков - Известия высших учебных …, 2006",,… учреждение высшего образования …,,,,,,,,,,Google Scholar; OpenAlex,2005
83LX3pFwXQZ3V9uMbiY/NiboS,пространственное распределение показателеи биологического разнообразия и типов местообитании в разрезе структурных элементов|2019,пространственное распределение показателеи биологического разнообразия и типов местообитании в разрезе структурных элементов,2019,"РВ Горбунов, ВО Смирнов… - …, 2019",,… учреждение высшего образования …,,,,,,,,,,Google Scholar; OpenAlex,2006
8JMKD3MGPDW34P/3KP35BL,разработка способа визуализации пространственных данных для целеи поддержки принятия решении по|2021,разработка способа визуализации пространственных данных для целеи поддержки принятия решении по,2021,"БМ Пилецкий, АВ Вицентий - XXI век: итоги …, 2021",,… учреждение высшего образования …,,,,,,,,,,Google Scholar; OpenAlex,2015
8JMKD3MGPDW34P/43PQU8E,сетевое моделирование взаимосвязеи саянского перекрестка|2023,сетевое моделирование взаимосвязеи саянского перекрестка,2023,"МВ Куклина, ВВ Филиппова, НЕ Красноштанова… - … Северо-Восточной Азии …, 2023",,,,,,,,,,,,Google Scholar; OpenAlex,2020
83LX3pFwXQZ3V9uMbiY/MimPC,ارايه روشی برای تعیین موقعیت ماشینی ادرس های توصیفی|2020,ارايه روشی برای تعیین موقعیت ماشینی ادرس های توصیفی,2020,"جاویدانه, کریمی پور, فرید - … علمی علوم و …, 2020‎",,نشریه علمی علوم و فنون نقشه برداری‎,,,,,,,,,,Google Scholar; OpenAlex,2003
8JMKD3MGP8W/3FCF4GH,ارايه یک روش سرعت مبنا برای پاکسازی داده های پرت از خطوط سیر ناهمگن|2016,ارايه یک روش سرعت مبنا برای پاکسازی داده های پرت از خطوط سیر ناهمگن,2016,"عاقل شاه نشین سمیه, عباس پور رحیم علی",,2016‎,https://www.sid.ir/paper/894490/fa,,,,,,,,,Google Scholar; OpenAlex,2013
83LX3pFwXQZ3V9uMbiY/Mc9St,المشاكل الادراكية لخرايط الحركة في محافظة صلاح الدين اتجاه الرياح وسرعتها انموذجا|2022,المشاكل الادراكية لخرايط الحركة في محافظة صلاح الدين اتجاه الرياح وسرعتها انموذجا,2022,"MI Mahmoud, SM Jassim - Journal of Tikrit University for Humanities, 2022",,jtuh.org,https://jtuh.org/index.php/jtuh/article/view/303,,,,,,,,,Google Scholar; OpenAlex,2004
83LX3pFwXQZeBBx/oS63E,روش های پرسش و پاسخ مکانی در محیط همراه با رویکرد استفاده در واقعیت مجازی و افزوده|2016,روش های پرسش و پاسخ مکانی در محیط همراه با رویکرد استفاده در واقعیت مجازی و افزوده,2016,"طهانی ناصر, آل شیخ علی اصغر, فرنقی مهدی…",,2016‎,https://www.sid.ir/fa/VEWSSID/S_pdf/8691395h23102.pdf,,,,,,,,,Google Scholar; OpenAlex,1999
8JMKD3MGP8W/3GQ6URS,객체지향 설계 유형에 의한 지오센서 인터페이스 구현|2006,객체지향 설계 유형에 의한 지오센서 인터페이스 구현,2006,"백정호， 이홍로 - Journal of the Korean Association of …, 2006",,scholar.kyobobook.co.kr,https://scholar.kyobobook.co.kr/article/detail/4040015215020,,,,,,,,,Google Scholar; OpenAlex,2001
8JMKD3MGP3W34P/42H356B,급경사지 요소 기술별 연계 데이터를 위한 통합 데이터 포맷|2020,급경사지 요소 기술별 연계 데이터를 위한 통합 데이터 포맷,2020,"심규성， 문치국， 김재영 - 대한토목학회 학술대회, 2020",,dbpia.co.kr,https://www.dbpia.co.kr/Journal/articleDetail?nodeId=NODE10570023,,,,,,,,,Google Scholar; OpenAlex,2014
83LX3pFwXQZ4BFjAq/mENBs,실시간 대중교통 경로안내를 위한 space time point 모델의 설계와 구현|2012,실시간 대중교통 경로안내를 위한 space time point 모델의 설계와 구현,2012,"김수호， 주용진， 박수홍 - Spatial Information Research, 2012",,scholar.kyobobook.co.kr,https://scholar.kyobobook.co.kr/article/detail/4040031111069,,,,,,,,,Google Scholar; OpenAlex,2000
83LX3pFwXQZ3V9uMbiY/Nib6T,지리 공간 웹 기술 동향|2007,지리 공간 웹 기술 동향,2007,"장윤섭， 오재홍， 김경옥 - 전자통신동향분석, 2007",,ksp.etri.re.kr,https://ksp.etri.re.kr/ksp/article/read?id=42765,,,,,,,,,Google Scholar; OpenAlex,2006
8JMKD3MGP8W/3GTEJES,一个基于元数据导航的服务工作流装配模型|2006,一个基于元数据导航的服务工作流装配模型,2006,王月龙， 王文俊， 罗英伟， 汪小林， 许卓群,,2006,http://cjc.ict.ac.cn/quanwenjiansuo/2006-07/wyl.zip,,,,,,,,,Google Scholar; OpenAlex,2002
8JMKD3MGP8W/3GTJ8DB,一种启发式的球面点定位策略|2005,一种启发式的球面点定位策略,2005,"吴勇， 何援军， 蔡鸿明 - Journal of Software, 2005",,sciengine.com,https://www.sciengine.com/parse/pdf/1000-9825/6EEB2866582242648718395BCD73CB86.pdf,,,,,,,,,Google Scholar; OpenAlex,2002
8JMKD3MGP8W/3D62AT5,依据历史轨迹构建城市出租车移动概率模型|2014,依据历史轨迹构建城市出租车移动概率模型,2014,"马武彬， 刘明星， 黄宏斌， 邓苏 - 国防科技大学学报, 2014",,,,,,,,,,,,Google Scholar; OpenAlex,2012
83LX3pFwXQZ3V9uMbiY/LHUag,保持拓扑一致性的等高线化简算法研究|2007,保持拓扑一致性的等高线化简算法研究,2007,"张传明， 潘懋， 吴焕萍， 徐绘宏 - 北京大学学报: 自然科学版, 2007",,,,,,,,,,,,Google Scholar; OpenAlex,2005
83LX3pFwXQZ3V9uMbiY/LHum9,分布式空间数据分片与跨边界拓扑连接优化方法|2011,分布式空间数据分片与跨边界拓扑连接优化方法,2011,"春辉周， 维呙， 宇夏 - Ruan Jian Xue Bao/Journal of Software, 2011",,scholars.whu.edu.cn,https://scholars.whu.edu.cn/en/publications/%E5%88%86%E5%B8%83%E5%BC%8F%E7%A9%BA%E9%97%B4%E6%95%B0%E6%8D%AE%E5%88%86%E7%89%87%E4%B8%8E%E8%B7%A8%E8%BE%B9%E7%95%8C%E6%8B%93%E6%89%91%E8%BF%9E%E6%8E%A5%E4%BC%98%E5%8C%96%E6%96%B9%E6%B3%95/,,,,,,,,,Google Scholar; OpenAlex,2005
83LX3pFwXQZ3V9uMbiY/LHUQQ,利用 cuda 的地图代数局部算子优化|2012,利用 cuda 的地图代数局部算子优化,2012,"张剑波， 杨文鑫， 周斯波， 张帅 - 测绘科学, 2012",,,,,,,,,,,,Google Scholar; OpenAlex,2005
83LX3pFwXQZ3V9uMbiY/MimPC,利用 web 挖掘技术改善公众网络地图查询服务|2007,利用 web 挖掘技术改善公众网络地图查询服务,2007,"吴运超， 牛铮， 黄茂军， 林文鹏 - 测绘科学, 2007",,,,,,,,,,,,Google Scholar; OpenAlex,2003
83LX3pFwXQZ3V9uMbiY/MdHbz,可信分布式数据共享架构 dataweb 研究|2007,可信分布式数据共享架构 dataweb 研究,2007,"徐邦海， 刘晓婷， 蒋泽军 - 微计算机信息, 2007",,,,,,,,,,,,Google Scholar; OpenAlex,2004
83LX3pFwXQZ3V9uMbiY/LHTK3,可视化中的标签放置方法综述|2023,可视化中的标签放置方法综述,2023,"范毅伦， 吕胜蓝， 郭杰， 周芳芳 - 计算机辅助设计与图形学学报, 2023",,jcad.cn,https://www.jcad.cn/article/doi/10.3724/SP.J.1089.2023.19913,,,,,,,,,Google Scholar; OpenAlex,2005
83LX3pFwXQZ4BFjAq/mGafE,地质钻孔信息形化管理系统框架设计与关键技术研究|2005,地质钻孔信息形化管理系统框架设计与关键技术研究,2005,"冯敏， 郭建文， 盖迎春， 冉有华 - 冰川冻土, 2005",,bcdt.ac.cn,http://www.bcdt.ac.cn/EN/article/downloadArticleFile.do?attachType=PDF&id=1189,,,,,,,,,Google Scholar; OpenAlex,2000
8JMKD3MGPDW34P/3KJKN5S,城市大规模保障性住房空间决策 相关问题与研究综述|2016,城市大规模保障性住房空间决策 相关问题与研究综述,2016,"张祚， 陈昆仑 - 湖北大学学报: 哲学社会科学版, 2016",,,,,,,,,,,,Google Scholar; OpenAlex,2008
8JMKD3MGP8W/3FCF4GH,基于 dbscan 聚类算法的异常轨迹检测|2017,基于 dbscan 聚类算法的异常轨迹检测,2017,"周培培， 丁庆海， 罗海波， 侯幸林 - 红外与激光工程, 2017",,researching.cn,https://www.researching.cn/ArticlePdf/m00018/2017/46/5/0528001.pdf,,,,,,,,,Google Scholar; OpenAlex,2013
83LX3pFwXQZ3V9uMbiY/LHUag,基于 douglas 双侧多叉树的曲线综合算法研究|2010,基于 douglas 双侧多叉树的曲线综合算法研究,2010,"陈轶， 彭认灿， 郑义东， 董箭， 李宁 - 测绘学报, 2010",,,,,,,,,,,,Google Scholar; OpenAlex,2005
8JMKD3MGP8W/3HHFQQ2,基于 rtp 的矢量数据流式传输研究|2015,基于 rtp 的矢量数据流式传输研究,2015,"苗茹， 宋佳 - 地球信息科学学报, 2015",,,,,,,,,,,,Google Scholar; OpenAlex,2007
83LX3pFwXQZ3V9uMbiY/MioRd,基于规则的中文地址要素解析方法|2010,基于规则的中文地址要素解析方法,2010,"张雪英， 闾国年， 李伯秋， 陈文君 - 地球信息科学, 2010",,,,,,,,,,,,Google Scholar; OpenAlex,2003
8JMKD3MGP3W34P/42GRQJB,时空数据语义理解 技术与应用|2018,时空数据语义理解 技术与应用,2018,"姚迪， 张超， 黄建辉， 陈越新， 毕经平 - 软件学报, 2018",,jos.org.cn,https://www.jos.org.cn/ch/reader/view_abstract.aspx?file_no=5576,,,,,,,,,Google Scholar; OpenAlex,2014
83LX3pFwXQZ3V9uMbiY/Nia6G,矢量曲线数据的网络渐进传输|2013,矢量曲线数据的网络渐进传输,2013,"操震洲， 李满春， 程亮， 陈振杰 - 武汉大学学报: 信息科学版, 2013",,,,,,,,,,,,Google Scholar; OpenAlex,2006
8JMKD3MGP8W/3HHFQQ2,移动互联网矢量地图传输方案|2013,移动互联网矢量地图传输方案,2013,"幸志强 - 计算机与现代化, 2013",,,,,,,,,,,,Google Scholar; OpenAlex,2007
8JMKD3MGPDW34P/3KJKE6B,空间数据模式匹配应用及相关研究综述|2014,空间数据模式匹配应用及相关研究综述,2014,"王育红， 景海涛， 薛华柱 - 地理与地理信息科学, 2014",,,,,,,,,,,,Google Scholar; OpenAlex,2008
83LX3pFwXQZ3V9uMbiY/NiaFE,论地理知识图谱|2017,论地理知识图谱,2017,"F Lu, L Yu, P Qiu - Journal of Geo-Information Science, 2017",,pure.bit.edu.cn,https://pure.bit.edu.cn/zh/publications/%E8%AE%BA%E5%9C%B0%E7%90%86%E7%9F%A5%E8%AF%86%E5%9B%BE%E8%B0%B1/,,,,,,,,,Google Scholar; OpenAlex,2006
83LX3pFwXQZ3V9uMbiY/LHTui,路网中双色数据集上连续反向 k 近邻查询处理的研究|2012,路网中双色数据集上连续反向 k 近邻查询处理的研究,2012,"李艳红， 李国徽， 杜小坤 - 计算机科学, 2012",,,,,,,,,,,,Google Scholar; OpenAlex,2005
8JMKD3MGP8W/3FCBREE,轨迹多因素异常集成检测|2015,轨迹多因素异常集成检测,2015,"安计勇， 朱猛， 翟靖轩， 王大阜 - 计算机工程与设计, 2015",,,,,,,,,,,,Google Scholar; OpenAlex,2013
8JMKD3MGP8W/3GQ75L5,面向虚拟地理环境的多源异构数据集成方法|2009,面向虚拟地理环境的多源异构数据集成方法,2009,"苏红军， 盛业华， 温永宁， 陈旻 - 地球信息科学, 2009",,,,,,,,,,,,Google Scholar; OpenAlex,2001
8JMKD3MGP8W/3B25HBP,高分辨率影像分割的分形网络演化改进方法|2014,高分辨率影像分割的分形网络演化改进方法,2014,"邓富亮， 杨崇俊， 曹春香， 范协裕 - 地球信息科学学报, 2014",,,,,,,,,,,,Google Scholar; OpenAlex,2011
